date,plot_id,crop,risk_score,risk_level
2025-02-21,P0001,Strawberry,27,Medium
2025-02-22,P0001,Strawberry,29,Medium
2025-02-23,P0001,Strawberry,33.6,Medium
2025-02-24,P0001,Strawberry,26.6,Medium
2025-02-25,P0001,Strawberry,25.6,Medium
2025-02-26,P0001,Strawberry,42.7,Medium
2025-02-27,P0001,Strawberry,43.5,Medium
2025-02-28,P0001,Strawberry,56.6,High
2025-03-01,P0001,Strawberry,66.2,High
2025-03-02,P0001,Strawberry,81,Critical
2025-03-03,P0001,Strawberry,72.3,High
2025-03-04,P0001,Strawberry,78,Critical
2025-03-05,P0001,Strawberry,66.5,High
2025-03-06,P0001,Strawberry,64,High
2025-03-07,P0001,Strawberry,59.3,High
2025-03-08,P0001,Strawberry,59.6,High
2025-03-09,P0001,Strawberry,46.5,Medium
2025-03-10,P0001,Strawberry,45.7,Medium
2025-03-11,P0001,Strawberry,58.9,High
2025-03-12,P0001,Strawberry,55.2,High
2025-03-13,P0001,Strawberry,47.1,Medium
2025-03-14,P0001,Strawberry,53.1,High
2025-03-15,P0001,Strawberry,60.9,High
2025-03-16,P0001,Strawberry,59.8,High
2025-03-17,P0001,Strawberry,62.3,High
2025-03-18,P0001,Strawberry,59.7,High
2025-03-19,P0001,Strawberry,55.3,High
2025-03-20,P0001,Strawberry,69.1,High
2025-03-21,P0001,Strawberry,75,Critical
2025-03-22,P0001,Strawberry,74.4,High
2025-03-23,P0001,Strawberry,67.7,High
2025-03-24,P0001,Strawberry,75.5,Critical
2025-03-25,P0001,Strawberry,73.4,High
2025-03-26,P0001,Strawberry,69.7,High
2025-03-27,P0001,Strawberry,61.4,High
2025-03-28,P0001,Strawberry,58.9,High
2025-03-29,P0001,Strawberry,55,High
2025-03-30,P0001,Strawberry,49.1,Medium
2025-03-31,P0001,Strawberry,45,Medium
2025-04-01,P0001,Strawberry,43.8,Medium
2025-04-02,P0001,Strawberry,42.7,Medium
2025-04-03,P0001,Strawberry,39.4,Medium
2025-04-04,P0001,Strawberry,49.9,Medium
2025-04-05,P0001,Strawberry,59.5,High
2025-04-06,P0001,Strawberry,68.5,High
2025-04-07,P0001,Strawberry,70.3,High
2025-04-08,P0001,Strawberry,68,High
2025-04-09,P0001,Strawberry,70.5,High
2025-04-10,P0001,Strawberry,67.7,High
2025-04-11,P0001,Strawberry,62.9,High
2025-04-12,P0001,Strawberry,64.4,High
2025-04-13,P0001,Strawberry,63.5,High
2025-04-14,P0001,Strawberry,66.4,High
2025-04-15,P0001,Strawberry,62.6,High
2025-04-16,P0001,Strawberry,60.2,High
2025-04-17,P0001,Strawberry,67,High
2025-04-18,P0001,Strawberry,66.2,High
2025-04-19,P0001,Strawberry,59.7,High
2025-04-20,P0001,Strawberry,60.7,High
2025-04-21,P0001,Strawberry,66.2,High
2025-04-22,P0001,Strawberry,65.7,High
2025-04-23,P0001,Strawberry,61.7,High
2025-04-24,P0001,Strawberry,58.2,High
2025-04-25,P0001,Strawberry,58.3,High
2025-04-26,P0001,Strawberry,48.1,Medium
2025-04-27,P0001,Strawberry,41.9,Medium
2025-04-28,P0001,Strawberry,44.4,Medium
2025-04-29,P0001,Strawberry,44.5,Medium
2025-04-30,P0001,Strawberry,38.4,Medium
2025-05-01,P0001,Strawberry,43.6,Medium
2025-05-02,P0001,Strawberry,32.9,Medium
2025-05-03,P0001,Strawberry,36.4,Medium
2025-05-04,P0001,Strawberry,38.1,Medium
2025-05-05,P0001,Strawberry,43.4,Medium
2025-05-06,P0001,Strawberry,35.3,Medium
2025-05-07,P0001,Strawberry,46.7,Medium
2025-05-08,P0001,Strawberry,45.6,Medium
2025-05-09,P0001,Strawberry,50.7,High
2025-05-10,P0001,Strawberry,54.9,High
2025-05-11,P0001,Strawberry,57.3,High
2025-05-12,P0001,Strawberry,62.3,High
2025-05-13,P0001,Strawberry,62.2,High
2025-05-14,P0001,Strawberry,63.6,High
2025-05-15,P0001,Strawberry,51.2,High
2025-05-16,P0001,Strawberry,51.1,High
2025-05-17,P0001,Strawberry,49.1,Medium
2025-05-18,P0001,Strawberry,48.1,Medium
2025-05-19,P0001,Strawberry,61.1,High
2025-05-20,P0001,Strawberry,47.6,Medium
2025-05-21,P0001,Strawberry,47.9,Medium
2025-05-22,P0001,Strawberry,41.5,Medium
2025-05-23,P0001,Strawberry,45.5,Medium
2025-05-24,P0001,Strawberry,41.6,Medium
2025-05-25,P0001,Strawberry,50.9,High
2025-05-26,P0001,Strawberry,34.2,Medium
2025-05-27,P0001,Strawberry,32.6,Medium
2025-05-28,P0001,Strawberry,29.5,Medium
2025-05-29,P0001,Strawberry,37.1,Medium
2025-05-30,P0001,Strawberry,36.4,Medium
2025-05-31,P0001,Strawberry,42.7,Medium
2025-06-01,P0001,Strawberry,33.9,Medium
2025-06-02,P0001,Strawberry,41.9,Medium
2025-06-03,P0001,Strawberry,35.1,Medium
2025-06-04,P0001,Strawberry,39.4,Medium
2025-06-05,P0001,Strawberry,37.3,Medium
2025-06-06,P0001,Strawberry,37.2,Medium
2025-06-07,P0001,Strawberry,34.8,Medium
2025-06-08,P0001,Strawberry,29,Medium
2025-06-09,P0001,Strawberry,32,Medium
2025-06-10,P0001,Strawberry,30.8,Medium
2025-06-11,P0001,Strawberry,23.4,Low
2025-06-12,P0001,Strawberry,29.6,Medium
2025-06-13,P0001,Strawberry,31.5,Medium
2025-06-14,P0001,Strawberry,31.7,Medium
2025-06-15,P0001,Strawberry,45,Medium
2025-06-16,P0001,Strawberry,42.5,Medium
2025-06-17,P0001,Strawberry,52.6,High
2025-06-18,P0001,Strawberry,40.4,Medium
2025-06-19,P0001,Strawberry,39.1,Medium
2025-06-20,P0001,Strawberry,45.8,Medium
2025-06-21,P0001,Strawberry,35.2,Medium
2025-06-22,P0001,Strawberry,34.8,Medium
2025-06-23,P0001,Strawberry,34.9,Medium
2025-06-24,P0001,Strawberry,28.7,Medium
2025-06-25,P0001,Strawberry,32.5,Medium
2025-06-26,P0001,Strawberry,34.2,Medium
2025-06-27,P0001,Strawberry,31.2,Medium
2025-06-28,P0001,Strawberry,26.9,Medium
2025-06-29,P0001,Strawberry,27.9,Medium
2025-06-30,P0001,Strawberry,30.5,Medium
2025-07-01,P0001,Strawberry,31.9,Medium
2025-07-02,P0001,Strawberry,33.9,Medium
2025-07-03,P0001,Strawberry,49,Medium
2025-07-04,P0001,Strawberry,47.8,Medium
2025-07-05,P0001,Strawberry,39.7,Medium
2025-07-06,P0001,Strawberry,52.4,High
2025-07-07,P0001,Strawberry,55.2,High
2025-07-08,P0001,Strawberry,49.8,Medium
2025-07-09,P0001,Strawberry,47,Medium
2025-07-10,P0001,Strawberry,40.5,Medium
2025-07-11,P0001,Strawberry,40.9,Medium
2025-07-12,P0001,Strawberry,44.6,Medium
2025-07-13,P0001,Strawberry,43,Medium
2025-07-14,P0001,Strawberry,37.5,Medium
2025-07-15,P0001,Strawberry,34.5,Medium
2025-07-16,P0001,Strawberry,23.8,Low
2025-07-17,P0001,Strawberry,28.8,Medium
2025-07-18,P0001,Strawberry,32.3,Medium
2025-07-19,P0001,Strawberry,39.9,Medium
2025-07-20,P0001,Strawberry,42.9,Medium
2025-07-21,P0001,Strawberry,39.7,Medium
2025-07-22,P0001,Strawberry,40.4,Medium
2025-07-23,P0001,Strawberry,67.6,High
2025-07-24,P0001,Strawberry,59,High
2025-07-25,P0001,Strawberry,56.4,High
2025-07-26,P0001,Strawberry,46.8,Medium
2025-07-27,P0001,Strawberry,43.2,Medium
2025-07-28,P0001,Strawberry,43.9,Medium
2025-07-29,P0001,Strawberry,41.3,Medium
2025-07-30,P0001,Strawberry,25,Medium
2025-07-31,P0001,Strawberry,30.5,Medium
2025-08-01,P0001,Strawberry,28.4,Medium
2025-08-02,P0001,Strawberry,32.1,Medium
2025-08-03,P0001,Strawberry,29.4,Medium
2025-08-04,P0001,Strawberry,38,Medium
2025-08-05,P0001,Strawberry,36.6,Medium
2025-08-06,P0001,Strawberry,45.8,Medium
2025-08-07,P0001,Strawberry,39.5,Medium
2025-08-08,P0001,Strawberry,31.8,Medium
2025-08-09,P0001,Strawberry,41.5,Medium
2025-08-10,P0001,Strawberry,54.2,High
2025-08-11,P0001,Strawberry,52.2,High
2025-08-12,P0001,Strawberry,43.8,Medium
2025-08-13,P0001,Strawberry,52.2,High
2025-08-14,P0001,Strawberry,43.8,Medium
2025-08-15,P0001,Strawberry,42.9,Medium
2025-08-16,P0001,Strawberry,37.9,Medium
2025-08-17,P0001,Strawberry,34.5,Medium
2025-08-18,P0001,Strawberry,38.8,Medium
2025-08-19,P0001,Strawberry,33,Medium
2025-08-20,P0001,Strawberry,35.4,Medium
2025-08-21,P0001,Strawberry,30.4,Medium
2025-08-22,P0001,Strawberry,24.3,Low
2025-08-23,P0001,Strawberry,18.9,Low
2025-08-24,P0001,Strawberry,16.2,Low
2025-08-25,P0001,Strawberry,15.9,Low
2025-08-26,P0001,Strawberry,39.9,Medium
2025-08-27,P0001,Strawberry,37.9,Medium
2025-08-28,P0001,Strawberry,45.9,Medium
2025-08-29,P0001,Strawberry,50.2,High
2025-08-30,P0001,Strawberry,43.5,Medium
2025-08-31,P0001,Strawberry,49.6,Medium
2025-09-01,P0001,Strawberry,48.4,Medium
2025-09-02,P0001,Strawberry,43.8,Medium
2025-09-03,P0001,Strawberry,45.1,Medium
2025-09-04,P0001,Strawberry,45.2,Medium
2025-09-05,P0001,Strawberry,51.9,High
2025-09-06,P0001,Strawberry,52.8,High
2025-09-07,P0001,Strawberry,52.7,High
2025-09-08,P0001,Strawberry,51.3,High
2025-09-09,P0001,Strawberry,43,Medium
2025-09-10,P0001,Strawberry,54.1,High
2025-09-11,P0001,Strawberry,51.6,High
2025-09-12,P0001,Strawberry,46.2,Medium
2025-02-21,P0002,Strawberry,37.6,Medium
2025-02-22,P0002,Strawberry,42.7,Medium
2025-02-23,P0002,Strawberry,45.6,Medium
2025-02-24,P0002,Strawberry,48.7,Medium
2025-02-25,P0002,Strawberry,42,Medium
2025-02-26,P0002,Strawberry,40,Medium
2025-02-27,P0002,Strawberry,48.3,Medium
2025-02-28,P0002,Strawberry,54.7,High
2025-03-01,P0002,Strawberry,58.3,High
2025-03-02,P0002,Strawberry,70.8,High
2025-03-03,P0002,Strawberry,68.7,High
2025-03-04,P0002,Strawberry,60.3,High
2025-03-05,P0002,Strawberry,64.4,High
2025-03-06,P0002,Strawberry,56.7,High
2025-03-07,P0002,Strawberry,45.7,Medium
2025-03-08,P0002,Strawberry,48.3,Medium
2025-03-09,P0002,Strawberry,51.4,High
2025-03-10,P0002,Strawberry,49.8,Medium
2025-03-11,P0002,Strawberry,43.8,Medium
2025-03-12,P0002,Strawberry,51.5,High
2025-03-13,P0002,Strawberry,46.9,Medium
2025-03-14,P0002,Strawberry,59.5,High
2025-03-15,P0002,Strawberry,54.7,High
2025-03-16,P0002,Strawberry,66.8,High
2025-03-17,P0002,Strawberry,66.1,High
2025-03-18,P0002,Strawberry,70.1,High
2025-03-19,P0002,Strawberry,72.8,High
2025-03-20,P0002,Strawberry,82.8,Critical
2025-03-21,P0002,Strawberry,77.4,Critical
2025-03-22,P0002,Strawberry,77.5,Critical
2025-03-23,P0002,Strawberry,74.8,High
2025-03-24,P0002,Strawberry,78.7,Critical
2025-03-25,P0002,Strawberry,75.2,Critical
2025-03-26,P0002,Strawberry,76.6,Critical
2025-03-27,P0002,Strawberry,66.3,High
2025-03-28,P0002,Strawberry,78.7,Critical
2025-03-29,P0002,Strawberry,80.4,Critical
2025-03-30,P0002,Strawberry,71.5,High
2025-03-31,P0002,Strawberry,68,High
2025-04-01,P0002,Strawberry,60.3,High
2025-04-02,P0002,Strawberry,67.6,High
2025-04-03,P0002,Strawberry,71.6,High
2025-04-04,P0002,Strawberry,72.2,High
2025-04-05,P0002,Strawberry,77.2,Critical
2025-04-06,P0002,Strawberry,77.6,Critical
2025-04-07,P0002,Strawberry,75.6,Critical
2025-04-08,P0002,Strawberry,67.4,High
2025-04-09,P0002,Strawberry,70.1,High
2025-04-10,P0002,Strawberry,70.6,High
2025-04-11,P0002,Strawberry,73.6,High
2025-04-12,P0002,Strawberry,73.5,High
2025-04-13,P0002,Strawberry,76.3,Critical
2025-04-14,P0002,Strawberry,71.8,High
2025-04-15,P0002,Strawberry,68.9,High
2025-04-16,P0002,Strawberry,71.6,High
2025-04-17,P0002,Strawberry,64.8,High
2025-04-18,P0002,Strawberry,68.4,High
2025-04-19,P0002,Strawberry,67.4,High
2025-04-20,P0002,Strawberry,68.8,High
2025-04-21,P0002,Strawberry,64.3,High
2025-04-22,P0002,Strawberry,69.2,High
2025-04-23,P0002,Strawberry,66.1,High
2025-04-24,P0002,Strawberry,74.8,High
2025-04-25,P0002,Strawberry,68.4,High
2025-04-26,P0002,Strawberry,69.6,High
2025-04-27,P0002,Strawberry,60.8,High
2025-04-28,P0002,Strawberry,63.6,High
2025-04-29,P0002,Strawberry,59.8,High
2025-04-30,P0002,Strawberry,67.2,High
2025-05-01,P0002,Strawberry,62.1,High
2025-05-02,P0002,Strawberry,50.3,High
2025-05-03,P0002,Strawberry,53.6,High
2025-05-04,P0002,Strawberry,65.5,High
2025-05-05,P0002,Strawberry,54.5,High
2025-05-06,P0002,Strawberry,60.1,High
2025-05-07,P0002,Strawberry,65.1,High
2025-05-08,P0002,Strawberry,67.2,High
2025-05-09,P0002,Strawberry,60.7,High
2025-05-10,P0002,Strawberry,65.1,High
2025-05-11,P0002,Strawberry,77.7,Critical
2025-05-12,P0002,Strawberry,84.6,Critical
2025-05-13,P0002,Strawberry,84.6,Critical
2025-05-14,P0002,Strawberry,72.1,High
2025-05-15,P0002,Strawberry,72.3,High
2025-05-16,P0002,Strawberry,69.9,High
2025-05-17,P0002,Strawberry,68.7,High
2025-05-18,P0002,Strawberry,74.2,High
2025-05-19,P0002,Strawberry,56.6,High
2025-05-20,P0002,Strawberry,55.4,High
2025-05-21,P0002,Strawberry,57.2,High
2025-05-22,P0002,Strawberry,53.3,High
2025-05-23,P0002,Strawberry,65.4,High
2025-05-24,P0002,Strawberry,60.9,High
2025-05-25,P0002,Strawberry,64.1,High
2025-05-26,P0002,Strawberry,57.1,High
2025-05-27,P0002,Strawberry,56.5,High
2025-05-28,P0002,Strawberry,57.4,High
2025-05-29,P0002,Strawberry,58.1,High
2025-05-30,P0002,Strawberry,45,Medium
2025-05-31,P0002,Strawberry,36.8,Medium
2025-06-01,P0002,Strawberry,38.9,Medium
2025-06-02,P0002,Strawberry,33.8,Medium
2025-06-03,P0002,Strawberry,30.9,Medium
2025-06-04,P0002,Strawberry,38.1,Medium
2025-06-05,P0002,Strawberry,42,Medium
2025-06-06,P0002,Strawberry,38.1,Medium
2025-06-07,P0002,Strawberry,41.5,Medium
2025-06-08,P0002,Strawberry,41.4,Medium
2025-06-09,P0002,Strawberry,45.9,Medium
2025-06-10,P0002,Strawberry,37.4,Medium
2025-06-11,P0002,Strawberry,32,Medium
2025-06-12,P0002,Strawberry,40.9,Medium
2025-06-13,P0002,Strawberry,44.9,Medium
2025-06-14,P0002,Strawberry,41.5,Medium
2025-06-15,P0002,Strawberry,61.2,High
2025-06-16,P0002,Strawberry,51.8,High
2025-06-17,P0002,Strawberry,66.2,High
2025-06-18,P0002,Strawberry,60.2,High
2025-06-19,P0002,Strawberry,68.4,High
2025-06-20,P0002,Strawberry,62.6,High
2025-06-21,P0002,Strawberry,50,High
2025-06-22,P0002,Strawberry,54.7,High
2025-06-23,P0002,Strawberry,49.3,Medium
2025-06-24,P0002,Strawberry,51,High
2025-06-25,P0002,Strawberry,44.5,Medium
2025-06-26,P0002,Strawberry,42,Medium
2025-06-27,P0002,Strawberry,42.9,Medium
2025-06-28,P0002,Strawberry,38.9,Medium
2025-06-29,P0002,Strawberry,37.2,Medium
2025-06-30,P0002,Strawberry,42.7,Medium
2025-07-01,P0002,Strawberry,43.6,Medium
2025-07-02,P0002,Strawberry,48.9,Medium
2025-07-03,P0002,Strawberry,47.8,Medium
2025-07-04,P0002,Strawberry,50.2,High
2025-07-05,P0002,Strawberry,62.1,High
2025-07-06,P0002,Strawberry,56.2,High
2025-07-07,P0002,Strawberry,62,High
2025-07-08,P0002,Strawberry,42.8,Medium
2025-07-09,P0002,Strawberry,51.1,High
2025-07-10,P0002,Strawberry,47.3,Medium
2025-07-11,P0002,Strawberry,48,Medium
2025-07-12,P0002,Strawberry,40.1,Medium
2025-07-13,P0002,Strawberry,45.7,Medium
2025-07-14,P0002,Strawberry,42.5,Medium
2025-07-15,P0002,Strawberry,44.2,Medium
2025-07-16,P0002,Strawberry,40.2,Medium
2025-07-17,P0002,Strawberry,42.2,Medium
2025-07-18,P0002,Strawberry,40.5,Medium
2025-07-19,P0002,Strawberry,39.3,Medium
2025-07-20,P0002,Strawberry,43,Medium
2025-07-21,P0002,Strawberry,35.5,Medium
2025-07-22,P0002,Strawberry,38.1,Medium
2025-07-23,P0002,Strawberry,41.5,Medium
2025-07-24,P0002,Strawberry,52.1,High
2025-07-25,P0002,Strawberry,71.3,High
2025-07-26,P0002,Strawberry,60.2,High
2025-07-27,P0002,Strawberry,63.6,High
2025-07-28,P0002,Strawberry,59.8,High
2025-07-29,P0002,Strawberry,66.3,High
2025-07-30,P0002,Strawberry,66.3,High
2025-07-31,P0002,Strawberry,60,High
2025-08-01,P0002,Strawberry,45.1,Medium
2025-08-02,P0002,Strawberry,38.3,Medium
2025-08-03,P0002,Strawberry,44.2,Medium
2025-08-04,P0002,Strawberry,46.9,Medium
2025-08-05,P0002,Strawberry,39.5,Medium
2025-08-06,P0002,Strawberry,44.8,Medium
2025-08-07,P0002,Strawberry,47.6,Medium
2025-08-08,P0002,Strawberry,49.6,Medium
2025-08-09,P0002,Strawberry,34.6,Medium
2025-08-10,P0002,Strawberry,37.5,Medium
2025-08-11,P0002,Strawberry,31.5,Medium
2025-08-12,P0002,Strawberry,35.9,Medium
2025-08-13,P0002,Strawberry,53.5,High
2025-08-14,P0002,Strawberry,51.8,High
2025-08-15,P0002,Strawberry,54.1,High
2025-08-16,P0002,Strawberry,52.5,High
2025-08-17,P0002,Strawberry,51,High
2025-08-18,P0002,Strawberry,51.8,High
2025-08-19,P0002,Strawberry,54.1,High
2025-08-20,P0002,Strawberry,52.4,High
2025-08-21,P0002,Strawberry,42.9,Medium
2025-08-22,P0002,Strawberry,27.3,Medium
2025-08-23,P0002,Strawberry,44.4,Medium
2025-08-24,P0002,Strawberry,49.7,Medium
2025-08-25,P0002,Strawberry,49,Medium
2025-08-26,P0002,Strawberry,63.2,High
2025-08-27,P0002,Strawberry,63,High
2025-08-28,P0002,Strawberry,65.7,High
2025-08-29,P0002,Strawberry,63.4,High
2025-08-30,P0002,Strawberry,57.4,High
2025-08-31,P0002,Strawberry,52.6,High
2025-09-01,P0002,Strawberry,42.8,Medium
2025-09-02,P0002,Strawberry,47.3,Medium
2025-09-03,P0002,Strawberry,38.7,Medium
2025-09-04,P0002,Strawberry,39.2,Medium
2025-09-05,P0002,Strawberry,35.4,Medium
2025-09-06,P0002,Strawberry,30.5,Medium
2025-09-07,P0002,Strawberry,33.7,Medium
2025-09-08,P0002,Strawberry,29.9,Medium
2025-09-09,P0002,Strawberry,34.4,Medium
2025-09-10,P0002,Strawberry,38.8,Medium
2025-09-11,P0002,Strawberry,40.8,Medium
2025-09-12,P0002,Strawberry,36.7,Medium
2025-02-21,P0003,Strawberry,50.2,High
2025-02-22,P0003,Strawberry,47.4,Medium
2025-02-23,P0003,Strawberry,51.1,High
2025-02-24,P0003,Strawberry,51.8,High
2025-02-25,P0003,Strawberry,53,High
2025-02-26,P0003,Strawberry,47.5,Medium
2025-02-27,P0003,Strawberry,51.8,High
2025-02-28,P0003,Strawberry,55.9,High
2025-03-01,P0003,Strawberry,60.3,High
2025-03-02,P0003,Strawberry,60.6,High
2025-03-03,P0003,Strawberry,47.7,Medium
2025-03-04,P0003,Strawberry,47.8,Medium
2025-03-05,P0003,Strawberry,47,Medium
2025-03-06,P0003,Strawberry,52.5,High
2025-03-07,P0003,Strawberry,51.1,High
2025-03-08,P0003,Strawberry,46.3,Medium
2025-03-09,P0003,Strawberry,61.7,High
2025-03-10,P0003,Strawberry,60.6,High
2025-03-11,P0003,Strawberry,55.7,High
2025-03-12,P0003,Strawberry,57.9,High
2025-03-13,P0003,Strawberry,54.3,High
2025-03-14,P0003,Strawberry,53.9,High
2025-03-15,P0003,Strawberry,61.8,High
2025-03-16,P0003,Strawberry,51.2,High
2025-03-17,P0003,Strawberry,44.2,Medium
2025-03-18,P0003,Strawberry,41.1,Medium
2025-03-19,P0003,Strawberry,54.7,High
2025-03-20,P0003,Strawberry,65.2,High
2025-03-21,P0003,Strawberry,62.1,High
2025-03-22,P0003,Strawberry,68.8,High
2025-03-23,P0003,Strawberry,63,High
2025-03-24,P0003,Strawberry,56.6,High
2025-03-25,P0003,Strawberry,49.5,Medium
2025-03-26,P0003,Strawberry,64.6,High
2025-03-27,P0003,Strawberry,55.6,High
2025-03-28,P0003,Strawberry,61.9,High
2025-03-29,P0003,Strawberry,61.6,High
2025-03-30,P0003,Strawberry,66.2,High
2025-03-31,P0003,Strawberry,60.1,High
2025-04-01,P0003,Strawberry,67.3,High
2025-04-02,P0003,Strawberry,61.2,High
2025-04-03,P0003,Strawberry,54.4,High
2025-04-04,P0003,Strawberry,61.1,High
2025-04-05,P0003,Strawberry,73,High
2025-04-06,P0003,Strawberry,81.3,Critical
2025-04-07,P0003,Strawberry,81.7,Critical
2025-04-08,P0003,Strawberry,77.2,Critical
2025-04-09,P0003,Strawberry,78.1,Critical
2025-04-10,P0003,Strawberry,82.7,Critical
2025-04-11,P0003,Strawberry,87.5,Critical
2025-04-12,P0003,Strawberry,83.8,Critical
2025-04-13,P0003,Strawberry,81.6,Critical
2025-04-14,P0003,Strawberry,77.3,Critical
2025-04-15,P0003,Strawberry,77,Critical
2025-04-16,P0003,Strawberry,75.2,Critical
2025-04-17,P0003,Strawberry,74.1,High
2025-04-18,P0003,Strawberry,70.6,High
2025-04-19,P0003,Strawberry,76.9,Critical
2025-04-20,P0003,Strawberry,77.3,Critical
2025-04-21,P0003,Strawberry,79.7,Critical
2025-04-22,P0003,Strawberry,72,High
2025-04-23,P0003,Strawberry,69.5,High
2025-04-24,P0003,Strawberry,64.7,High
2025-04-25,P0003,Strawberry,62.4,High
2025-04-26,P0003,Strawberry,48.8,Medium
2025-04-27,P0003,Strawberry,57.6,High
2025-04-28,P0003,Strawberry,54,High
2025-04-29,P0003,Strawberry,55.4,High
2025-04-30,P0003,Strawberry,58.6,High
2025-05-01,P0003,Strawberry,52.1,High
2025-05-02,P0003,Strawberry,55.3,High
2025-05-03,P0003,Strawberry,48.7,Medium
2025-05-04,P0003,Strawberry,50.6,High
2025-05-05,P0003,Strawberry,58.4,High
2025-05-06,P0003,Strawberry,51,High
2025-05-07,P0003,Strawberry,63,High
2025-05-08,P0003,Strawberry,56.6,High
2025-05-09,P0003,Strawberry,58.9,High
2025-05-10,P0003,Strawberry,58.8,High
2025-05-11,P0003,Strawberry,54.4,High
2025-05-12,P0003,Strawberry,61.2,High
2025-05-13,P0003,Strawberry,66.2,High
2025-05-14,P0003,Strawberry,65.8,High
2025-05-15,P0003,Strawberry,44.3,Medium
2025-05-16,P0003,Strawberry,43.5,Medium
2025-05-17,P0003,Strawberry,40.8,Medium
2025-05-18,P0003,Strawberry,49.4,Medium
2025-05-19,P0003,Strawberry,52.2,High
2025-05-20,P0003,Strawberry,43.3,Medium
2025-05-21,P0003,Strawberry,48.3,Medium
2025-05-22,P0003,Strawberry,47.6,Medium
2025-05-23,P0003,Strawberry,40.8,Medium
2025-05-24,P0003,Strawberry,39.7,Medium
2025-05-25,P0003,Strawberry,43.2,Medium
2025-05-26,P0003,Strawberry,37.7,Medium
2025-05-27,P0003,Strawberry,48.4,Medium
2025-05-28,P0003,Strawberry,50.4,High
2025-05-29,P0003,Strawberry,58.7,High
2025-05-30,P0003,Strawberry,50.2,High
2025-05-31,P0003,Strawberry,48.5,Medium
2025-06-01,P0003,Strawberry,53.2,High
2025-06-02,P0003,Strawberry,43,Medium
2025-06-03,P0003,Strawberry,41.2,Medium
2025-06-04,P0003,Strawberry,38.1,Medium
2025-06-05,P0003,Strawberry,35.3,Medium
2025-06-06,P0003,Strawberry,32.1,Medium
2025-06-07,P0003,Strawberry,35.5,Medium
2025-06-08,P0003,Strawberry,36.7,Medium
2025-06-09,P0003,Strawberry,33.2,Medium
2025-06-10,P0003,Strawberry,30.6,Medium
2025-06-11,P0003,Strawberry,32.4,Medium
2025-06-12,P0003,Strawberry,38,Medium
2025-06-13,P0003,Strawberry,33.2,Medium
2025-06-14,P0003,Strawberry,39.7,Medium
2025-06-15,P0003,Strawberry,47.7,Medium
2025-06-16,P0003,Strawberry,55.8,High
2025-06-17,P0003,Strawberry,75.4,Critical
2025-06-18,P0003,Strawberry,68.1,High
2025-06-19,P0003,Strawberry,82.6,Critical
2025-06-20,P0003,Strawberry,80.9,Critical
2025-06-21,P0003,Strawberry,70.2,High
2025-06-22,P0003,Strawberry,70.9,High
2025-06-23,P0003,Strawberry,78,Critical
2025-06-24,P0003,Strawberry,68.2,High
2025-06-25,P0003,Strawberry,57.9,High
2025-06-26,P0003,Strawberry,51.1,High
2025-06-27,P0003,Strawberry,47.9,Medium
2025-06-28,P0003,Strawberry,41,Medium
2025-06-29,P0003,Strawberry,40.2,Medium
2025-06-30,P0003,Strawberry,34.6,Medium
2025-07-01,P0003,Strawberry,34.9,Medium
2025-07-02,P0003,Strawberry,43.5,Medium
2025-07-03,P0003,Strawberry,39.9,Medium
2025-07-04,P0003,Strawberry,50.4,High
2025-07-05,P0003,Strawberry,53.4,High
2025-07-06,P0003,Strawberry,54.3,High
2025-07-07,P0003,Strawberry,54.4,High
2025-07-08,P0003,Strawberry,52.5,High
2025-07-09,P0003,Strawberry,43,Medium
2025-07-10,P0003,Strawberry,46.3,Medium
2025-07-11,P0003,Strawberry,49.2,Medium
2025-07-12,P0003,Strawberry,50.6,High
2025-07-13,P0003,Strawberry,54.2,High
2025-07-14,P0003,Strawberry,46.5,Medium
2025-07-15,P0003,Strawberry,48.5,Medium
2025-07-16,P0003,Strawberry,57.6,High
2025-07-17,P0003,Strawberry,56.6,High
2025-07-18,P0003,Strawberry,55.7,High
2025-07-19,P0003,Strawberry,58,High
2025-07-20,P0003,Strawberry,60,High
2025-07-21,P0003,Strawberry,56.3,High
2025-07-22,P0003,Strawberry,62.4,High
2025-07-23,P0003,Strawberry,50.5,High
2025-07-24,P0003,Strawberry,50.5,High
2025-07-25,P0003,Strawberry,51.5,High
2025-07-26,P0003,Strawberry,43.1,Medium
2025-07-27,P0003,Strawberry,51.9,High
2025-07-28,P0003,Strawberry,51.3,High
2025-07-29,P0003,Strawberry,48.3,Medium
2025-07-30,P0003,Strawberry,45.7,Medium
2025-07-31,P0003,Strawberry,46.3,Medium
2025-08-01,P0003,Strawberry,44.1,Medium
2025-08-02,P0003,Strawberry,35.6,Medium
2025-08-03,P0003,Strawberry,34.6,Medium
2025-08-04,P0003,Strawberry,24.7,Low
2025-08-05,P0003,Strawberry,30.4,Medium
2025-08-06,P0003,Strawberry,40,Medium
2025-08-07,P0003,Strawberry,33.3,Medium
2025-08-08,P0003,Strawberry,29,Medium
2025-08-09,P0003,Strawberry,38,Medium
2025-08-10,P0003,Strawberry,37.8,Medium
2025-08-11,P0003,Strawberry,38.1,Medium
2025-08-12,P0003,Strawberry,45.6,Medium
2025-08-13,P0003,Strawberry,36.8,Medium
2025-08-14,P0003,Strawberry,31.4,Medium
2025-08-15,P0003,Strawberry,27.7,Medium
2025-08-16,P0003,Strawberry,26.1,Medium
2025-08-17,P0003,Strawberry,32,Medium
2025-08-18,P0003,Strawberry,26.9,Medium
2025-08-19,P0003,Strawberry,36.7,Medium
2025-08-20,P0003,Strawberry,32.3,Medium
2025-08-21,P0003,Strawberry,35.5,Medium
2025-08-22,P0003,Strawberry,36.7,Medium
2025-08-23,P0003,Strawberry,44,Medium
2025-08-24,P0003,Strawberry,40.6,Medium
2025-08-25,P0003,Strawberry,52.7,High
2025-08-26,P0003,Strawberry,53.5,High
2025-08-27,P0003,Strawberry,58.7,High
2025-08-28,P0003,Strawberry,74.7,High
2025-08-29,P0003,Strawberry,63.2,High
2025-08-30,P0003,Strawberry,60.7,High
2025-08-31,P0003,Strawberry,55.8,High
2025-09-01,P0003,Strawberry,54.4,High
2025-09-02,P0003,Strawberry,56,High
2025-09-03,P0003,Strawberry,51.4,High
2025-09-04,P0003,Strawberry,55.4,High
2025-09-05,P0003,Strawberry,44.8,Medium
2025-09-06,P0003,Strawberry,42,Medium
2025-09-07,P0003,Strawberry,43.8,Medium
2025-09-08,P0003,Strawberry,49.1,Medium
2025-09-09,P0003,Strawberry,45.8,Medium
2025-09-10,P0003,Strawberry,46.1,Medium
2025-09-11,P0003,Strawberry,47.5,Medium
2025-09-12,P0003,Strawberry,48.3,Medium
2025-02-21,P0004,Tomato,37.5,Medium
2025-02-22,P0004,Tomato,41.7,Medium
2025-02-23,P0004,Tomato,24.9,Low
2025-02-24,P0004,Tomato,32.3,Medium
2025-02-25,P0004,Tomato,36.7,Medium
2025-02-26,P0004,Tomato,39.6,Medium
2025-02-27,P0004,Tomato,47.3,Medium
2025-02-28,P0004,Tomato,48.1,Medium
2025-03-01,P0004,Tomato,62.9,High
2025-03-02,P0004,Tomato,54.5,High
2025-03-03,P0004,Tomato,61,High
2025-03-04,P0004,Tomato,51.8,High
2025-03-05,P0004,Tomato,54.7,High
2025-03-06,P0004,Tomato,45.3,Medium
2025-03-07,P0004,Tomato,42.3,Medium
2025-03-08,P0004,Tomato,37.9,Medium
2025-03-09,P0004,Tomato,31.3,Medium
2025-03-10,P0004,Tomato,35.8,Medium
2025-03-11,P0004,Tomato,34.9,Medium
2025-03-12,P0004,Tomato,38.5,Medium
2025-03-13,P0004,Tomato,39.3,Medium
2025-03-14,P0004,Tomato,41.8,Medium
2025-03-15,P0004,Tomato,39.8,Medium
2025-03-16,P0004,Tomato,51.3,High
2025-03-17,P0004,Tomato,48.5,Medium
2025-03-18,P0004,Tomato,47.3,Medium
2025-03-19,P0004,Tomato,54.5,High
2025-03-20,P0004,Tomato,57.8,High
2025-03-21,P0004,Tomato,59.4,High
2025-03-22,P0004,Tomato,60.4,High
2025-03-23,P0004,Tomato,66.3,High
2025-03-24,P0004,Tomato,59.8,High
2025-03-25,P0004,Tomato,61.4,High
2025-03-26,P0004,Tomato,59.8,High
2025-03-27,P0004,Tomato,55.6,High
2025-03-28,P0004,Tomato,59.6,High
2025-03-29,P0004,Tomato,56.2,High
2025-03-30,P0004,Tomato,45.2,Medium
2025-03-31,P0004,Tomato,41.2,Medium
2025-04-01,P0004,Tomato,39.8,Medium
2025-04-02,P0004,Tomato,48,Medium
2025-04-03,P0004,Tomato,48.1,Medium
2025-04-04,P0004,Tomato,45.8,Medium
2025-04-05,P0004,Tomato,59.4,High
2025-04-06,P0004,Tomato,63,High
2025-04-07,P0004,Tomato,59.1,High
2025-04-08,P0004,Tomato,62.8,High
2025-04-09,P0004,Tomato,44.8,Medium
2025-04-10,P0004,Tomato,51.3,High
2025-04-11,P0004,Tomato,33.1,Medium
2025-04-12,P0004,Tomato,49.9,Medium
2025-04-13,P0004,Tomato,45.2,Medium
2025-04-14,P0004,Tomato,44.1,Medium
2025-04-15,P0004,Tomato,37.9,Medium
2025-04-16,P0004,Tomato,40.7,Medium
2025-04-17,P0004,Tomato,48.8,Medium
2025-04-18,P0004,Tomato,43.4,Medium
2025-04-19,P0004,Tomato,50.9,High
2025-04-20,P0004,Tomato,49,Medium
2025-04-21,P0004,Tomato,53.6,High
2025-04-22,P0004,Tomato,57.7,High
2025-04-23,P0004,Tomato,57.1,High
2025-04-24,P0004,Tomato,57.6,High
2025-04-25,P0004,Tomato,51.9,High
2025-04-26,P0004,Tomato,56.4,High
2025-04-27,P0004,Tomato,49.7,Medium
2025-04-28,P0004,Tomato,56.6,High
2025-04-29,P0004,Tomato,55.8,High
2025-04-30,P0004,Tomato,56.6,High
2025-05-01,P0004,Tomato,53.4,High
2025-05-02,P0004,Tomato,44.7,Medium
2025-05-03,P0004,Tomato,37.4,Medium
2025-05-04,P0004,Tomato,47.1,Medium
2025-05-05,P0004,Tomato,49.6,Medium
2025-05-06,P0004,Tomato,34.7,Medium
2025-05-07,P0004,Tomato,34.7,Medium
2025-05-08,P0004,Tomato,30.7,Medium
2025-05-09,P0004,Tomato,41.8,Medium
2025-05-10,P0004,Tomato,48.1,Medium
2025-05-11,P0004,Tomato,53.5,High
2025-05-12,P0004,Tomato,52.2,High
2025-05-13,P0004,Tomato,55.6,High
2025-05-14,P0004,Tomato,52,High
2025-05-15,P0004,Tomato,44.6,Medium
2025-05-16,P0004,Tomato,46.2,Medium
2025-05-17,P0004,Tomato,38.6,Medium
2025-05-18,P0004,Tomato,29.9,Medium
2025-05-19,P0004,Tomato,31.3,Medium
2025-05-20,P0004,Tomato,24,Low
2025-05-21,P0004,Tomato,29.2,Medium
2025-05-22,P0004,Tomato,37.6,Medium
2025-05-23,P0004,Tomato,42.5,Medium
2025-05-24,P0004,Tomato,46.1,Medium
2025-05-25,P0004,Tomato,38.7,Medium
2025-05-26,P0004,Tomato,48.1,Medium
2025-05-27,P0004,Tomato,49.6,Medium
2025-05-28,P0004,Tomato,34.7,Medium
2025-05-29,P0004,Tomato,33,Medium
2025-05-30,P0004,Tomato,22.4,Low
2025-05-31,P0004,Tomato,34.6,Medium
2025-06-01,P0004,Tomato,26.2,Medium
2025-06-02,P0004,Tomato,34.9,Medium
2025-06-03,P0004,Tomato,33.2,Medium
2025-06-04,P0004,Tomato,24.6,Low
2025-06-05,P0004,Tomato,23.1,Low
2025-06-06,P0004,Tomato,22.3,Low
2025-06-07,P0004,Tomato,10.3,Low
2025-06-08,P0004,Tomato,9.3,Low
2025-06-09,P0004,Tomato,11.5,Low
2025-06-10,P0004,Tomato,10.9,Low
2025-06-11,P0004,Tomato,5.5,Low
2025-06-12,P0004,Tomato,5.2,Low
2025-06-13,P0004,Tomato,15.6,Low
2025-06-14,P0004,Tomato,23.9,Low
2025-06-15,P0004,Tomato,18.4,Low
2025-06-16,P0004,Tomato,24.4,Low
2025-06-17,P0004,Tomato,38.2,Medium
2025-06-18,P0004,Tomato,33.6,Medium
2025-06-19,P0004,Tomato,32.2,Medium
2025-06-20,P0004,Tomato,27.7,Medium
2025-06-21,P0004,Tomato,29.2,Medium
2025-06-22,P0004,Tomato,26.7,Medium
2025-06-23,P0004,Tomato,30.7,Medium
2025-06-24,P0004,Tomato,30.2,Medium
2025-06-25,P0004,Tomato,20.5,Low
2025-06-26,P0004,Tomato,16.7,Low
2025-06-27,P0004,Tomato,16.7,Low
2025-06-28,P0004,Tomato,18.3,Low
2025-06-29,P0004,Tomato,18.1,Low
2025-06-30,P0004,Tomato,14.2,Low
2025-07-01,P0004,Tomato,36.6,Medium
2025-07-02,P0004,Tomato,36.4,Medium
2025-07-03,P0004,Tomato,44.1,Medium
2025-07-04,P0004,Tomato,43,Medium
2025-07-05,P0004,Tomato,34.5,Medium
2025-07-06,P0004,Tomato,38.1,Medium
2025-07-07,P0004,Tomato,42.2,Medium
2025-07-08,P0004,Tomato,34.3,Medium
2025-07-09,P0004,Tomato,28,Medium
2025-07-10,P0004,Tomato,26.3,Medium
2025-07-11,P0004,Tomato,29.4,Medium
2025-07-12,P0004,Tomato,20.4,Low
2025-07-13,P0004,Tomato,23.1,Low
2025-07-14,P0004,Tomato,22,Low
2025-07-15,P0004,Tomato,20.8,Low
2025-07-16,P0004,Tomato,23.4,Low
2025-07-17,P0004,Tomato,30.4,Medium
2025-07-18,P0004,Tomato,29.7,Medium
2025-07-19,P0004,Tomato,25.5,Medium
2025-07-20,P0004,Tomato,24.8,Low
2025-07-21,P0004,Tomato,40.6,Medium
2025-07-22,P0004,Tomato,47,Medium
2025-07-23,P0004,Tomato,44,Medium
2025-07-24,P0004,Tomato,55.6,High
2025-07-25,P0004,Tomato,46.2,Medium
2025-07-26,P0004,Tomato,38.1,Medium
2025-07-27,P0004,Tomato,38.3,Medium
2025-07-28,P0004,Tomato,36.7,Medium
2025-07-29,P0004,Tomato,35.9,Medium
2025-07-30,P0004,Tomato,36.3,Medium
2025-07-31,P0004,Tomato,26.1,Medium
2025-08-01,P0004,Tomato,25.8,Medium
2025-08-02,P0004,Tomato,31.3,Medium
2025-08-03,P0004,Tomato,38.9,Medium
2025-08-04,P0004,Tomato,35.4,Medium
2025-08-05,P0004,Tomato,30.5,Medium
2025-08-06,P0004,Tomato,30.8,Medium
2025-08-07,P0004,Tomato,22,Low
2025-08-08,P0004,Tomato,23.9,Low
2025-08-09,P0004,Tomato,36.3,Medium
2025-08-10,P0004,Tomato,31.2,Medium
2025-08-11,P0004,Tomato,37.4,Medium
2025-08-12,P0004,Tomato,32.8,Medium
2025-08-13,P0004,Tomato,26.7,Medium
2025-08-14,P0004,Tomato,22.5,Low
2025-08-15,P0004,Tomato,28.5,Medium
2025-08-16,P0004,Tomato,24.3,Low
2025-08-17,P0004,Tomato,25.9,Medium
2025-08-18,P0004,Tomato,16.3,Low
2025-08-19,P0004,Tomato,21.2,Low
2025-08-20,P0004,Tomato,26.4,Medium
2025-08-21,P0004,Tomato,26.8,Medium
2025-08-22,P0004,Tomato,26.1,Medium
2025-08-23,P0004,Tomato,32.6,Medium
2025-08-24,P0004,Tomato,29.8,Medium
2025-08-25,P0004,Tomato,43.8,Medium
2025-08-26,P0004,Tomato,38.1,Medium
2025-08-27,P0004,Tomato,37.5,Medium
2025-08-28,P0004,Tomato,48.2,Medium
2025-08-29,P0004,Tomato,45.4,Medium
2025-08-30,P0004,Tomato,33,Medium
2025-08-31,P0004,Tomato,31.8,Medium
2025-09-01,P0004,Tomato,26.9,Medium
2025-09-02,P0004,Tomato,28.5,Medium
2025-09-03,P0004,Tomato,33.3,Medium
2025-09-04,P0004,Tomato,26.8,Medium
2025-09-05,P0004,Tomato,23.7,Low
2025-09-06,P0004,Tomato,28.9,Medium
2025-09-07,P0004,Tomato,24.1,Low
2025-09-08,P0004,Tomato,25.5,Medium
2025-09-09,P0004,Tomato,33.9,Medium
2025-09-10,P0004,Tomato,24.1,Low
2025-09-11,P0004,Tomato,23.5,Low
2025-09-12,P0004,Tomato,30.1,Medium
2025-02-21,P0005,Tomato,31.4,Medium
2025-02-22,P0005,Tomato,36.7,Medium
2025-02-23,P0005,Tomato,36.7,Medium
2025-02-24,P0005,Tomato,38.4,Medium
2025-02-25,P0005,Tomato,38.6,Medium
2025-02-26,P0005,Tomato,27.1,Medium
2025-02-27,P0005,Tomato,32.3,Medium
2025-02-28,P0005,Tomato,31.8,Medium
2025-03-01,P0005,Tomato,36.6,Medium
2025-03-02,P0005,Tomato,39.9,Medium
2025-03-03,P0005,Tomato,44.7,Medium
2025-03-04,P0005,Tomato,42,Medium
2025-03-05,P0005,Tomato,43.3,Medium
2025-03-06,P0005,Tomato,48.4,Medium
2025-03-07,P0005,Tomato,53.4,High
2025-03-08,P0005,Tomato,56.7,High
2025-03-09,P0005,Tomato,56.1,High
2025-03-10,P0005,Tomato,54.7,High
2025-03-11,P0005,Tomato,41.1,Medium
2025-03-12,P0005,Tomato,42.5,Medium
2025-03-13,P0005,Tomato,41,Medium
2025-03-14,P0005,Tomato,52.4,High
2025-03-15,P0005,Tomato,43.1,Medium
2025-03-16,P0005,Tomato,41,Medium
2025-03-17,P0005,Tomato,37.3,Medium
2025-03-18,P0005,Tomato,38.6,Medium
2025-03-19,P0005,Tomato,42.6,Medium
2025-03-20,P0005,Tomato,43.6,Medium
2025-03-21,P0005,Tomato,46.4,Medium
2025-03-22,P0005,Tomato,42.9,Medium
2025-03-23,P0005,Tomato,41.4,Medium
2025-03-24,P0005,Tomato,41.2,Medium
2025-03-25,P0005,Tomato,41.5,Medium
2025-03-26,P0005,Tomato,44.7,Medium
2025-03-27,P0005,Tomato,41.4,Medium
2025-03-28,P0005,Tomato,41,Medium
2025-03-29,P0005,Tomato,40.2,Medium
2025-03-30,P0005,Tomato,44.7,Medium
2025-03-31,P0005,Tomato,48.8,Medium
2025-04-01,P0005,Tomato,48.1,Medium
2025-04-02,P0005,Tomato,48.6,Medium
2025-04-03,P0005,Tomato,50.7,High
2025-04-04,P0005,Tomato,55.1,High
2025-04-05,P0005,Tomato,55.9,High
2025-04-06,P0005,Tomato,53.8,High
2025-04-07,P0005,Tomato,49.2,Medium
2025-04-08,P0005,Tomato,47.7,Medium
2025-04-09,P0005,Tomato,50.7,High
2025-04-10,P0005,Tomato,43.1,Medium
2025-04-11,P0005,Tomato,51.9,High
2025-04-12,P0005,Tomato,48.9,Medium
2025-04-13,P0005,Tomato,49,Medium
2025-04-14,P0005,Tomato,41.9,Medium
2025-04-15,P0005,Tomato,47.4,Medium
2025-04-16,P0005,Tomato,42.9,Medium
2025-04-17,P0005,Tomato,50.2,High
2025-04-18,P0005,Tomato,50.4,High
2025-04-19,P0005,Tomato,57.4,High
2025-04-20,P0005,Tomato,54.4,High
2025-04-21,P0005,Tomato,58.3,High
2025-04-22,P0005,Tomato,54.7,High
2025-04-23,P0005,Tomato,61.1,High
2025-04-24,P0005,Tomato,56.9,High
2025-04-25,P0005,Tomato,55.5,High
2025-04-26,P0005,Tomato,43.8,Medium
2025-04-27,P0005,Tomato,56.7,High
2025-04-28,P0005,Tomato,53.6,High
2025-04-29,P0005,Tomato,46.6,Medium
2025-04-30,P0005,Tomato,49.4,Medium
2025-05-01,P0005,Tomato,50.7,High
2025-05-02,P0005,Tomato,37.5,Medium
2025-05-03,P0005,Tomato,34.3,Medium
2025-05-04,P0005,Tomato,37.5,Medium
2025-05-05,P0005,Tomato,40.6,Medium
2025-05-06,P0005,Tomato,43.2,Medium
2025-05-07,P0005,Tomato,32.1,Medium
2025-05-08,P0005,Tomato,34.2,Medium
2025-05-09,P0005,Tomato,43.4,Medium
2025-05-10,P0005,Tomato,46.2,Medium
2025-05-11,P0005,Tomato,50.1,High
2025-05-12,P0005,Tomato,47.8,Medium
2025-05-13,P0005,Tomato,49.7,Medium
2025-05-14,P0005,Tomato,37.1,Medium
2025-05-15,P0005,Tomato,41.1,Medium
2025-05-16,P0005,Tomato,45.6,Medium
2025-05-17,P0005,Tomato,48.3,Medium
2025-05-18,P0005,Tomato,51.9,High
2025-05-19,P0005,Tomato,54.7,High
2025-05-20,P0005,Tomato,42.9,Medium
2025-05-21,P0005,Tomato,33.1,Medium
2025-05-22,P0005,Tomato,38.9,Medium
2025-05-23,P0005,Tomato,37.8,Medium
2025-05-24,P0005,Tomato,31,Medium
2025-05-25,P0005,Tomato,29.9,Medium
2025-05-26,P0005,Tomato,35.6,Medium
2025-05-27,P0005,Tomato,36.7,Medium
2025-05-28,P0005,Tomato,44,Medium
2025-05-29,P0005,Tomato,47.3,Medium
2025-05-30,P0005,Tomato,42.3,Medium
2025-05-31,P0005,Tomato,49.7,Medium
2025-06-01,P0005,Tomato,47.8,Medium
2025-06-02,P0005,Tomato,44.4,Medium
2025-06-03,P0005,Tomato,42.5,Medium
2025-06-04,P0005,Tomato,41.4,Medium
2025-06-05,P0005,Tomato,45.1,Medium
2025-06-06,P0005,Tomato,36.2,Medium
2025-06-07,P0005,Tomato,37,Medium
2025-06-08,P0005,Tomato,33.1,Medium
2025-06-09,P0005,Tomato,22.1,Low
2025-06-10,P0005,Tomato,18.9,Low
2025-06-11,P0005,Tomato,18.8,Low
2025-06-12,P0005,Tomato,14.8,Low
2025-06-13,P0005,Tomato,13.3,Low
2025-06-14,P0005,Tomato,22,Low
2025-06-15,P0005,Tomato,24.9,Low
2025-06-16,P0005,Tomato,43.2,Medium
2025-06-17,P0005,Tomato,51,High
2025-06-18,P0005,Tomato,62.4,High
2025-06-19,P0005,Tomato,50.5,High
2025-06-20,P0005,Tomato,42.8,Medium
2025-06-21,P0005,Tomato,40.2,Medium
2025-06-22,P0005,Tomato,45.7,Medium
2025-06-23,P0005,Tomato,40.7,Medium
2025-06-24,P0005,Tomato,28.9,Medium
2025-06-25,P0005,Tomato,31.5,Medium
2025-06-26,P0005,Tomato,38.4,Medium
2025-06-27,P0005,Tomato,38.5,Medium
2025-06-28,P0005,Tomato,34.8,Medium
2025-06-29,P0005,Tomato,35.2,Medium
2025-06-30,P0005,Tomato,34,Medium
2025-07-01,P0005,Tomato,42.3,Medium
2025-07-02,P0005,Tomato,46.4,Medium
2025-07-03,P0005,Tomato,51,High
2025-07-04,P0005,Tomato,37.6,Medium
2025-07-05,P0005,Tomato,37.1,Medium
2025-07-06,P0005,Tomato,34.1,Medium
2025-07-07,P0005,Tomato,37.4,Medium
2025-07-08,P0005,Tomato,25.4,Medium
2025-07-09,P0005,Tomato,30.8,Medium
2025-07-10,P0005,Tomato,28,Medium
2025-07-11,P0005,Tomato,23.2,Low
2025-07-12,P0005,Tomato,19.7,Low
2025-07-13,P0005,Tomato,20.5,Low
2025-07-14,P0005,Tomato,22,Low
2025-07-15,P0005,Tomato,22.8,Low
2025-07-16,P0005,Tomato,22.5,Low
2025-07-17,P0005,Tomato,24.2,Low
2025-07-18,P0005,Tomato,23.4,Low
2025-07-19,P0005,Tomato,22.9,Low
2025-07-20,P0005,Tomato,17.8,Low
2025-07-21,P0005,Tomato,24.9,Low
2025-07-22,P0005,Tomato,31.9,Medium
2025-07-23,P0005,Tomato,30.8,Medium
2025-07-24,P0005,Tomato,26.4,Medium
2025-07-25,P0005,Tomato,23.4,Low
2025-07-26,P0005,Tomato,14.4,Low
2025-07-27,P0005,Tomato,12.8,Low
2025-07-28,P0005,Tomato,13.5,Low
2025-07-29,P0005,Tomato,14.5,Low
2025-07-30,P0005,Tomato,10.6,Low
2025-07-31,P0005,Tomato,11.1,Low
2025-08-01,P0005,Tomato,15.3,Low
2025-08-02,P0005,Tomato,12.9,Low
2025-08-03,P0005,Tomato,20.4,Low
2025-08-04,P0005,Tomato,24.5,Low
2025-08-05,P0005,Tomato,29.9,Medium
2025-08-06,P0005,Tomato,28.4,Medium
2025-08-07,P0005,Tomato,27.5,Medium
2025-08-08,P0005,Tomato,31.4,Medium
2025-08-09,P0005,Tomato,34.7,Medium
2025-08-10,P0005,Tomato,42,Medium
2025-08-11,P0005,Tomato,30,Medium
2025-08-12,P0005,Tomato,31.6,Medium
2025-08-13,P0005,Tomato,32,Medium
2025-08-14,P0005,Tomato,33.1,Medium
2025-08-15,P0005,Tomato,39.8,Medium
2025-08-16,P0005,Tomato,43.6,Medium
2025-08-17,P0005,Tomato,30.1,Medium
2025-08-18,P0005,Tomato,32.7,Medium
2025-08-19,P0005,Tomato,29.2,Medium
2025-08-20,P0005,Tomato,31.8,Medium
2025-08-21,P0005,Tomato,31.1,Medium
2025-08-22,P0005,Tomato,24.6,Low
2025-08-23,P0005,Tomato,25.9,Medium
2025-08-24,P0005,Tomato,22.5,Low
2025-08-25,P0005,Tomato,30.6,Medium
2025-08-26,P0005,Tomato,36.6,Medium
2025-08-27,P0005,Tomato,52.4,High
2025-08-28,P0005,Tomato,48.5,Medium
2025-08-29,P0005,Tomato,35.8,Medium
2025-08-30,P0005,Tomato,30.7,Medium
2025-08-31,P0005,Tomato,37.3,Medium
2025-09-01,P0005,Tomato,34.9,Medium
2025-09-02,P0005,Tomato,24.1,Low
2025-09-03,P0005,Tomato,26.2,Medium
2025-09-04,P0005,Tomato,25.1,Medium
2025-09-05,P0005,Tomato,24.9,Low
2025-09-06,P0005,Tomato,42.1,Medium
2025-09-07,P0005,Tomato,32.9,Medium
2025-09-08,P0005,Tomato,31.9,Medium
2025-09-09,P0005,Tomato,41.6,Medium
2025-09-10,P0005,Tomato,33.8,Medium
2025-09-11,P0005,Tomato,34.2,Medium
2025-09-12,P0005,Tomato,42.1,Medium
2025-02-21,P0006,Strawberry,28.5,Medium
2025-02-22,P0006,Strawberry,33.1,Medium
2025-02-23,P0006,Strawberry,27.9,Medium
2025-02-24,P0006,Strawberry,49.2,Medium
2025-02-25,P0006,Strawberry,50.6,High
2025-02-26,P0006,Strawberry,47.9,Medium
2025-02-27,P0006,Strawberry,52.2,High
2025-02-28,P0006,Strawberry,59.2,High
2025-03-01,P0006,Strawberry,68.6,High
2025-03-02,P0006,Strawberry,68.8,High
2025-03-03,P0006,Strawberry,63.6,High
2025-03-04,P0006,Strawberry,58.1,High
2025-03-05,P0006,Strawberry,46,Medium
2025-03-06,P0006,Strawberry,47.9,Medium
2025-03-07,P0006,Strawberry,52.5,High
2025-03-08,P0006,Strawberry,40.6,Medium
2025-03-09,P0006,Strawberry,42.4,Medium
2025-03-10,P0006,Strawberry,44.5,Medium
2025-03-11,P0006,Strawberry,41.9,Medium
2025-03-12,P0006,Strawberry,45.8,Medium
2025-03-13,P0006,Strawberry,39.5,Medium
2025-03-14,P0006,Strawberry,36,Medium
2025-03-15,P0006,Strawberry,42.9,Medium
2025-03-16,P0006,Strawberry,47.7,Medium
2025-03-17,P0006,Strawberry,42.8,Medium
2025-03-18,P0006,Strawberry,49.9,Medium
2025-03-19,P0006,Strawberry,51,High
2025-03-20,P0006,Strawberry,52.1,High
2025-03-21,P0006,Strawberry,60.3,High
2025-03-22,P0006,Strawberry,55.6,High
2025-03-23,P0006,Strawberry,58.9,High
2025-03-24,P0006,Strawberry,49.7,Medium
2025-03-25,P0006,Strawberry,44.3,Medium
2025-03-26,P0006,Strawberry,45.7,Medium
2025-03-27,P0006,Strawberry,42.9,Medium
2025-03-28,P0006,Strawberry,48.9,Medium
2025-03-29,P0006,Strawberry,47.3,Medium
2025-03-30,P0006,Strawberry,47.9,Medium
2025-03-31,P0006,Strawberry,49.8,Medium
2025-04-01,P0006,Strawberry,56.9,High
2025-04-02,P0006,Strawberry,53.9,High
2025-04-03,P0006,Strawberry,51.3,High
2025-04-04,P0006,Strawberry,51,High
2025-04-05,P0006,Strawberry,55.9,High
2025-04-06,P0006,Strawberry,67.1,High
2025-04-07,P0006,Strawberry,68,High
2025-04-08,P0006,Strawberry,59.7,High
2025-04-09,P0006,Strawberry,60.6,High
2025-04-10,P0006,Strawberry,61.3,High
2025-04-11,P0006,Strawberry,59.8,High
2025-04-12,P0006,Strawberry,63.1,High
2025-04-13,P0006,Strawberry,63.7,High
2025-04-14,P0006,Strawberry,61.7,High
2025-04-15,P0006,Strawberry,65.2,High
2025-04-16,P0006,Strawberry,60.7,High
2025-04-17,P0006,Strawberry,59.1,High
2025-04-18,P0006,Strawberry,52.5,High
2025-04-19,P0006,Strawberry,57.5,High
2025-04-20,P0006,Strawberry,57.1,High
2025-04-21,P0006,Strawberry,52.6,High
2025-04-22,P0006,Strawberry,44.8,Medium
2025-04-23,P0006,Strawberry,46.8,Medium
2025-04-24,P0006,Strawberry,48.3,Medium
2025-04-25,P0006,Strawberry,42.5,Medium
2025-04-26,P0006,Strawberry,48.8,Medium
2025-04-27,P0006,Strawberry,47.5,Medium
2025-04-28,P0006,Strawberry,47.7,Medium
2025-04-29,P0006,Strawberry,49.8,Medium
2025-04-30,P0006,Strawberry,54.7,High
2025-05-01,P0006,Strawberry,51.5,High
2025-05-02,P0006,Strawberry,47.1,Medium
2025-05-03,P0006,Strawberry,55.5,High
2025-05-04,P0006,Strawberry,55.1,High
2025-05-05,P0006,Strawberry,57.7,High
2025-05-06,P0006,Strawberry,57.5,High
2025-05-07,P0006,Strawberry,44.6,Medium
2025-05-08,P0006,Strawberry,45.3,Medium
2025-05-09,P0006,Strawberry,47,Medium
2025-05-10,P0006,Strawberry,49.4,Medium
2025-05-11,P0006,Strawberry,49.5,Medium
2025-05-12,P0006,Strawberry,38.8,Medium
2025-05-13,P0006,Strawberry,37.6,Medium
2025-05-14,P0006,Strawberry,43.8,Medium
2025-05-15,P0006,Strawberry,46,Medium
2025-05-16,P0006,Strawberry,46.5,Medium
2025-05-17,P0006,Strawberry,38,Medium
2025-05-18,P0006,Strawberry,39.7,Medium
2025-05-19,P0006,Strawberry,38.4,Medium
2025-05-20,P0006,Strawberry,39.9,Medium
2025-05-21,P0006,Strawberry,38.9,Medium
2025-05-22,P0006,Strawberry,51.6,High
2025-05-23,P0006,Strawberry,49.3,Medium
2025-05-24,P0006,Strawberry,57.6,High
2025-05-25,P0006,Strawberry,62.3,High
2025-05-26,P0006,Strawberry,59.6,High
2025-05-27,P0006,Strawberry,65.3,High
2025-05-28,P0006,Strawberry,63.1,High
2025-05-29,P0006,Strawberry,50.9,High
2025-05-30,P0006,Strawberry,50.5,High
2025-05-31,P0006,Strawberry,40.6,Medium
2025-06-01,P0006,Strawberry,23.7,Low
2025-06-02,P0006,Strawberry,27.8,Medium
2025-06-03,P0006,Strawberry,27.6,Medium
2025-06-04,P0006,Strawberry,22,Low
2025-06-05,P0006,Strawberry,13.2,Low
2025-06-06,P0006,Strawberry,12.7,Low
2025-06-07,P0006,Strawberry,13.1,Low
2025-06-08,P0006,Strawberry,23.4,Low
2025-06-09,P0006,Strawberry,34.5,Medium
2025-06-10,P0006,Strawberry,34.9,Medium
2025-06-11,P0006,Strawberry,35.3,Medium
2025-06-12,P0006,Strawberry,33.8,Medium
2025-06-13,P0006,Strawberry,33,Medium
2025-06-14,P0006,Strawberry,36.3,Medium
2025-06-15,P0006,Strawberry,42.8,Medium
2025-06-16,P0006,Strawberry,34.9,Medium
2025-06-17,P0006,Strawberry,44.3,Medium
2025-06-18,P0006,Strawberry,45.6,Medium
2025-06-19,P0006,Strawberry,48.5,Medium
2025-06-20,P0006,Strawberry,46.2,Medium
2025-06-21,P0006,Strawberry,41.2,Medium
2025-06-22,P0006,Strawberry,37.1,Medium
2025-06-23,P0006,Strawberry,38,Medium
2025-06-24,P0006,Strawberry,36.1,Medium
2025-06-25,P0006,Strawberry,33,Medium
2025-06-26,P0006,Strawberry,28.1,Medium
2025-06-27,P0006,Strawberry,36.3,Medium
2025-06-28,P0006,Strawberry,33.8,Medium
2025-06-29,P0006,Strawberry,26.8,Medium
2025-06-30,P0006,Strawberry,35.2,Medium
2025-07-01,P0006,Strawberry,30.5,Medium
2025-07-02,P0006,Strawberry,32.7,Medium
2025-07-03,P0006,Strawberry,31.1,Medium
2025-07-04,P0006,Strawberry,28.6,Medium
2025-07-05,P0006,Strawberry,46.3,Medium
2025-07-06,P0006,Strawberry,41.6,Medium
2025-07-07,P0006,Strawberry,34.1,Medium
2025-07-08,P0006,Strawberry,32.7,Medium
2025-07-09,P0006,Strawberry,35.1,Medium
2025-07-10,P0006,Strawberry,32.8,Medium
2025-07-11,P0006,Strawberry,27.2,Medium
2025-07-12,P0006,Strawberry,31.9,Medium
2025-07-13,P0006,Strawberry,27.9,Medium
2025-07-14,P0006,Strawberry,23.6,Low
2025-07-15,P0006,Strawberry,25.7,Medium
2025-07-16,P0006,Strawberry,28.9,Medium
2025-07-17,P0006,Strawberry,34.9,Medium
2025-07-18,P0006,Strawberry,40.1,Medium
2025-07-19,P0006,Strawberry,42.3,Medium
2025-07-20,P0006,Strawberry,38.3,Medium
2025-07-21,P0006,Strawberry,36.3,Medium
2025-07-22,P0006,Strawberry,46.2,Medium
2025-07-23,P0006,Strawberry,54.8,High
2025-07-24,P0006,Strawberry,56.7,High
2025-07-25,P0006,Strawberry,51.2,High
2025-07-26,P0006,Strawberry,51.8,High
2025-07-27,P0006,Strawberry,50.2,High
2025-07-28,P0006,Strawberry,59.4,High
2025-07-29,P0006,Strawberry,56.9,High
2025-07-30,P0006,Strawberry,45,Medium
2025-07-31,P0006,Strawberry,40.7,Medium
2025-08-01,P0006,Strawberry,39.3,Medium
2025-08-02,P0006,Strawberry,34.6,Medium
2025-08-03,P0006,Strawberry,34.1,Medium
2025-08-04,P0006,Strawberry,47.9,Medium
2025-08-05,P0006,Strawberry,43.5,Medium
2025-08-06,P0006,Strawberry,35.1,Medium
2025-08-07,P0006,Strawberry,35.4,Medium
2025-08-08,P0006,Strawberry,30.2,Medium
2025-08-09,P0006,Strawberry,31.6,Medium
2025-08-10,P0006,Strawberry,39,Medium
2025-08-11,P0006,Strawberry,24.2,Low
2025-08-12,P0006,Strawberry,27.8,Medium
2025-08-13,P0006,Strawberry,28.2,Medium
2025-08-14,P0006,Strawberry,27,Medium
2025-08-15,P0006,Strawberry,35.8,Medium
2025-08-16,P0006,Strawberry,31.3,Medium
2025-08-17,P0006,Strawberry,33.3,Medium
2025-08-18,P0006,Strawberry,25.5,Medium
2025-08-19,P0006,Strawberry,28.4,Medium
2025-08-20,P0006,Strawberry,21.4,Low
2025-08-21,P0006,Strawberry,22.7,Low
2025-08-22,P0006,Strawberry,21,Low
2025-08-23,P0006,Strawberry,18.1,Low
2025-08-24,P0006,Strawberry,15.3,Low
2025-08-25,P0006,Strawberry,14.2,Low
2025-08-26,P0006,Strawberry,17.4,Low
2025-08-27,P0006,Strawberry,20.5,Low
2025-08-28,P0006,Strawberry,29.4,Medium
2025-08-29,P0006,Strawberry,26.1,Medium
2025-08-30,P0006,Strawberry,20.3,Low
2025-08-31,P0006,Strawberry,33,Medium
2025-09-01,P0006,Strawberry,28,Medium
2025-09-02,P0006,Strawberry,32.1,Medium
2025-09-03,P0006,Strawberry,32.5,Medium
2025-09-04,P0006,Strawberry,32,Medium
2025-09-05,P0006,Strawberry,26.9,Medium
2025-09-06,P0006,Strawberry,25.8,Medium
2025-09-07,P0006,Strawberry,26.2,Medium
2025-09-08,P0006,Strawberry,31.5,Medium
2025-09-09,P0006,Strawberry,25.7,Medium
2025-09-10,P0006,Strawberry,25.2,Medium
2025-09-11,P0006,Strawberry,31.3,Medium
2025-09-12,P0006,Strawberry,30.9,Medium
2025-02-21,P0007,Strawberry,33.2,Medium
2025-02-22,P0007,Strawberry,37.5,Medium
2025-02-23,P0007,Strawberry,32,Medium
2025-02-24,P0007,Strawberry,42.9,Medium
2025-02-25,P0007,Strawberry,47.2,Medium
2025-02-26,P0007,Strawberry,53.2,High
2025-02-27,P0007,Strawberry,54.4,High
2025-02-28,P0007,Strawberry,56.5,High
2025-03-01,P0007,Strawberry,51,High
2025-03-02,P0007,Strawberry,62.8,High
2025-03-03,P0007,Strawberry,69.1,High
2025-03-04,P0007,Strawberry,61.2,High
2025-03-05,P0007,Strawberry,51.7,High
2025-03-06,P0007,Strawberry,52.9,High
2025-03-07,P0007,Strawberry,43.1,Medium
2025-03-08,P0007,Strawberry,36.3,Medium
2025-03-09,P0007,Strawberry,34.5,Medium
2025-03-10,P0007,Strawberry,33.5,Medium
2025-03-11,P0007,Strawberry,37,Medium
2025-03-12,P0007,Strawberry,36.5,Medium
2025-03-13,P0007,Strawberry,32.5,Medium
2025-03-14,P0007,Strawberry,36.8,Medium
2025-03-15,P0007,Strawberry,40.2,Medium
2025-03-16,P0007,Strawberry,42.1,Medium
2025-03-17,P0007,Strawberry,47.1,Medium
2025-03-18,P0007,Strawberry,52.7,High
2025-03-19,P0007,Strawberry,55.8,High
2025-03-20,P0007,Strawberry,53.3,High
2025-03-21,P0007,Strawberry,62.1,High
2025-03-22,P0007,Strawberry,61.4,High
2025-03-23,P0007,Strawberry,52.4,High
2025-03-24,P0007,Strawberry,55.3,High
2025-03-25,P0007,Strawberry,58.3,High
2025-03-26,P0007,Strawberry,53.9,High
2025-03-27,P0007,Strawberry,56.6,High
2025-03-28,P0007,Strawberry,57.7,High
2025-03-29,P0007,Strawberry,55.9,High
2025-03-30,P0007,Strawberry,55.3,High
2025-03-31,P0007,Strawberry,53.7,High
2025-04-01,P0007,Strawberry,54,High
2025-04-02,P0007,Strawberry,38.1,Medium
2025-04-03,P0007,Strawberry,47.8,Medium
2025-04-04,P0007,Strawberry,52.9,High
2025-04-05,P0007,Strawberry,64.3,High
2025-04-06,P0007,Strawberry,72.3,High
2025-04-07,P0007,Strawberry,68.5,High
2025-04-08,P0007,Strawberry,68,High
2025-04-09,P0007,Strawberry,68.5,High
2025-04-10,P0007,Strawberry,69.1,High
2025-04-11,P0007,Strawberry,62.2,High
2025-04-12,P0007,Strawberry,63,High
2025-04-13,P0007,Strawberry,61.8,High
2025-04-14,P0007,Strawberry,55.1,High
2025-04-15,P0007,Strawberry,51,High
2025-04-16,P0007,Strawberry,42.3,Medium
2025-04-17,P0007,Strawberry,47.2,Medium
2025-04-18,P0007,Strawberry,51.9,High
2025-04-19,P0007,Strawberry,53.7,High
2025-04-20,P0007,Strawberry,50.8,High
2025-04-21,P0007,Strawberry,57,High
2025-04-22,P0007,Strawberry,53.3,High
2025-04-23,P0007,Strawberry,59.8,High
2025-04-24,P0007,Strawberry,57,High
2025-04-25,P0007,Strawberry,54.1,High
2025-04-26,P0007,Strawberry,50.3,High
2025-04-27,P0007,Strawberry,49.1,Medium
2025-04-28,P0007,Strawberry,45.1,Medium
2025-04-29,P0007,Strawberry,52.5,High
2025-04-30,P0007,Strawberry,48.2,Medium
2025-05-01,P0007,Strawberry,47.7,Medium
2025-05-02,P0007,Strawberry,44.1,Medium
2025-05-03,P0007,Strawberry,49.2,Medium
2025-05-04,P0007,Strawberry,53.4,High
2025-05-05,P0007,Strawberry,52.3,High
2025-05-06,P0007,Strawberry,50.1,High
2025-05-07,P0007,Strawberry,49.4,Medium
2025-05-08,P0007,Strawberry,43.7,Medium
2025-05-09,P0007,Strawberry,56.8,High
2025-05-10,P0007,Strawberry,60.8,High
2025-05-11,P0007,Strawberry,58,High
2025-05-12,P0007,Strawberry,67.4,High
2025-05-13,P0007,Strawberry,53.9,High
2025-05-14,P0007,Strawberry,59.5,High
2025-05-15,P0007,Strawberry,53.5,High
2025-05-16,P0007,Strawberry,55.4,High
2025-05-17,P0007,Strawberry,54.5,High
2025-05-18,P0007,Strawberry,45.9,Medium
2025-05-19,P0007,Strawberry,45.9,Medium
2025-05-20,P0007,Strawberry,41.1,Medium
2025-05-21,P0007,Strawberry,37.9,Medium
2025-05-22,P0007,Strawberry,32.8,Medium
2025-05-23,P0007,Strawberry,30.1,Medium
2025-05-24,P0007,Strawberry,24.1,Low
2025-05-25,P0007,Strawberry,30.2,Medium
2025-05-26,P0007,Strawberry,23.2,Low
2025-05-27,P0007,Strawberry,29.6,Medium
2025-05-28,P0007,Strawberry,27.9,Medium
2025-05-29,P0007,Strawberry,23.5,Low
2025-05-30,P0007,Strawberry,26.8,Medium
2025-05-31,P0007,Strawberry,26.2,Medium
2025-06-01,P0007,Strawberry,26.1,Medium
2025-06-02,P0007,Strawberry,22.5,Low
2025-06-03,P0007,Strawberry,23.6,Low
2025-06-04,P0007,Strawberry,32.6,Medium
2025-06-05,P0007,Strawberry,38.8,Medium
2025-06-06,P0007,Strawberry,40.5,Medium
2025-06-07,P0007,Strawberry,38,Medium
2025-06-08,P0007,Strawberry,35.5,Medium
2025-06-09,P0007,Strawberry,38.2,Medium
2025-06-10,P0007,Strawberry,36.9,Medium
2025-06-11,P0007,Strawberry,23.2,Low
2025-06-12,P0007,Strawberry,24.9,Low
2025-06-13,P0007,Strawberry,24.3,Low
2025-06-14,P0007,Strawberry,32.4,Medium
2025-06-15,P0007,Strawberry,37.2,Medium
2025-06-16,P0007,Strawberry,51.1,High
2025-06-17,P0007,Strawberry,61.6,High
2025-06-18,P0007,Strawberry,70.1,High
2025-06-19,P0007,Strawberry,61.3,High
2025-06-20,P0007,Strawberry,59.3,High
2025-06-21,P0007,Strawberry,51.6,High
2025-06-22,P0007,Strawberry,45.9,Medium
2025-06-23,P0007,Strawberry,42.5,Medium
2025-06-24,P0007,Strawberry,30.5,Medium
2025-06-25,P0007,Strawberry,24,Low
2025-06-26,P0007,Strawberry,18.5,Low
2025-06-27,P0007,Strawberry,17.8,Low
2025-06-28,P0007,Strawberry,23.2,Low
2025-06-29,P0007,Strawberry,24.6,Low
2025-06-30,P0007,Strawberry,26.2,Medium
2025-07-01,P0007,Strawberry,34.7,Medium
2025-07-02,P0007,Strawberry,48.9,Medium
2025-07-03,P0007,Strawberry,42.9,Medium
2025-07-04,P0007,Strawberry,42.2,Medium
2025-07-05,P0007,Strawberry,38.8,Medium
2025-07-06,P0007,Strawberry,50.9,High
2025-07-07,P0007,Strawberry,38.8,Medium
2025-07-08,P0007,Strawberry,44.6,Medium
2025-07-09,P0007,Strawberry,36.3,Medium
2025-07-10,P0007,Strawberry,33.6,Medium
2025-07-11,P0007,Strawberry,32,Medium
2025-07-12,P0007,Strawberry,31.4,Medium
2025-07-13,P0007,Strawberry,21.5,Low
2025-07-14,P0007,Strawberry,24.2,Low
2025-07-15,P0007,Strawberry,24.1,Low
2025-07-16,P0007,Strawberry,16.9,Low
2025-07-17,P0007,Strawberry,16.1,Low
2025-07-18,P0007,Strawberry,15.6,Low
2025-07-19,P0007,Strawberry,31.4,Medium
2025-07-20,P0007,Strawberry,33.1,Medium
2025-07-21,P0007,Strawberry,38.2,Medium
2025-07-22,P0007,Strawberry,38.1,Medium
2025-07-23,P0007,Strawberry,46.3,Medium
2025-07-24,P0007,Strawberry,31.5,Medium
2025-07-25,P0007,Strawberry,38.5,Medium
2025-07-26,P0007,Strawberry,31.2,Medium
2025-07-27,P0007,Strawberry,31.3,Medium
2025-07-28,P0007,Strawberry,38.1,Medium
2025-07-29,P0007,Strawberry,40,Medium
2025-07-30,P0007,Strawberry,35.9,Medium
2025-07-31,P0007,Strawberry,34.1,Medium
2025-08-01,P0007,Strawberry,33.7,Medium
2025-08-02,P0007,Strawberry,30.3,Medium
2025-08-03,P0007,Strawberry,28.3,Medium
2025-08-04,P0007,Strawberry,16.2,Low
2025-08-05,P0007,Strawberry,25.8,Medium
2025-08-06,P0007,Strawberry,29.8,Medium
2025-08-07,P0007,Strawberry,30.9,Medium
2025-08-08,P0007,Strawberry,37.6,Medium
2025-08-09,P0007,Strawberry,42.4,Medium
2025-08-10,P0007,Strawberry,46.1,Medium
2025-08-11,P0007,Strawberry,42.8,Medium
2025-08-12,P0007,Strawberry,50.7,High
2025-08-13,P0007,Strawberry,52.4,High
2025-08-14,P0007,Strawberry,38.5,Medium
2025-08-15,P0007,Strawberry,50.3,High
2025-08-16,P0007,Strawberry,50.9,High
2025-08-17,P0007,Strawberry,46.6,Medium
2025-08-18,P0007,Strawberry,35.7,Medium
2025-08-19,P0007,Strawberry,43.6,Medium
2025-08-20,P0007,Strawberry,41.8,Medium
2025-08-21,P0007,Strawberry,31.1,Medium
2025-08-22,P0007,Strawberry,32.4,Medium
2025-08-23,P0007,Strawberry,26.8,Medium
2025-08-24,P0007,Strawberry,31.3,Medium
2025-08-25,P0007,Strawberry,31.7,Medium
2025-08-26,P0007,Strawberry,43.7,Medium
2025-08-27,P0007,Strawberry,48.1,Medium
2025-08-28,P0007,Strawberry,46.2,Medium
2025-08-29,P0007,Strawberry,53.3,High
2025-08-30,P0007,Strawberry,49.3,Medium
2025-08-31,P0007,Strawberry,48.1,Medium
2025-09-01,P0007,Strawberry,42.6,Medium
2025-09-02,P0007,Strawberry,49.7,Medium
2025-09-03,P0007,Strawberry,33.8,Medium
2025-09-04,P0007,Strawberry,42.2,Medium
2025-09-05,P0007,Strawberry,33.5,Medium
2025-09-06,P0007,Strawberry,34.3,Medium
2025-09-07,P0007,Strawberry,31.1,Medium
2025-09-08,P0007,Strawberry,36,Medium
2025-09-09,P0007,Strawberry,43.5,Medium
2025-09-10,P0007,Strawberry,40.1,Medium
2025-09-11,P0007,Strawberry,36.6,Medium
2025-09-12,P0007,Strawberry,40.1,Medium
2025-02-21,P0008,Strawberry,30.1,Medium
2025-02-22,P0008,Strawberry,40.5,Medium
2025-02-23,P0008,Strawberry,34.2,Medium
2025-02-24,P0008,Strawberry,48.4,Medium
2025-02-25,P0008,Strawberry,54.2,High
2025-02-26,P0008,Strawberry,56,High
2025-02-27,P0008,Strawberry,53.5,High
2025-02-28,P0008,Strawberry,48.4,Medium
2025-03-01,P0008,Strawberry,49.8,Medium
2025-03-02,P0008,Strawberry,62.1,High
2025-03-03,P0008,Strawberry,62.6,High
2025-03-04,P0008,Strawberry,60.4,High
2025-03-05,P0008,Strawberry,54.8,High
2025-03-06,P0008,Strawberry,45,Medium
2025-03-07,P0008,Strawberry,46.3,Medium
2025-03-08,P0008,Strawberry,54.3,High
2025-03-09,P0008,Strawberry,44.1,Medium
2025-03-10,P0008,Strawberry,45.7,Medium
2025-03-11,P0008,Strawberry,38.6,Medium
2025-03-12,P0008,Strawberry,43,Medium
2025-03-13,P0008,Strawberry,40.8,Medium
2025-03-14,P0008,Strawberry,45.1,Medium
2025-03-15,P0008,Strawberry,50.2,High
2025-03-16,P0008,Strawberry,51.3,High
2025-03-17,P0008,Strawberry,48.2,Medium
2025-03-18,P0008,Strawberry,42.3,Medium
2025-03-19,P0008,Strawberry,38.9,Medium
2025-03-20,P0008,Strawberry,39.3,Medium
2025-03-21,P0008,Strawberry,36.4,Medium
2025-03-22,P0008,Strawberry,49.1,Medium
2025-03-23,P0008,Strawberry,54.3,High
2025-03-24,P0008,Strawberry,52.2,High
2025-03-25,P0008,Strawberry,59.1,High
2025-03-26,P0008,Strawberry,61,High
2025-03-27,P0008,Strawberry,58.4,High
2025-03-28,P0008,Strawberry,59.4,High
2025-03-29,P0008,Strawberry,51.2,High
2025-03-30,P0008,Strawberry,55.8,High
2025-03-31,P0008,Strawberry,57.3,High
2025-04-01,P0008,Strawberry,52.5,High
2025-04-02,P0008,Strawberry,56.7,High
2025-04-03,P0008,Strawberry,60.6,High
2025-04-04,P0008,Strawberry,68.3,High
2025-04-05,P0008,Strawberry,73.7,High
2025-04-06,P0008,Strawberry,82.6,Critical
2025-04-07,P0008,Strawberry,77.7,Critical
2025-04-08,P0008,Strawberry,63.1,High
2025-04-09,P0008,Strawberry,63.6,High
2025-04-10,P0008,Strawberry,64.7,High
2025-04-11,P0008,Strawberry,59,High
2025-04-12,P0008,Strawberry,58.3,High
2025-04-13,P0008,Strawberry,56.9,High
2025-04-14,P0008,Strawberry,50.3,High
2025-04-15,P0008,Strawberry,47.9,Medium
2025-04-16,P0008,Strawberry,40.9,Medium
2025-04-17,P0008,Strawberry,37.9,Medium
2025-04-18,P0008,Strawberry,36.8,Medium
2025-04-19,P0008,Strawberry,34.5,Medium
2025-04-20,P0008,Strawberry,42.2,Medium
2025-04-21,P0008,Strawberry,51.2,High
2025-04-22,P0008,Strawberry,52.2,High
2025-04-23,P0008,Strawberry,47.1,Medium
2025-04-24,P0008,Strawberry,51.3,High
2025-04-25,P0008,Strawberry,44.1,Medium
2025-04-26,P0008,Strawberry,41.8,Medium
2025-04-27,P0008,Strawberry,47.6,Medium
2025-04-28,P0008,Strawberry,44.2,Medium
2025-04-29,P0008,Strawberry,45.3,Medium
2025-04-30,P0008,Strawberry,47.6,Medium
2025-05-01,P0008,Strawberry,46.2,Medium
2025-05-02,P0008,Strawberry,44.6,Medium
2025-05-03,P0008,Strawberry,40.1,Medium
2025-05-04,P0008,Strawberry,40.4,Medium
2025-05-05,P0008,Strawberry,37.5,Medium
2025-05-06,P0008,Strawberry,35.5,Medium
2025-05-07,P0008,Strawberry,33.3,Medium
2025-05-08,P0008,Strawberry,39.2,Medium
2025-05-09,P0008,Strawberry,40.8,Medium
2025-05-10,P0008,Strawberry,37.9,Medium
2025-05-11,P0008,Strawberry,47.6,Medium
2025-05-12,P0008,Strawberry,50.7,High
2025-05-13,P0008,Strawberry,50,High
2025-05-14,P0008,Strawberry,40.4,Medium
2025-05-15,P0008,Strawberry,30.3,Medium
2025-05-16,P0008,Strawberry,31.7,Medium
2025-05-17,P0008,Strawberry,30.2,Medium
2025-05-18,P0008,Strawberry,34.3,Medium
2025-05-19,P0008,Strawberry,28.6,Medium
2025-05-20,P0008,Strawberry,20.6,Low
2025-05-21,P0008,Strawberry,21.8,Low
2025-05-22,P0008,Strawberry,19.7,Low
2025-05-23,P0008,Strawberry,25.8,Medium
2025-05-24,P0008,Strawberry,16.4,Low
2025-05-25,P0008,Strawberry,26.1,Medium
2025-05-26,P0008,Strawberry,13.4,Low
2025-05-27,P0008,Strawberry,19.6,Low
2025-05-28,P0008,Strawberry,15.2,Low
2025-05-29,P0008,Strawberry,21.3,Low
2025-05-30,P0008,Strawberry,20.9,Low
2025-05-31,P0008,Strawberry,22.9,Low
2025-06-01,P0008,Strawberry,25.8,Medium
2025-06-02,P0008,Strawberry,22.9,Low
2025-06-03,P0008,Strawberry,17.6,Low
2025-06-04,P0008,Strawberry,11.9,Low
2025-06-05,P0008,Strawberry,28.2,Medium
2025-06-06,P0008,Strawberry,21.6,Low
2025-06-07,P0008,Strawberry,23.8,Low
2025-06-08,P0008,Strawberry,23.6,Low
2025-06-09,P0008,Strawberry,27.3,Medium
2025-06-10,P0008,Strawberry,24.8,Low
2025-06-11,P0008,Strawberry,24,Low
2025-06-12,P0008,Strawberry,22.6,Low
2025-06-13,P0008,Strawberry,20.3,Low
2025-06-14,P0008,Strawberry,20.3,Low
2025-06-15,P0008,Strawberry,22.3,Low
2025-06-16,P0008,Strawberry,28.4,Medium
2025-06-17,P0008,Strawberry,36,Medium
2025-06-18,P0008,Strawberry,35,Medium
2025-06-19,P0008,Strawberry,24.7,Low
2025-06-20,P0008,Strawberry,23.1,Low
2025-06-21,P0008,Strawberry,21,Low
2025-06-22,P0008,Strawberry,29.1,Medium
2025-06-23,P0008,Strawberry,30.9,Medium
2025-06-24,P0008,Strawberry,27.2,Medium
2025-06-25,P0008,Strawberry,20,Low
2025-06-26,P0008,Strawberry,23,Low
2025-06-27,P0008,Strawberry,21.6,Low
2025-06-28,P0008,Strawberry,29,Medium
2025-06-29,P0008,Strawberry,38.6,Medium
2025-06-30,P0008,Strawberry,35.3,Medium
2025-07-01,P0008,Strawberry,35.2,Medium
2025-07-02,P0008,Strawberry,40.7,Medium
2025-07-03,P0008,Strawberry,41.7,Medium
2025-07-04,P0008,Strawberry,40.1,Medium
2025-07-05,P0008,Strawberry,39.1,Medium
2025-07-06,P0008,Strawberry,41.6,Medium
2025-07-07,P0008,Strawberry,24.4,Low
2025-07-08,P0008,Strawberry,22.4,Low
2025-07-09,P0008,Strawberry,21.4,Low
2025-07-10,P0008,Strawberry,18.5,Low
2025-07-11,P0008,Strawberry,17.1,Low
2025-07-12,P0008,Strawberry,13.7,Low
2025-07-13,P0008,Strawberry,16,Low
2025-07-14,P0008,Strawberry,27.3,Medium
2025-07-15,P0008,Strawberry,15.7,Low
2025-07-16,P0008,Strawberry,22.5,Low
2025-07-17,P0008,Strawberry,25.1,Medium
2025-07-18,P0008,Strawberry,23.1,Low
2025-07-19,P0008,Strawberry,30.9,Medium
2025-07-20,P0008,Strawberry,36.1,Medium
2025-07-21,P0008,Strawberry,47.2,Medium
2025-07-22,P0008,Strawberry,37,Medium
2025-07-23,P0008,Strawberry,51.1,High
2025-07-24,P0008,Strawberry,49.1,Medium
2025-07-25,P0008,Strawberry,48.2,Medium
2025-07-26,P0008,Strawberry,47.9,Medium
2025-07-27,P0008,Strawberry,45.9,Medium
2025-07-28,P0008,Strawberry,38.5,Medium
2025-07-29,P0008,Strawberry,37.1,Medium
2025-07-30,P0008,Strawberry,28.3,Medium
2025-07-31,P0008,Strawberry,14.3,Low
2025-08-01,P0008,Strawberry,27,Medium
2025-08-02,P0008,Strawberry,22.5,Low
2025-08-03,P0008,Strawberry,23.8,Low
2025-08-04,P0008,Strawberry,35.4,Medium
2025-08-05,P0008,Strawberry,31.4,Medium
2025-08-06,P0008,Strawberry,34.2,Medium
2025-08-07,P0008,Strawberry,32.9,Medium
2025-08-08,P0008,Strawberry,34.6,Medium
2025-08-09,P0008,Strawberry,37.4,Medium
2025-08-10,P0008,Strawberry,36.4,Medium
2025-08-11,P0008,Strawberry,30.2,Medium
2025-08-12,P0008,Strawberry,27.9,Medium
2025-08-13,P0008,Strawberry,21.2,Low
2025-08-14,P0008,Strawberry,25.2,Medium
2025-08-15,P0008,Strawberry,24.8,Low
2025-08-16,P0008,Strawberry,21.9,Low
2025-08-17,P0008,Strawberry,19.8,Low
2025-08-18,P0008,Strawberry,22.9,Low
2025-08-19,P0008,Strawberry,21.4,Low
2025-08-20,P0008,Strawberry,11.5,Low
2025-08-21,P0008,Strawberry,13.2,Low
2025-08-22,P0008,Strawberry,11.1,Low
2025-08-23,P0008,Strawberry,22.7,Low
2025-08-24,P0008,Strawberry,21.9,Low
2025-08-25,P0008,Strawberry,35.5,Medium
2025-08-26,P0008,Strawberry,35,Medium
2025-08-27,P0008,Strawberry,38.8,Medium
2025-08-28,P0008,Strawberry,46.3,Medium
2025-08-29,P0008,Strawberry,40.3,Medium
2025-08-30,P0008,Strawberry,46.4,Medium
2025-08-31,P0008,Strawberry,40.7,Medium
2025-09-01,P0008,Strawberry,35.6,Medium
2025-09-02,P0008,Strawberry,27.6,Medium
2025-09-03,P0008,Strawberry,35.9,Medium
2025-09-04,P0008,Strawberry,29.7,Medium
2025-09-05,P0008,Strawberry,34.7,Medium
2025-09-06,P0008,Strawberry,32.7,Medium
2025-09-07,P0008,Strawberry,37.8,Medium
2025-09-08,P0008,Strawberry,21.8,Low
2025-09-09,P0008,Strawberry,20,Low
2025-09-10,P0008,Strawberry,19.8,Low
2025-09-11,P0008,Strawberry,13.4,Low
2025-09-12,P0008,Strawberry,20.1,Low
2025-02-21,P0009,Strawberry,35.1,Medium
2025-02-22,P0009,Strawberry,36.3,Medium
2025-02-23,P0009,Strawberry,43.3,Medium
2025-02-24,P0009,Strawberry,36,Medium
2025-02-25,P0009,Strawberry,42.5,Medium
2025-02-26,P0009,Strawberry,41.5,Medium
2025-02-27,P0009,Strawberry,46.2,Medium
2025-02-28,P0009,Strawberry,52.3,High
2025-03-01,P0009,Strawberry,61.5,High
2025-03-02,P0009,Strawberry,70.7,High
2025-03-03,P0009,Strawberry,63.8,High
2025-03-04,P0009,Strawberry,71.1,High
2025-03-05,P0009,Strawberry,62.7,High
2025-03-06,P0009,Strawberry,62.2,High
2025-03-07,P0009,Strawberry,65.8,High
2025-03-08,P0009,Strawberry,59.4,High
2025-03-09,P0009,Strawberry,49.8,Medium
2025-03-10,P0009,Strawberry,48.8,Medium
2025-03-11,P0009,Strawberry,49.7,Medium
2025-03-12,P0009,Strawberry,41.5,Medium
2025-03-13,P0009,Strawberry,49.7,Medium
2025-03-14,P0009,Strawberry,56.7,High
2025-03-15,P0009,Strawberry,44.6,Medium
2025-03-16,P0009,Strawberry,47.7,Medium
2025-03-17,P0009,Strawberry,52.8,High
2025-03-18,P0009,Strawberry,56.1,High
2025-03-19,P0009,Strawberry,46,Medium
2025-03-20,P0009,Strawberry,48.1,Medium
2025-03-21,P0009,Strawberry,45.9,Medium
2025-03-22,P0009,Strawberry,44.8,Medium
2025-03-23,P0009,Strawberry,51.9,High
2025-03-24,P0009,Strawberry,50.9,High
2025-03-25,P0009,Strawberry,48.2,Medium
2025-03-26,P0009,Strawberry,46.6,Medium
2025-03-27,P0009,Strawberry,43,Medium
2025-03-28,P0009,Strawberry,37.2,Medium
2025-03-29,P0009,Strawberry,45,Medium
2025-03-30,P0009,Strawberry,43.2,Medium
2025-03-31,P0009,Strawberry,47.1,Medium
2025-04-01,P0009,Strawberry,39.5,Medium
2025-04-02,P0009,Strawberry,41.2,Medium
2025-04-03,P0009,Strawberry,39.9,Medium
2025-04-04,P0009,Strawberry,46.3,Medium
2025-04-05,P0009,Strawberry,55.5,High
2025-04-06,P0009,Strawberry,62.8,High
2025-04-07,P0009,Strawberry,63.2,High
2025-04-08,P0009,Strawberry,61.2,High
2025-04-09,P0009,Strawberry,47.5,Medium
2025-04-10,P0009,Strawberry,52.6,High
2025-04-11,P0009,Strawberry,47.5,Medium
2025-04-12,P0009,Strawberry,44.7,Medium
2025-04-13,P0009,Strawberry,41.3,Medium
2025-04-14,P0009,Strawberry,33.1,Medium
2025-04-15,P0009,Strawberry,38.7,Medium
2025-04-16,P0009,Strawberry,35.9,Medium
2025-04-17,P0009,Strawberry,38.4,Medium
2025-04-18,P0009,Strawberry,44.7,Medium
2025-04-19,P0009,Strawberry,47,Medium
2025-04-20,P0009,Strawberry,56.9,High
2025-04-21,P0009,Strawberry,64.4,High
2025-04-22,P0009,Strawberry,58.4,High
2025-04-23,P0009,Strawberry,51.3,High
2025-04-24,P0009,Strawberry,46.1,Medium
2025-04-25,P0009,Strawberry,58.2,High
2025-04-26,P0009,Strawberry,49.2,Medium
2025-04-27,P0009,Strawberry,37.8,Medium
2025-04-28,P0009,Strawberry,38.9,Medium
2025-04-29,P0009,Strawberry,46.2,Medium
2025-04-30,P0009,Strawberry,38.1,Medium
2025-05-01,P0009,Strawberry,38.4,Medium
2025-05-02,P0009,Strawberry,44.2,Medium
2025-05-03,P0009,Strawberry,36.4,Medium
2025-05-04,P0009,Strawberry,49.8,Medium
2025-05-05,P0009,Strawberry,43.3,Medium
2025-05-06,P0009,Strawberry,40.7,Medium
2025-05-07,P0009,Strawberry,47.4,Medium
2025-05-08,P0009,Strawberry,36.6,Medium
2025-05-09,P0009,Strawberry,46.8,Medium
2025-05-10,P0009,Strawberry,49.9,Medium
2025-05-11,P0009,Strawberry,36.3,Medium
2025-05-12,P0009,Strawberry,48.5,Medium
2025-05-13,P0009,Strawberry,49,Medium
2025-05-14,P0009,Strawberry,29,Medium
2025-05-15,P0009,Strawberry,35,Medium
2025-05-16,P0009,Strawberry,28.7,Medium
2025-05-17,P0009,Strawberry,32.4,Medium
2025-05-18,P0009,Strawberry,44.3,Medium
2025-05-19,P0009,Strawberry,42.6,Medium
2025-05-20,P0009,Strawberry,43.7,Medium
2025-05-21,P0009,Strawberry,38.7,Medium
2025-05-22,P0009,Strawberry,33.6,Medium
2025-05-23,P0009,Strawberry,32.1,Medium
2025-05-24,P0009,Strawberry,30.9,Medium
2025-05-25,P0009,Strawberry,21.3,Low
2025-05-26,P0009,Strawberry,44.3,Medium
2025-05-27,P0009,Strawberry,47.6,Medium
2025-05-28,P0009,Strawberry,48.7,Medium
2025-05-29,P0009,Strawberry,44.8,Medium
2025-05-30,P0009,Strawberry,38.5,Medium
2025-05-31,P0009,Strawberry,35.9,Medium
2025-06-01,P0009,Strawberry,38,Medium
2025-06-02,P0009,Strawberry,43,Medium
2025-06-03,P0009,Strawberry,28.5,Medium
2025-06-04,P0009,Strawberry,27.4,Medium
2025-06-05,P0009,Strawberry,25.7,Medium
2025-06-06,P0009,Strawberry,19,Low
2025-06-07,P0009,Strawberry,19.4,Low
2025-06-08,P0009,Strawberry,22.5,Low
2025-06-09,P0009,Strawberry,17.2,Low
2025-06-10,P0009,Strawberry,15.6,Low
2025-06-11,P0009,Strawberry,12.2,Low
2025-06-12,P0009,Strawberry,12.9,Low
2025-06-13,P0009,Strawberry,16.9,Low
2025-06-14,P0009,Strawberry,23.2,Low
2025-06-15,P0009,Strawberry,28.6,Medium
2025-06-16,P0009,Strawberry,33.4,Medium
2025-06-17,P0009,Strawberry,44.9,Medium
2025-06-18,P0009,Strawberry,46.2,Medium
2025-06-19,P0009,Strawberry,41.9,Medium
2025-06-20,P0009,Strawberry,36.8,Medium
2025-06-21,P0009,Strawberry,40.8,Medium
2025-06-22,P0009,Strawberry,42.7,Medium
2025-06-23,P0009,Strawberry,37.5,Medium
2025-06-24,P0009,Strawberry,37.6,Medium
2025-06-25,P0009,Strawberry,27,Medium
2025-06-26,P0009,Strawberry,27.3,Medium
2025-06-27,P0009,Strawberry,33.7,Medium
2025-06-28,P0009,Strawberry,20.4,Low
2025-06-29,P0009,Strawberry,29,Medium
2025-06-30,P0009,Strawberry,28.8,Medium
2025-07-01,P0009,Strawberry,23.6,Low
2025-07-02,P0009,Strawberry,33.5,Medium
2025-07-03,P0009,Strawberry,25.2,Medium
2025-07-04,P0009,Strawberry,35.4,Medium
2025-07-05,P0009,Strawberry,40.3,Medium
2025-07-06,P0009,Strawberry,24.2,Low
2025-07-07,P0009,Strawberry,23.4,Low
2025-07-08,P0009,Strawberry,28.9,Medium
2025-07-09,P0009,Strawberry,28.2,Medium
2025-07-10,P0009,Strawberry,34.4,Medium
2025-07-11,P0009,Strawberry,28.3,Medium
2025-07-12,P0009,Strawberry,22.5,Low
2025-07-13,P0009,Strawberry,22.2,Low
2025-07-14,P0009,Strawberry,21,Low
2025-07-15,P0009,Strawberry,22.1,Low
2025-07-16,P0009,Strawberry,17.3,Low
2025-07-17,P0009,Strawberry,13.3,Low
2025-07-18,P0009,Strawberry,20.4,Low
2025-07-19,P0009,Strawberry,26.3,Medium
2025-07-20,P0009,Strawberry,23.6,Low
2025-07-21,P0009,Strawberry,30.1,Medium
2025-07-22,P0009,Strawberry,39.9,Medium
2025-07-23,P0009,Strawberry,33,Medium
2025-07-24,P0009,Strawberry,41,Medium
2025-07-25,P0009,Strawberry,34.3,Medium
2025-07-26,P0009,Strawberry,28.6,Medium
2025-07-27,P0009,Strawberry,26.6,Medium
2025-07-28,P0009,Strawberry,28.6,Medium
2025-07-29,P0009,Strawberry,39.3,Medium
2025-07-30,P0009,Strawberry,31.4,Medium
2025-07-31,P0009,Strawberry,27.9,Medium
2025-08-01,P0009,Strawberry,20.5,Low
2025-08-02,P0009,Strawberry,24.6,Low
2025-08-03,P0009,Strawberry,22.4,Low
2025-08-04,P0009,Strawberry,28.3,Medium
2025-08-05,P0009,Strawberry,14.5,Low
2025-08-06,P0009,Strawberry,23.4,Low
2025-08-07,P0009,Strawberry,37.7,Medium
2025-08-08,P0009,Strawberry,51.8,High
2025-08-09,P0009,Strawberry,42.2,Medium
2025-08-10,P0009,Strawberry,47.7,Medium
2025-08-11,P0009,Strawberry,42.6,Medium
2025-08-12,P0009,Strawberry,47.4,Medium
2025-08-13,P0009,Strawberry,45,Medium
2025-08-14,P0009,Strawberry,40.7,Medium
2025-08-15,P0009,Strawberry,22.8,Low
2025-08-16,P0009,Strawberry,21.1,Low
2025-08-17,P0009,Strawberry,25.5,Medium
2025-08-18,P0009,Strawberry,18.7,Low
2025-08-19,P0009,Strawberry,22,Low
2025-08-20,P0009,Strawberry,13.4,Low
2025-08-21,P0009,Strawberry,13.8,Low
2025-08-22,P0009,Strawberry,17.7,Low
2025-08-23,P0009,Strawberry,17.4,Low
2025-08-24,P0009,Strawberry,40.3,Medium
2025-08-25,P0009,Strawberry,33.5,Medium
2025-08-26,P0009,Strawberry,43,Medium
2025-08-27,P0009,Strawberry,49.7,Medium
2025-08-28,P0009,Strawberry,65.5,High
2025-08-29,P0009,Strawberry,58.9,High
2025-08-30,P0009,Strawberry,61,High
2025-08-31,P0009,Strawberry,39.1,Medium
2025-09-01,P0009,Strawberry,39,Medium
2025-09-02,P0009,Strawberry,38.5,Medium
2025-09-03,P0009,Strawberry,41.5,Medium
2025-09-04,P0009,Strawberry,41.7,Medium
2025-09-05,P0009,Strawberry,42.6,Medium
2025-09-06,P0009,Strawberry,36.9,Medium
2025-09-07,P0009,Strawberry,40.4,Medium
2025-09-08,P0009,Strawberry,42.6,Medium
2025-09-09,P0009,Strawberry,41.5,Medium
2025-09-10,P0009,Strawberry,43.7,Medium
2025-09-11,P0009,Strawberry,20.1,Low
2025-09-12,P0009,Strawberry,24,Low
2025-02-21,P0010,Strawberry,26.6,Medium
2025-02-22,P0010,Strawberry,24.8,Low
2025-02-23,P0010,Strawberry,24,Low
2025-02-24,P0010,Strawberry,26.2,Medium
2025-02-25,P0010,Strawberry,30.6,Medium
2025-02-26,P0010,Strawberry,30,Medium
2025-02-27,P0010,Strawberry,33.5,Medium
2025-02-28,P0010,Strawberry,35.6,Medium
2025-03-01,P0010,Strawberry,34.4,Medium
2025-03-02,P0010,Strawberry,43,Medium
2025-03-03,P0010,Strawberry,38.8,Medium
2025-03-04,P0010,Strawberry,47.7,Medium
2025-03-05,P0010,Strawberry,51.8,High
2025-03-06,P0010,Strawberry,49.6,Medium
2025-03-07,P0010,Strawberry,55.9,High
2025-03-08,P0010,Strawberry,51.9,High
2025-03-09,P0010,Strawberry,46.6,Medium
2025-03-10,P0010,Strawberry,42.5,Medium
2025-03-11,P0010,Strawberry,49.8,Medium
2025-03-12,P0010,Strawberry,48.9,Medium
2025-03-13,P0010,Strawberry,50.1,High
2025-03-14,P0010,Strawberry,46.4,Medium
2025-03-15,P0010,Strawberry,64.9,High
2025-03-16,P0010,Strawberry,72.3,High
2025-03-17,P0010,Strawberry,72.7,High
2025-03-18,P0010,Strawberry,62,High
2025-03-19,P0010,Strawberry,65.7,High
2025-03-20,P0010,Strawberry,64.6,High
2025-03-21,P0010,Strawberry,68.3,High
2025-03-22,P0010,Strawberry,55.9,High
2025-03-23,P0010,Strawberry,47.5,Medium
2025-03-24,P0010,Strawberry,43.2,Medium
2025-03-25,P0010,Strawberry,44.4,Medium
2025-03-26,P0010,Strawberry,44.7,Medium
2025-03-27,P0010,Strawberry,46.1,Medium
2025-03-28,P0010,Strawberry,41.8,Medium
2025-03-29,P0010,Strawberry,41.1,Medium
2025-03-30,P0010,Strawberry,47.4,Medium
2025-03-31,P0010,Strawberry,55.5,High
2025-04-01,P0010,Strawberry,51.1,High
2025-04-02,P0010,Strawberry,53.5,High
2025-04-03,P0010,Strawberry,58.3,High
2025-04-04,P0010,Strawberry,61.2,High
2025-04-05,P0010,Strawberry,69.1,High
2025-04-06,P0010,Strawberry,68.4,High
2025-04-07,P0010,Strawberry,62.1,High
2025-04-08,P0010,Strawberry,58.5,High
2025-04-09,P0010,Strawberry,50.6,High
2025-04-10,P0010,Strawberry,52,High
2025-04-11,P0010,Strawberry,46.6,Medium
2025-04-12,P0010,Strawberry,45,Medium
2025-04-13,P0010,Strawberry,56.6,High
2025-04-14,P0010,Strawberry,48.3,Medium
2025-04-15,P0010,Strawberry,42.4,Medium
2025-04-16,P0010,Strawberry,40.3,Medium
2025-04-17,P0010,Strawberry,43.8,Medium
2025-04-18,P0010,Strawberry,40.4,Medium
2025-04-19,P0010,Strawberry,50.3,High
2025-04-20,P0010,Strawberry,51.3,High
2025-04-21,P0010,Strawberry,49.6,Medium
2025-04-22,P0010,Strawberry,53.8,High
2025-04-23,P0010,Strawberry,53.6,High
2025-04-24,P0010,Strawberry,56.3,High
2025-04-25,P0010,Strawberry,54.4,High
2025-04-26,P0010,Strawberry,55,High
2025-04-27,P0010,Strawberry,50.3,High
2025-04-28,P0010,Strawberry,47,Medium
2025-04-29,P0010,Strawberry,63.3,High
2025-04-30,P0010,Strawberry,62.9,High
2025-05-01,P0010,Strawberry,56.4,High
2025-05-02,P0010,Strawberry,53.1,High
2025-05-03,P0010,Strawberry,53.6,High
2025-05-04,P0010,Strawberry,56.7,High
2025-05-05,P0010,Strawberry,62.9,High
2025-05-06,P0010,Strawberry,52,High
2025-05-07,P0010,Strawberry,58.5,High
2025-05-08,P0010,Strawberry,50.7,High
2025-05-09,P0010,Strawberry,52.2,High
2025-05-10,P0010,Strawberry,63,High
2025-05-11,P0010,Strawberry,67,High
2025-05-12,P0010,Strawberry,67.4,High
2025-05-13,P0010,Strawberry,65.4,High
2025-05-14,P0010,Strawberry,62.2,High
2025-05-15,P0010,Strawberry,59.5,High
2025-05-16,P0010,Strawberry,53.8,High
2025-05-17,P0010,Strawberry,54.7,High
2025-05-18,P0010,Strawberry,44.5,Medium
2025-05-19,P0010,Strawberry,43,Medium
2025-05-20,P0010,Strawberry,49,Medium
2025-05-21,P0010,Strawberry,40.1,Medium
2025-05-22,P0010,Strawberry,32.8,Medium
2025-05-23,P0010,Strawberry,29.6,Medium
2025-05-24,P0010,Strawberry,37.6,Medium
2025-05-25,P0010,Strawberry,27.6,Medium
2025-05-26,P0010,Strawberry,32.3,Medium
2025-05-27,P0010,Strawberry,28,Medium
2025-05-28,P0010,Strawberry,27.1,Medium
2025-05-29,P0010,Strawberry,27.1,Medium
2025-05-30,P0010,Strawberry,19.9,Low
2025-05-31,P0010,Strawberry,30.2,Medium
2025-06-01,P0010,Strawberry,20.6,Low
2025-06-02,P0010,Strawberry,18.7,Low
2025-06-03,P0010,Strawberry,28.5,Medium
2025-06-04,P0010,Strawberry,19.1,Low
2025-06-05,P0010,Strawberry,19.7,Low
2025-06-06,P0010,Strawberry,15.8,Low
2025-06-07,P0010,Strawberry,17.4,Low
2025-06-08,P0010,Strawberry,21.1,Low
2025-06-09,P0010,Strawberry,23.9,Low
2025-06-10,P0010,Strawberry,22.2,Low
2025-06-11,P0010,Strawberry,19.8,Low
2025-06-12,P0010,Strawberry,19.5,Low
2025-06-13,P0010,Strawberry,19.7,Low
2025-06-14,P0010,Strawberry,16.6,Low
2025-06-15,P0010,Strawberry,32.1,Medium
2025-06-16,P0010,Strawberry,36.4,Medium
2025-06-17,P0010,Strawberry,40.4,Medium
2025-06-18,P0010,Strawberry,41.6,Medium
2025-06-19,P0010,Strawberry,34.1,Medium
2025-06-20,P0010,Strawberry,27.3,Medium
2025-06-21,P0010,Strawberry,32.3,Medium
2025-06-22,P0010,Strawberry,28.6,Medium
2025-06-23,P0010,Strawberry,23.6,Low
2025-06-24,P0010,Strawberry,24.3,Low
2025-06-25,P0010,Strawberry,21.7,Low
2025-06-26,P0010,Strawberry,23.7,Low
2025-06-27,P0010,Strawberry,30.1,Medium
2025-06-28,P0010,Strawberry,29.4,Medium
2025-06-29,P0010,Strawberry,27.2,Medium
2025-06-30,P0010,Strawberry,25.9,Medium
2025-07-01,P0010,Strawberry,36.8,Medium
2025-07-02,P0010,Strawberry,42.1,Medium
2025-07-03,P0010,Strawberry,36,Medium
2025-07-04,P0010,Strawberry,36.4,Medium
2025-07-05,P0010,Strawberry,29.8,Medium
2025-07-06,P0010,Strawberry,31.2,Medium
2025-07-07,P0010,Strawberry,23.8,Low
2025-07-08,P0010,Strawberry,31.3,Medium
2025-07-09,P0010,Strawberry,25.3,Medium
2025-07-10,P0010,Strawberry,31.1,Medium
2025-07-11,P0010,Strawberry,34.2,Medium
2025-07-12,P0010,Strawberry,37.3,Medium
2025-07-13,P0010,Strawberry,39.7,Medium
2025-07-14,P0010,Strawberry,39.2,Medium
2025-07-15,P0010,Strawberry,34.6,Medium
2025-07-16,P0010,Strawberry,39,Medium
2025-07-17,P0010,Strawberry,25.6,Medium
2025-07-18,P0010,Strawberry,16.1,Low
2025-07-19,P0010,Strawberry,25.6,Medium
2025-07-20,P0010,Strawberry,34.3,Medium
2025-07-21,P0010,Strawberry,37.9,Medium
2025-07-22,P0010,Strawberry,50.3,High
2025-07-23,P0010,Strawberry,62.9,High
2025-07-24,P0010,Strawberry,61.4,High
2025-07-25,P0010,Strawberry,55,High
2025-07-26,P0010,Strawberry,56.4,High
2025-07-27,P0010,Strawberry,44.1,Medium
2025-07-28,P0010,Strawberry,40.5,Medium
2025-07-29,P0010,Strawberry,44.7,Medium
2025-07-30,P0010,Strawberry,38.1,Medium
2025-07-31,P0010,Strawberry,32.3,Medium
2025-08-01,P0010,Strawberry,27,Medium
2025-08-02,P0010,Strawberry,38.4,Medium
2025-08-03,P0010,Strawberry,34.3,Medium
2025-08-04,P0010,Strawberry,31.5,Medium
2025-08-05,P0010,Strawberry,36.2,Medium
2025-08-06,P0010,Strawberry,26.3,Medium
2025-08-07,P0010,Strawberry,27.5,Medium
2025-08-08,P0010,Strawberry,29.2,Medium
2025-08-09,P0010,Strawberry,21.5,Low
2025-08-10,P0010,Strawberry,36,Medium
2025-08-11,P0010,Strawberry,47.2,Medium
2025-08-12,P0010,Strawberry,38,Medium
2025-08-13,P0010,Strawberry,46.2,Medium
2025-08-14,P0010,Strawberry,37.9,Medium
2025-08-15,P0010,Strawberry,42.4,Medium
2025-08-16,P0010,Strawberry,42,Medium
2025-08-17,P0010,Strawberry,29.3,Medium
2025-08-18,P0010,Strawberry,31.3,Medium
2025-08-19,P0010,Strawberry,33.8,Medium
2025-08-20,P0010,Strawberry,25.7,Medium
2025-08-21,P0010,Strawberry,24.3,Low
2025-08-22,P0010,Strawberry,24.2,Low
2025-08-23,P0010,Strawberry,25.6,Medium
2025-08-24,P0010,Strawberry,19.6,Low
2025-08-25,P0010,Strawberry,11.7,Low
2025-08-26,P0010,Strawberry,21.5,Low
2025-08-27,P0010,Strawberry,31.4,Medium
2025-08-28,P0010,Strawberry,31.9,Medium
2025-08-29,P0010,Strawberry,28.7,Medium
2025-08-30,P0010,Strawberry,19.7,Low
2025-08-31,P0010,Strawberry,14.9,Low
2025-09-01,P0010,Strawberry,29.4,Medium
2025-09-02,P0010,Strawberry,25.5,Medium
2025-09-03,P0010,Strawberry,34.6,Medium
2025-09-04,P0010,Strawberry,29.8,Medium
2025-09-05,P0010,Strawberry,30.7,Medium
2025-09-06,P0010,Strawberry,29.4,Medium
2025-09-07,P0010,Strawberry,27.8,Medium
2025-09-08,P0010,Strawberry,23.8,Low
2025-09-09,P0010,Strawberry,36.7,Medium
2025-09-10,P0010,Strawberry,33.4,Medium
2025-09-11,P0010,Strawberry,31.4,Medium
2025-09-12,P0010,Strawberry,31,Medium
2025-02-21,P0011,Strawberry,40.4,Medium
2025-02-22,P0011,Strawberry,40.9,Medium
2025-02-23,P0011,Strawberry,42.5,Medium
2025-02-24,P0011,Strawberry,49.9,Medium
2025-02-25,P0011,Strawberry,46.2,Medium
2025-02-26,P0011,Strawberry,47.4,Medium
2025-02-27,P0011,Strawberry,50.6,High
2025-02-28,P0011,Strawberry,47.8,Medium
2025-03-01,P0011,Strawberry,66.2,High
2025-03-02,P0011,Strawberry,70.8,High
2025-03-03,P0011,Strawberry,61.8,High
2025-03-04,P0011,Strawberry,61.9,High
2025-03-05,P0011,Strawberry,61.5,High
2025-03-06,P0011,Strawberry,73.4,High
2025-03-07,P0011,Strawberry,65.6,High
2025-03-08,P0011,Strawberry,59.9,High
2025-03-09,P0011,Strawberry,77.8,Critical
2025-03-10,P0011,Strawberry,75.1,Critical
2025-03-11,P0011,Strawberry,66.3,High
2025-03-12,P0011,Strawberry,66.8,High
2025-03-13,P0011,Strawberry,70.3,High
2025-03-14,P0011,Strawberry,57.2,High
2025-03-15,P0011,Strawberry,65.9,High
2025-03-16,P0011,Strawberry,68.4,High
2025-03-17,P0011,Strawberry,73.5,High
2025-03-18,P0011,Strawberry,74.5,High
2025-03-19,P0011,Strawberry,76.1,Critical
2025-03-20,P0011,Strawberry,71.4,High
2025-03-21,P0011,Strawberry,69.5,High
2025-03-22,P0011,Strawberry,76.6,Critical
2025-03-23,P0011,Strawberry,74.3,High
2025-03-24,P0011,Strawberry,59.3,High
2025-03-25,P0011,Strawberry,59.8,High
2025-03-26,P0011,Strawberry,63.6,High
2025-03-27,P0011,Strawberry,58.2,High
2025-03-28,P0011,Strawberry,57.6,High
2025-03-29,P0011,Strawberry,55.6,High
2025-03-30,P0011,Strawberry,60.2,High
2025-03-31,P0011,Strawberry,59.7,High
2025-04-01,P0011,Strawberry,57.8,High
2025-04-02,P0011,Strawberry,62.8,High
2025-04-03,P0011,Strawberry,63.5,High
2025-04-04,P0011,Strawberry,64.5,High
2025-04-05,P0011,Strawberry,69,High
2025-04-06,P0011,Strawberry,71.7,High
2025-04-07,P0011,Strawberry,70.3,High
2025-04-08,P0011,Strawberry,70.9,High
2025-04-09,P0011,Strawberry,63,High
2025-04-10,P0011,Strawberry,65.1,High
2025-04-11,P0011,Strawberry,64.1,High
2025-04-12,P0011,Strawberry,61.7,High
2025-04-13,P0011,Strawberry,60.3,High
2025-04-14,P0011,Strawberry,51.1,High
2025-04-15,P0011,Strawberry,53.2,High
2025-04-16,P0011,Strawberry,52.2,High
2025-04-17,P0011,Strawberry,54.8,High
2025-04-18,P0011,Strawberry,57.8,High
2025-04-19,P0011,Strawberry,60.5,High
2025-04-20,P0011,Strawberry,57.3,High
2025-04-21,P0011,Strawberry,50.8,High
2025-04-22,P0011,Strawberry,54,High
2025-04-23,P0011,Strawberry,54.7,High
2025-04-24,P0011,Strawberry,52.2,High
2025-04-25,P0011,Strawberry,53.5,High
2025-04-26,P0011,Strawberry,58.3,High
2025-04-27,P0011,Strawberry,52.3,High
2025-04-28,P0011,Strawberry,62.3,High
2025-04-29,P0011,Strawberry,62.1,High
2025-04-30,P0011,Strawberry,66.1,High
2025-05-01,P0011,Strawberry,50.9,High
2025-05-02,P0011,Strawberry,55.7,High
2025-05-03,P0011,Strawberry,62.3,High
2025-05-04,P0011,Strawberry,53.6,High
2025-05-05,P0011,Strawberry,49.9,Medium
2025-05-06,P0011,Strawberry,55.4,High
2025-05-07,P0011,Strawberry,54.4,High
2025-05-08,P0011,Strawberry,52.1,High
2025-05-09,P0011,Strawberry,57.8,High
2025-05-10,P0011,Strawberry,66.1,High
2025-05-11,P0011,Strawberry,66.7,High
2025-05-12,P0011,Strawberry,74.8,High
2025-05-13,P0011,Strawberry,61,High
2025-05-14,P0011,Strawberry,67.8,High
2025-05-15,P0011,Strawberry,54.3,High
2025-05-16,P0011,Strawberry,52.4,High
2025-05-17,P0011,Strawberry,52.6,High
2025-05-18,P0011,Strawberry,46.2,Medium
2025-05-19,P0011,Strawberry,44.8,Medium
2025-05-20,P0011,Strawberry,43.1,Medium
2025-05-21,P0011,Strawberry,38.5,Medium
2025-05-22,P0011,Strawberry,38.1,Medium
2025-05-23,P0011,Strawberry,31.6,Medium
2025-05-24,P0011,Strawberry,24.8,Low
2025-05-25,P0011,Strawberry,27.5,Medium
2025-05-26,P0011,Strawberry,34.6,Medium
2025-05-27,P0011,Strawberry,45,Medium
2025-05-28,P0011,Strawberry,45.4,Medium
2025-05-29,P0011,Strawberry,43.9,Medium
2025-05-30,P0011,Strawberry,47.4,Medium
2025-05-31,P0011,Strawberry,47.4,Medium
2025-06-01,P0011,Strawberry,48.8,Medium
2025-06-02,P0011,Strawberry,49,Medium
2025-06-03,P0011,Strawberry,57.9,High
2025-06-04,P0011,Strawberry,48,Medium
2025-06-05,P0011,Strawberry,36.2,Medium
2025-06-06,P0011,Strawberry,38.3,Medium
2025-06-07,P0011,Strawberry,36.5,Medium
2025-06-08,P0011,Strawberry,33.2,Medium
2025-06-09,P0011,Strawberry,32.5,Medium
2025-06-10,P0011,Strawberry,33.6,Medium
2025-06-11,P0011,Strawberry,36.4,Medium
2025-06-12,P0011,Strawberry,40.8,Medium
2025-06-13,P0011,Strawberry,41.3,Medium
2025-06-14,P0011,Strawberry,39.9,Medium
2025-06-15,P0011,Strawberry,42.9,Medium
2025-06-16,P0011,Strawberry,43.4,Medium
2025-06-17,P0011,Strawberry,52.7,High
2025-06-18,P0011,Strawberry,54.5,High
2025-06-19,P0011,Strawberry,43.6,Medium
2025-06-20,P0011,Strawberry,41.2,Medium
2025-06-21,P0011,Strawberry,48.6,Medium
2025-06-22,P0011,Strawberry,55.4,High
2025-06-23,P0011,Strawberry,65.9,High
2025-06-24,P0011,Strawberry,53.7,High
2025-06-25,P0011,Strawberry,48.2,Medium
2025-06-26,P0011,Strawberry,45.3,Medium
2025-06-27,P0011,Strawberry,52.7,High
2025-06-28,P0011,Strawberry,41.4,Medium
2025-06-29,P0011,Strawberry,48,Medium
2025-06-30,P0011,Strawberry,44.5,Medium
2025-07-01,P0011,Strawberry,33.7,Medium
2025-07-02,P0011,Strawberry,36.9,Medium
2025-07-03,P0011,Strawberry,45.2,Medium
2025-07-04,P0011,Strawberry,65.3,High
2025-07-05,P0011,Strawberry,63.1,High
2025-07-06,P0011,Strawberry,49.6,Medium
2025-07-07,P0011,Strawberry,51.4,High
2025-07-08,P0011,Strawberry,52.3,High
2025-07-09,P0011,Strawberry,41.4,Medium
2025-07-10,P0011,Strawberry,43.7,Medium
2025-07-11,P0011,Strawberry,27.7,Medium
2025-07-12,P0011,Strawberry,33.3,Medium
2025-07-13,P0011,Strawberry,25.5,Medium
2025-07-14,P0011,Strawberry,42.8,Medium
2025-07-15,P0011,Strawberry,40.4,Medium
2025-07-16,P0011,Strawberry,38.1,Medium
2025-07-17,P0011,Strawberry,38.5,Medium
2025-07-18,P0011,Strawberry,39.3,Medium
2025-07-19,P0011,Strawberry,51.7,High
2025-07-20,P0011,Strawberry,44.8,Medium
2025-07-21,P0011,Strawberry,47.1,Medium
2025-07-22,P0011,Strawberry,45.8,Medium
2025-07-23,P0011,Strawberry,50.7,High
2025-07-24,P0011,Strawberry,46.6,Medium
2025-07-25,P0011,Strawberry,42.5,Medium
2025-07-26,P0011,Strawberry,41.4,Medium
2025-07-27,P0011,Strawberry,38.6,Medium
2025-07-28,P0011,Strawberry,34.8,Medium
2025-07-29,P0011,Strawberry,45.6,Medium
2025-07-30,P0011,Strawberry,29.7,Medium
2025-07-31,P0011,Strawberry,36,Medium
2025-08-01,P0011,Strawberry,33.7,Medium
2025-08-02,P0011,Strawberry,40,Medium
2025-08-03,P0011,Strawberry,38.2,Medium
2025-08-04,P0011,Strawberry,39.3,Medium
2025-08-05,P0011,Strawberry,39.6,Medium
2025-08-06,P0011,Strawberry,45,Medium
2025-08-07,P0011,Strawberry,40.1,Medium
2025-08-08,P0011,Strawberry,41.9,Medium
2025-08-09,P0011,Strawberry,43.6,Medium
2025-08-10,P0011,Strawberry,28.9,Medium
2025-08-11,P0011,Strawberry,40.4,Medium
2025-08-12,P0011,Strawberry,43.7,Medium
2025-08-13,P0011,Strawberry,45.6,Medium
2025-08-14,P0011,Strawberry,40.5,Medium
2025-08-15,P0011,Strawberry,40.1,Medium
2025-08-16,P0011,Strawberry,43.6,Medium
2025-08-17,P0011,Strawberry,46.2,Medium
2025-08-18,P0011,Strawberry,38.2,Medium
2025-08-19,P0011,Strawberry,36.9,Medium
2025-08-20,P0011,Strawberry,29.9,Medium
2025-08-21,P0011,Strawberry,50.5,High
2025-08-22,P0011,Strawberry,49.7,Medium
2025-08-23,P0011,Strawberry,50.1,High
2025-08-24,P0011,Strawberry,55.1,High
2025-08-25,P0011,Strawberry,54,High
2025-08-26,P0011,Strawberry,76.9,Critical
2025-08-27,P0011,Strawberry,77.7,Critical
2025-08-28,P0011,Strawberry,67,High
2025-08-29,P0011,Strawberry,68.7,High
2025-08-30,P0011,Strawberry,55.2,High
2025-08-31,P0011,Strawberry,55.7,High
2025-09-01,P0011,Strawberry,56.4,High
2025-09-02,P0011,Strawberry,50.9,High
2025-09-03,P0011,Strawberry,41.2,Medium
2025-09-04,P0011,Strawberry,33.8,Medium
2025-09-05,P0011,Strawberry,36.6,Medium
2025-09-06,P0011,Strawberry,44.6,Medium
2025-09-07,P0011,Strawberry,38.4,Medium
2025-09-08,P0011,Strawberry,38.5,Medium
2025-09-09,P0011,Strawberry,34.4,Medium
2025-09-10,P0011,Strawberry,38.6,Medium
2025-09-11,P0011,Strawberry,48.6,Medium
2025-09-12,P0011,Strawberry,39.2,Medium
2025-02-21,P0012,Strawberry,39.1,Medium
2025-02-22,P0012,Strawberry,35.9,Medium
2025-02-23,P0012,Strawberry,37.1,Medium
2025-02-24,P0012,Strawberry,32.8,Medium
2025-02-25,P0012,Strawberry,34.1,Medium
2025-02-26,P0012,Strawberry,37.7,Medium
2025-02-27,P0012,Strawberry,31.9,Medium
2025-02-28,P0012,Strawberry,33.2,Medium
2025-03-01,P0012,Strawberry,43.1,Medium
2025-03-02,P0012,Strawberry,42.9,Medium
2025-03-03,P0012,Strawberry,45.8,Medium
2025-03-04,P0012,Strawberry,57.7,High
2025-03-05,P0012,Strawberry,61,High
2025-03-06,P0012,Strawberry,53.9,High
2025-03-07,P0012,Strawberry,52.6,High
2025-03-08,P0012,Strawberry,60.9,High
2025-03-09,P0012,Strawberry,58.1,High
2025-03-10,P0012,Strawberry,58.8,High
2025-03-11,P0012,Strawberry,34.5,Medium
2025-03-12,P0012,Strawberry,29,Medium
2025-03-13,P0012,Strawberry,27.9,Medium
2025-03-14,P0012,Strawberry,36.4,Medium
2025-03-15,P0012,Strawberry,46.9,Medium
2025-03-16,P0012,Strawberry,52.3,High
2025-03-17,P0012,Strawberry,48.8,Medium
2025-03-18,P0012,Strawberry,45.9,Medium
2025-03-19,P0012,Strawberry,43.2,Medium
2025-03-20,P0012,Strawberry,42,Medium
2025-03-21,P0012,Strawberry,49.6,Medium
2025-03-22,P0012,Strawberry,44.8,Medium
2025-03-23,P0012,Strawberry,44.6,Medium
2025-03-24,P0012,Strawberry,44.9,Medium
2025-03-25,P0012,Strawberry,53.1,High
2025-03-26,P0012,Strawberry,50.7,High
2025-03-27,P0012,Strawberry,39.3,Medium
2025-03-28,P0012,Strawberry,57.4,High
2025-03-29,P0012,Strawberry,54.7,High
2025-03-30,P0012,Strawberry,47.7,Medium
2025-03-31,P0012,Strawberry,47,Medium
2025-04-01,P0012,Strawberry,48.6,Medium
2025-04-02,P0012,Strawberry,51.1,High
2025-04-03,P0012,Strawberry,50.3,High
2025-04-04,P0012,Strawberry,57,High
2025-04-05,P0012,Strawberry,67.1,High
2025-04-06,P0012,Strawberry,70.6,High
2025-04-07,P0012,Strawberry,77.1,Critical
2025-04-08,P0012,Strawberry,70.5,High
2025-04-09,P0012,Strawberry,62.5,High
2025-04-10,P0012,Strawberry,59.2,High
2025-04-11,P0012,Strawberry,66.6,High
2025-04-12,P0012,Strawberry,51.8,High
2025-04-13,P0012,Strawberry,62.6,High
2025-04-14,P0012,Strawberry,49.4,Medium
2025-04-15,P0012,Strawberry,51.6,High
2025-04-16,P0012,Strawberry,39.9,Medium
2025-04-17,P0012,Strawberry,53.9,High
2025-04-18,P0012,Strawberry,49.9,Medium
2025-04-19,P0012,Strawberry,47.4,Medium
2025-04-20,P0012,Strawberry,50.3,High
2025-04-21,P0012,Strawberry,52.9,High
2025-04-22,P0012,Strawberry,51.7,High
2025-04-23,P0012,Strawberry,58.4,High
2025-04-24,P0012,Strawberry,58.5,High
2025-04-25,P0012,Strawberry,60,High
2025-04-26,P0012,Strawberry,60.1,High
2025-04-27,P0012,Strawberry,57,High
2025-04-28,P0012,Strawberry,61.9,High
2025-04-29,P0012,Strawberry,65,High
2025-04-30,P0012,Strawberry,51.6,High
2025-05-01,P0012,Strawberry,47.7,Medium
2025-05-02,P0012,Strawberry,47,Medium
2025-05-03,P0012,Strawberry,42.4,Medium
2025-05-04,P0012,Strawberry,47.9,Medium
2025-05-05,P0012,Strawberry,38.4,Medium
2025-05-06,P0012,Strawberry,31,Medium
2025-05-07,P0012,Strawberry,35.7,Medium
2025-05-08,P0012,Strawberry,32.9,Medium
2025-05-09,P0012,Strawberry,37.7,Medium
2025-05-10,P0012,Strawberry,46.9,Medium
2025-05-11,P0012,Strawberry,43.6,Medium
2025-05-12,P0012,Strawberry,52.4,High
2025-05-13,P0012,Strawberry,52.8,High
2025-05-14,P0012,Strawberry,48.9,Medium
2025-05-15,P0012,Strawberry,33.6,Medium
2025-05-16,P0012,Strawberry,47.3,Medium
2025-05-17,P0012,Strawberry,41.8,Medium
2025-05-18,P0012,Strawberry,39,Medium
2025-05-19,P0012,Strawberry,45.3,Medium
2025-05-20,P0012,Strawberry,32.1,Medium
2025-05-21,P0012,Strawberry,27.3,Medium
2025-05-22,P0012,Strawberry,25,Medium
2025-05-23,P0012,Strawberry,25.8,Medium
2025-05-24,P0012,Strawberry,33.9,Medium
2025-05-25,P0012,Strawberry,28.4,Medium
2025-05-26,P0012,Strawberry,31.4,Medium
2025-05-27,P0012,Strawberry,28.1,Medium
2025-05-28,P0012,Strawberry,26.3,Medium
2025-05-29,P0012,Strawberry,37,Medium
2025-05-30,P0012,Strawberry,40.8,Medium
2025-05-31,P0012,Strawberry,44,Medium
2025-06-01,P0012,Strawberry,49.7,Medium
2025-06-02,P0012,Strawberry,39,Medium
2025-06-03,P0012,Strawberry,50.1,High
2025-06-04,P0012,Strawberry,47.3,Medium
2025-06-05,P0012,Strawberry,50.8,High
2025-06-06,P0012,Strawberry,49.2,Medium
2025-06-07,P0012,Strawberry,53.7,High
2025-06-08,P0012,Strawberry,50.7,High
2025-06-09,P0012,Strawberry,46.8,Medium
2025-06-10,P0012,Strawberry,43.8,Medium
2025-06-11,P0012,Strawberry,45.3,Medium
2025-06-12,P0012,Strawberry,26.5,Medium
2025-06-13,P0012,Strawberry,25.3,Medium
2025-06-14,P0012,Strawberry,30.4,Medium
2025-06-15,P0012,Strawberry,33.7,Medium
2025-06-16,P0012,Strawberry,31.1,Medium
2025-06-17,P0012,Strawberry,42.5,Medium
2025-06-18,P0012,Strawberry,50.9,High
2025-06-19,P0012,Strawberry,45.4,Medium
2025-06-20,P0012,Strawberry,41.9,Medium
2025-06-21,P0012,Strawberry,38.6,Medium
2025-06-22,P0012,Strawberry,49.3,Medium
2025-06-23,P0012,Strawberry,52.2,High
2025-06-24,P0012,Strawberry,44,Medium
2025-06-25,P0012,Strawberry,42.4,Medium
2025-06-26,P0012,Strawberry,38,Medium
2025-06-27,P0012,Strawberry,35.1,Medium
2025-06-28,P0012,Strawberry,34.1,Medium
2025-06-29,P0012,Strawberry,41.6,Medium
2025-06-30,P0012,Strawberry,40.2,Medium
2025-07-01,P0012,Strawberry,40.4,Medium
2025-07-02,P0012,Strawberry,42.8,Medium
2025-07-03,P0012,Strawberry,49,Medium
2025-07-04,P0012,Strawberry,43.4,Medium
2025-07-05,P0012,Strawberry,45,Medium
2025-07-06,P0012,Strawberry,46.6,Medium
2025-07-07,P0012,Strawberry,33.4,Medium
2025-07-08,P0012,Strawberry,25.9,Medium
2025-07-09,P0012,Strawberry,29.2,Medium
2025-07-10,P0012,Strawberry,41.1,Medium
2025-07-11,P0012,Strawberry,31.3,Medium
2025-07-12,P0012,Strawberry,36.3,Medium
2025-07-13,P0012,Strawberry,29.6,Medium
2025-07-14,P0012,Strawberry,29.9,Medium
2025-07-15,P0012,Strawberry,35.8,Medium
2025-07-16,P0012,Strawberry,31,Medium
2025-07-17,P0012,Strawberry,35.4,Medium
2025-07-18,P0012,Strawberry,48.5,Medium
2025-07-19,P0012,Strawberry,40.7,Medium
2025-07-20,P0012,Strawberry,44.5,Medium
2025-07-21,P0012,Strawberry,52.9,High
2025-07-22,P0012,Strawberry,58.4,High
2025-07-23,P0012,Strawberry,66.7,High
2025-07-24,P0012,Strawberry,53.6,High
2025-07-25,P0012,Strawberry,49,Medium
2025-07-26,P0012,Strawberry,57.1,High
2025-07-27,P0012,Strawberry,46.9,Medium
2025-07-28,P0012,Strawberry,47.2,Medium
2025-07-29,P0012,Strawberry,44.1,Medium
2025-07-30,P0012,Strawberry,45.5,Medium
2025-07-31,P0012,Strawberry,20.7,Low
2025-08-01,P0012,Strawberry,16.5,Low
2025-08-02,P0012,Strawberry,16.7,Low
2025-08-03,P0012,Strawberry,32.9,Medium
2025-08-04,P0012,Strawberry,29.9,Medium
2025-08-05,P0012,Strawberry,40.3,Medium
2025-08-06,P0012,Strawberry,29,Medium
2025-08-07,P0012,Strawberry,36.3,Medium
2025-08-08,P0012,Strawberry,38.9,Medium
2025-08-09,P0012,Strawberry,46,Medium
2025-08-10,P0012,Strawberry,39.7,Medium
2025-08-11,P0012,Strawberry,38.4,Medium
2025-08-12,P0012,Strawberry,31.8,Medium
2025-08-13,P0012,Strawberry,30,Medium
2025-08-14,P0012,Strawberry,25.9,Medium
2025-08-15,P0012,Strawberry,34.3,Medium
2025-08-16,P0012,Strawberry,36.1,Medium
2025-08-17,P0012,Strawberry,33,Medium
2025-08-18,P0012,Strawberry,36.3,Medium
2025-08-19,P0012,Strawberry,38,Medium
2025-08-20,P0012,Strawberry,35.9,Medium
2025-08-21,P0012,Strawberry,33.1,Medium
2025-08-22,P0012,Strawberry,50.7,High
2025-08-23,P0012,Strawberry,40.4,Medium
2025-08-24,P0012,Strawberry,40.7,Medium
2025-08-25,P0012,Strawberry,36.6,Medium
2025-08-26,P0012,Strawberry,40.2,Medium
2025-08-27,P0012,Strawberry,54.9,High
2025-08-28,P0012,Strawberry,50.3,High
2025-08-29,P0012,Strawberry,53,High
2025-08-30,P0012,Strawberry,51.9,High
2025-08-31,P0012,Strawberry,46.2,Medium
2025-09-01,P0012,Strawberry,52.1,High
2025-09-02,P0012,Strawberry,38.3,Medium
2025-09-03,P0012,Strawberry,42.2,Medium
2025-09-04,P0012,Strawberry,44.9,Medium
2025-09-05,P0012,Strawberry,41.1,Medium
2025-09-06,P0012,Strawberry,30.6,Medium
2025-09-07,P0012,Strawberry,34.8,Medium
2025-09-08,P0012,Strawberry,28,Medium
2025-09-09,P0012,Strawberry,27,Medium
2025-09-10,P0012,Strawberry,32.4,Medium
2025-09-11,P0012,Strawberry,40.2,Medium
2025-09-12,P0012,Strawberry,33.8,Medium
2025-02-21,P0013,Strawberry,28.3,Medium
2025-02-22,P0013,Strawberry,31.4,Medium
2025-02-23,P0013,Strawberry,24.9,Low
2025-02-24,P0013,Strawberry,35.2,Medium
2025-02-25,P0013,Strawberry,31.2,Medium
2025-02-26,P0013,Strawberry,39.1,Medium
2025-02-27,P0013,Strawberry,39,Medium
2025-02-28,P0013,Strawberry,42.7,Medium
2025-03-01,P0013,Strawberry,43.3,Medium
2025-03-02,P0013,Strawberry,52.8,High
2025-03-03,P0013,Strawberry,40.7,Medium
2025-03-04,P0013,Strawberry,36.2,Medium
2025-03-05,P0013,Strawberry,44.8,Medium
2025-03-06,P0013,Strawberry,39.8,Medium
2025-03-07,P0013,Strawberry,49.4,Medium
2025-03-08,P0013,Strawberry,42.4,Medium
2025-03-09,P0013,Strawberry,41.9,Medium
2025-03-10,P0013,Strawberry,40.7,Medium
2025-03-11,P0013,Strawberry,35.1,Medium
2025-03-12,P0013,Strawberry,32,Medium
2025-03-13,P0013,Strawberry,29.3,Medium
2025-03-14,P0013,Strawberry,36.4,Medium
2025-03-15,P0013,Strawberry,46.1,Medium
2025-03-16,P0013,Strawberry,44,Medium
2025-03-17,P0013,Strawberry,45.5,Medium
2025-03-18,P0013,Strawberry,44.2,Medium
2025-03-19,P0013,Strawberry,39.1,Medium
2025-03-20,P0013,Strawberry,38,Medium
2025-03-21,P0013,Strawberry,33.6,Medium
2025-03-22,P0013,Strawberry,42.1,Medium
2025-03-23,P0013,Strawberry,43.9,Medium
2025-03-24,P0013,Strawberry,41.3,Medium
2025-03-25,P0013,Strawberry,43.2,Medium
2025-03-26,P0013,Strawberry,34.3,Medium
2025-03-27,P0013,Strawberry,33.9,Medium
2025-03-28,P0013,Strawberry,42,Medium
2025-03-29,P0013,Strawberry,46.5,Medium
2025-03-30,P0013,Strawberry,50,High
2025-03-31,P0013,Strawberry,47.1,Medium
2025-04-01,P0013,Strawberry,52.5,High
2025-04-02,P0013,Strawberry,51.7,High
2025-04-03,P0013,Strawberry,54.4,High
2025-04-04,P0013,Strawberry,49.7,Medium
2025-04-05,P0013,Strawberry,53.7,High
2025-04-06,P0013,Strawberry,64.6,High
2025-04-07,P0013,Strawberry,58.7,High
2025-04-08,P0013,Strawberry,47.5,Medium
2025-04-09,P0013,Strawberry,50.5,High
2025-04-10,P0013,Strawberry,61.3,High
2025-04-11,P0013,Strawberry,57.8,High
2025-04-12,P0013,Strawberry,60.2,High
2025-04-13,P0013,Strawberry,54.9,High
2025-04-14,P0013,Strawberry,56.8,High
2025-04-15,P0013,Strawberry,57.4,High
2025-04-16,P0013,Strawberry,46.6,Medium
2025-04-17,P0013,Strawberry,49.6,Medium
2025-04-18,P0013,Strawberry,48.9,Medium
2025-04-19,P0013,Strawberry,55.5,High
2025-04-20,P0013,Strawberry,65.3,High
2025-04-21,P0013,Strawberry,62.6,High
2025-04-22,P0013,Strawberry,63.1,High
2025-04-23,P0013,Strawberry,60.7,High
2025-04-24,P0013,Strawberry,55.7,High
2025-04-25,P0013,Strawberry,59.6,High
2025-04-26,P0013,Strawberry,46.9,Medium
2025-04-27,P0013,Strawberry,42.1,Medium
2025-04-28,P0013,Strawberry,38,Medium
2025-04-29,P0013,Strawberry,40.7,Medium
2025-04-30,P0013,Strawberry,40.9,Medium
2025-05-01,P0013,Strawberry,41.9,Medium
2025-05-02,P0013,Strawberry,31.2,Medium
2025-05-03,P0013,Strawberry,24.8,Low
2025-05-04,P0013,Strawberry,31.4,Medium
2025-05-05,P0013,Strawberry,29.7,Medium
2025-05-06,P0013,Strawberry,35.2,Medium
2025-05-07,P0013,Strawberry,33.5,Medium
2025-05-08,P0013,Strawberry,37.3,Medium
2025-05-09,P0013,Strawberry,47.2,Medium
2025-05-10,P0013,Strawberry,48.7,Medium
2025-05-11,P0013,Strawberry,51.4,High
2025-05-12,P0013,Strawberry,45.2,Medium
2025-05-13,P0013,Strawberry,46.4,Medium
2025-05-14,P0013,Strawberry,47.9,Medium
2025-05-15,P0013,Strawberry,53.1,High
2025-05-16,P0013,Strawberry,54.4,High
2025-05-17,P0013,Strawberry,54.9,High
2025-05-18,P0013,Strawberry,51.4,High
2025-05-19,P0013,Strawberry,39.2,Medium
2025-05-20,P0013,Strawberry,28,Medium
2025-05-21,P0013,Strawberry,28,Medium
2025-05-22,P0013,Strawberry,33.4,Medium
2025-05-23,P0013,Strawberry,41.1,Medium
2025-05-24,P0013,Strawberry,30.3,Medium
2025-05-25,P0013,Strawberry,38.8,Medium
2025-05-26,P0013,Strawberry,34.2,Medium
2025-05-27,P0013,Strawberry,41.3,Medium
2025-05-28,P0013,Strawberry,40.1,Medium
2025-05-29,P0013,Strawberry,36.8,Medium
2025-05-30,P0013,Strawberry,47.1,Medium
2025-05-31,P0013,Strawberry,36.8,Medium
2025-06-01,P0013,Strawberry,38.2,Medium
2025-06-02,P0013,Strawberry,31.7,Medium
2025-06-03,P0013,Strawberry,33.2,Medium
2025-06-04,P0013,Strawberry,31.9,Medium
2025-06-05,P0013,Strawberry,25.9,Medium
2025-06-06,P0013,Strawberry,26.9,Medium
2025-06-07,P0013,Strawberry,28,Medium
2025-06-08,P0013,Strawberry,24.2,Low
2025-06-09,P0013,Strawberry,26.4,Medium
2025-06-10,P0013,Strawberry,11,Low
2025-06-11,P0013,Strawberry,18.6,Low
2025-06-12,P0013,Strawberry,19.6,Low
2025-06-13,P0013,Strawberry,24.8,Low
2025-06-14,P0013,Strawberry,38.3,Medium
2025-06-15,P0013,Strawberry,45.5,Medium
2025-06-16,P0013,Strawberry,43.2,Medium
2025-06-17,P0013,Strawberry,50.3,High
2025-06-18,P0013,Strawberry,62.3,High
2025-06-19,P0013,Strawberry,49.8,Medium
2025-06-20,P0013,Strawberry,43.7,Medium
2025-06-21,P0013,Strawberry,44.3,Medium
2025-06-22,P0013,Strawberry,43.3,Medium
2025-06-23,P0013,Strawberry,30.9,Medium
2025-06-24,P0013,Strawberry,26.6,Medium
2025-06-25,P0013,Strawberry,25.8,Medium
2025-06-26,P0013,Strawberry,23.5,Low
2025-06-27,P0013,Strawberry,22.9,Low
2025-06-28,P0013,Strawberry,30.8,Medium
2025-06-29,P0013,Strawberry,18.1,Low
2025-06-30,P0013,Strawberry,18.7,Low
2025-07-01,P0013,Strawberry,17.6,Low
2025-07-02,P0013,Strawberry,20.4,Low
2025-07-03,P0013,Strawberry,32.9,Medium
2025-07-04,P0013,Strawberry,25.5,Medium
2025-07-05,P0013,Strawberry,32.8,Medium
2025-07-06,P0013,Strawberry,36,Medium
2025-07-07,P0013,Strawberry,31.3,Medium
2025-07-08,P0013,Strawberry,24.1,Low
2025-07-09,P0013,Strawberry,22.4,Low
2025-07-10,P0013,Strawberry,24.9,Low
2025-07-11,P0013,Strawberry,13.4,Low
2025-07-12,P0013,Strawberry,26.8,Medium
2025-07-13,P0013,Strawberry,26.6,Medium
2025-07-14,P0013,Strawberry,23.6,Low
2025-07-15,P0013,Strawberry,19,Low
2025-07-16,P0013,Strawberry,24.3,Low
2025-07-17,P0013,Strawberry,24.5,Low
2025-07-18,P0013,Strawberry,21.9,Low
2025-07-19,P0013,Strawberry,19.8,Low
2025-07-20,P0013,Strawberry,20.8,Low
2025-07-21,P0013,Strawberry,30.9,Medium
2025-07-22,P0013,Strawberry,27.6,Medium
2025-07-23,P0013,Strawberry,54.5,High
2025-07-24,P0013,Strawberry,40.9,Medium
2025-07-25,P0013,Strawberry,39.6,Medium
2025-07-26,P0013,Strawberry,45.1,Medium
2025-07-27,P0013,Strawberry,32.4,Medium
2025-07-28,P0013,Strawberry,37,Medium
2025-07-29,P0013,Strawberry,32.3,Medium
2025-07-30,P0013,Strawberry,27.3,Medium
2025-07-31,P0013,Strawberry,24,Low
2025-08-01,P0013,Strawberry,18.4,Low
2025-08-02,P0013,Strawberry,18,Low
2025-08-03,P0013,Strawberry,13.6,Low
2025-08-04,P0013,Strawberry,8.7,Low
2025-08-05,P0013,Strawberry,8.6,Low
2025-08-06,P0013,Strawberry,11.1,Low
2025-08-07,P0013,Strawberry,7.1,Low
2025-08-08,P0013,Strawberry,23.6,Low
2025-08-09,P0013,Strawberry,28.7,Medium
2025-08-10,P0013,Strawberry,31.5,Medium
2025-08-11,P0013,Strawberry,36,Medium
2025-08-12,P0013,Strawberry,35.5,Medium
2025-08-13,P0013,Strawberry,42.7,Medium
2025-08-14,P0013,Strawberry,34.9,Medium
2025-08-15,P0013,Strawberry,40.9,Medium
2025-08-16,P0013,Strawberry,35.4,Medium
2025-08-17,P0013,Strawberry,36.8,Medium
2025-08-18,P0013,Strawberry,26.1,Medium
2025-08-19,P0013,Strawberry,7.4,Low
2025-08-20,P0013,Strawberry,4.1,Low
2025-08-21,P0013,Strawberry,13.8,Low
2025-08-22,P0013,Strawberry,19.8,Low
2025-08-23,P0013,Strawberry,21.3,Low
2025-08-24,P0013,Strawberry,26,Medium
2025-08-25,P0013,Strawberry,23.5,Low
2025-08-26,P0013,Strawberry,31.9,Medium
2025-08-27,P0013,Strawberry,38.1,Medium
2025-08-28,P0013,Strawberry,50.3,High
2025-08-29,P0013,Strawberry,56.9,High
2025-08-30,P0013,Strawberry,42.3,Medium
2025-08-31,P0013,Strawberry,42.1,Medium
2025-09-01,P0013,Strawberry,45.1,Medium
2025-09-02,P0013,Strawberry,46.3,Medium
2025-09-03,P0013,Strawberry,45.1,Medium
2025-09-04,P0013,Strawberry,43.3,Medium
2025-09-05,P0013,Strawberry,28.6,Medium
2025-09-06,P0013,Strawberry,22.5,Low
2025-09-07,P0013,Strawberry,32.1,Medium
2025-09-08,P0013,Strawberry,22.5,Low
2025-09-09,P0013,Strawberry,17.7,Low
2025-09-10,P0013,Strawberry,29,Medium
2025-09-11,P0013,Strawberry,24.8,Low
2025-09-12,P0013,Strawberry,32.2,Medium
2025-02-21,P0014,Strawberry,42.6,Medium
2025-02-22,P0014,Strawberry,45.4,Medium
2025-02-23,P0014,Strawberry,36.7,Medium
2025-02-24,P0014,Strawberry,34.5,Medium
2025-02-25,P0014,Strawberry,41.6,Medium
2025-02-26,P0014,Strawberry,23.7,Low
2025-02-27,P0014,Strawberry,26,Medium
2025-02-28,P0014,Strawberry,35.9,Medium
2025-03-01,P0014,Strawberry,47.8,Medium
2025-03-02,P0014,Strawberry,57.8,High
2025-03-03,P0014,Strawberry,58.3,High
2025-03-04,P0014,Strawberry,47.7,Medium
2025-03-05,P0014,Strawberry,51.7,High
2025-03-06,P0014,Strawberry,40.3,Medium
2025-03-07,P0014,Strawberry,38.5,Medium
2025-03-08,P0014,Strawberry,32.2,Medium
2025-03-09,P0014,Strawberry,40.5,Medium
2025-03-10,P0014,Strawberry,50.8,High
2025-03-11,P0014,Strawberry,48.9,Medium
2025-03-12,P0014,Strawberry,41.7,Medium
2025-03-13,P0014,Strawberry,39.1,Medium
2025-03-14,P0014,Strawberry,41.2,Medium
2025-03-15,P0014,Strawberry,46.1,Medium
2025-03-16,P0014,Strawberry,43.9,Medium
2025-03-17,P0014,Strawberry,41.7,Medium
2025-03-18,P0014,Strawberry,43.7,Medium
2025-03-19,P0014,Strawberry,50.1,High
2025-03-20,P0014,Strawberry,50,High
2025-03-21,P0014,Strawberry,63.4,High
2025-03-22,P0014,Strawberry,62.5,High
2025-03-23,P0014,Strawberry,61.5,High
2025-03-24,P0014,Strawberry,61.5,High
2025-03-25,P0014,Strawberry,66.3,High
2025-03-26,P0014,Strawberry,52.2,High
2025-03-27,P0014,Strawberry,56,High
2025-03-28,P0014,Strawberry,50,High
2025-03-29,P0014,Strawberry,48.4,Medium
2025-03-30,P0014,Strawberry,55.5,High
2025-03-31,P0014,Strawberry,58.2,High
2025-04-01,P0014,Strawberry,60.6,High
2025-04-02,P0014,Strawberry,57,High
2025-04-03,P0014,Strawberry,56.6,High
2025-04-04,P0014,Strawberry,57.8,High
2025-04-05,P0014,Strawberry,67.2,High
2025-04-06,P0014,Strawberry,57.1,High
2025-04-07,P0014,Strawberry,51.9,High
2025-04-08,P0014,Strawberry,55.6,High
2025-04-09,P0014,Strawberry,55.6,High
2025-04-10,P0014,Strawberry,60.1,High
2025-04-11,P0014,Strawberry,61.2,High
2025-04-12,P0014,Strawberry,58.3,High
2025-04-13,P0014,Strawberry,58.8,High
2025-04-14,P0014,Strawberry,49,Medium
2025-04-15,P0014,Strawberry,50.4,High
2025-04-16,P0014,Strawberry,62.4,High
2025-04-17,P0014,Strawberry,60.9,High
2025-04-18,P0014,Strawberry,57.9,High
2025-04-19,P0014,Strawberry,62,High
2025-04-20,P0014,Strawberry,69.4,High
2025-04-21,P0014,Strawberry,69.5,High
2025-04-22,P0014,Strawberry,62,High
2025-04-23,P0014,Strawberry,65.2,High
2025-04-24,P0014,Strawberry,60.6,High
2025-04-25,P0014,Strawberry,58.9,High
2025-04-26,P0014,Strawberry,45,Medium
2025-04-27,P0014,Strawberry,48.3,Medium
2025-04-28,P0014,Strawberry,54.7,High
2025-04-29,P0014,Strawberry,61.7,High
2025-04-30,P0014,Strawberry,53.6,High
2025-05-01,P0014,Strawberry,51.7,High
2025-05-02,P0014,Strawberry,43.1,Medium
2025-05-03,P0014,Strawberry,45.7,Medium
2025-05-04,P0014,Strawberry,39.2,Medium
2025-05-05,P0014,Strawberry,27.8,Medium
2025-05-06,P0014,Strawberry,30.7,Medium
2025-05-07,P0014,Strawberry,24.8,Low
2025-05-08,P0014,Strawberry,22.2,Low
2025-05-09,P0014,Strawberry,36.6,Medium
2025-05-10,P0014,Strawberry,40.5,Medium
2025-05-11,P0014,Strawberry,42.6,Medium
2025-05-12,P0014,Strawberry,45.6,Medium
2025-05-13,P0014,Strawberry,38.8,Medium
2025-05-14,P0014,Strawberry,28.5,Medium
2025-05-15,P0014,Strawberry,26.3,Medium
2025-05-16,P0014,Strawberry,33.7,Medium
2025-05-17,P0014,Strawberry,34.1,Medium
2025-05-18,P0014,Strawberry,31.7,Medium
2025-05-19,P0014,Strawberry,24.5,Low
2025-05-20,P0014,Strawberry,16.5,Low
2025-05-21,P0014,Strawberry,15.8,Low
2025-05-22,P0014,Strawberry,17.2,Low
2025-05-23,P0014,Strawberry,25,Medium
2025-05-24,P0014,Strawberry,13,Low
2025-05-25,P0014,Strawberry,8.5,Low
2025-05-26,P0014,Strawberry,27.8,Medium
2025-05-27,P0014,Strawberry,37.9,Medium
2025-05-28,P0014,Strawberry,27.6,Medium
2025-05-29,P0014,Strawberry,29.6,Medium
2025-05-30,P0014,Strawberry,29.5,Medium
2025-05-31,P0014,Strawberry,34.6,Medium
2025-06-01,P0014,Strawberry,20.4,Low
2025-06-02,P0014,Strawberry,17.5,Low
2025-06-03,P0014,Strawberry,16.6,Low
2025-06-04,P0014,Strawberry,24.4,Low
2025-06-05,P0014,Strawberry,21.6,Low
2025-06-06,P0014,Strawberry,21.8,Low
2025-06-07,P0014,Strawberry,24.9,Low
2025-06-08,P0014,Strawberry,22.6,Low
2025-06-09,P0014,Strawberry,30.9,Medium
2025-06-10,P0014,Strawberry,30.1,Medium
2025-06-11,P0014,Strawberry,29,Medium
2025-06-12,P0014,Strawberry,18.4,Low
2025-06-13,P0014,Strawberry,32.8,Medium
2025-06-14,P0014,Strawberry,31.8,Medium
2025-06-15,P0014,Strawberry,35.3,Medium
2025-06-16,P0014,Strawberry,36.2,Medium
2025-06-17,P0014,Strawberry,46.6,Medium
2025-06-18,P0014,Strawberry,42.8,Medium
2025-06-19,P0014,Strawberry,36.2,Medium
2025-06-20,P0014,Strawberry,36.4,Medium
2025-06-21,P0014,Strawberry,30.8,Medium
2025-06-22,P0014,Strawberry,26.1,Medium
2025-06-23,P0014,Strawberry,48.3,Medium
2025-06-24,P0014,Strawberry,24.7,Low
2025-06-25,P0014,Strawberry,21.2,Low
2025-06-26,P0014,Strawberry,23,Low
2025-06-27,P0014,Strawberry,23.8,Low
2025-06-28,P0014,Strawberry,25.9,Medium
2025-06-29,P0014,Strawberry,23.4,Low
2025-06-30,P0014,Strawberry,12.9,Low
2025-07-01,P0014,Strawberry,15.1,Low
2025-07-02,P0014,Strawberry,15.8,Low
2025-07-03,P0014,Strawberry,20,Low
2025-07-04,P0014,Strawberry,29.6,Medium
2025-07-05,P0014,Strawberry,31.6,Medium
2025-07-06,P0014,Strawberry,35.4,Medium
2025-07-07,P0014,Strawberry,28.5,Medium
2025-07-08,P0014,Strawberry,26.1,Medium
2025-07-09,P0014,Strawberry,17.6,Low
2025-07-10,P0014,Strawberry,17.7,Low
2025-07-11,P0014,Strawberry,14.2,Low
2025-07-12,P0014,Strawberry,16.8,Low
2025-07-13,P0014,Strawberry,10.2,Low
2025-07-14,P0014,Strawberry,15.1,Low
2025-07-15,P0014,Strawberry,17.5,Low
2025-07-16,P0014,Strawberry,24.2,Low
2025-07-17,P0014,Strawberry,17,Low
2025-07-18,P0014,Strawberry,24.7,Low
2025-07-19,P0014,Strawberry,19.4,Low
2025-07-20,P0014,Strawberry,42.3,Medium
2025-07-21,P0014,Strawberry,39.3,Medium
2025-07-22,P0014,Strawberry,39.4,Medium
2025-07-23,P0014,Strawberry,60.8,High
2025-07-24,P0014,Strawberry,55.1,High
2025-07-25,P0014,Strawberry,46.8,Medium
2025-07-26,P0014,Strawberry,52.1,High
2025-07-27,P0014,Strawberry,50.7,High
2025-07-28,P0014,Strawberry,40.9,Medium
2025-07-29,P0014,Strawberry,50.7,High
2025-07-30,P0014,Strawberry,44.5,Medium
2025-07-31,P0014,Strawberry,31.6,Medium
2025-08-01,P0014,Strawberry,26.9,Medium
2025-08-02,P0014,Strawberry,25.3,Medium
2025-08-03,P0014,Strawberry,21.3,Low
2025-08-04,P0014,Strawberry,14.2,Low
2025-08-05,P0014,Strawberry,14.8,Low
2025-08-06,P0014,Strawberry,15.2,Low
2025-08-07,P0014,Strawberry,12,Low
2025-08-08,P0014,Strawberry,20.9,Low
2025-08-09,P0014,Strawberry,15.8,Low
2025-08-10,P0014,Strawberry,28.2,Medium
2025-08-11,P0014,Strawberry,28.3,Medium
2025-08-12,P0014,Strawberry,27,Medium
2025-08-13,P0014,Strawberry,29.2,Medium
2025-08-14,P0014,Strawberry,28.8,Medium
2025-08-15,P0014,Strawberry,22.4,Low
2025-08-16,P0014,Strawberry,25.2,Medium
2025-08-17,P0014,Strawberry,14.1,Low
2025-08-18,P0014,Strawberry,15.1,Low
2025-08-19,P0014,Strawberry,15.6,Low
2025-08-20,P0014,Strawberry,9.4,Low
2025-08-21,P0014,Strawberry,6.3,Low
2025-08-22,P0014,Strawberry,7.4,Low
2025-08-23,P0014,Strawberry,13.2,Low
2025-08-24,P0014,Strawberry,12.5,Low
2025-08-25,P0014,Strawberry,8.2,Low
2025-08-26,P0014,Strawberry,32.5,Medium
2025-08-27,P0014,Strawberry,37.4,Medium
2025-08-28,P0014,Strawberry,39.4,Medium
2025-08-29,P0014,Strawberry,49.1,Medium
2025-08-30,P0014,Strawberry,34.7,Medium
2025-08-31,P0014,Strawberry,29.6,Medium
2025-09-01,P0014,Strawberry,36.5,Medium
2025-09-02,P0014,Strawberry,37.4,Medium
2025-09-03,P0014,Strawberry,43.2,Medium
2025-09-04,P0014,Strawberry,22.9,Low
2025-09-05,P0014,Strawberry,29.5,Medium
2025-09-06,P0014,Strawberry,21.7,Low
2025-09-07,P0014,Strawberry,16.8,Low
2025-09-08,P0014,Strawberry,18.2,Low
2025-09-09,P0014,Strawberry,15.8,Low
2025-09-10,P0014,Strawberry,15.2,Low
2025-09-11,P0014,Strawberry,18,Low
2025-09-12,P0014,Strawberry,18.1,Low
2025-02-21,P0015,Pepper,33.7,Medium
2025-02-22,P0015,Pepper,34.6,Medium
2025-02-23,P0015,Pepper,39.4,Medium
2025-02-24,P0015,Pepper,48.6,Medium
2025-02-25,P0015,Pepper,44.2,Medium
2025-02-26,P0015,Pepper,53,High
2025-02-27,P0015,Pepper,48.6,Medium
2025-02-28,P0015,Pepper,51.3,High
2025-03-01,P0015,Pepper,49.3,Medium
2025-03-02,P0015,Pepper,59.4,High
2025-03-03,P0015,Pepper,61,High
2025-03-04,P0015,Pepper,55.2,High
2025-03-05,P0015,Pepper,51.5,High
2025-03-06,P0015,Pepper,49.1,Medium
2025-03-07,P0015,Pepper,37.5,Medium
2025-03-08,P0015,Pepper,40.6,Medium
2025-03-09,P0015,Pepper,32.2,Medium
2025-03-10,P0015,Pepper,27,Medium
2025-03-11,P0015,Pepper,26.4,Medium
2025-03-12,P0015,Pepper,28.8,Medium
2025-03-13,P0015,Pepper,33.7,Medium
2025-03-14,P0015,Pepper,36.4,Medium
2025-03-15,P0015,Pepper,35.8,Medium
2025-03-16,P0015,Pepper,42.2,Medium
2025-03-17,P0015,Pepper,54.8,High
2025-03-18,P0015,Pepper,55.9,High
2025-03-19,P0015,Pepper,57.7,High
2025-03-20,P0015,Pepper,59.8,High
2025-03-21,P0015,Pepper,61,High
2025-03-22,P0015,Pepper,62.3,High
2025-03-23,P0015,Pepper,62.4,High
2025-03-24,P0015,Pepper,59.7,High
2025-03-25,P0015,Pepper,58.8,High
2025-03-26,P0015,Pepper,61.3,High
2025-03-27,P0015,Pepper,66.4,High
2025-03-28,P0015,Pepper,66.8,High
2025-03-29,P0015,Pepper,69.7,High
2025-03-30,P0015,Pepper,69.4,High
2025-03-31,P0015,Pepper,59.3,High
2025-04-01,P0015,Pepper,54,High
2025-04-02,P0015,Pepper,53.1,High
2025-04-03,P0015,Pepper,48.7,Medium
2025-04-04,P0015,Pepper,60.8,High
2025-04-05,P0015,Pepper,50.6,High
2025-04-06,P0015,Pepper,57.7,High
2025-04-07,P0015,Pepper,63.6,High
2025-04-08,P0015,Pepper,59.7,High
2025-04-09,P0015,Pepper,59.6,High
2025-04-10,P0015,Pepper,51.6,High
2025-04-11,P0015,Pepper,58.9,High
2025-04-12,P0015,Pepper,60.7,High
2025-04-13,P0015,Pepper,57.5,High
2025-04-14,P0015,Pepper,66,High
2025-04-15,P0015,Pepper,59.1,High
2025-04-16,P0015,Pepper,57.5,High
2025-04-17,P0015,Pepper,56,High
2025-04-18,P0015,Pepper,54.8,High
2025-04-19,P0015,Pepper,53.5,High
2025-04-20,P0015,Pepper,51.6,High
2025-04-21,P0015,Pepper,54.8,High
2025-04-22,P0015,Pepper,57.8,High
2025-04-23,P0015,Pepper,62.1,High
2025-04-24,P0015,Pepper,62.7,High
2025-04-25,P0015,Pepper,64.4,High
2025-04-26,P0015,Pepper,63.7,High
2025-04-27,P0015,Pepper,62.2,High
2025-04-28,P0015,Pepper,50,High
2025-04-29,P0015,Pepper,46,Medium
2025-04-30,P0015,Pepper,50.4,High
2025-05-01,P0015,Pepper,45,Medium
2025-05-02,P0015,Pepper,45.2,Medium
2025-05-03,P0015,Pepper,36.1,Medium
2025-05-04,P0015,Pepper,32.1,Medium
2025-05-05,P0015,Pepper,37,Medium
2025-05-06,P0015,Pepper,33.5,Medium
2025-05-07,P0015,Pepper,28,Medium
2025-05-08,P0015,Pepper,26.3,Medium
2025-05-09,P0015,Pepper,36.1,Medium
2025-05-10,P0015,Pepper,41.6,Medium
2025-05-11,P0015,Pepper,48.2,Medium
2025-05-12,P0015,Pepper,56.9,High
2025-05-13,P0015,Pepper,58.4,High
2025-05-14,P0015,Pepper,55.2,High
2025-05-15,P0015,Pepper,49.7,Medium
2025-05-16,P0015,Pepper,52.6,High
2025-05-17,P0015,Pepper,48.5,Medium
2025-05-18,P0015,Pepper,50.4,High
2025-05-19,P0015,Pepper,48.9,Medium
2025-05-20,P0015,Pepper,41.2,Medium
2025-05-21,P0015,Pepper,45,Medium
2025-05-22,P0015,Pepper,43.5,Medium
2025-05-23,P0015,Pepper,44.2,Medium
2025-05-24,P0015,Pepper,49.2,Medium
2025-05-25,P0015,Pepper,48.6,Medium
2025-05-26,P0015,Pepper,50.8,High
2025-05-27,P0015,Pepper,56.4,High
2025-05-28,P0015,Pepper,64.5,High
2025-05-29,P0015,Pepper,63.4,High
2025-05-30,P0015,Pepper,60.6,High
2025-05-31,P0015,Pepper,67.7,High
2025-06-01,P0015,Pepper,62.7,High
2025-06-02,P0015,Pepper,56.8,High
2025-06-03,P0015,Pepper,72.2,High
2025-06-04,P0015,Pepper,57.3,High
2025-06-05,P0015,Pepper,56.9,High
2025-06-06,P0015,Pepper,54.2,High
2025-06-07,P0015,Pepper,45.9,Medium
2025-06-08,P0015,Pepper,37.1,Medium
2025-06-09,P0015,Pepper,43.3,Medium
2025-06-10,P0015,Pepper,47.6,Medium
2025-06-11,P0015,Pepper,32,Medium
2025-06-12,P0015,Pepper,33.9,Medium
2025-06-13,P0015,Pepper,30.8,Medium
2025-06-14,P0015,Pepper,38.2,Medium
2025-06-15,P0015,Pepper,42,Medium
2025-06-16,P0015,Pepper,37.6,Medium
2025-06-17,P0015,Pepper,39.8,Medium
2025-06-18,P0015,Pepper,39.9,Medium
2025-06-19,P0015,Pepper,38.9,Medium
2025-06-20,P0015,Pepper,37,Medium
2025-06-21,P0015,Pepper,41.4,Medium
2025-06-22,P0015,Pepper,38.9,Medium
2025-06-23,P0015,Pepper,36.1,Medium
2025-06-24,P0015,Pepper,46.6,Medium
2025-06-25,P0015,Pepper,41.9,Medium
2025-06-26,P0015,Pepper,44.7,Medium
2025-06-27,P0015,Pepper,41.7,Medium
2025-06-28,P0015,Pepper,37.5,Medium
2025-06-29,P0015,Pepper,36.3,Medium
2025-06-30,P0015,Pepper,44.3,Medium
2025-07-01,P0015,Pepper,38.4,Medium
2025-07-02,P0015,Pepper,34,Medium
2025-07-03,P0015,Pepper,40.4,Medium
2025-07-04,P0015,Pepper,39,Medium
2025-07-05,P0015,Pepper,43.1,Medium
2025-07-06,P0015,Pepper,45.4,Medium
2025-07-07,P0015,Pepper,50.2,High
2025-07-08,P0015,Pepper,43.7,Medium
2025-07-09,P0015,Pepper,42.7,Medium
2025-07-10,P0015,Pepper,40.4,Medium
2025-07-11,P0015,Pepper,40.3,Medium
2025-07-12,P0015,Pepper,30.6,Medium
2025-07-13,P0015,Pepper,27.5,Medium
2025-07-14,P0015,Pepper,19.4,Low
2025-07-15,P0015,Pepper,24.6,Low
2025-07-16,P0015,Pepper,20.7,Low
2025-07-17,P0015,Pepper,14.2,Low
2025-07-18,P0015,Pepper,19,Low
2025-07-19,P0015,Pepper,31.4,Medium
2025-07-20,P0015,Pepper,39,Medium
2025-07-21,P0015,Pepper,35.1,Medium
2025-07-22,P0015,Pepper,44.7,Medium
2025-07-23,P0015,Pepper,49.8,Medium
2025-07-24,P0015,Pepper,68.4,High
2025-07-25,P0015,Pepper,65.8,High
2025-07-26,P0015,Pepper,63.2,High
2025-07-27,P0015,Pepper,58.4,High
2025-07-28,P0015,Pepper,52.8,High
2025-07-29,P0015,Pepper,54.4,High
2025-07-30,P0015,Pepper,42.3,Medium
2025-07-31,P0015,Pepper,34.8,Medium
2025-08-01,P0015,Pepper,28.8,Medium
2025-08-02,P0015,Pepper,28.7,Medium
2025-08-03,P0015,Pepper,21.6,Low
2025-08-04,P0015,Pepper,28.6,Medium
2025-08-05,P0015,Pepper,26.8,Medium
2025-08-06,P0015,Pepper,35.8,Medium
2025-08-07,P0015,Pepper,33.6,Medium
2025-08-08,P0015,Pepper,35.1,Medium
2025-08-09,P0015,Pepper,36.1,Medium
2025-08-10,P0015,Pepper,41.2,Medium
2025-08-11,P0015,Pepper,31.9,Medium
2025-08-12,P0015,Pepper,52.1,High
2025-08-13,P0015,Pepper,50.8,High
2025-08-14,P0015,Pepper,50.2,High
2025-08-15,P0015,Pepper,60.3,High
2025-08-16,P0015,Pepper,48.6,Medium
2025-08-17,P0015,Pepper,52.1,High
2025-08-18,P0015,Pepper,46.5,Medium
2025-08-19,P0015,Pepper,34.7,Medium
2025-08-20,P0015,Pepper,36.2,Medium
2025-08-21,P0015,Pepper,31.5,Medium
2025-08-22,P0015,Pepper,31.1,Medium
2025-08-23,P0015,Pepper,23.4,Low
2025-08-24,P0015,Pepper,30.1,Medium
2025-08-25,P0015,Pepper,30.5,Medium
2025-08-26,P0015,Pepper,49.3,Medium
2025-08-27,P0015,Pepper,50.1,High
2025-08-28,P0015,Pepper,59.4,High
2025-08-29,P0015,Pepper,50.2,High
2025-08-30,P0015,Pepper,50.5,High
2025-08-31,P0015,Pepper,58,High
2025-09-01,P0015,Pepper,46.8,Medium
2025-09-02,P0015,Pepper,51.2,High
2025-09-03,P0015,Pepper,53,High
2025-09-04,P0015,Pepper,45.3,Medium
2025-09-05,P0015,Pepper,44.1,Medium
2025-09-06,P0015,Pepper,45.4,Medium
2025-09-07,P0015,Pepper,42.8,Medium
2025-09-08,P0015,Pepper,48.1,Medium
2025-09-09,P0015,Pepper,43.3,Medium
2025-09-10,P0015,Pepper,48,Medium
2025-09-11,P0015,Pepper,41.4,Medium
2025-09-12,P0015,Pepper,57.3,High
2025-02-21,P0016,Strawberry,39.1,Medium
2025-02-22,P0016,Strawberry,51.9,High
2025-02-23,P0016,Strawberry,49.3,Medium
2025-02-24,P0016,Strawberry,52.1,High
2025-02-25,P0016,Strawberry,48.3,Medium
2025-02-26,P0016,Strawberry,50.1,High
2025-02-27,P0016,Strawberry,54,High
2025-02-28,P0016,Strawberry,54.6,High
2025-03-01,P0016,Strawberry,62.9,High
2025-03-02,P0016,Strawberry,66.3,High
2025-03-03,P0016,Strawberry,33.3,Medium
2025-03-04,P0016,Strawberry,28.6,Medium
2025-03-05,P0016,Strawberry,33.5,Medium
2025-03-06,P0016,Strawberry,38.2,Medium
2025-03-07,P0016,Strawberry,39.3,Medium
2025-03-08,P0016,Strawberry,45.3,Medium
2025-03-09,P0016,Strawberry,49.9,Medium
2025-03-10,P0016,Strawberry,43.1,Medium
2025-03-11,P0016,Strawberry,46.2,Medium
2025-03-12,P0016,Strawberry,42.6,Medium
2025-03-13,P0016,Strawberry,48.4,Medium
2025-03-14,P0016,Strawberry,40.5,Medium
2025-03-15,P0016,Strawberry,46.8,Medium
2025-03-16,P0016,Strawberry,36.8,Medium
2025-03-17,P0016,Strawberry,42.4,Medium
2025-03-18,P0016,Strawberry,43.2,Medium
2025-03-19,P0016,Strawberry,40.7,Medium
2025-03-20,P0016,Strawberry,42,Medium
2025-03-21,P0016,Strawberry,41.4,Medium
2025-03-22,P0016,Strawberry,41.9,Medium
2025-03-23,P0016,Strawberry,35,Medium
2025-03-24,P0016,Strawberry,36.8,Medium
2025-03-25,P0016,Strawberry,39.3,Medium
2025-03-26,P0016,Strawberry,46.9,Medium
2025-03-27,P0016,Strawberry,52.3,High
2025-03-28,P0016,Strawberry,54.1,High
2025-03-29,P0016,Strawberry,51.5,High
2025-03-30,P0016,Strawberry,59,High
2025-03-31,P0016,Strawberry,56.4,High
2025-04-01,P0016,Strawberry,57.5,High
2025-04-02,P0016,Strawberry,57.1,High
2025-04-03,P0016,Strawberry,54.8,High
2025-04-04,P0016,Strawberry,64.8,High
2025-04-05,P0016,Strawberry,65.6,High
2025-04-06,P0016,Strawberry,62,High
2025-04-07,P0016,Strawberry,62.9,High
2025-04-08,P0016,Strawberry,58.1,High
2025-04-09,P0016,Strawberry,57.5,High
2025-04-10,P0016,Strawberry,56.7,High
2025-04-11,P0016,Strawberry,52.3,High
2025-04-12,P0016,Strawberry,55.4,High
2025-04-13,P0016,Strawberry,53,High
2025-04-14,P0016,Strawberry,43.4,Medium
2025-04-15,P0016,Strawberry,43.5,Medium
2025-04-16,P0016,Strawberry,35.4,Medium
2025-04-17,P0016,Strawberry,34.2,Medium
2025-04-18,P0016,Strawberry,37.2,Medium
2025-04-19,P0016,Strawberry,41.7,Medium
2025-04-20,P0016,Strawberry,30.1,Medium
2025-04-21,P0016,Strawberry,46.3,Medium
2025-04-22,P0016,Strawberry,52.8,High
2025-04-23,P0016,Strawberry,63.6,High
2025-04-24,P0016,Strawberry,54.7,High
2025-04-25,P0016,Strawberry,62.1,High
2025-04-26,P0016,Strawberry,56.5,High
2025-04-27,P0016,Strawberry,61,High
2025-04-28,P0016,Strawberry,55,High
2025-04-29,P0016,Strawberry,42.2,Medium
2025-04-30,P0016,Strawberry,44.8,Medium
2025-05-01,P0016,Strawberry,47.3,Medium
2025-05-02,P0016,Strawberry,47.5,Medium
2025-05-03,P0016,Strawberry,55.8,High
2025-05-04,P0016,Strawberry,54.8,High
2025-05-05,P0016,Strawberry,51.1,High
2025-05-06,P0016,Strawberry,49.5,Medium
2025-05-07,P0016,Strawberry,49.4,Medium
2025-05-08,P0016,Strawberry,51.9,High
2025-05-09,P0016,Strawberry,50.6,High
2025-05-10,P0016,Strawberry,52.1,High
2025-05-11,P0016,Strawberry,55.2,High
2025-05-12,P0016,Strawberry,72.9,High
2025-05-13,P0016,Strawberry,47.2,Medium
2025-05-14,P0016,Strawberry,49.4,Medium
2025-05-15,P0016,Strawberry,48.3,Medium
2025-05-16,P0016,Strawberry,45.6,Medium
2025-05-17,P0016,Strawberry,43.8,Medium
2025-05-18,P0016,Strawberry,34.6,Medium
2025-05-19,P0016,Strawberry,28.3,Medium
2025-05-20,P0016,Strawberry,21.8,Low
2025-05-21,P0016,Strawberry,35.1,Medium
2025-05-22,P0016,Strawberry,37.9,Medium
2025-05-23,P0016,Strawberry,33.4,Medium
2025-05-24,P0016,Strawberry,33,Medium
2025-05-25,P0016,Strawberry,32.9,Medium
2025-05-26,P0016,Strawberry,34.8,Medium
2025-05-27,P0016,Strawberry,34.6,Medium
2025-05-28,P0016,Strawberry,25.8,Medium
2025-05-29,P0016,Strawberry,14.5,Low
2025-05-30,P0016,Strawberry,21.5,Low
2025-05-31,P0016,Strawberry,21.5,Low
2025-06-01,P0016,Strawberry,27.2,Medium
2025-06-02,P0016,Strawberry,19.7,Low
2025-06-03,P0016,Strawberry,27.6,Medium
2025-06-04,P0016,Strawberry,34.3,Medium
2025-06-05,P0016,Strawberry,35.1,Medium
2025-06-06,P0016,Strawberry,39.9,Medium
2025-06-07,P0016,Strawberry,36.3,Medium
2025-06-08,P0016,Strawberry,33.8,Medium
2025-06-09,P0016,Strawberry,24.8,Low
2025-06-10,P0016,Strawberry,37.2,Medium
2025-06-11,P0016,Strawberry,31.3,Medium
2025-06-12,P0016,Strawberry,30.3,Medium
2025-06-13,P0016,Strawberry,26.8,Medium
2025-06-14,P0016,Strawberry,22.4,Low
2025-06-15,P0016,Strawberry,27.5,Medium
2025-06-16,P0016,Strawberry,39.4,Medium
2025-06-17,P0016,Strawberry,32.6,Medium
2025-06-18,P0016,Strawberry,32,Medium
2025-06-19,P0016,Strawberry,35.9,Medium
2025-06-20,P0016,Strawberry,38.1,Medium
2025-06-21,P0016,Strawberry,39,Medium
2025-06-22,P0016,Strawberry,36.9,Medium
2025-06-23,P0016,Strawberry,37.6,Medium
2025-06-24,P0016,Strawberry,40.3,Medium
2025-06-25,P0016,Strawberry,32.7,Medium
2025-06-26,P0016,Strawberry,32,Medium
2025-06-27,P0016,Strawberry,31.3,Medium
2025-06-28,P0016,Strawberry,37.2,Medium
2025-06-29,P0016,Strawberry,40.2,Medium
2025-06-30,P0016,Strawberry,38.2,Medium
2025-07-01,P0016,Strawberry,40,Medium
2025-07-02,P0016,Strawberry,39.5,Medium
2025-07-03,P0016,Strawberry,38.4,Medium
2025-07-04,P0016,Strawberry,30.2,Medium
2025-07-05,P0016,Strawberry,30.4,Medium
2025-07-06,P0016,Strawberry,29.4,Medium
2025-07-07,P0016,Strawberry,45.1,Medium
2025-07-08,P0016,Strawberry,36.9,Medium
2025-07-09,P0016,Strawberry,32.7,Medium
2025-07-10,P0016,Strawberry,35.6,Medium
2025-07-11,P0016,Strawberry,34.3,Medium
2025-07-12,P0016,Strawberry,31.8,Medium
2025-07-13,P0016,Strawberry,7.7,Low
2025-07-14,P0016,Strawberry,19,Low
2025-07-15,P0016,Strawberry,37.5,Medium
2025-07-16,P0016,Strawberry,37.3,Medium
2025-07-17,P0016,Strawberry,38.2,Medium
2025-07-18,P0016,Strawberry,37.1,Medium
2025-07-19,P0016,Strawberry,43,Medium
2025-07-20,P0016,Strawberry,42.1,Medium
2025-07-21,P0016,Strawberry,45.7,Medium
2025-07-22,P0016,Strawberry,31.2,Medium
2025-07-23,P0016,Strawberry,33.7,Medium
2025-07-24,P0016,Strawberry,32.5,Medium
2025-07-25,P0016,Strawberry,24.2,Low
2025-07-26,P0016,Strawberry,18.7,Low
2025-07-27,P0016,Strawberry,17,Low
2025-07-28,P0016,Strawberry,16.6,Low
2025-07-29,P0016,Strawberry,21.2,Low
2025-07-30,P0016,Strawberry,19.7,Low
2025-07-31,P0016,Strawberry,22.8,Low
2025-08-01,P0016,Strawberry,25.5,Medium
2025-08-02,P0016,Strawberry,25.1,Medium
2025-08-03,P0016,Strawberry,20.6,Low
2025-08-04,P0016,Strawberry,24.2,Low
2025-08-05,P0016,Strawberry,23.7,Low
2025-08-06,P0016,Strawberry,27,Medium
2025-08-07,P0016,Strawberry,28.7,Medium
2025-08-08,P0016,Strawberry,39.4,Medium
2025-08-09,P0016,Strawberry,34.1,Medium
2025-08-10,P0016,Strawberry,45.2,Medium
2025-08-11,P0016,Strawberry,45.5,Medium
2025-08-12,P0016,Strawberry,47.2,Medium
2025-08-13,P0016,Strawberry,40.5,Medium
2025-08-14,P0016,Strawberry,33.1,Medium
2025-08-15,P0016,Strawberry,29.7,Medium
2025-08-16,P0016,Strawberry,32.9,Medium
2025-08-17,P0016,Strawberry,30.5,Medium
2025-08-18,P0016,Strawberry,20.5,Low
2025-08-19,P0016,Strawberry,19.1,Low
2025-08-20,P0016,Strawberry,21.9,Low
2025-08-21,P0016,Strawberry,33.2,Medium
2025-08-22,P0016,Strawberry,36.9,Medium
2025-08-23,P0016,Strawberry,37.3,Medium
2025-08-24,P0016,Strawberry,39.5,Medium
2025-08-25,P0016,Strawberry,42,Medium
2025-08-26,P0016,Strawberry,44,Medium
2025-08-27,P0016,Strawberry,51.6,High
2025-08-28,P0016,Strawberry,47.5,Medium
2025-08-29,P0016,Strawberry,33.9,Medium
2025-08-30,P0016,Strawberry,52.8,High
2025-08-31,P0016,Strawberry,52.9,High
2025-09-01,P0016,Strawberry,50.8,High
2025-09-02,P0016,Strawberry,50.5,High
2025-09-03,P0016,Strawberry,51.9,High
2025-09-04,P0016,Strawberry,40.7,Medium
2025-09-05,P0016,Strawberry,28.6,Medium
2025-09-06,P0016,Strawberry,26.9,Medium
2025-09-07,P0016,Strawberry,21.5,Low
2025-09-08,P0016,Strawberry,20.2,Low
2025-09-09,P0016,Strawberry,21.3,Low
2025-09-10,P0016,Strawberry,17.9,Low
2025-09-11,P0016,Strawberry,31.9,Medium
2025-09-12,P0016,Strawberry,35.3,Medium
2025-02-21,P0017,Tomato,48.6,Medium
2025-02-22,P0017,Tomato,35.4,Medium
2025-02-23,P0017,Tomato,38.5,Medium
2025-02-24,P0017,Tomato,50,High
2025-02-25,P0017,Tomato,49.4,Medium
2025-02-26,P0017,Tomato,60.3,High
2025-02-27,P0017,Tomato,60.8,High
2025-02-28,P0017,Tomato,60.3,High
2025-03-01,P0017,Tomato,71,High
2025-03-02,P0017,Tomato,72.5,High
2025-03-03,P0017,Tomato,67.2,High
2025-03-04,P0017,Tomato,60.6,High
2025-03-05,P0017,Tomato,55.1,High
2025-03-06,P0017,Tomato,50.6,High
2025-03-07,P0017,Tomato,55.9,High
2025-03-08,P0017,Tomato,48.7,Medium
2025-03-09,P0017,Tomato,50.1,High
2025-03-10,P0017,Tomato,46.4,Medium
2025-03-11,P0017,Tomato,51.5,High
2025-03-12,P0017,Tomato,52.3,High
2025-03-13,P0017,Tomato,59.1,High
2025-03-14,P0017,Tomato,58,High
2025-03-15,P0017,Tomato,57.9,High
2025-03-16,P0017,Tomato,51.7,High
2025-03-17,P0017,Tomato,65.9,High
2025-03-18,P0017,Tomato,66.3,High
2025-03-19,P0017,Tomato,70.4,High
2025-03-20,P0017,Tomato,59.3,High
2025-03-21,P0017,Tomato,73.1,High
2025-03-22,P0017,Tomato,74.1,High
2025-03-23,P0017,Tomato,78.2,Critical
2025-03-24,P0017,Tomato,62.3,High
2025-03-25,P0017,Tomato,65.5,High
2025-03-26,P0017,Tomato,54,High
2025-03-27,P0017,Tomato,61.7,High
2025-03-28,P0017,Tomato,60.2,High
2025-03-29,P0017,Tomato,63.5,High
2025-03-30,P0017,Tomato,62,High
2025-03-31,P0017,Tomato,63.3,High
2025-04-01,P0017,Tomato,60.8,High
2025-04-02,P0017,Tomato,66.4,High
2025-04-03,P0017,Tomato,58.9,High
2025-04-04,P0017,Tomato,62.2,High
2025-04-05,P0017,Tomato,75.1,Critical
2025-04-06,P0017,Tomato,75.8,Critical
2025-04-07,P0017,Tomato,77.4,Critical
2025-04-08,P0017,Tomato,71.4,High
2025-04-09,P0017,Tomato,65.8,High
2025-04-10,P0017,Tomato,66.4,High
2025-04-11,P0017,Tomato,68.3,High
2025-04-12,P0017,Tomato,72.9,High
2025-04-13,P0017,Tomato,67.3,High
2025-04-14,P0017,Tomato,66.5,High
2025-04-15,P0017,Tomato,65.9,High
2025-04-16,P0017,Tomato,61.7,High
2025-04-17,P0017,Tomato,58.2,High
2025-04-18,P0017,Tomato,63.7,High
2025-04-19,P0017,Tomato,53.7,High
2025-04-20,P0017,Tomato,57.9,High
2025-04-21,P0017,Tomato,55.4,High
2025-04-22,P0017,Tomato,58.9,High
2025-04-23,P0017,Tomato,63.2,High
2025-04-24,P0017,Tomato,83.3,Critical
2025-04-25,P0017,Tomato,65.6,High
2025-04-26,P0017,Tomato,70.7,High
2025-04-27,P0017,Tomato,60.3,High
2025-04-28,P0017,Tomato,69.9,High
2025-04-29,P0017,Tomato,70.2,High
2025-04-30,P0017,Tomato,68.7,High
2025-05-01,P0017,Tomato,50.3,High
2025-05-02,P0017,Tomato,54.9,High
2025-05-03,P0017,Tomato,51.5,High
2025-05-04,P0017,Tomato,54.5,High
2025-05-05,P0017,Tomato,55.6,High
2025-05-06,P0017,Tomato,50.2,High
2025-05-07,P0017,Tomato,61.8,High
2025-05-08,P0017,Tomato,57.3,High
2025-05-09,P0017,Tomato,62.9,High
2025-05-10,P0017,Tomato,65.4,High
2025-05-11,P0017,Tomato,85.7,Critical
2025-05-12,P0017,Tomato,77.9,Critical
2025-05-13,P0017,Tomato,78.1,Critical
2025-05-14,P0017,Tomato,68.6,High
2025-05-15,P0017,Tomato,58,High
2025-05-16,P0017,Tomato,54.5,High
2025-05-17,P0017,Tomato,62.6,High
2025-05-18,P0017,Tomato,51,High
2025-05-19,P0017,Tomato,49.8,Medium
2025-05-20,P0017,Tomato,38.9,Medium
2025-05-21,P0017,Tomato,37.7,Medium
2025-05-22,P0017,Tomato,31.4,Medium
2025-05-23,P0017,Tomato,34.6,Medium
2025-05-24,P0017,Tomato,33.8,Medium
2025-05-25,P0017,Tomato,36.7,Medium
2025-05-26,P0017,Tomato,38.8,Medium
2025-05-27,P0017,Tomato,38,Medium
2025-05-28,P0017,Tomato,35.1,Medium
2025-05-29,P0017,Tomato,38,Medium
2025-05-30,P0017,Tomato,34.3,Medium
2025-05-31,P0017,Tomato,47.8,Medium
2025-06-01,P0017,Tomato,43.2,Medium
2025-06-02,P0017,Tomato,57.2,High
2025-06-03,P0017,Tomato,51.9,High
2025-06-04,P0017,Tomato,43.4,Medium
2025-06-05,P0017,Tomato,43.9,Medium
2025-06-06,P0017,Tomato,37.3,Medium
2025-06-07,P0017,Tomato,33.5,Medium
2025-06-08,P0017,Tomato,35.2,Medium
2025-06-09,P0017,Tomato,20.2,Low
2025-06-10,P0017,Tomato,25.3,Medium
2025-06-11,P0017,Tomato,16.7,Low
2025-06-12,P0017,Tomato,17.2,Low
2025-06-13,P0017,Tomato,29.5,Medium
2025-06-14,P0017,Tomato,20.5,Low
2025-06-15,P0017,Tomato,30.3,Medium
2025-06-16,P0017,Tomato,35,Medium
2025-06-17,P0017,Tomato,44.5,Medium
2025-06-18,P0017,Tomato,44.2,Medium
2025-06-19,P0017,Tomato,46.1,Medium
2025-06-20,P0017,Tomato,47.1,Medium
2025-06-21,P0017,Tomato,46.6,Medium
2025-06-22,P0017,Tomato,43.5,Medium
2025-06-23,P0017,Tomato,40.4,Medium
2025-06-24,P0017,Tomato,43.3,Medium
2025-06-25,P0017,Tomato,45.5,Medium
2025-06-26,P0017,Tomato,34.7,Medium
2025-06-27,P0017,Tomato,39.2,Medium
2025-06-28,P0017,Tomato,35.6,Medium
2025-06-29,P0017,Tomato,42.3,Medium
2025-06-30,P0017,Tomato,41.1,Medium
2025-07-01,P0017,Tomato,43.8,Medium
2025-07-02,P0017,Tomato,42.4,Medium
2025-07-03,P0017,Tomato,44.8,Medium
2025-07-04,P0017,Tomato,60.2,High
2025-07-05,P0017,Tomato,57.4,High
2025-07-06,P0017,Tomato,54,High
2025-07-07,P0017,Tomato,51.1,High
2025-07-08,P0017,Tomato,42.3,Medium
2025-07-09,P0017,Tomato,50,High
2025-07-10,P0017,Tomato,51.2,High
2025-07-11,P0017,Tomato,52.2,High
2025-07-12,P0017,Tomato,46.9,Medium
2025-07-13,P0017,Tomato,47.6,Medium
2025-07-14,P0017,Tomato,37.9,Medium
2025-07-15,P0017,Tomato,38.6,Medium
2025-07-16,P0017,Tomato,41.2,Medium
2025-07-17,P0017,Tomato,33.9,Medium
2025-07-18,P0017,Tomato,29.5,Medium
2025-07-19,P0017,Tomato,24,Low
2025-07-20,P0017,Tomato,57,High
2025-07-21,P0017,Tomato,59.9,High
2025-07-22,P0017,Tomato,71.1,High
2025-07-23,P0017,Tomato,77.6,Critical
2025-07-24,P0017,Tomato,65.6,High
2025-07-25,P0017,Tomato,62.9,High
2025-07-26,P0017,Tomato,62,High
2025-07-27,P0017,Tomato,36.8,Medium
2025-07-28,P0017,Tomato,41.3,Medium
2025-07-29,P0017,Tomato,52,High
2025-07-30,P0017,Tomato,35.2,Medium
2025-07-31,P0017,Tomato,37.8,Medium
2025-08-01,P0017,Tomato,33.6,Medium
2025-08-02,P0017,Tomato,40,Medium
2025-08-03,P0017,Tomato,43.1,Medium
2025-08-04,P0017,Tomato,47,Medium
2025-08-05,P0017,Tomato,47.7,Medium
2025-08-06,P0017,Tomato,46.7,Medium
2025-08-07,P0017,Tomato,41.2,Medium
2025-08-08,P0017,Tomato,36.6,Medium
2025-08-09,P0017,Tomato,34.2,Medium
2025-08-10,P0017,Tomato,28.9,Medium
2025-08-11,P0017,Tomato,45.2,Medium
2025-08-12,P0017,Tomato,43.4,Medium
2025-08-13,P0017,Tomato,41.5,Medium
2025-08-14,P0017,Tomato,38.3,Medium
2025-08-15,P0017,Tomato,38.3,Medium
2025-08-16,P0017,Tomato,38.9,Medium
2025-08-17,P0017,Tomato,47.5,Medium
2025-08-18,P0017,Tomato,36.7,Medium
2025-08-19,P0017,Tomato,40.5,Medium
2025-08-20,P0017,Tomato,47.3,Medium
2025-08-21,P0017,Tomato,37.7,Medium
2025-08-22,P0017,Tomato,40.5,Medium
2025-08-23,P0017,Tomato,40.3,Medium
2025-08-24,P0017,Tomato,42.7,Medium
2025-08-25,P0017,Tomato,35.5,Medium
2025-08-26,P0017,Tomato,53.5,High
2025-08-27,P0017,Tomato,56,High
2025-08-28,P0017,Tomato,53.9,High
2025-08-29,P0017,Tomato,57.6,High
2025-08-30,P0017,Tomato,46.2,Medium
2025-08-31,P0017,Tomato,51.2,High
2025-09-01,P0017,Tomato,38.4,Medium
2025-09-02,P0017,Tomato,29.6,Medium
2025-09-03,P0017,Tomato,24.4,Low
2025-09-04,P0017,Tomato,29.1,Medium
2025-09-05,P0017,Tomato,28.4,Medium
2025-09-06,P0017,Tomato,25.4,Medium
2025-09-07,P0017,Tomato,30.6,Medium
2025-09-08,P0017,Tomato,27.2,Medium
2025-09-09,P0017,Tomato,23.7,Low
2025-09-10,P0017,Tomato,30.2,Medium
2025-09-11,P0017,Tomato,29.7,Medium
2025-09-12,P0017,Tomato,37.2,Medium
2025-02-21,P0018,Strawberry,39.9,Medium
2025-02-22,P0018,Strawberry,46.3,Medium
2025-02-23,P0018,Strawberry,51.8,High
2025-02-24,P0018,Strawberry,55.9,High
2025-02-25,P0018,Strawberry,46.9,Medium
2025-02-26,P0018,Strawberry,57.1,High
2025-02-27,P0018,Strawberry,41,Medium
2025-02-28,P0018,Strawberry,50.8,High
2025-03-01,P0018,Strawberry,57,High
2025-03-02,P0018,Strawberry,53,High
2025-03-03,P0018,Strawberry,51.6,High
2025-03-04,P0018,Strawberry,53.1,High
2025-03-05,P0018,Strawberry,46.2,Medium
2025-03-06,P0018,Strawberry,50.3,High
2025-03-07,P0018,Strawberry,52.9,High
2025-03-08,P0018,Strawberry,59.8,High
2025-03-09,P0018,Strawberry,53.6,High
2025-03-10,P0018,Strawberry,54.3,High
2025-03-11,P0018,Strawberry,43.7,Medium
2025-03-12,P0018,Strawberry,46.8,Medium
2025-03-13,P0018,Strawberry,50.9,High
2025-03-14,P0018,Strawberry,47.5,Medium
2025-03-15,P0018,Strawberry,46.7,Medium
2025-03-16,P0018,Strawberry,49.3,Medium
2025-03-17,P0018,Strawberry,44.9,Medium
2025-03-18,P0018,Strawberry,54.5,High
2025-03-19,P0018,Strawberry,51.4,High
2025-03-20,P0018,Strawberry,57.9,High
2025-03-21,P0018,Strawberry,59.3,High
2025-03-22,P0018,Strawberry,46.3,Medium
2025-03-23,P0018,Strawberry,52.5,High
2025-03-24,P0018,Strawberry,50.8,High
2025-03-25,P0018,Strawberry,46,Medium
2025-03-26,P0018,Strawberry,43.9,Medium
2025-03-27,P0018,Strawberry,39.4,Medium
2025-03-28,P0018,Strawberry,43.6,Medium
2025-03-29,P0018,Strawberry,51.8,High
2025-03-30,P0018,Strawberry,56.1,High
2025-03-31,P0018,Strawberry,58.2,High
2025-04-01,P0018,Strawberry,57.7,High
2025-04-02,P0018,Strawberry,53.3,High
2025-04-03,P0018,Strawberry,53.8,High
2025-04-04,P0018,Strawberry,64.9,High
2025-04-05,P0018,Strawberry,61,High
2025-04-06,P0018,Strawberry,68.3,High
2025-04-07,P0018,Strawberry,61.8,High
2025-04-08,P0018,Strawberry,62.8,High
2025-04-09,P0018,Strawberry,60.2,High
2025-04-10,P0018,Strawberry,63.5,High
2025-04-11,P0018,Strawberry,59.9,High
2025-04-12,P0018,Strawberry,60.7,High
2025-04-13,P0018,Strawberry,57.8,High
2025-04-14,P0018,Strawberry,54,High
2025-04-15,P0018,Strawberry,54.1,High
2025-04-16,P0018,Strawberry,47.9,Medium
2025-04-17,P0018,Strawberry,45.5,Medium
2025-04-18,P0018,Strawberry,58,High
2025-04-19,P0018,Strawberry,52.5,High
2025-04-20,P0018,Strawberry,49.5,Medium
2025-04-21,P0018,Strawberry,58.3,High
2025-04-22,P0018,Strawberry,62.3,High
2025-04-23,P0018,Strawberry,57.2,High
2025-04-24,P0018,Strawberry,68.3,High
2025-04-25,P0018,Strawberry,58.3,High
2025-04-26,P0018,Strawberry,59.5,High
2025-04-27,P0018,Strawberry,59.8,High
2025-04-28,P0018,Strawberry,63.2,High
2025-04-29,P0018,Strawberry,53.9,High
2025-04-30,P0018,Strawberry,59.1,High
2025-05-01,P0018,Strawberry,56.6,High
2025-05-02,P0018,Strawberry,49.3,Medium
2025-05-03,P0018,Strawberry,54.6,High
2025-05-04,P0018,Strawberry,51.2,High
2025-05-05,P0018,Strawberry,40.1,Medium
2025-05-06,P0018,Strawberry,48.8,Medium
2025-05-07,P0018,Strawberry,60.2,High
2025-05-08,P0018,Strawberry,66.5,High
2025-05-09,P0018,Strawberry,61.3,High
2025-05-10,P0018,Strawberry,68,High
2025-05-11,P0018,Strawberry,63.3,High
2025-05-12,P0018,Strawberry,81.6,Critical
2025-05-13,P0018,Strawberry,73.5,High
2025-05-14,P0018,Strawberry,70.7,High
2025-05-15,P0018,Strawberry,60.6,High
2025-05-16,P0018,Strawberry,59.3,High
2025-05-17,P0018,Strawberry,56.4,High
2025-05-18,P0018,Strawberry,68.4,High
2025-05-19,P0018,Strawberry,60.3,High
2025-05-20,P0018,Strawberry,46.9,Medium
2025-05-21,P0018,Strawberry,45.2,Medium
2025-05-22,P0018,Strawberry,43.5,Medium
2025-05-23,P0018,Strawberry,43.1,Medium
2025-05-24,P0018,Strawberry,35.6,Medium
2025-05-25,P0018,Strawberry,39.4,Medium
2025-05-26,P0018,Strawberry,46.5,Medium
2025-05-27,P0018,Strawberry,52.3,High
2025-05-28,P0018,Strawberry,56.6,High
2025-05-29,P0018,Strawberry,47.9,Medium
2025-05-30,P0018,Strawberry,56,High
2025-05-31,P0018,Strawberry,42.5,Medium
2025-06-01,P0018,Strawberry,46.2,Medium
2025-06-02,P0018,Strawberry,48.9,Medium
2025-06-03,P0018,Strawberry,47.4,Medium
2025-06-04,P0018,Strawberry,42.4,Medium
2025-06-05,P0018,Strawberry,51.6,High
2025-06-06,P0018,Strawberry,41.2,Medium
2025-06-07,P0018,Strawberry,35.6,Medium
2025-06-08,P0018,Strawberry,31.3,Medium
2025-06-09,P0018,Strawberry,27.9,Medium
2025-06-10,P0018,Strawberry,35.5,Medium
2025-06-11,P0018,Strawberry,27.4,Medium
2025-06-12,P0018,Strawberry,37,Medium
2025-06-13,P0018,Strawberry,24.4,Low
2025-06-14,P0018,Strawberry,27.7,Medium
2025-06-15,P0018,Strawberry,35,Medium
2025-06-16,P0018,Strawberry,38.9,Medium
2025-06-17,P0018,Strawberry,56.7,High
2025-06-18,P0018,Strawberry,54,High
2025-06-19,P0018,Strawberry,58.4,High
2025-06-20,P0018,Strawberry,49.4,Medium
2025-06-21,P0018,Strawberry,54.4,High
2025-06-22,P0018,Strawberry,51.9,High
2025-06-23,P0018,Strawberry,47.6,Medium
2025-06-24,P0018,Strawberry,47.3,Medium
2025-06-25,P0018,Strawberry,45.6,Medium
2025-06-26,P0018,Strawberry,42,Medium
2025-06-27,P0018,Strawberry,37.3,Medium
2025-06-28,P0018,Strawberry,35.7,Medium
2025-06-29,P0018,Strawberry,46.7,Medium
2025-06-30,P0018,Strawberry,29.7,Medium
2025-07-01,P0018,Strawberry,45.3,Medium
2025-07-02,P0018,Strawberry,38.5,Medium
2025-07-03,P0018,Strawberry,45.2,Medium
2025-07-04,P0018,Strawberry,48.8,Medium
2025-07-05,P0018,Strawberry,53.8,High
2025-07-06,P0018,Strawberry,43.1,Medium
2025-07-07,P0018,Strawberry,36,Medium
2025-07-08,P0018,Strawberry,27.7,Medium
2025-07-09,P0018,Strawberry,28,Medium
2025-07-10,P0018,Strawberry,34.1,Medium
2025-07-11,P0018,Strawberry,32.3,Medium
2025-07-12,P0018,Strawberry,36,Medium
2025-07-13,P0018,Strawberry,29.2,Medium
2025-07-14,P0018,Strawberry,34.4,Medium
2025-07-15,P0018,Strawberry,39.6,Medium
2025-07-16,P0018,Strawberry,37.3,Medium
2025-07-17,P0018,Strawberry,40.7,Medium
2025-07-18,P0018,Strawberry,44.2,Medium
2025-07-19,P0018,Strawberry,43.7,Medium
2025-07-20,P0018,Strawberry,50.9,High
2025-07-21,P0018,Strawberry,55.7,High
2025-07-22,P0018,Strawberry,50.4,High
2025-07-23,P0018,Strawberry,46.4,Medium
2025-07-24,P0018,Strawberry,49.1,Medium
2025-07-25,P0018,Strawberry,41.9,Medium
2025-07-26,P0018,Strawberry,42.8,Medium
2025-07-27,P0018,Strawberry,45.4,Medium
2025-07-28,P0018,Strawberry,44.9,Medium
2025-07-29,P0018,Strawberry,38.7,Medium
2025-07-30,P0018,Strawberry,36.3,Medium
2025-07-31,P0018,Strawberry,34.2,Medium
2025-08-01,P0018,Strawberry,34.4,Medium
2025-08-02,P0018,Strawberry,36.6,Medium
2025-08-03,P0018,Strawberry,35.2,Medium
2025-08-04,P0018,Strawberry,31.1,Medium
2025-08-05,P0018,Strawberry,31.4,Medium
2025-08-06,P0018,Strawberry,40.4,Medium
2025-08-07,P0018,Strawberry,42.8,Medium
2025-08-08,P0018,Strawberry,57.9,High
2025-08-09,P0018,Strawberry,54,High
2025-08-10,P0018,Strawberry,35.6,Medium
2025-08-11,P0018,Strawberry,44.8,Medium
2025-08-12,P0018,Strawberry,42.4,Medium
2025-08-13,P0018,Strawberry,46.3,Medium
2025-08-14,P0018,Strawberry,47.6,Medium
2025-08-15,P0018,Strawberry,37.2,Medium
2025-08-16,P0018,Strawberry,28.9,Medium
2025-08-17,P0018,Strawberry,30.9,Medium
2025-08-18,P0018,Strawberry,29.4,Medium
2025-08-19,P0018,Strawberry,31.6,Medium
2025-08-20,P0018,Strawberry,32,Medium
2025-08-21,P0018,Strawberry,32,Medium
2025-08-22,P0018,Strawberry,34.4,Medium
2025-08-23,P0018,Strawberry,33.4,Medium
2025-08-24,P0018,Strawberry,44.6,Medium
2025-08-25,P0018,Strawberry,36.6,Medium
2025-08-26,P0018,Strawberry,46,Medium
2025-08-27,P0018,Strawberry,54.4,High
2025-08-28,P0018,Strawberry,56.5,High
2025-08-29,P0018,Strawberry,61.9,High
2025-08-30,P0018,Strawberry,45.3,Medium
2025-08-31,P0018,Strawberry,50.3,High
2025-09-01,P0018,Strawberry,52.6,High
2025-09-02,P0018,Strawberry,47.9,Medium
2025-09-03,P0018,Strawberry,47.8,Medium
2025-09-04,P0018,Strawberry,41.2,Medium
2025-09-05,P0018,Strawberry,40.1,Medium
2025-09-06,P0018,Strawberry,36.4,Medium
2025-09-07,P0018,Strawberry,48.8,Medium
2025-09-08,P0018,Strawberry,30.2,Medium
2025-09-09,P0018,Strawberry,22.4,Low
2025-09-10,P0018,Strawberry,25.4,Medium
2025-09-11,P0018,Strawberry,36.8,Medium
2025-09-12,P0018,Strawberry,42.3,Medium
2025-02-21,P0019,Tomato,13.9,Low
2025-02-22,P0019,Tomato,13,Low
2025-02-23,P0019,Tomato,31,Medium
2025-02-24,P0019,Tomato,28.1,Medium
2025-02-25,P0019,Tomato,40.2,Medium
2025-02-26,P0019,Tomato,43.6,Medium
2025-02-27,P0019,Tomato,51,High
2025-02-28,P0019,Tomato,44.8,Medium
2025-03-01,P0019,Tomato,61.5,High
2025-03-02,P0019,Tomato,67.1,High
2025-03-03,P0019,Tomato,63.6,High
2025-03-04,P0019,Tomato,60.5,High
2025-03-05,P0019,Tomato,60.2,High
2025-03-06,P0019,Tomato,45.4,Medium
2025-03-07,P0019,Tomato,45.9,Medium
2025-03-08,P0019,Tomato,49.5,Medium
2025-03-09,P0019,Tomato,38.5,Medium
2025-03-10,P0019,Tomato,41.8,Medium
2025-03-11,P0019,Tomato,45.2,Medium
2025-03-12,P0019,Tomato,31.4,Medium
2025-03-13,P0019,Tomato,36.7,Medium
2025-03-14,P0019,Tomato,42,Medium
2025-03-15,P0019,Tomato,38.9,Medium
2025-03-16,P0019,Tomato,34.2,Medium
2025-03-17,P0019,Tomato,44.9,Medium
2025-03-18,P0019,Tomato,53,High
2025-03-19,P0019,Tomato,50,High
2025-03-20,P0019,Tomato,58.7,High
2025-03-21,P0019,Tomato,61.7,High
2025-03-22,P0019,Tomato,59.3,High
2025-03-23,P0019,Tomato,61.7,High
2025-03-24,P0019,Tomato,66.4,High
2025-03-25,P0019,Tomato,55.5,High
2025-03-26,P0019,Tomato,50.4,High
2025-03-27,P0019,Tomato,48.8,Medium
2025-03-28,P0019,Tomato,46.4,Medium
2025-03-29,P0019,Tomato,48.3,Medium
2025-03-30,P0019,Tomato,41.7,Medium
2025-03-31,P0019,Tomato,47.3,Medium
2025-04-01,P0019,Tomato,52,High
2025-04-02,P0019,Tomato,45.6,Medium
2025-04-03,P0019,Tomato,53.5,High
2025-04-04,P0019,Tomato,61.7,High
2025-04-05,P0019,Tomato,58.4,High
2025-04-06,P0019,Tomato,65.3,High
2025-04-07,P0019,Tomato,67.5,High
2025-04-08,P0019,Tomato,64.6,High
2025-04-09,P0019,Tomato,66.8,High
2025-04-10,P0019,Tomato,69.4,High
2025-04-11,P0019,Tomato,72.5,High
2025-04-12,P0019,Tomato,67.6,High
2025-04-13,P0019,Tomato,67.6,High
2025-04-14,P0019,Tomato,52.6,High
2025-04-15,P0019,Tomato,49.9,Medium
2025-04-16,P0019,Tomato,51.7,High
2025-04-17,P0019,Tomato,44.9,Medium
2025-04-18,P0019,Tomato,44.9,Medium
2025-04-19,P0019,Tomato,46,Medium
2025-04-20,P0019,Tomato,45.8,Medium
2025-04-21,P0019,Tomato,42.9,Medium
2025-04-22,P0019,Tomato,36.1,Medium
2025-04-23,P0019,Tomato,42,Medium
2025-04-24,P0019,Tomato,42.8,Medium
2025-04-25,P0019,Tomato,42.2,Medium
2025-04-26,P0019,Tomato,45.9,Medium
2025-04-27,P0019,Tomato,50,High
2025-04-28,P0019,Tomato,38.7,Medium
2025-04-29,P0019,Tomato,45.8,Medium
2025-04-30,P0019,Tomato,40.2,Medium
2025-05-01,P0019,Tomato,46.1,Medium
2025-05-02,P0019,Tomato,52.3,High
2025-05-03,P0019,Tomato,43.1,Medium
2025-05-04,P0019,Tomato,54.9,High
2025-05-05,P0019,Tomato,45.6,Medium
2025-05-06,P0019,Tomato,47.2,Medium
2025-05-07,P0019,Tomato,53.7,High
2025-05-08,P0019,Tomato,53.8,High
2025-05-09,P0019,Tomato,30,Medium
2025-05-10,P0019,Tomato,35.9,Medium
2025-05-11,P0019,Tomato,37.2,Medium
2025-05-12,P0019,Tomato,49.5,Medium
2025-05-13,P0019,Tomato,44.4,Medium
2025-05-14,P0019,Tomato,38.4,Medium
2025-05-15,P0019,Tomato,42.5,Medium
2025-05-16,P0019,Tomato,37.4,Medium
2025-05-17,P0019,Tomato,32.1,Medium
2025-05-18,P0019,Tomato,33,Medium
2025-05-19,P0019,Tomato,34.4,Medium
2025-05-20,P0019,Tomato,31.6,Medium
2025-05-21,P0019,Tomato,29.5,Medium
2025-05-22,P0019,Tomato,23.2,Low
2025-05-23,P0019,Tomato,18.8,Low
2025-05-24,P0019,Tomato,16.4,Low
2025-05-25,P0019,Tomato,15.1,Low
2025-05-26,P0019,Tomato,22.6,Low
2025-05-27,P0019,Tomato,25.8,Medium
2025-05-28,P0019,Tomato,31.1,Medium
2025-05-29,P0019,Tomato,23,Low
2025-05-30,P0019,Tomato,26.1,Medium
2025-05-31,P0019,Tomato,29.5,Medium
2025-06-01,P0019,Tomato,18.3,Low
2025-06-02,P0019,Tomato,41.2,Medium
2025-06-03,P0019,Tomato,30.1,Medium
2025-06-04,P0019,Tomato,28.5,Medium
2025-06-05,P0019,Tomato,32.6,Medium
2025-06-06,P0019,Tomato,27.7,Medium
2025-06-07,P0019,Tomato,27.6,Medium
2025-06-08,P0019,Tomato,19.4,Low
2025-06-09,P0019,Tomato,5.8,Low
2025-06-10,P0019,Tomato,8.5,Low
2025-06-11,P0019,Tomato,10.5,Low
2025-06-12,P0019,Tomato,15.3,Low
2025-06-13,P0019,Tomato,26.9,Medium
2025-06-14,P0019,Tomato,39.3,Medium
2025-06-15,P0019,Tomato,41.4,Medium
2025-06-16,P0019,Tomato,45.8,Medium
2025-06-17,P0019,Tomato,60,High
2025-06-18,P0019,Tomato,56,High
2025-06-19,P0019,Tomato,37.1,Medium
2025-06-20,P0019,Tomato,36.8,Medium
2025-06-21,P0019,Tomato,41.8,Medium
2025-06-22,P0019,Tomato,29.4,Medium
2025-06-23,P0019,Tomato,24.7,Low
2025-06-24,P0019,Tomato,21.1,Low
2025-06-25,P0019,Tomato,19.6,Low
2025-06-26,P0019,Tomato,15.1,Low
2025-06-27,P0019,Tomato,30.9,Medium
2025-06-28,P0019,Tomato,33.3,Medium
2025-06-29,P0019,Tomato,44.7,Medium
2025-06-30,P0019,Tomato,33,Medium
2025-07-01,P0019,Tomato,28.8,Medium
2025-07-02,P0019,Tomato,38.7,Medium
2025-07-03,P0019,Tomato,34.3,Medium
2025-07-04,P0019,Tomato,36.6,Medium
2025-07-05,P0019,Tomato,24.5,Low
2025-07-06,P0019,Tomato,40.8,Medium
2025-07-07,P0019,Tomato,29.3,Medium
2025-07-08,P0019,Tomato,28.8,Medium
2025-07-09,P0019,Tomato,31.1,Medium
2025-07-10,P0019,Tomato,30.7,Medium
2025-07-11,P0019,Tomato,27.6,Medium
2025-07-12,P0019,Tomato,29.1,Medium
2025-07-13,P0019,Tomato,15.8,Low
2025-07-14,P0019,Tomato,24.4,Low
2025-07-15,P0019,Tomato,22.5,Low
2025-07-16,P0019,Tomato,28.1,Medium
2025-07-17,P0019,Tomato,32.8,Medium
2025-07-18,P0019,Tomato,34.8,Medium
2025-07-19,P0019,Tomato,40.3,Medium
2025-07-20,P0019,Tomato,34.3,Medium
2025-07-21,P0019,Tomato,29,Medium
2025-07-22,P0019,Tomato,37.3,Medium
2025-07-23,P0019,Tomato,50,High
2025-07-24,P0019,Tomato,39.4,Medium
2025-07-25,P0019,Tomato,31.4,Medium
2025-07-26,P0019,Tomato,36,Medium
2025-07-27,P0019,Tomato,37.8,Medium
2025-07-28,P0019,Tomato,40.8,Medium
2025-07-29,P0019,Tomato,44.8,Medium
2025-07-30,P0019,Tomato,32.3,Medium
2025-07-31,P0019,Tomato,29.5,Medium
2025-08-01,P0019,Tomato,19.4,Low
2025-08-02,P0019,Tomato,17.7,Low
2025-08-03,P0019,Tomato,22.7,Low
2025-08-04,P0019,Tomato,25.7,Medium
2025-08-05,P0019,Tomato,26.7,Medium
2025-08-06,P0019,Tomato,21.3,Low
2025-08-07,P0019,Tomato,23.8,Low
2025-08-08,P0019,Tomato,28.5,Medium
2025-08-09,P0019,Tomato,28.8,Medium
2025-08-10,P0019,Tomato,47.4,Medium
2025-08-11,P0019,Tomato,49.3,Medium
2025-08-12,P0019,Tomato,46.9,Medium
2025-08-13,P0019,Tomato,43.4,Medium
2025-08-14,P0019,Tomato,46.4,Medium
2025-08-15,P0019,Tomato,46.8,Medium
2025-08-16,P0019,Tomato,47,Medium
2025-08-17,P0019,Tomato,36.5,Medium
2025-08-18,P0019,Tomato,39.3,Medium
2025-08-19,P0019,Tomato,34.8,Medium
2025-08-20,P0019,Tomato,31.5,Medium
2025-08-21,P0019,Tomato,40.4,Medium
2025-08-22,P0019,Tomato,35.1,Medium
2025-08-23,P0019,Tomato,39.4,Medium
2025-08-24,P0019,Tomato,24.4,Low
2025-08-25,P0019,Tomato,32.7,Medium
2025-08-26,P0019,Tomato,29,Medium
2025-08-27,P0019,Tomato,38.9,Medium
2025-08-28,P0019,Tomato,54,High
2025-08-29,P0019,Tomato,51.6,High
2025-08-30,P0019,Tomato,44.5,Medium
2025-08-31,P0019,Tomato,46.1,Medium
2025-09-01,P0019,Tomato,41.3,Medium
2025-09-02,P0019,Tomato,37.7,Medium
2025-09-03,P0019,Tomato,41.9,Medium
2025-09-04,P0019,Tomato,45.4,Medium
2025-09-05,P0019,Tomato,36,Medium
2025-09-06,P0019,Tomato,33.1,Medium
2025-09-07,P0019,Tomato,35.1,Medium
2025-09-08,P0019,Tomato,37.7,Medium
2025-09-09,P0019,Tomato,39.7,Medium
2025-09-10,P0019,Tomato,19.7,Low
2025-09-11,P0019,Tomato,19.5,Low
2025-09-12,P0019,Tomato,14.7,Low
2025-02-21,P0020,Pepper,19.2,Low
2025-02-22,P0020,Pepper,18.4,Low
2025-02-23,P0020,Pepper,29.5,Medium
2025-02-24,P0020,Pepper,22.3,Low
2025-02-25,P0020,Pepper,34.8,Medium
2025-02-26,P0020,Pepper,44,Medium
2025-02-27,P0020,Pepper,49.4,Medium
2025-02-28,P0020,Pepper,57.4,High
2025-03-01,P0020,Pepper,73.5,High
2025-03-02,P0020,Pepper,73,High
2025-03-03,P0020,Pepper,74.8,High
2025-03-04,P0020,Pepper,73.7,High
2025-03-05,P0020,Pepper,59.8,High
2025-03-06,P0020,Pepper,69.1,High
2025-03-07,P0020,Pepper,61.8,High
2025-03-08,P0020,Pepper,42.6,Medium
2025-03-09,P0020,Pepper,37,Medium
2025-03-10,P0020,Pepper,39.6,Medium
2025-03-11,P0020,Pepper,31.9,Medium
2025-03-12,P0020,Pepper,37.4,Medium
2025-03-13,P0020,Pepper,40.7,Medium
2025-03-14,P0020,Pepper,39.5,Medium
2025-03-15,P0020,Pepper,55.2,High
2025-03-16,P0020,Pepper,52.4,High
2025-03-17,P0020,Pepper,56,High
2025-03-18,P0020,Pepper,56.4,High
2025-03-19,P0020,Pepper,57.6,High
2025-03-20,P0020,Pepper,59.4,High
2025-03-21,P0020,Pepper,52.3,High
2025-03-22,P0020,Pepper,42.1,Medium
2025-03-23,P0020,Pepper,43.5,Medium
2025-03-24,P0020,Pepper,39,Medium
2025-03-25,P0020,Pepper,42.8,Medium
2025-03-26,P0020,Pepper,39.5,Medium
2025-03-27,P0020,Pepper,43.5,Medium
2025-03-28,P0020,Pepper,31.6,Medium
2025-03-29,P0020,Pepper,36.2,Medium
2025-03-30,P0020,Pepper,40,Medium
2025-03-31,P0020,Pepper,31.7,Medium
2025-04-01,P0020,Pepper,41.2,Medium
2025-04-02,P0020,Pepper,47.2,Medium
2025-04-03,P0020,Pepper,46.3,Medium
2025-04-04,P0020,Pepper,54.6,High
2025-04-05,P0020,Pepper,62.1,High
2025-04-06,P0020,Pepper,75.2,Critical
2025-04-07,P0020,Pepper,72.4,High
2025-04-08,P0020,Pepper,74.9,High
2025-04-09,P0020,Pepper,70.1,High
2025-04-10,P0020,Pepper,67.7,High
2025-04-11,P0020,Pepper,56.6,High
2025-04-12,P0020,Pepper,53.9,High
2025-04-13,P0020,Pepper,47.7,Medium
2025-04-14,P0020,Pepper,49.4,Medium
2025-04-15,P0020,Pepper,44.5,Medium
2025-04-16,P0020,Pepper,43.1,Medium
2025-04-17,P0020,Pepper,52.9,High
2025-04-18,P0020,Pepper,49.4,Medium
2025-04-19,P0020,Pepper,47.1,Medium
2025-04-20,P0020,Pepper,51.2,High
2025-04-21,P0020,Pepper,42.5,Medium
2025-04-22,P0020,Pepper,53.1,High
2025-04-23,P0020,Pepper,39.8,Medium
2025-04-24,P0020,Pepper,42.3,Medium
2025-04-25,P0020,Pepper,41.3,Medium
2025-04-26,P0020,Pepper,43.7,Medium
2025-04-27,P0020,Pepper,44,Medium
2025-04-28,P0020,Pepper,44.4,Medium
2025-04-29,P0020,Pepper,41.6,Medium
2025-04-30,P0020,Pepper,43.9,Medium
2025-05-01,P0020,Pepper,44.7,Medium
2025-05-02,P0020,Pepper,39.3,Medium
2025-05-03,P0020,Pepper,26.9,Medium
2025-05-04,P0020,Pepper,22.3,Low
2025-05-05,P0020,Pepper,27.4,Medium
2025-05-06,P0020,Pepper,27,Medium
2025-05-07,P0020,Pepper,24.5,Low
2025-05-08,P0020,Pepper,28.5,Medium
2025-05-09,P0020,Pepper,28.8,Medium
2025-05-10,P0020,Pepper,31.3,Medium
2025-05-11,P0020,Pepper,39,Medium
2025-05-12,P0020,Pepper,45.9,Medium
2025-05-13,P0020,Pepper,46.9,Medium
2025-05-14,P0020,Pepper,39.5,Medium
2025-05-15,P0020,Pepper,44.1,Medium
2025-05-16,P0020,Pepper,44.8,Medium
2025-05-17,P0020,Pepper,41.6,Medium
2025-05-18,P0020,Pepper,34.1,Medium
2025-05-19,P0020,Pepper,39.2,Medium
2025-05-20,P0020,Pepper,29.7,Medium
2025-05-21,P0020,Pepper,24.6,Low
2025-05-22,P0020,Pepper,28.6,Medium
2025-05-23,P0020,Pepper,22.3,Low
2025-05-24,P0020,Pepper,12.4,Low
2025-05-25,P0020,Pepper,9.7,Low
2025-05-26,P0020,Pepper,14.9,Low
2025-05-27,P0020,Pepper,13.9,Low
2025-05-28,P0020,Pepper,22.1,Low
2025-05-29,P0020,Pepper,32.2,Medium
2025-05-30,P0020,Pepper,34.4,Medium
2025-05-31,P0020,Pepper,33.4,Medium
2025-06-01,P0020,Pepper,45.9,Medium
2025-06-02,P0020,Pepper,50.8,High
2025-06-03,P0020,Pepper,50.9,High
2025-06-04,P0020,Pepper,45.6,Medium
2025-06-05,P0020,Pepper,38.8,Medium
2025-06-06,P0020,Pepper,38.3,Medium
2025-06-07,P0020,Pepper,36.5,Medium
2025-06-08,P0020,Pepper,30.5,Medium
2025-06-09,P0020,Pepper,21.6,Low
2025-06-10,P0020,Pepper,16.8,Low
2025-06-11,P0020,Pepper,19.5,Low
2025-06-12,P0020,Pepper,19.7,Low
2025-06-13,P0020,Pepper,19.4,Low
2025-06-14,P0020,Pepper,20.1,Low
2025-06-15,P0020,Pepper,23.3,Low
2025-06-16,P0020,Pepper,22.9,Low
2025-06-17,P0020,Pepper,25.6,Medium
2025-06-18,P0020,Pepper,17.6,Low
2025-06-19,P0020,Pepper,27,Medium
2025-06-20,P0020,Pepper,29.5,Medium
2025-06-21,P0020,Pepper,30.6,Medium
2025-06-22,P0020,Pepper,30.7,Medium
2025-06-23,P0020,Pepper,32.6,Medium
2025-06-24,P0020,Pepper,29.9,Medium
2025-06-25,P0020,Pepper,23,Low
2025-06-26,P0020,Pepper,27,Medium
2025-06-27,P0020,Pepper,23.9,Low
2025-06-28,P0020,Pepper,23.1,Low
2025-06-29,P0020,Pepper,21,Low
2025-06-30,P0020,Pepper,20.7,Low
2025-07-01,P0020,Pepper,18.1,Low
2025-07-02,P0020,Pepper,34.1,Medium
2025-07-03,P0020,Pepper,24.8,Low
2025-07-04,P0020,Pepper,24,Low
2025-07-05,P0020,Pepper,25.2,Medium
2025-07-06,P0020,Pepper,22.4,Low
2025-07-07,P0020,Pepper,29.8,Medium
2025-07-08,P0020,Pepper,32.8,Medium
2025-07-09,P0020,Pepper,12.6,Low
2025-07-10,P0020,Pepper,17.2,Low
2025-07-11,P0020,Pepper,20.6,Low
2025-07-12,P0020,Pepper,16,Low
2025-07-13,P0020,Pepper,15.9,Low
2025-07-14,P0020,Pepper,21.1,Low
2025-07-15,P0020,Pepper,16.4,Low
2025-07-16,P0020,Pepper,7.7,Low
2025-07-17,P0020,Pepper,7.3,Low
2025-07-18,P0020,Pepper,9.5,Low
2025-07-19,P0020,Pepper,21.8,Low
2025-07-20,P0020,Pepper,27.7,Medium
2025-07-21,P0020,Pepper,31.4,Medium
2025-07-22,P0020,Pepper,35.1,Medium
2025-07-23,P0020,Pepper,37.3,Medium
2025-07-24,P0020,Pepper,43.4,Medium
2025-07-25,P0020,Pepper,38.1,Medium
2025-07-26,P0020,Pepper,23.2,Low
2025-07-27,P0020,Pepper,24.9,Low
2025-07-28,P0020,Pepper,21,Low
2025-07-29,P0020,Pepper,32.6,Medium
2025-07-30,P0020,Pepper,29.8,Medium
2025-07-31,P0020,Pepper,26.9,Medium
2025-08-01,P0020,Pepper,17.9,Low
2025-08-02,P0020,Pepper,13.8,Low
2025-08-03,P0020,Pepper,16.8,Low
2025-08-04,P0020,Pepper,20.1,Low
2025-08-05,P0020,Pepper,15.5,Low
2025-08-06,P0020,Pepper,19.2,Low
2025-08-07,P0020,Pepper,14.6,Low
2025-08-08,P0020,Pepper,21.4,Low
2025-08-09,P0020,Pepper,15.8,Low
2025-08-10,P0020,Pepper,12.4,Low
2025-08-11,P0020,Pepper,18.9,Low
2025-08-12,P0020,Pepper,21.7,Low
2025-08-13,P0020,Pepper,15.4,Low
2025-08-14,P0020,Pepper,11.2,Low
2025-08-15,P0020,Pepper,15.8,Low
2025-08-16,P0020,Pepper,13.5,Low
2025-08-17,P0020,Pepper,9.6,Low
2025-08-18,P0020,Pepper,13.8,Low
2025-08-19,P0020,Pepper,10.2,Low
2025-08-20,P0020,Pepper,2.3,Low
2025-08-21,P0020,Pepper,17,Low
2025-08-22,P0020,Pepper,16.7,Low
2025-08-23,P0020,Pepper,13.5,Low
2025-08-24,P0020,Pepper,23.3,Low
2025-08-25,P0020,Pepper,16,Low
2025-08-26,P0020,Pepper,22.9,Low
2025-08-27,P0020,Pepper,34.6,Medium
2025-08-28,P0020,Pepper,35.9,Medium
2025-08-29,P0020,Pepper,26.8,Medium
2025-08-30,P0020,Pepper,25.8,Medium
2025-08-31,P0020,Pepper,36.1,Medium
2025-09-01,P0020,Pepper,32.3,Medium
2025-09-02,P0020,Pepper,29.1,Medium
2025-09-03,P0020,Pepper,24.8,Low
2025-09-04,P0020,Pepper,28,Medium
2025-09-05,P0020,Pepper,27,Medium
2025-09-06,P0020,Pepper,25.6,Medium
2025-09-07,P0020,Pepper,29.4,Medium
2025-09-08,P0020,Pepper,32.5,Medium
2025-09-09,P0020,Pepper,34.1,Medium
2025-09-10,P0020,Pepper,28.4,Medium
2025-09-11,P0020,Pepper,27.3,Medium
2025-09-12,P0020,Pepper,32.3,Medium
2025-02-21,P0021,Tomato,25.6,Medium
2025-02-22,P0021,Tomato,23.1,Low
2025-02-23,P0021,Tomato,29.4,Medium
2025-02-24,P0021,Tomato,22.9,Low
2025-02-25,P0021,Tomato,22.5,Low
2025-02-26,P0021,Tomato,17.8,Low
2025-02-27,P0021,Tomato,26.6,Medium
2025-02-28,P0021,Tomato,34.3,Medium
2025-03-01,P0021,Tomato,27.8,Medium
2025-03-02,P0021,Tomato,35.2,Medium
2025-03-03,P0021,Tomato,39,Medium
2025-03-04,P0021,Tomato,45.4,Medium
2025-03-05,P0021,Tomato,42.4,Medium
2025-03-06,P0021,Tomato,44.3,Medium
2025-03-07,P0021,Tomato,56,High
2025-03-08,P0021,Tomato,71,High
2025-03-09,P0021,Tomato,73.6,High
2025-03-10,P0021,Tomato,69.9,High
2025-03-11,P0021,Tomato,65.7,High
2025-03-12,P0021,Tomato,63.9,High
2025-03-13,P0021,Tomato,49.6,Medium
2025-03-14,P0021,Tomato,51.6,High
2025-03-15,P0021,Tomato,47.8,Medium
2025-03-16,P0021,Tomato,47.4,Medium
2025-03-17,P0021,Tomato,40.5,Medium
2025-03-18,P0021,Tomato,40.8,Medium
2025-03-19,P0021,Tomato,48.8,Medium
2025-03-20,P0021,Tomato,53,High
2025-03-21,P0021,Tomato,54,High
2025-03-22,P0021,Tomato,53.7,High
2025-03-23,P0021,Tomato,54.7,High
2025-03-24,P0021,Tomato,58.2,High
2025-03-25,P0021,Tomato,50.5,High
2025-03-26,P0021,Tomato,71.9,High
2025-03-27,P0021,Tomato,68.6,High
2025-03-28,P0021,Tomato,66.7,High
2025-03-29,P0021,Tomato,66.2,High
2025-03-30,P0021,Tomato,64.1,High
2025-03-31,P0021,Tomato,61.2,High
2025-04-01,P0021,Tomato,59.4,High
2025-04-02,P0021,Tomato,58,High
2025-04-03,P0021,Tomato,51.1,High
2025-04-04,P0021,Tomato,58.4,High
2025-04-05,P0021,Tomato,61.3,High
2025-04-06,P0021,Tomato,68.3,High
2025-04-07,P0021,Tomato,67.3,High
2025-04-08,P0021,Tomato,71.6,High
2025-04-09,P0021,Tomato,66.7,High
2025-04-10,P0021,Tomato,67.1,High
2025-04-11,P0021,Tomato,62.5,High
2025-04-12,P0021,Tomato,59.8,High
2025-04-13,P0021,Tomato,55.8,High
2025-04-14,P0021,Tomato,49.6,Medium
2025-04-15,P0021,Tomato,47.5,Medium
2025-04-16,P0021,Tomato,42,Medium
2025-04-17,P0021,Tomato,41,Medium
2025-04-18,P0021,Tomato,42.2,Medium
2025-04-19,P0021,Tomato,44.1,Medium
2025-04-20,P0021,Tomato,44.8,Medium
2025-04-21,P0021,Tomato,48.6,Medium
2025-04-22,P0021,Tomato,48.5,Medium
2025-04-23,P0021,Tomato,47,Medium
2025-04-24,P0021,Tomato,45.8,Medium
2025-04-25,P0021,Tomato,38.9,Medium
2025-04-26,P0021,Tomato,49.3,Medium
2025-04-27,P0021,Tomato,47.9,Medium
2025-04-28,P0021,Tomato,47.4,Medium
2025-04-29,P0021,Tomato,45,Medium
2025-04-30,P0021,Tomato,45.7,Medium
2025-05-01,P0021,Tomato,38.5,Medium
2025-05-02,P0021,Tomato,37.8,Medium
2025-05-03,P0021,Tomato,44.5,Medium
2025-05-04,P0021,Tomato,39.8,Medium
2025-05-05,P0021,Tomato,38.9,Medium
2025-05-06,P0021,Tomato,38.7,Medium
2025-05-07,P0021,Tomato,36,Medium
2025-05-08,P0021,Tomato,40.8,Medium
2025-05-09,P0021,Tomato,34.6,Medium
2025-05-10,P0021,Tomato,23.7,Low
2025-05-11,P0021,Tomato,40.5,Medium
2025-05-12,P0021,Tomato,60.5,High
2025-05-13,P0021,Tomato,49.2,Medium
2025-05-14,P0021,Tomato,48.9,Medium
2025-05-15,P0021,Tomato,50.4,High
2025-05-16,P0021,Tomato,50.5,High
2025-05-17,P0021,Tomato,49.4,Medium
2025-05-18,P0021,Tomato,44.5,Medium
2025-05-19,P0021,Tomato,45,Medium
2025-05-20,P0021,Tomato,33.3,Medium
2025-05-21,P0021,Tomato,34.5,Medium
2025-05-22,P0021,Tomato,39.9,Medium
2025-05-23,P0021,Tomato,26.3,Medium
2025-05-24,P0021,Tomato,34.1,Medium
2025-05-25,P0021,Tomato,22.5,Low
2025-05-26,P0021,Tomato,37.1,Medium
2025-05-27,P0021,Tomato,27.6,Medium
2025-05-28,P0021,Tomato,33.8,Medium
2025-05-29,P0021,Tomato,44.6,Medium
2025-05-30,P0021,Tomato,43.5,Medium
2025-05-31,P0021,Tomato,32.4,Medium
2025-06-01,P0021,Tomato,44.2,Medium
2025-06-02,P0021,Tomato,35.4,Medium
2025-06-03,P0021,Tomato,44.7,Medium
2025-06-04,P0021,Tomato,38.7,Medium
2025-06-05,P0021,Tomato,39.3,Medium
2025-06-06,P0021,Tomato,29.5,Medium
2025-06-07,P0021,Tomato,31.6,Medium
2025-06-08,P0021,Tomato,30,Medium
2025-06-09,P0021,Tomato,24,Low
2025-06-10,P0021,Tomato,35.8,Medium
2025-06-11,P0021,Tomato,27.8,Medium
2025-06-12,P0021,Tomato,22.5,Low
2025-06-13,P0021,Tomato,30.5,Medium
2025-06-14,P0021,Tomato,32,Medium
2025-06-15,P0021,Tomato,33.8,Medium
2025-06-16,P0021,Tomato,42.8,Medium
2025-06-17,P0021,Tomato,57.6,High
2025-06-18,P0021,Tomato,48.9,Medium
2025-06-19,P0021,Tomato,47.6,Medium
2025-06-20,P0021,Tomato,41.1,Medium
2025-06-21,P0021,Tomato,42.7,Medium
2025-06-22,P0021,Tomato,46.4,Medium
2025-06-23,P0021,Tomato,37.3,Medium
2025-06-24,P0021,Tomato,32.5,Medium
2025-06-25,P0021,Tomato,25.2,Medium
2025-06-26,P0021,Tomato,29.3,Medium
2025-06-27,P0021,Tomato,25.6,Medium
2025-06-28,P0021,Tomato,34.7,Medium
2025-06-29,P0021,Tomato,35.1,Medium
2025-06-30,P0021,Tomato,36.6,Medium
2025-07-01,P0021,Tomato,40.5,Medium
2025-07-02,P0021,Tomato,41.7,Medium
2025-07-03,P0021,Tomato,41.5,Medium
2025-07-04,P0021,Tomato,59.1,High
2025-07-05,P0021,Tomato,60.3,High
2025-07-06,P0021,Tomato,36.5,Medium
2025-07-07,P0021,Tomato,49.3,Medium
2025-07-08,P0021,Tomato,46.7,Medium
2025-07-09,P0021,Tomato,46.1,Medium
2025-07-10,P0021,Tomato,39.2,Medium
2025-07-11,P0021,Tomato,25.3,Medium
2025-07-12,P0021,Tomato,24.5,Low
2025-07-13,P0021,Tomato,21.6,Low
2025-07-14,P0021,Tomato,26.5,Medium
2025-07-15,P0021,Tomato,21.6,Low
2025-07-16,P0021,Tomato,18.1,Low
2025-07-17,P0021,Tomato,17.9,Low
2025-07-18,P0021,Tomato,28.2,Medium
2025-07-19,P0021,Tomato,32.4,Medium
2025-07-20,P0021,Tomato,35.8,Medium
2025-07-21,P0021,Tomato,40.8,Medium
2025-07-22,P0021,Tomato,44.6,Medium
2025-07-23,P0021,Tomato,55.2,High
2025-07-24,P0021,Tomato,47.8,Medium
2025-07-25,P0021,Tomato,43.1,Medium
2025-07-26,P0021,Tomato,36.9,Medium
2025-07-27,P0021,Tomato,22.3,Low
2025-07-28,P0021,Tomato,25.6,Medium
2025-07-29,P0021,Tomato,18,Low
2025-07-30,P0021,Tomato,16.3,Low
2025-07-31,P0021,Tomato,12.8,Low
2025-08-01,P0021,Tomato,11.4,Low
2025-08-02,P0021,Tomato,12.7,Low
2025-08-03,P0021,Tomato,16.2,Low
2025-08-04,P0021,Tomato,19.5,Low
2025-08-05,P0021,Tomato,26.2,Medium
2025-08-06,P0021,Tomato,28.5,Medium
2025-08-07,P0021,Tomato,32.1,Medium
2025-08-08,P0021,Tomato,29.9,Medium
2025-08-09,P0021,Tomato,32,Medium
2025-08-10,P0021,Tomato,30.7,Medium
2025-08-11,P0021,Tomato,33.3,Medium
2025-08-12,P0021,Tomato,23.3,Low
2025-08-13,P0021,Tomato,29.6,Medium
2025-08-14,P0021,Tomato,35,Medium
2025-08-15,P0021,Tomato,37.5,Medium
2025-08-16,P0021,Tomato,36.2,Medium
2025-08-17,P0021,Tomato,32.3,Medium
2025-08-18,P0021,Tomato,25.3,Medium
2025-08-19,P0021,Tomato,25.3,Medium
2025-08-20,P0021,Tomato,29.1,Medium
2025-08-21,P0021,Tomato,44.7,Medium
2025-08-22,P0021,Tomato,42.3,Medium
2025-08-23,P0021,Tomato,42.9,Medium
2025-08-24,P0021,Tomato,48.6,Medium
2025-08-25,P0021,Tomato,50.1,High
2025-08-26,P0021,Tomato,53.6,High
2025-08-27,P0021,Tomato,64.3,High
2025-08-28,P0021,Tomato,70.7,High
2025-08-29,P0021,Tomato,48.3,Medium
2025-08-30,P0021,Tomato,42.2,Medium
2025-08-31,P0021,Tomato,39.8,Medium
2025-09-01,P0021,Tomato,36.5,Medium
2025-09-02,P0021,Tomato,29.1,Medium
2025-09-03,P0021,Tomato,27.7,Medium
2025-09-04,P0021,Tomato,31.1,Medium
2025-09-05,P0021,Tomato,21.6,Low
2025-09-06,P0021,Tomato,18.5,Low
2025-09-07,P0021,Tomato,20.6,Low
2025-09-08,P0021,Tomato,5.7,Low
2025-09-09,P0021,Tomato,20.6,Low
2025-09-10,P0021,Tomato,14.3,Low
2025-09-11,P0021,Tomato,18,Low
2025-09-12,P0021,Tomato,18,Low
2025-02-21,P0022,Strawberry,17.5,Low
2025-02-22,P0022,Strawberry,25.6,Medium
2025-02-23,P0022,Strawberry,20.9,Low
2025-02-24,P0022,Strawberry,24.1,Low
2025-02-25,P0022,Strawberry,23,Low
2025-02-26,P0022,Strawberry,25.2,Medium
2025-02-27,P0022,Strawberry,23.8,Low
2025-02-28,P0022,Strawberry,31.1,Medium
2025-03-01,P0022,Strawberry,41.9,Medium
2025-03-02,P0022,Strawberry,42.7,Medium
2025-03-03,P0022,Strawberry,40,Medium
2025-03-04,P0022,Strawberry,37.2,Medium
2025-03-05,P0022,Strawberry,26.2,Medium
2025-03-06,P0022,Strawberry,38.1,Medium
2025-03-07,P0022,Strawberry,41.6,Medium
2025-03-08,P0022,Strawberry,49,Medium
2025-03-09,P0022,Strawberry,45.9,Medium
2025-03-10,P0022,Strawberry,35.6,Medium
2025-03-11,P0022,Strawberry,33.5,Medium
2025-03-12,P0022,Strawberry,35.9,Medium
2025-03-13,P0022,Strawberry,48.6,Medium
2025-03-14,P0022,Strawberry,42.3,Medium
2025-03-15,P0022,Strawberry,45.9,Medium
2025-03-16,P0022,Strawberry,46.1,Medium
2025-03-17,P0022,Strawberry,45.3,Medium
2025-03-18,P0022,Strawberry,44.5,Medium
2025-03-19,P0022,Strawberry,42.1,Medium
2025-03-20,P0022,Strawberry,46,Medium
2025-03-21,P0022,Strawberry,56.3,High
2025-03-22,P0022,Strawberry,55.1,High
2025-03-23,P0022,Strawberry,56.4,High
2025-03-24,P0022,Strawberry,58.5,High
2025-03-25,P0022,Strawberry,56.7,High
2025-03-26,P0022,Strawberry,53.6,High
2025-03-27,P0022,Strawberry,66.1,High
2025-03-28,P0022,Strawberry,47.1,Medium
2025-03-29,P0022,Strawberry,51.2,High
2025-03-30,P0022,Strawberry,49.9,Medium
2025-03-31,P0022,Strawberry,50.4,High
2025-04-01,P0022,Strawberry,54.3,High
2025-04-02,P0022,Strawberry,60.9,High
2025-04-03,P0022,Strawberry,58.9,High
2025-04-04,P0022,Strawberry,62.3,High
2025-04-05,P0022,Strawberry,68.9,High
2025-04-06,P0022,Strawberry,72.4,High
2025-04-07,P0022,Strawberry,68.5,High
2025-04-08,P0022,Strawberry,68.8,High
2025-04-09,P0022,Strawberry,57.4,High
2025-04-10,P0022,Strawberry,61.4,High
2025-04-11,P0022,Strawberry,59.1,High
2025-04-12,P0022,Strawberry,56.1,High
2025-04-13,P0022,Strawberry,59.5,High
2025-04-14,P0022,Strawberry,59.8,High
2025-04-15,P0022,Strawberry,57.3,High
2025-04-16,P0022,Strawberry,59.9,High
2025-04-17,P0022,Strawberry,44.8,Medium
2025-04-18,P0022,Strawberry,50.1,High
2025-04-19,P0022,Strawberry,51.4,High
2025-04-20,P0022,Strawberry,48.8,Medium
2025-04-21,P0022,Strawberry,47.6,Medium
2025-04-22,P0022,Strawberry,46,Medium
2025-04-23,P0022,Strawberry,52,High
2025-04-24,P0022,Strawberry,42.9,Medium
2025-04-25,P0022,Strawberry,56.6,High
2025-04-26,P0022,Strawberry,52.1,High
2025-04-27,P0022,Strawberry,55.7,High
2025-04-28,P0022,Strawberry,52.4,High
2025-04-29,P0022,Strawberry,45.4,Medium
2025-04-30,P0022,Strawberry,49.4,Medium
2025-05-01,P0022,Strawberry,47.2,Medium
2025-05-02,P0022,Strawberry,37.8,Medium
2025-05-03,P0022,Strawberry,32.2,Medium
2025-05-04,P0022,Strawberry,29.7,Medium
2025-05-05,P0022,Strawberry,27.9,Medium
2025-05-06,P0022,Strawberry,23.4,Low
2025-05-07,P0022,Strawberry,26.6,Medium
2025-05-08,P0022,Strawberry,34.7,Medium
2025-05-09,P0022,Strawberry,49,Medium
2025-05-10,P0022,Strawberry,54.4,High
2025-05-11,P0022,Strawberry,67.9,High
2025-05-12,P0022,Strawberry,62.2,High
2025-05-13,P0022,Strawberry,65.8,High
2025-05-14,P0022,Strawberry,63.4,High
2025-05-15,P0022,Strawberry,56.3,High
2025-05-16,P0022,Strawberry,37.9,Medium
2025-05-17,P0022,Strawberry,43.6,Medium
2025-05-18,P0022,Strawberry,48.4,Medium
2025-05-19,P0022,Strawberry,39.4,Medium
2025-05-20,P0022,Strawberry,35.1,Medium
2025-05-21,P0022,Strawberry,47.5,Medium
2025-05-22,P0022,Strawberry,39.2,Medium
2025-05-23,P0022,Strawberry,27.2,Medium
2025-05-24,P0022,Strawberry,36.3,Medium
2025-05-25,P0022,Strawberry,37.5,Medium
2025-05-26,P0022,Strawberry,35.9,Medium
2025-05-27,P0022,Strawberry,41,Medium
2025-05-28,P0022,Strawberry,38.1,Medium
2025-05-29,P0022,Strawberry,46.1,Medium
2025-05-30,P0022,Strawberry,44.5,Medium
2025-05-31,P0022,Strawberry,33.1,Medium
2025-06-01,P0022,Strawberry,30.3,Medium
2025-06-02,P0022,Strawberry,38.7,Medium
2025-06-03,P0022,Strawberry,34.3,Medium
2025-06-04,P0022,Strawberry,35.7,Medium
2025-06-05,P0022,Strawberry,28.7,Medium
2025-06-06,P0022,Strawberry,26,Medium
2025-06-07,P0022,Strawberry,27.5,Medium
2025-06-08,P0022,Strawberry,29.4,Medium
2025-06-09,P0022,Strawberry,29.5,Medium
2025-06-10,P0022,Strawberry,27.4,Medium
2025-06-11,P0022,Strawberry,24.5,Low
2025-06-12,P0022,Strawberry,23,Low
2025-06-13,P0022,Strawberry,26.1,Medium
2025-06-14,P0022,Strawberry,33.6,Medium
2025-06-15,P0022,Strawberry,33.2,Medium
2025-06-16,P0022,Strawberry,36.4,Medium
2025-06-17,P0022,Strawberry,37.9,Medium
2025-06-18,P0022,Strawberry,36.7,Medium
2025-06-19,P0022,Strawberry,35.6,Medium
2025-06-20,P0022,Strawberry,21,Low
2025-06-21,P0022,Strawberry,22.8,Low
2025-06-22,P0022,Strawberry,12.4,Low
2025-06-23,P0022,Strawberry,11.8,Low
2025-06-24,P0022,Strawberry,14,Low
2025-06-25,P0022,Strawberry,14.4,Low
2025-06-26,P0022,Strawberry,22.2,Low
2025-06-27,P0022,Strawberry,20.1,Low
2025-06-28,P0022,Strawberry,32.1,Medium
2025-06-29,P0022,Strawberry,21.7,Low
2025-06-30,P0022,Strawberry,25.4,Medium
2025-07-01,P0022,Strawberry,31.8,Medium
2025-07-02,P0022,Strawberry,28.3,Medium
2025-07-03,P0022,Strawberry,23.4,Low
2025-07-04,P0022,Strawberry,23.1,Low
2025-07-05,P0022,Strawberry,25,Medium
2025-07-06,P0022,Strawberry,25.8,Medium
2025-07-07,P0022,Strawberry,25.3,Medium
2025-07-08,P0022,Strawberry,27.1,Medium
2025-07-09,P0022,Strawberry,22.7,Low
2025-07-10,P0022,Strawberry,23.5,Low
2025-07-11,P0022,Strawberry,26.4,Medium
2025-07-12,P0022,Strawberry,20.1,Low
2025-07-13,P0022,Strawberry,21.5,Low
2025-07-14,P0022,Strawberry,21.2,Low
2025-07-15,P0022,Strawberry,27.3,Medium
2025-07-16,P0022,Strawberry,23.4,Low
2025-07-17,P0022,Strawberry,22.1,Low
2025-07-18,P0022,Strawberry,31.2,Medium
2025-07-19,P0022,Strawberry,26.8,Medium
2025-07-20,P0022,Strawberry,30,Medium
2025-07-21,P0022,Strawberry,34.9,Medium
2025-07-22,P0022,Strawberry,35.6,Medium
2025-07-23,P0022,Strawberry,40.7,Medium
2025-07-24,P0022,Strawberry,30.1,Medium
2025-07-25,P0022,Strawberry,24.6,Low
2025-07-26,P0022,Strawberry,34,Medium
2025-07-27,P0022,Strawberry,29.5,Medium
2025-07-28,P0022,Strawberry,38.4,Medium
2025-07-29,P0022,Strawberry,31.4,Medium
2025-07-30,P0022,Strawberry,30,Medium
2025-07-31,P0022,Strawberry,28.8,Medium
2025-08-01,P0022,Strawberry,26.9,Medium
2025-08-02,P0022,Strawberry,25.7,Medium
2025-08-03,P0022,Strawberry,32.5,Medium
2025-08-04,P0022,Strawberry,27.4,Medium
2025-08-05,P0022,Strawberry,26.9,Medium
2025-08-06,P0022,Strawberry,24.4,Low
2025-08-07,P0022,Strawberry,15.3,Low
2025-08-08,P0022,Strawberry,29.8,Medium
2025-08-09,P0022,Strawberry,35.3,Medium
2025-08-10,P0022,Strawberry,23.8,Low
2025-08-11,P0022,Strawberry,25.1,Medium
2025-08-12,P0022,Strawberry,27.3,Medium
2025-08-13,P0022,Strawberry,29.7,Medium
2025-08-14,P0022,Strawberry,31.1,Medium
2025-08-15,P0022,Strawberry,25,Medium
2025-08-16,P0022,Strawberry,26.6,Medium
2025-08-17,P0022,Strawberry,12.6,Low
2025-08-18,P0022,Strawberry,13.8,Low
2025-08-19,P0022,Strawberry,13.1,Low
2025-08-20,P0022,Strawberry,6.8,Low
2025-08-21,P0022,Strawberry,18,Low
2025-08-22,P0022,Strawberry,9.4,Low
2025-08-23,P0022,Strawberry,14.4,Low
2025-08-24,P0022,Strawberry,18.1,Low
2025-08-25,P0022,Strawberry,15.8,Low
2025-08-26,P0022,Strawberry,20.4,Low
2025-08-27,P0022,Strawberry,31.1,Medium
2025-08-28,P0022,Strawberry,35.9,Medium
2025-08-29,P0022,Strawberry,39.6,Medium
2025-08-30,P0022,Strawberry,34.6,Medium
2025-08-31,P0022,Strawberry,31.1,Medium
2025-09-01,P0022,Strawberry,32.9,Medium
2025-09-02,P0022,Strawberry,35.4,Medium
2025-09-03,P0022,Strawberry,28.7,Medium
2025-09-04,P0022,Strawberry,27,Medium
2025-09-05,P0022,Strawberry,14.8,Low
2025-09-06,P0022,Strawberry,7.4,Low
2025-09-07,P0022,Strawberry,11.7,Low
2025-09-08,P0022,Strawberry,12,Low
2025-09-09,P0022,Strawberry,16.2,Low
2025-09-10,P0022,Strawberry,28.1,Medium
2025-09-11,P0022,Strawberry,29.2,Medium
2025-09-12,P0022,Strawberry,25.6,Medium
2025-02-21,P0023,Strawberry,44.8,Medium
2025-02-22,P0023,Strawberry,48.1,Medium
2025-02-23,P0023,Strawberry,50.5,High
2025-02-24,P0023,Strawberry,49.1,Medium
2025-02-25,P0023,Strawberry,46,Medium
2025-02-26,P0023,Strawberry,56,High
2025-02-27,P0023,Strawberry,40.7,Medium
2025-02-28,P0023,Strawberry,46.7,Medium
2025-03-01,P0023,Strawberry,51.7,High
2025-03-02,P0023,Strawberry,60.1,High
2025-03-03,P0023,Strawberry,46.7,Medium
2025-03-04,P0023,Strawberry,44.4,Medium
2025-03-05,P0023,Strawberry,41.1,Medium
2025-03-06,P0023,Strawberry,38.9,Medium
2025-03-07,P0023,Strawberry,47.2,Medium
2025-03-08,P0023,Strawberry,48.3,Medium
2025-03-09,P0023,Strawberry,42.2,Medium
2025-03-10,P0023,Strawberry,44.1,Medium
2025-03-11,P0023,Strawberry,43,Medium
2025-03-12,P0023,Strawberry,45.5,Medium
2025-03-13,P0023,Strawberry,39,Medium
2025-03-14,P0023,Strawberry,36.2,Medium
2025-03-15,P0023,Strawberry,26.7,Medium
2025-03-16,P0023,Strawberry,38.8,Medium
2025-03-17,P0023,Strawberry,37.1,Medium
2025-03-18,P0023,Strawberry,44.2,Medium
2025-03-19,P0023,Strawberry,41.6,Medium
2025-03-20,P0023,Strawberry,42.2,Medium
2025-03-21,P0023,Strawberry,50.9,High
2025-03-22,P0023,Strawberry,47.6,Medium
2025-03-23,P0023,Strawberry,58.4,High
2025-03-24,P0023,Strawberry,54.1,High
2025-03-25,P0023,Strawberry,59.1,High
2025-03-26,P0023,Strawberry,57.3,High
2025-03-27,P0023,Strawberry,46.7,Medium
2025-03-28,P0023,Strawberry,46.7,Medium
2025-03-29,P0023,Strawberry,41,Medium
2025-03-30,P0023,Strawberry,40.5,Medium
2025-03-31,P0023,Strawberry,47.1,Medium
2025-04-01,P0023,Strawberry,49.1,Medium
2025-04-02,P0023,Strawberry,51.4,High
2025-04-03,P0023,Strawberry,54,High
2025-04-04,P0023,Strawberry,58,High
2025-04-05,P0023,Strawberry,64.5,High
2025-04-06,P0023,Strawberry,66.1,High
2025-04-07,P0023,Strawberry,65,High
2025-04-08,P0023,Strawberry,53.4,High
2025-04-09,P0023,Strawberry,58.8,High
2025-04-10,P0023,Strawberry,69,High
2025-04-11,P0023,Strawberry,61.9,High
2025-04-12,P0023,Strawberry,65,High
2025-04-13,P0023,Strawberry,68.1,High
2025-04-14,P0023,Strawberry,54.4,High
2025-04-15,P0023,Strawberry,55.2,High
2025-04-16,P0023,Strawberry,56.1,High
2025-04-17,P0023,Strawberry,50.2,High
2025-04-18,P0023,Strawberry,46.7,Medium
2025-04-19,P0023,Strawberry,48.3,Medium
2025-04-20,P0023,Strawberry,44.3,Medium
2025-04-21,P0023,Strawberry,49.1,Medium
2025-04-22,P0023,Strawberry,45.6,Medium
2025-04-23,P0023,Strawberry,43,Medium
2025-04-24,P0023,Strawberry,46.3,Medium
2025-04-25,P0023,Strawberry,43.4,Medium
2025-04-26,P0023,Strawberry,41.5,Medium
2025-04-27,P0023,Strawberry,45.5,Medium
2025-04-28,P0023,Strawberry,44.3,Medium
2025-04-29,P0023,Strawberry,53.3,High
2025-04-30,P0023,Strawberry,47.4,Medium
2025-05-01,P0023,Strawberry,50.2,High
2025-05-02,P0023,Strawberry,52.1,High
2025-05-03,P0023,Strawberry,52.3,High
2025-05-04,P0023,Strawberry,50.2,High
2025-05-05,P0023,Strawberry,47.5,Medium
2025-05-06,P0023,Strawberry,46.3,Medium
2025-05-07,P0023,Strawberry,48.9,Medium
2025-05-08,P0023,Strawberry,44.7,Medium
2025-05-09,P0023,Strawberry,41.7,Medium
2025-05-10,P0023,Strawberry,49.7,Medium
2025-05-11,P0023,Strawberry,41.3,Medium
2025-05-12,P0023,Strawberry,61,High
2025-05-13,P0023,Strawberry,58.3,High
2025-05-14,P0023,Strawberry,42.4,Medium
2025-05-15,P0023,Strawberry,51.3,High
2025-05-16,P0023,Strawberry,50.9,High
2025-05-17,P0023,Strawberry,45.6,Medium
2025-05-18,P0023,Strawberry,41.2,Medium
2025-05-19,P0023,Strawberry,34,Medium
2025-05-20,P0023,Strawberry,37.1,Medium
2025-05-21,P0023,Strawberry,29.4,Medium
2025-05-22,P0023,Strawberry,27.7,Medium
2025-05-23,P0023,Strawberry,26.9,Medium
2025-05-24,P0023,Strawberry,28.7,Medium
2025-05-25,P0023,Strawberry,29.2,Medium
2025-05-26,P0023,Strawberry,24.2,Low
2025-05-27,P0023,Strawberry,25.6,Medium
2025-05-28,P0023,Strawberry,22.9,Low
2025-05-29,P0023,Strawberry,22.9,Low
2025-05-30,P0023,Strawberry,24.9,Low
2025-05-31,P0023,Strawberry,29.3,Medium
2025-06-01,P0023,Strawberry,36.5,Medium
2025-06-02,P0023,Strawberry,39.1,Medium
2025-06-03,P0023,Strawberry,28,Medium
2025-06-04,P0023,Strawberry,26.9,Medium
2025-06-05,P0023,Strawberry,28,Medium
2025-06-06,P0023,Strawberry,22.7,Low
2025-06-07,P0023,Strawberry,22.7,Low
2025-06-08,P0023,Strawberry,11.6,Low
2025-06-09,P0023,Strawberry,15.3,Low
2025-06-10,P0023,Strawberry,13.7,Low
2025-06-11,P0023,Strawberry,13.4,Low
2025-06-12,P0023,Strawberry,24.3,Low
2025-06-13,P0023,Strawberry,24.5,Low
2025-06-14,P0023,Strawberry,24.8,Low
2025-06-15,P0023,Strawberry,35.4,Medium
2025-06-16,P0023,Strawberry,40.8,Medium
2025-06-17,P0023,Strawberry,50.8,High
2025-06-18,P0023,Strawberry,37,Medium
2025-06-19,P0023,Strawberry,36.8,Medium
2025-06-20,P0023,Strawberry,33.6,Medium
2025-06-21,P0023,Strawberry,34.3,Medium
2025-06-22,P0023,Strawberry,32.8,Medium
2025-06-23,P0023,Strawberry,31.8,Medium
2025-06-24,P0023,Strawberry,27.6,Medium
2025-06-25,P0023,Strawberry,29.4,Medium
2025-06-26,P0023,Strawberry,20.8,Low
2025-06-27,P0023,Strawberry,18.8,Low
2025-06-28,P0023,Strawberry,17.4,Low
2025-06-29,P0023,Strawberry,16.4,Low
2025-06-30,P0023,Strawberry,14.4,Low
2025-07-01,P0023,Strawberry,12.4,Low
2025-07-02,P0023,Strawberry,9.7,Low
2025-07-03,P0023,Strawberry,9.8,Low
2025-07-04,P0023,Strawberry,10.6,Low
2025-07-05,P0023,Strawberry,13.1,Low
2025-07-06,P0023,Strawberry,18.1,Low
2025-07-07,P0023,Strawberry,28.5,Medium
2025-07-08,P0023,Strawberry,26,Medium
2025-07-09,P0023,Strawberry,34.7,Medium
2025-07-10,P0023,Strawberry,31.5,Medium
2025-07-11,P0023,Strawberry,27.9,Medium
2025-07-12,P0023,Strawberry,40.8,Medium
2025-07-13,P0023,Strawberry,36.9,Medium
2025-07-14,P0023,Strawberry,35.2,Medium
2025-07-15,P0023,Strawberry,31.9,Medium
2025-07-16,P0023,Strawberry,29.2,Medium
2025-07-17,P0023,Strawberry,22.2,Low
2025-07-18,P0023,Strawberry,20.8,Low
2025-07-19,P0023,Strawberry,12.2,Low
2025-07-20,P0023,Strawberry,20.5,Low
2025-07-21,P0023,Strawberry,13.7,Low
2025-07-22,P0023,Strawberry,22.1,Low
2025-07-23,P0023,Strawberry,40.2,Medium
2025-07-24,P0023,Strawberry,51.8,High
2025-07-25,P0023,Strawberry,35.1,Medium
2025-07-26,P0023,Strawberry,40,Medium
2025-07-27,P0023,Strawberry,34.9,Medium
2025-07-28,P0023,Strawberry,40.3,Medium
2025-07-29,P0023,Strawberry,42.3,Medium
2025-07-30,P0023,Strawberry,38.5,Medium
2025-07-31,P0023,Strawberry,34.3,Medium
2025-08-01,P0023,Strawberry,36.7,Medium
2025-08-02,P0023,Strawberry,39.4,Medium
2025-08-03,P0023,Strawberry,37.9,Medium
2025-08-04,P0023,Strawberry,28.3,Medium
2025-08-05,P0023,Strawberry,25.4,Medium
2025-08-06,P0023,Strawberry,35.5,Medium
2025-08-07,P0023,Strawberry,32.3,Medium
2025-08-08,P0023,Strawberry,36.2,Medium
2025-08-09,P0023,Strawberry,24.8,Low
2025-08-10,P0023,Strawberry,29,Medium
2025-08-11,P0023,Strawberry,30.6,Medium
2025-08-12,P0023,Strawberry,27.4,Medium
2025-08-13,P0023,Strawberry,24.4,Low
2025-08-14,P0023,Strawberry,37.1,Medium
2025-08-15,P0023,Strawberry,21.5,Low
2025-08-16,P0023,Strawberry,28.4,Medium
2025-08-17,P0023,Strawberry,15.3,Low
2025-08-18,P0023,Strawberry,18.1,Low
2025-08-19,P0023,Strawberry,14.2,Low
2025-08-20,P0023,Strawberry,23.3,Low
2025-08-21,P0023,Strawberry,22.5,Low
2025-08-22,P0023,Strawberry,22.4,Low
2025-08-23,P0023,Strawberry,22.7,Low
2025-08-24,P0023,Strawberry,20.2,Low
2025-08-25,P0023,Strawberry,23.8,Low
2025-08-26,P0023,Strawberry,30.1,Medium
2025-08-27,P0023,Strawberry,31.5,Medium
2025-08-28,P0023,Strawberry,35.5,Medium
2025-08-29,P0023,Strawberry,37.3,Medium
2025-08-30,P0023,Strawberry,34.5,Medium
2025-08-31,P0023,Strawberry,30.6,Medium
2025-09-01,P0023,Strawberry,35.8,Medium
2025-09-02,P0023,Strawberry,33.5,Medium
2025-09-03,P0023,Strawberry,26.9,Medium
2025-09-04,P0023,Strawberry,35.9,Medium
2025-09-05,P0023,Strawberry,32.3,Medium
2025-09-06,P0023,Strawberry,31.6,Medium
2025-09-07,P0023,Strawberry,30.1,Medium
2025-09-08,P0023,Strawberry,26.7,Medium
2025-09-09,P0023,Strawberry,17.5,Low
2025-09-10,P0023,Strawberry,18.7,Low
2025-09-11,P0023,Strawberry,17.7,Low
2025-09-12,P0023,Strawberry,12,Low
2025-02-21,P0024,Strawberry,17.5,Low
2025-02-22,P0024,Strawberry,16.2,Low
2025-02-23,P0024,Strawberry,21.1,Low
2025-02-24,P0024,Strawberry,18.3,Low
2025-02-25,P0024,Strawberry,26,Medium
2025-02-26,P0024,Strawberry,18.8,Low
2025-02-27,P0024,Strawberry,29.2,Medium
2025-02-28,P0024,Strawberry,40.6,Medium
2025-03-01,P0024,Strawberry,46.8,Medium
2025-03-02,P0024,Strawberry,59.1,High
2025-03-03,P0024,Strawberry,41.6,Medium
2025-03-04,P0024,Strawberry,41.5,Medium
2025-03-05,P0024,Strawberry,39.3,Medium
2025-03-06,P0024,Strawberry,44,Medium
2025-03-07,P0024,Strawberry,48,Medium
2025-03-08,P0024,Strawberry,40.5,Medium
2025-03-09,P0024,Strawberry,53,High
2025-03-10,P0024,Strawberry,48.2,Medium
2025-03-11,P0024,Strawberry,52.5,High
2025-03-12,P0024,Strawberry,54,High
2025-03-13,P0024,Strawberry,56.6,High
2025-03-14,P0024,Strawberry,38.6,Medium
2025-03-15,P0024,Strawberry,47.1,Medium
2025-03-16,P0024,Strawberry,37.2,Medium
2025-03-17,P0024,Strawberry,46.4,Medium
2025-03-18,P0024,Strawberry,42.9,Medium
2025-03-19,P0024,Strawberry,43.2,Medium
2025-03-20,P0024,Strawberry,47.3,Medium
2025-03-21,P0024,Strawberry,41.6,Medium
2025-03-22,P0024,Strawberry,46.5,Medium
2025-03-23,P0024,Strawberry,38.8,Medium
2025-03-24,P0024,Strawberry,47.4,Medium
2025-03-25,P0024,Strawberry,46.4,Medium
2025-03-26,P0024,Strawberry,52.5,High
2025-03-27,P0024,Strawberry,42.9,Medium
2025-03-28,P0024,Strawberry,48.9,Medium
2025-03-29,P0024,Strawberry,51.8,High
2025-03-30,P0024,Strawberry,42.1,Medium
2025-03-31,P0024,Strawberry,47.1,Medium
2025-04-01,P0024,Strawberry,41.7,Medium
2025-04-02,P0024,Strawberry,50.2,High
2025-04-03,P0024,Strawberry,45.3,Medium
2025-04-04,P0024,Strawberry,55.6,High
2025-04-05,P0024,Strawberry,59.2,High
2025-04-06,P0024,Strawberry,61.9,High
2025-04-07,P0024,Strawberry,56.6,High
2025-04-08,P0024,Strawberry,55.3,High
2025-04-09,P0024,Strawberry,46.6,Medium
2025-04-10,P0024,Strawberry,49.3,Medium
2025-04-11,P0024,Strawberry,55.7,High
2025-04-12,P0024,Strawberry,50.1,High
2025-04-13,P0024,Strawberry,55.2,High
2025-04-14,P0024,Strawberry,48.6,Medium
2025-04-15,P0024,Strawberry,48.8,Medium
2025-04-16,P0024,Strawberry,39.4,Medium
2025-04-17,P0024,Strawberry,32.8,Medium
2025-04-18,P0024,Strawberry,38.7,Medium
2025-04-19,P0024,Strawberry,47.3,Medium
2025-04-20,P0024,Strawberry,48.6,Medium
2025-04-21,P0024,Strawberry,50.9,High
2025-04-22,P0024,Strawberry,43.8,Medium
2025-04-23,P0024,Strawberry,49.4,Medium
2025-04-24,P0024,Strawberry,49.2,Medium
2025-04-25,P0024,Strawberry,56.5,High
2025-04-26,P0024,Strawberry,58.8,High
2025-04-27,P0024,Strawberry,52.4,High
2025-04-28,P0024,Strawberry,52.4,High
2025-04-29,P0024,Strawberry,52,High
2025-04-30,P0024,Strawberry,51.9,High
2025-05-01,P0024,Strawberry,56.5,High
2025-05-02,P0024,Strawberry,45.5,Medium
2025-05-03,P0024,Strawberry,44.5,Medium
2025-05-04,P0024,Strawberry,46.4,Medium
2025-05-05,P0024,Strawberry,48.1,Medium
2025-05-06,P0024,Strawberry,44.6,Medium
2025-05-07,P0024,Strawberry,42.1,Medium
2025-05-08,P0024,Strawberry,39.4,Medium
2025-05-09,P0024,Strawberry,47.3,Medium
2025-05-10,P0024,Strawberry,54.3,High
2025-05-11,P0024,Strawberry,60.1,High
2025-05-12,P0024,Strawberry,57.4,High
2025-05-13,P0024,Strawberry,51.2,High
2025-05-14,P0024,Strawberry,58.2,High
2025-05-15,P0024,Strawberry,38.9,Medium
2025-05-16,P0024,Strawberry,47.5,Medium
2025-05-17,P0024,Strawberry,51.7,High
2025-05-18,P0024,Strawberry,44.4,Medium
2025-05-19,P0024,Strawberry,34,Medium
2025-05-20,P0024,Strawberry,37.1,Medium
2025-05-21,P0024,Strawberry,30.8,Medium
2025-05-22,P0024,Strawberry,29.3,Medium
2025-05-23,P0024,Strawberry,26.5,Medium
2025-05-24,P0024,Strawberry,25.7,Medium
2025-05-25,P0024,Strawberry,24.3,Low
2025-05-26,P0024,Strawberry,17.3,Low
2025-05-27,P0024,Strawberry,30.5,Medium
2025-05-28,P0024,Strawberry,35.2,Medium
2025-05-29,P0024,Strawberry,39.3,Medium
2025-05-30,P0024,Strawberry,40.9,Medium
2025-05-31,P0024,Strawberry,40.6,Medium
2025-06-01,P0024,Strawberry,33,Medium
2025-06-02,P0024,Strawberry,28,Medium
2025-06-03,P0024,Strawberry,25.7,Medium
2025-06-04,P0024,Strawberry,29.5,Medium
2025-06-05,P0024,Strawberry,32.3,Medium
2025-06-06,P0024,Strawberry,20.7,Low
2025-06-07,P0024,Strawberry,16.6,Low
2025-06-08,P0024,Strawberry,15.7,Low
2025-06-09,P0024,Strawberry,13.6,Low
2025-06-10,P0024,Strawberry,12.8,Low
2025-06-11,P0024,Strawberry,24.9,Low
2025-06-12,P0024,Strawberry,19.6,Low
2025-06-13,P0024,Strawberry,25.8,Medium
2025-06-14,P0024,Strawberry,23.1,Low
2025-06-15,P0024,Strawberry,29.4,Medium
2025-06-16,P0024,Strawberry,31.7,Medium
2025-06-17,P0024,Strawberry,39.4,Medium
2025-06-18,P0024,Strawberry,40,Medium
2025-06-19,P0024,Strawberry,42.8,Medium
2025-06-20,P0024,Strawberry,44.5,Medium
2025-06-21,P0024,Strawberry,38.5,Medium
2025-06-22,P0024,Strawberry,40.7,Medium
2025-06-23,P0024,Strawberry,44.3,Medium
2025-06-24,P0024,Strawberry,36.9,Medium
2025-06-25,P0024,Strawberry,30.5,Medium
2025-06-26,P0024,Strawberry,27.4,Medium
2025-06-27,P0024,Strawberry,17.9,Low
2025-06-28,P0024,Strawberry,20.9,Low
2025-06-29,P0024,Strawberry,13.3,Low
2025-06-30,P0024,Strawberry,16.7,Low
2025-07-01,P0024,Strawberry,14.8,Low
2025-07-02,P0024,Strawberry,23.7,Low
2025-07-03,P0024,Strawberry,20.5,Low
2025-07-04,P0024,Strawberry,35.9,Medium
2025-07-05,P0024,Strawberry,35.2,Medium
2025-07-06,P0024,Strawberry,51.4,High
2025-07-07,P0024,Strawberry,42.4,Medium
2025-07-08,P0024,Strawberry,48.8,Medium
2025-07-09,P0024,Strawberry,44,Medium
2025-07-10,P0024,Strawberry,44.7,Medium
2025-07-11,P0024,Strawberry,39.4,Medium
2025-07-12,P0024,Strawberry,29.8,Medium
2025-07-13,P0024,Strawberry,22.1,Low
2025-07-14,P0024,Strawberry,17.9,Low
2025-07-15,P0024,Strawberry,21.8,Low
2025-07-16,P0024,Strawberry,25.2,Medium
2025-07-17,P0024,Strawberry,21.8,Low
2025-07-18,P0024,Strawberry,15.3,Low
2025-07-19,P0024,Strawberry,17.6,Low
2025-07-20,P0024,Strawberry,16,Low
2025-07-21,P0024,Strawberry,19.7,Low
2025-07-22,P0024,Strawberry,33.9,Medium
2025-07-23,P0024,Strawberry,37.7,Medium
2025-07-24,P0024,Strawberry,20.7,Low
2025-07-25,P0024,Strawberry,19.4,Low
2025-07-26,P0024,Strawberry,17.1,Low
2025-07-27,P0024,Strawberry,18.4,Low
2025-07-28,P0024,Strawberry,15.2,Low
2025-07-29,P0024,Strawberry,14.8,Low
2025-07-30,P0024,Strawberry,24.9,Low
2025-07-31,P0024,Strawberry,23.2,Low
2025-08-01,P0024,Strawberry,21.6,Low
2025-08-02,P0024,Strawberry,17.6,Low
2025-08-03,P0024,Strawberry,15,Low
2025-08-04,P0024,Strawberry,21.1,Low
2025-08-05,P0024,Strawberry,17.1,Low
2025-08-06,P0024,Strawberry,8.2,Low
2025-08-07,P0024,Strawberry,4.2,Low
2025-08-08,P0024,Strawberry,9.9,Low
2025-08-09,P0024,Strawberry,8.8,Low
2025-08-10,P0024,Strawberry,20.3,Low
2025-08-11,P0024,Strawberry,19.9,Low
2025-08-12,P0024,Strawberry,12.7,Low
2025-08-13,P0024,Strawberry,27.7,Medium
2025-08-14,P0024,Strawberry,20.2,Low
2025-08-15,P0024,Strawberry,23.1,Low
2025-08-16,P0024,Strawberry,26.7,Medium
2025-08-17,P0024,Strawberry,28.5,Medium
2025-08-18,P0024,Strawberry,25.9,Medium
2025-08-19,P0024,Strawberry,30.8,Medium
2025-08-20,P0024,Strawberry,27.7,Medium
2025-08-21,P0024,Strawberry,27.3,Medium
2025-08-22,P0024,Strawberry,32.1,Medium
2025-08-23,P0024,Strawberry,39.8,Medium
2025-08-24,P0024,Strawberry,20.4,Low
2025-08-25,P0024,Strawberry,26,Medium
2025-08-26,P0024,Strawberry,32.4,Medium
2025-08-27,P0024,Strawberry,42.7,Medium
2025-08-28,P0024,Strawberry,40.8,Medium
2025-08-29,P0024,Strawberry,31.1,Medium
2025-08-30,P0024,Strawberry,31.9,Medium
2025-08-31,P0024,Strawberry,29.7,Medium
2025-09-01,P0024,Strawberry,23.7,Low
2025-09-02,P0024,Strawberry,28,Medium
2025-09-03,P0024,Strawberry,28.2,Medium
2025-09-04,P0024,Strawberry,29.6,Medium
2025-09-05,P0024,Strawberry,23.8,Low
2025-09-06,P0024,Strawberry,22.6,Low
2025-09-07,P0024,Strawberry,27.5,Medium
2025-09-08,P0024,Strawberry,22.3,Low
2025-09-09,P0024,Strawberry,23.3,Low
2025-09-10,P0024,Strawberry,14.2,Low
2025-09-11,P0024,Strawberry,14.6,Low
2025-09-12,P0024,Strawberry,22.1,Low
2025-02-21,P0025,Pepper,54,High
2025-02-22,P0025,Pepper,45.9,Medium
2025-02-23,P0025,Pepper,43.9,Medium
2025-02-24,P0025,Pepper,44.7,Medium
2025-02-25,P0025,Pepper,42,Medium
2025-02-26,P0025,Pepper,40,Medium
2025-02-27,P0025,Pepper,45.1,Medium
2025-02-28,P0025,Pepper,49.5,Medium
2025-03-01,P0025,Pepper,51.8,High
2025-03-02,P0025,Pepper,52.8,High
2025-03-03,P0025,Pepper,65.2,High
2025-03-04,P0025,Pepper,60.1,High
2025-03-05,P0025,Pepper,52,High
2025-03-06,P0025,Pepper,63.2,High
2025-03-07,P0025,Pepper,65,High
2025-03-08,P0025,Pepper,58.8,High
2025-03-09,P0025,Pepper,54,High
2025-03-10,P0025,Pepper,63.4,High
2025-03-11,P0025,Pepper,56.7,High
2025-03-12,P0025,Pepper,63.3,High
2025-03-13,P0025,Pepper,49.5,Medium
2025-03-14,P0025,Pepper,53.5,High
2025-03-15,P0025,Pepper,55.6,High
2025-03-16,P0025,Pepper,65.4,High
2025-03-17,P0025,Pepper,66.1,High
2025-03-18,P0025,Pepper,63.5,High
2025-03-19,P0025,Pepper,65.2,High
2025-03-20,P0025,Pepper,64.8,High
2025-03-21,P0025,Pepper,62.5,High
2025-03-22,P0025,Pepper,63.5,High
2025-03-23,P0025,Pepper,59.9,High
2025-03-24,P0025,Pepper,51.9,High
2025-03-25,P0025,Pepper,59.6,High
2025-03-26,P0025,Pepper,59.5,High
2025-03-27,P0025,Pepper,62.9,High
2025-03-28,P0025,Pepper,55.8,High
2025-03-29,P0025,Pepper,54.8,High
2025-03-30,P0025,Pepper,52.2,High
2025-03-31,P0025,Pepper,52.2,High
2025-04-01,P0025,Pepper,51.2,High
2025-04-02,P0025,Pepper,57,High
2025-04-03,P0025,Pepper,53.9,High
2025-04-04,P0025,Pepper,53.4,High
2025-04-05,P0025,Pepper,59.2,High
2025-04-06,P0025,Pepper,64.8,High
2025-04-07,P0025,Pepper,70.8,High
2025-04-08,P0025,Pepper,70.7,High
2025-04-09,P0025,Pepper,68.5,High
2025-04-10,P0025,Pepper,72.5,High
2025-04-11,P0025,Pepper,71.8,High
2025-04-12,P0025,Pepper,77.6,Critical
2025-04-13,P0025,Pepper,74.9,High
2025-04-14,P0025,Pepper,71.9,High
2025-04-15,P0025,Pepper,67.6,High
2025-04-16,P0025,Pepper,64.4,High
2025-04-17,P0025,Pepper,61.3,High
2025-04-18,P0025,Pepper,64.1,High
2025-04-19,P0025,Pepper,59.4,High
2025-04-20,P0025,Pepper,73.8,High
2025-04-21,P0025,Pepper,76.5,Critical
2025-04-22,P0025,Pepper,75,Critical
2025-04-23,P0025,Pepper,72.9,High
2025-04-24,P0025,Pepper,70.6,High
2025-04-25,P0025,Pepper,78.9,Critical
2025-04-26,P0025,Pepper,71.8,High
2025-04-27,P0025,Pepper,53.2,High
2025-04-28,P0025,Pepper,57.8,High
2025-04-29,P0025,Pepper,56.1,High
2025-04-30,P0025,Pepper,56.7,High
2025-05-01,P0025,Pepper,50.4,High
2025-05-02,P0025,Pepper,62.4,High
2025-05-03,P0025,Pepper,66.8,High
2025-05-04,P0025,Pepper,57.3,High
2025-05-05,P0025,Pepper,64.9,High
2025-05-06,P0025,Pepper,63.9,High
2025-05-07,P0025,Pepper,67.6,High
2025-05-08,P0025,Pepper,60,High
2025-05-09,P0025,Pepper,52.3,High
2025-05-10,P0025,Pepper,53.3,High
2025-05-11,P0025,Pepper,68.8,High
2025-05-12,P0025,Pepper,72.3,High
2025-05-13,P0025,Pepper,66.6,High
2025-05-14,P0025,Pepper,56.7,High
2025-05-15,P0025,Pepper,60.2,High
2025-05-16,P0025,Pepper,54.1,High
2025-05-17,P0025,Pepper,56.5,High
2025-05-18,P0025,Pepper,47.7,Medium
2025-05-19,P0025,Pepper,43.5,Medium
2025-05-20,P0025,Pepper,39.5,Medium
2025-05-21,P0025,Pepper,33.5,Medium
2025-05-22,P0025,Pepper,36.1,Medium
2025-05-23,P0025,Pepper,46.8,Medium
2025-05-24,P0025,Pepper,45.5,Medium
2025-05-25,P0025,Pepper,43.7,Medium
2025-05-26,P0025,Pepper,54.9,High
2025-05-27,P0025,Pepper,58.4,High
2025-05-28,P0025,Pepper,57.1,High
2025-05-29,P0025,Pepper,56.2,High
2025-05-30,P0025,Pepper,50,High
2025-05-31,P0025,Pepper,43.3,Medium
2025-06-01,P0025,Pepper,39,Medium
2025-06-02,P0025,Pepper,44.6,Medium
2025-06-03,P0025,Pepper,48.7,Medium
2025-06-04,P0025,Pepper,51.8,High
2025-06-05,P0025,Pepper,47.2,Medium
2025-06-06,P0025,Pepper,48.7,Medium
2025-06-07,P0025,Pepper,43.6,Medium
2025-06-08,P0025,Pepper,46.5,Medium
2025-06-09,P0025,Pepper,38.6,Medium
2025-06-10,P0025,Pepper,37.6,Medium
2025-06-11,P0025,Pepper,30.4,Medium
2025-06-12,P0025,Pepper,33.6,Medium
2025-06-13,P0025,Pepper,26,Medium
2025-06-14,P0025,Pepper,23.5,Low
2025-06-15,P0025,Pepper,35.5,Medium
2025-06-16,P0025,Pepper,45.6,Medium
2025-06-17,P0025,Pepper,48.5,Medium
2025-06-18,P0025,Pepper,62.1,High
2025-06-19,P0025,Pepper,56.3,High
2025-06-20,P0025,Pepper,56.6,High
2025-06-21,P0025,Pepper,60.6,High
2025-06-22,P0025,Pepper,60.2,High
2025-06-23,P0025,Pepper,56.6,High
2025-06-24,P0025,Pepper,56.6,High
2025-06-25,P0025,Pepper,52.4,High
2025-06-26,P0025,Pepper,43.8,Medium
2025-06-27,P0025,Pepper,53.6,High
2025-06-28,P0025,Pepper,43.7,Medium
2025-06-29,P0025,Pepper,49.2,Medium
2025-06-30,P0025,Pepper,32.7,Medium
2025-07-01,P0025,Pepper,31.2,Medium
2025-07-02,P0025,Pepper,39.6,Medium
2025-07-03,P0025,Pepper,48.1,Medium
2025-07-04,P0025,Pepper,44.7,Medium
2025-07-05,P0025,Pepper,45.1,Medium
2025-07-06,P0025,Pepper,35.4,Medium
2025-07-07,P0025,Pepper,46.4,Medium
2025-07-08,P0025,Pepper,38.4,Medium
2025-07-09,P0025,Pepper,38.4,Medium
2025-07-10,P0025,Pepper,45.8,Medium
2025-07-11,P0025,Pepper,58.6,High
2025-07-12,P0025,Pepper,46.4,Medium
2025-07-13,P0025,Pepper,47.1,Medium
2025-07-14,P0025,Pepper,52.7,High
2025-07-15,P0025,Pepper,51.4,High
2025-07-16,P0025,Pepper,42.8,Medium
2025-07-17,P0025,Pepper,38.2,Medium
2025-07-18,P0025,Pepper,39.3,Medium
2025-07-19,P0025,Pepper,36,Medium
2025-07-20,P0025,Pepper,41,Medium
2025-07-21,P0025,Pepper,61.7,High
2025-07-22,P0025,Pepper,61.7,High
2025-07-23,P0025,Pepper,62.5,High
2025-07-24,P0025,Pepper,52.8,High
2025-07-25,P0025,Pepper,64.5,High
2025-07-26,P0025,Pepper,56.9,High
2025-07-27,P0025,Pepper,60.3,High
2025-07-28,P0025,Pepper,57.7,High
2025-07-29,P0025,Pepper,46.7,Medium
2025-07-30,P0025,Pepper,67.6,High
2025-07-31,P0025,Pepper,62,High
2025-08-01,P0025,Pepper,64.9,High
2025-08-02,P0025,Pepper,53.1,High
2025-08-03,P0025,Pepper,58.5,High
2025-08-04,P0025,Pepper,61.6,High
2025-08-05,P0025,Pepper,55.3,High
2025-08-06,P0025,Pepper,47.2,Medium
2025-08-07,P0025,Pepper,53.8,High
2025-08-08,P0025,Pepper,46.1,Medium
2025-08-09,P0025,Pepper,43.1,Medium
2025-08-10,P0025,Pepper,44.1,Medium
2025-08-11,P0025,Pepper,49,Medium
2025-08-12,P0025,Pepper,60.3,High
2025-08-13,P0025,Pepper,54.7,High
2025-08-14,P0025,Pepper,61.5,High
2025-08-15,P0025,Pepper,49.5,Medium
2025-08-16,P0025,Pepper,45.1,Medium
2025-08-17,P0025,Pepper,53.3,High
2025-08-18,P0025,Pepper,47.9,Medium
2025-08-19,P0025,Pepper,23.4,Low
2025-08-20,P0025,Pepper,24.5,Low
2025-08-21,P0025,Pepper,22.1,Low
2025-08-22,P0025,Pepper,20,Low
2025-08-23,P0025,Pepper,23.3,Low
2025-08-24,P0025,Pepper,30.2,Medium
2025-08-25,P0025,Pepper,32,Medium
2025-08-26,P0025,Pepper,38.7,Medium
2025-08-27,P0025,Pepper,47.5,Medium
2025-08-28,P0025,Pepper,59.2,High
2025-08-29,P0025,Pepper,45,Medium
2025-08-30,P0025,Pepper,47,Medium
2025-08-31,P0025,Pepper,33.1,Medium
2025-09-01,P0025,Pepper,38.5,Medium
2025-09-02,P0025,Pepper,38.2,Medium
2025-09-03,P0025,Pepper,36,Medium
2025-09-04,P0025,Pepper,31,Medium
2025-09-05,P0025,Pepper,28.4,Medium
2025-09-06,P0025,Pepper,29.4,Medium
2025-09-07,P0025,Pepper,40.3,Medium
2025-09-08,P0025,Pepper,27.5,Medium
2025-09-09,P0025,Pepper,30.9,Medium
2025-09-10,P0025,Pepper,33.1,Medium
2025-09-11,P0025,Pepper,31.4,Medium
2025-09-12,P0025,Pepper,33,Medium
2025-02-21,P0026,Cucumber,22,Low
2025-02-22,P0026,Cucumber,21.1,Low
2025-02-23,P0026,Cucumber,21.2,Low
2025-02-24,P0026,Cucumber,28.3,Medium
2025-02-25,P0026,Cucumber,24.9,Low
2025-02-26,P0026,Cucumber,21.1,Low
2025-02-27,P0026,Cucumber,40.4,Medium
2025-02-28,P0026,Cucumber,48.6,Medium
2025-03-01,P0026,Cucumber,61.3,High
2025-03-02,P0026,Cucumber,70.4,High
2025-03-03,P0026,Cucumber,69.7,High
2025-03-04,P0026,Cucumber,68.9,High
2025-03-05,P0026,Cucumber,58.3,High
2025-03-06,P0026,Cucumber,63.3,High
2025-03-07,P0026,Cucumber,61.2,High
2025-03-08,P0026,Cucumber,54.2,High
2025-03-09,P0026,Cucumber,42,Medium
2025-03-10,P0026,Cucumber,45.4,Medium
2025-03-11,P0026,Cucumber,40.4,Medium
2025-03-12,P0026,Cucumber,44.3,Medium
2025-03-13,P0026,Cucumber,51.2,High
2025-03-14,P0026,Cucumber,40.4,Medium
2025-03-15,P0026,Cucumber,49.3,Medium
2025-03-16,P0026,Cucumber,46.3,Medium
2025-03-17,P0026,Cucumber,40.7,Medium
2025-03-18,P0026,Cucumber,45.7,Medium
2025-03-19,P0026,Cucumber,45.8,Medium
2025-03-20,P0026,Cucumber,54.3,High
2025-03-21,P0026,Cucumber,51.3,High
2025-03-22,P0026,Cucumber,42.2,Medium
2025-03-23,P0026,Cucumber,48.9,Medium
2025-03-24,P0026,Cucumber,48.3,Medium
2025-03-25,P0026,Cucumber,38.5,Medium
2025-03-26,P0026,Cucumber,40.4,Medium
2025-03-27,P0026,Cucumber,42.7,Medium
2025-03-28,P0026,Cucumber,40.9,Medium
2025-03-29,P0026,Cucumber,62.5,High
2025-03-30,P0026,Cucumber,58.6,High
2025-03-31,P0026,Cucumber,72.4,High
2025-04-01,P0026,Cucumber,67.5,High
2025-04-02,P0026,Cucumber,69.5,High
2025-04-03,P0026,Cucumber,70.9,High
2025-04-04,P0026,Cucumber,78.9,Critical
2025-04-05,P0026,Cucumber,63.8,High
2025-04-06,P0026,Cucumber,61.2,High
2025-04-07,P0026,Cucumber,65.2,High
2025-04-08,P0026,Cucumber,56.2,High
2025-04-09,P0026,Cucumber,57.2,High
2025-04-10,P0026,Cucumber,64.3,High
2025-04-11,P0026,Cucumber,66.5,High
2025-04-12,P0026,Cucumber,62.7,High
2025-04-13,P0026,Cucumber,52.7,High
2025-04-14,P0026,Cucumber,45.7,Medium
2025-04-15,P0026,Cucumber,52.7,High
2025-04-16,P0026,Cucumber,54.8,High
2025-04-17,P0026,Cucumber,47.2,Medium
2025-04-18,P0026,Cucumber,29.7,Medium
2025-04-19,P0026,Cucumber,41.5,Medium
2025-04-20,P0026,Cucumber,35.5,Medium
2025-04-21,P0026,Cucumber,38.5,Medium
2025-04-22,P0026,Cucumber,34.5,Medium
2025-04-23,P0026,Cucumber,41.5,Medium
2025-04-24,P0026,Cucumber,44.4,Medium
2025-04-25,P0026,Cucumber,45.1,Medium
2025-04-26,P0026,Cucumber,49,Medium
2025-04-27,P0026,Cucumber,39.8,Medium
2025-04-28,P0026,Cucumber,54.4,High
2025-04-29,P0026,Cucumber,52.9,High
2025-04-30,P0026,Cucumber,57.3,High
2025-05-01,P0026,Cucumber,56.6,High
2025-05-02,P0026,Cucumber,44.6,Medium
2025-05-03,P0026,Cucumber,40.9,Medium
2025-05-04,P0026,Cucumber,44.4,Medium
2025-05-05,P0026,Cucumber,36.8,Medium
2025-05-06,P0026,Cucumber,47.4,Medium
2025-05-07,P0026,Cucumber,34,Medium
2025-05-08,P0026,Cucumber,35.9,Medium
2025-05-09,P0026,Cucumber,43.8,Medium
2025-05-10,P0026,Cucumber,40.1,Medium
2025-05-11,P0026,Cucumber,54.8,High
2025-05-12,P0026,Cucumber,57.8,High
2025-05-13,P0026,Cucumber,59.7,High
2025-05-14,P0026,Cucumber,58,High
2025-05-15,P0026,Cucumber,60,High
2025-05-16,P0026,Cucumber,55.4,High
2025-05-17,P0026,Cucumber,48.7,Medium
2025-05-18,P0026,Cucumber,55.7,High
2025-05-19,P0026,Cucumber,47.6,Medium
2025-05-20,P0026,Cucumber,41.2,Medium
2025-05-21,P0026,Cucumber,44,Medium
2025-05-22,P0026,Cucumber,37,Medium
2025-05-23,P0026,Cucumber,36.8,Medium
2025-05-24,P0026,Cucumber,27.8,Medium
2025-05-25,P0026,Cucumber,33.5,Medium
2025-05-26,P0026,Cucumber,24.4,Low
2025-05-27,P0026,Cucumber,22.7,Low
2025-05-28,P0026,Cucumber,21.5,Low
2025-05-29,P0026,Cucumber,32.1,Medium
2025-05-30,P0026,Cucumber,48.1,Medium
2025-05-31,P0026,Cucumber,45.1,Medium
2025-06-01,P0026,Cucumber,51.7,High
2025-06-02,P0026,Cucumber,47.3,Medium
2025-06-03,P0026,Cucumber,46.6,Medium
2025-06-04,P0026,Cucumber,57.6,High
2025-06-05,P0026,Cucumber,57.1,High
2025-06-06,P0026,Cucumber,47.3,Medium
2025-06-07,P0026,Cucumber,42.8,Medium
2025-06-08,P0026,Cucumber,39,Medium
2025-06-09,P0026,Cucumber,32.8,Medium
2025-06-10,P0026,Cucumber,36.1,Medium
2025-06-11,P0026,Cucumber,24.6,Low
2025-06-12,P0026,Cucumber,23.1,Low
2025-06-13,P0026,Cucumber,31.5,Medium
2025-06-14,P0026,Cucumber,35.2,Medium
2025-06-15,P0026,Cucumber,43.2,Medium
2025-06-16,P0026,Cucumber,43.3,Medium
2025-06-17,P0026,Cucumber,53.4,High
2025-06-18,P0026,Cucumber,46,Medium
2025-06-19,P0026,Cucumber,58.8,High
2025-06-20,P0026,Cucumber,53,High
2025-06-21,P0026,Cucumber,56.7,High
2025-06-22,P0026,Cucumber,46.9,Medium
2025-06-23,P0026,Cucumber,48.1,Medium
2025-06-24,P0026,Cucumber,39.4,Medium
2025-06-25,P0026,Cucumber,36.8,Medium
2025-06-26,P0026,Cucumber,41.2,Medium
2025-06-27,P0026,Cucumber,27.5,Medium
2025-06-28,P0026,Cucumber,19.3,Low
2025-06-29,P0026,Cucumber,19.8,Low
2025-06-30,P0026,Cucumber,20.4,Low
2025-07-01,P0026,Cucumber,20.7,Low
2025-07-02,P0026,Cucumber,30,Medium
2025-07-03,P0026,Cucumber,33.2,Medium
2025-07-04,P0026,Cucumber,31.8,Medium
2025-07-05,P0026,Cucumber,30.8,Medium
2025-07-06,P0026,Cucumber,36.4,Medium
2025-07-07,P0026,Cucumber,33.1,Medium
2025-07-08,P0026,Cucumber,40.3,Medium
2025-07-09,P0026,Cucumber,35.1,Medium
2025-07-10,P0026,Cucumber,29.8,Medium
2025-07-11,P0026,Cucumber,28.7,Medium
2025-07-12,P0026,Cucumber,24,Low
2025-07-13,P0026,Cucumber,23.8,Low
2025-07-14,P0026,Cucumber,27.5,Medium
2025-07-15,P0026,Cucumber,28.5,Medium
2025-07-16,P0026,Cucumber,32.8,Medium
2025-07-17,P0026,Cucumber,30,Medium
2025-07-18,P0026,Cucumber,32,Medium
2025-07-19,P0026,Cucumber,34.8,Medium
2025-07-20,P0026,Cucumber,41.1,Medium
2025-07-21,P0026,Cucumber,48.8,Medium
2025-07-22,P0026,Cucumber,39,Medium
2025-07-23,P0026,Cucumber,43.9,Medium
2025-07-24,P0026,Cucumber,48.7,Medium
2025-07-25,P0026,Cucumber,62.8,High
2025-07-26,P0026,Cucumber,60.7,High
2025-07-27,P0026,Cucumber,50.7,High
2025-07-28,P0026,Cucumber,53.2,High
2025-07-29,P0026,Cucumber,48.2,Medium
2025-07-30,P0026,Cucumber,45,Medium
2025-07-31,P0026,Cucumber,47.7,Medium
2025-08-01,P0026,Cucumber,35.6,Medium
2025-08-02,P0026,Cucumber,30.8,Medium
2025-08-03,P0026,Cucumber,33,Medium
2025-08-04,P0026,Cucumber,30.1,Medium
2025-08-05,P0026,Cucumber,32.6,Medium
2025-08-06,P0026,Cucumber,31.3,Medium
2025-08-07,P0026,Cucumber,20.4,Low
2025-08-08,P0026,Cucumber,32.3,Medium
2025-08-09,P0026,Cucumber,39,Medium
2025-08-10,P0026,Cucumber,36.8,Medium
2025-08-11,P0026,Cucumber,40.3,Medium
2025-08-12,P0026,Cucumber,47.1,Medium
2025-08-13,P0026,Cucumber,35.4,Medium
2025-08-14,P0026,Cucumber,45.8,Medium
2025-08-15,P0026,Cucumber,39.6,Medium
2025-08-16,P0026,Cucumber,34.6,Medium
2025-08-17,P0026,Cucumber,28.4,Medium
2025-08-18,P0026,Cucumber,27.8,Medium
2025-08-19,P0026,Cucumber,27.4,Medium
2025-08-20,P0026,Cucumber,22.2,Low
2025-08-21,P0026,Cucumber,21,Low
2025-08-22,P0026,Cucumber,20.2,Low
2025-08-23,P0026,Cucumber,22.6,Low
2025-08-24,P0026,Cucumber,34.1,Medium
2025-08-25,P0026,Cucumber,32.8,Medium
2025-08-26,P0026,Cucumber,34.2,Medium
2025-08-27,P0026,Cucumber,46.2,Medium
2025-08-28,P0026,Cucumber,42.2,Medium
2025-08-29,P0026,Cucumber,44.3,Medium
2025-08-30,P0026,Cucumber,37.7,Medium
2025-08-31,P0026,Cucumber,33.6,Medium
2025-09-01,P0026,Cucumber,42.1,Medium
2025-09-02,P0026,Cucumber,48.4,Medium
2025-09-03,P0026,Cucumber,41.9,Medium
2025-09-04,P0026,Cucumber,29.8,Medium
2025-09-05,P0026,Cucumber,29.8,Medium
2025-09-06,P0026,Cucumber,23.1,Low
2025-09-07,P0026,Cucumber,22.4,Low
2025-09-08,P0026,Cucumber,14.5,Low
2025-09-09,P0026,Cucumber,13.9,Low
2025-09-10,P0026,Cucumber,20.7,Low
2025-09-11,P0026,Cucumber,29.4,Medium
2025-09-12,P0026,Cucumber,19.6,Low
2025-02-21,P0027,Strawberry,39.9,Medium
2025-02-22,P0027,Strawberry,46.8,Medium
2025-02-23,P0027,Strawberry,42.6,Medium
2025-02-24,P0027,Strawberry,40.8,Medium
2025-02-25,P0027,Strawberry,53.9,High
2025-02-26,P0027,Strawberry,41.6,Medium
2025-02-27,P0027,Strawberry,40.9,Medium
2025-02-28,P0027,Strawberry,54.4,High
2025-03-01,P0027,Strawberry,59.3,High
2025-03-02,P0027,Strawberry,68.4,High
2025-03-03,P0027,Strawberry,54.9,High
2025-03-04,P0027,Strawberry,53.9,High
2025-03-05,P0027,Strawberry,50.7,High
2025-03-06,P0027,Strawberry,67.7,High
2025-03-07,P0027,Strawberry,62.2,High
2025-03-08,P0027,Strawberry,56.7,High
2025-03-09,P0027,Strawberry,48.3,Medium
2025-03-10,P0027,Strawberry,46.9,Medium
2025-03-11,P0027,Strawberry,51.1,High
2025-03-12,P0027,Strawberry,61.4,High
2025-03-13,P0027,Strawberry,57.2,High
2025-03-14,P0027,Strawberry,59.3,High
2025-03-15,P0027,Strawberry,64.7,High
2025-03-16,P0027,Strawberry,56.9,High
2025-03-17,P0027,Strawberry,66.7,High
2025-03-18,P0027,Strawberry,66,High
2025-03-19,P0027,Strawberry,49.7,Medium
2025-03-20,P0027,Strawberry,60.3,High
2025-03-21,P0027,Strawberry,56.4,High
2025-03-22,P0027,Strawberry,50.2,High
2025-03-23,P0027,Strawberry,54.4,High
2025-03-24,P0027,Strawberry,52.6,High
2025-03-25,P0027,Strawberry,54.8,High
2025-03-26,P0027,Strawberry,46,Medium
2025-03-27,P0027,Strawberry,57.9,High
2025-03-28,P0027,Strawberry,50.6,High
2025-03-29,P0027,Strawberry,53.8,High
2025-03-30,P0027,Strawberry,56.8,High
2025-03-31,P0027,Strawberry,61.5,High
2025-04-01,P0027,Strawberry,67.1,High
2025-04-02,P0027,Strawberry,59.3,High
2025-04-03,P0027,Strawberry,66.1,High
2025-04-04,P0027,Strawberry,72.9,High
2025-04-05,P0027,Strawberry,71.2,High
2025-04-06,P0027,Strawberry,80.8,Critical
2025-04-07,P0027,Strawberry,81.8,Critical
2025-04-08,P0027,Strawberry,70.4,High
2025-04-09,P0027,Strawberry,83.5,Critical
2025-04-10,P0027,Strawberry,80.2,Critical
2025-04-11,P0027,Strawberry,79.3,Critical
2025-04-12,P0027,Strawberry,83.9,Critical
2025-04-13,P0027,Strawberry,77.1,Critical
2025-04-14,P0027,Strawberry,74.5,High
2025-04-15,P0027,Strawberry,75.1,Critical
2025-04-16,P0027,Strawberry,58.1,High
2025-04-17,P0027,Strawberry,51.6,High
2025-04-18,P0027,Strawberry,56.5,High
2025-04-19,P0027,Strawberry,56.1,High
2025-04-20,P0027,Strawberry,56.5,High
2025-04-21,P0027,Strawberry,59.6,High
2025-04-22,P0027,Strawberry,55.9,High
2025-04-23,P0027,Strawberry,51.3,High
2025-04-24,P0027,Strawberry,54.8,High
2025-04-25,P0027,Strawberry,55.7,High
2025-04-26,P0027,Strawberry,49.8,Medium
2025-04-27,P0027,Strawberry,53.1,High
2025-04-28,P0027,Strawberry,65.3,High
2025-04-29,P0027,Strawberry,65.3,High
2025-04-30,P0027,Strawberry,67.9,High
2025-05-01,P0027,Strawberry,61.2,High
2025-05-02,P0027,Strawberry,69.1,High
2025-05-03,P0027,Strawberry,71.5,High
2025-05-04,P0027,Strawberry,69.7,High
2025-05-05,P0027,Strawberry,54.6,High
2025-05-06,P0027,Strawberry,59.3,High
2025-05-07,P0027,Strawberry,59.7,High
2025-05-08,P0027,Strawberry,55.2,High
2025-05-09,P0027,Strawberry,61.2,High
2025-05-10,P0027,Strawberry,62.1,High
2025-05-11,P0027,Strawberry,60.8,High
2025-05-12,P0027,Strawberry,64.7,High
2025-05-13,P0027,Strawberry,68.3,High
2025-05-14,P0027,Strawberry,70.4,High
2025-05-15,P0027,Strawberry,63.3,High
2025-05-16,P0027,Strawberry,59.8,High
2025-05-17,P0027,Strawberry,59.3,High
2025-05-18,P0027,Strawberry,68.3,High
2025-05-19,P0027,Strawberry,66.4,High
2025-05-20,P0027,Strawberry,59.2,High
2025-05-21,P0027,Strawberry,58.5,High
2025-05-22,P0027,Strawberry,54.5,High
2025-05-23,P0027,Strawberry,52.9,High
2025-05-24,P0027,Strawberry,40.3,Medium
2025-05-25,P0027,Strawberry,41.3,Medium
2025-05-26,P0027,Strawberry,54,High
2025-05-27,P0027,Strawberry,56.3,High
2025-05-28,P0027,Strawberry,49.1,Medium
2025-05-29,P0027,Strawberry,55,High
2025-05-30,P0027,Strawberry,51.7,High
2025-05-31,P0027,Strawberry,55,High
2025-06-01,P0027,Strawberry,45.8,Medium
2025-06-02,P0027,Strawberry,48.5,Medium
2025-06-03,P0027,Strawberry,44.7,Medium
2025-06-04,P0027,Strawberry,36.6,Medium
2025-06-05,P0027,Strawberry,35.3,Medium
2025-06-06,P0027,Strawberry,41.3,Medium
2025-06-07,P0027,Strawberry,28.5,Medium
2025-06-08,P0027,Strawberry,28.9,Medium
2025-06-09,P0027,Strawberry,33.6,Medium
2025-06-10,P0027,Strawberry,32,Medium
2025-06-11,P0027,Strawberry,33.4,Medium
2025-06-12,P0027,Strawberry,31.6,Medium
2025-06-13,P0027,Strawberry,34.8,Medium
2025-06-14,P0027,Strawberry,28.5,Medium
2025-06-15,P0027,Strawberry,38.3,Medium
2025-06-16,P0027,Strawberry,35.9,Medium
2025-06-17,P0027,Strawberry,52.6,High
2025-06-18,P0027,Strawberry,44.8,Medium
2025-06-19,P0027,Strawberry,29.7,Medium
2025-06-20,P0027,Strawberry,30.7,Medium
2025-06-21,P0027,Strawberry,29.1,Medium
2025-06-22,P0027,Strawberry,36.4,Medium
2025-06-23,P0027,Strawberry,35.5,Medium
2025-06-24,P0027,Strawberry,34.1,Medium
2025-06-25,P0027,Strawberry,30.9,Medium
2025-06-26,P0027,Strawberry,30.3,Medium
2025-06-27,P0027,Strawberry,26.8,Medium
2025-06-28,P0027,Strawberry,35.8,Medium
2025-06-29,P0027,Strawberry,42.2,Medium
2025-06-30,P0027,Strawberry,38.4,Medium
2025-07-01,P0027,Strawberry,49,Medium
2025-07-02,P0027,Strawberry,49,Medium
2025-07-03,P0027,Strawberry,46.1,Medium
2025-07-04,P0027,Strawberry,52.6,High
2025-07-05,P0027,Strawberry,51.4,High
2025-07-06,P0027,Strawberry,47.9,Medium
2025-07-07,P0027,Strawberry,43.6,Medium
2025-07-08,P0027,Strawberry,34.9,Medium
2025-07-09,P0027,Strawberry,33.6,Medium
2025-07-10,P0027,Strawberry,39.5,Medium
2025-07-11,P0027,Strawberry,34.6,Medium
2025-07-12,P0027,Strawberry,35.7,Medium
2025-07-13,P0027,Strawberry,36,Medium
2025-07-14,P0027,Strawberry,29.2,Medium
2025-07-15,P0027,Strawberry,29.8,Medium
2025-07-16,P0027,Strawberry,19,Low
2025-07-17,P0027,Strawberry,28.3,Medium
2025-07-18,P0027,Strawberry,35.3,Medium
2025-07-19,P0027,Strawberry,44.8,Medium
2025-07-20,P0027,Strawberry,37.9,Medium
2025-07-21,P0027,Strawberry,41.7,Medium
2025-07-22,P0027,Strawberry,65.2,High
2025-07-23,P0027,Strawberry,69.8,High
2025-07-24,P0027,Strawberry,64.7,High
2025-07-25,P0027,Strawberry,74.4,High
2025-07-26,P0027,Strawberry,59.1,High
2025-07-27,P0027,Strawberry,60.6,High
2025-07-28,P0027,Strawberry,62.3,High
2025-07-29,P0027,Strawberry,47.1,Medium
2025-07-30,P0027,Strawberry,57.7,High
2025-07-31,P0027,Strawberry,55.4,High
2025-08-01,P0027,Strawberry,52,High
2025-08-02,P0027,Strawberry,46,Medium
2025-08-03,P0027,Strawberry,45.3,Medium
2025-08-04,P0027,Strawberry,39.1,Medium
2025-08-05,P0027,Strawberry,43.1,Medium
2025-08-06,P0027,Strawberry,46.3,Medium
2025-08-07,P0027,Strawberry,49.8,Medium
2025-08-08,P0027,Strawberry,51.6,High
2025-08-09,P0027,Strawberry,57.8,High
2025-08-10,P0027,Strawberry,60.8,High
2025-08-11,P0027,Strawberry,67.5,High
2025-08-12,P0027,Strawberry,58.4,High
2025-08-13,P0027,Strawberry,60.2,High
2025-08-14,P0027,Strawberry,52.5,High
2025-08-15,P0027,Strawberry,54.5,High
2025-08-16,P0027,Strawberry,47.2,Medium
2025-08-17,P0027,Strawberry,38.8,Medium
2025-08-18,P0027,Strawberry,31,Medium
2025-08-19,P0027,Strawberry,48.8,Medium
2025-08-20,P0027,Strawberry,54,High
2025-08-21,P0027,Strawberry,61.5,High
2025-08-22,P0027,Strawberry,58.9,High
2025-08-23,P0027,Strawberry,58.6,High
2025-08-24,P0027,Strawberry,64.1,High
2025-08-25,P0027,Strawberry,48.8,Medium
2025-08-26,P0027,Strawberry,69.8,High
2025-08-27,P0027,Strawberry,67.5,High
2025-08-28,P0027,Strawberry,65.9,High
2025-08-29,P0027,Strawberry,57.6,High
2025-08-30,P0027,Strawberry,52.5,High
2025-08-31,P0027,Strawberry,51.1,High
2025-09-01,P0027,Strawberry,46.4,Medium
2025-09-02,P0027,Strawberry,52.2,High
2025-09-03,P0027,Strawberry,45.3,Medium
2025-09-04,P0027,Strawberry,33.3,Medium
2025-09-05,P0027,Strawberry,30.1,Medium
2025-09-06,P0027,Strawberry,32.8,Medium
2025-09-07,P0027,Strawberry,46.5,Medium
2025-09-08,P0027,Strawberry,45.7,Medium
2025-09-09,P0027,Strawberry,46,Medium
2025-09-10,P0027,Strawberry,44.2,Medium
2025-09-11,P0027,Strawberry,49.6,Medium
2025-09-12,P0027,Strawberry,48.9,Medium
2025-02-21,P0028,Strawberry,36.5,Medium
2025-02-22,P0028,Strawberry,29,Medium
2025-02-23,P0028,Strawberry,35.6,Medium
2025-02-24,P0028,Strawberry,28.2,Medium
2025-02-25,P0028,Strawberry,32.2,Medium
2025-02-26,P0028,Strawberry,47.8,Medium
2025-02-27,P0028,Strawberry,40.1,Medium
2025-02-28,P0028,Strawberry,50.5,High
2025-03-01,P0028,Strawberry,50.5,High
2025-03-02,P0028,Strawberry,59.3,High
2025-03-03,P0028,Strawberry,51,High
2025-03-04,P0028,Strawberry,48.1,Medium
2025-03-05,P0028,Strawberry,47.5,Medium
2025-03-06,P0028,Strawberry,45.5,Medium
2025-03-07,P0028,Strawberry,44.3,Medium
2025-03-08,P0028,Strawberry,48.2,Medium
2025-03-09,P0028,Strawberry,40.8,Medium
2025-03-10,P0028,Strawberry,37.3,Medium
2025-03-11,P0028,Strawberry,39.4,Medium
2025-03-12,P0028,Strawberry,34.3,Medium
2025-03-13,P0028,Strawberry,37.1,Medium
2025-03-14,P0028,Strawberry,38.7,Medium
2025-03-15,P0028,Strawberry,40.1,Medium
2025-03-16,P0028,Strawberry,36.8,Medium
2025-03-17,P0028,Strawberry,41.5,Medium
2025-03-18,P0028,Strawberry,39.7,Medium
2025-03-19,P0028,Strawberry,43.1,Medium
2025-03-20,P0028,Strawberry,45.6,Medium
2025-03-21,P0028,Strawberry,49.5,Medium
2025-03-22,P0028,Strawberry,44.4,Medium
2025-03-23,P0028,Strawberry,46.3,Medium
2025-03-24,P0028,Strawberry,41.6,Medium
2025-03-25,P0028,Strawberry,50.8,High
2025-03-26,P0028,Strawberry,51.9,High
2025-03-27,P0028,Strawberry,52,High
2025-03-28,P0028,Strawberry,41.1,Medium
2025-03-29,P0028,Strawberry,38.3,Medium
2025-03-30,P0028,Strawberry,43.1,Medium
2025-03-31,P0028,Strawberry,38.9,Medium
2025-04-01,P0028,Strawberry,42.3,Medium
2025-04-02,P0028,Strawberry,35.7,Medium
2025-04-03,P0028,Strawberry,40.3,Medium
2025-04-04,P0028,Strawberry,50.2,High
2025-04-05,P0028,Strawberry,56.2,High
2025-04-06,P0028,Strawberry,57.3,High
2025-04-07,P0028,Strawberry,54.9,High
2025-04-08,P0028,Strawberry,51.3,High
2025-04-09,P0028,Strawberry,54.2,High
2025-04-10,P0028,Strawberry,51.3,High
2025-04-11,P0028,Strawberry,45.9,Medium
2025-04-12,P0028,Strawberry,39.5,Medium
2025-04-13,P0028,Strawberry,43.9,Medium
2025-04-14,P0028,Strawberry,42.7,Medium
2025-04-15,P0028,Strawberry,38.5,Medium
2025-04-16,P0028,Strawberry,46.5,Medium
2025-04-17,P0028,Strawberry,48.5,Medium
2025-04-18,P0028,Strawberry,47.4,Medium
2025-04-19,P0028,Strawberry,51.4,High
2025-04-20,P0028,Strawberry,48.4,Medium
2025-04-21,P0028,Strawberry,49,Medium
2025-04-22,P0028,Strawberry,43.6,Medium
2025-04-23,P0028,Strawberry,43,Medium
2025-04-24,P0028,Strawberry,40.9,Medium
2025-04-25,P0028,Strawberry,44.9,Medium
2025-04-26,P0028,Strawberry,45,Medium
2025-04-27,P0028,Strawberry,44.9,Medium
2025-04-28,P0028,Strawberry,38.6,Medium
2025-04-29,P0028,Strawberry,43.9,Medium
2025-04-30,P0028,Strawberry,40.6,Medium
2025-05-01,P0028,Strawberry,44.8,Medium
2025-05-02,P0028,Strawberry,47.2,Medium
2025-05-03,P0028,Strawberry,45.9,Medium
2025-05-04,P0028,Strawberry,44.9,Medium
2025-05-05,P0028,Strawberry,45.4,Medium
2025-05-06,P0028,Strawberry,54.1,High
2025-05-07,P0028,Strawberry,52.4,High
2025-05-08,P0028,Strawberry,51.4,High
2025-05-09,P0028,Strawberry,47.7,Medium
2025-05-10,P0028,Strawberry,57.9,High
2025-05-11,P0028,Strawberry,52.2,High
2025-05-12,P0028,Strawberry,59.5,High
2025-05-13,P0028,Strawberry,56.9,High
2025-05-14,P0028,Strawberry,59,High
2025-05-15,P0028,Strawberry,37.3,Medium
2025-05-16,P0028,Strawberry,42.6,Medium
2025-05-17,P0028,Strawberry,23.1,Low
2025-05-18,P0028,Strawberry,35.5,Medium
2025-05-19,P0028,Strawberry,31.6,Medium
2025-05-20,P0028,Strawberry,24.9,Low
2025-05-21,P0028,Strawberry,28,Medium
2025-05-22,P0028,Strawberry,24.4,Low
2025-05-23,P0028,Strawberry,42.4,Medium
2025-05-24,P0028,Strawberry,41.2,Medium
2025-05-25,P0028,Strawberry,45.1,Medium
2025-05-26,P0028,Strawberry,38.1,Medium
2025-05-27,P0028,Strawberry,37.8,Medium
2025-05-28,P0028,Strawberry,44.1,Medium
2025-05-29,P0028,Strawberry,35.5,Medium
2025-05-30,P0028,Strawberry,32.9,Medium
2025-05-31,P0028,Strawberry,31.9,Medium
2025-06-01,P0028,Strawberry,27.6,Medium
2025-06-02,P0028,Strawberry,25.5,Medium
2025-06-03,P0028,Strawberry,22.1,Low
2025-06-04,P0028,Strawberry,22.8,Low
2025-06-05,P0028,Strawberry,19.7,Low
2025-06-06,P0028,Strawberry,18.5,Low
2025-06-07,P0028,Strawberry,17.6,Low
2025-06-08,P0028,Strawberry,20.6,Low
2025-06-09,P0028,Strawberry,21.1,Low
2025-06-10,P0028,Strawberry,36.7,Medium
2025-06-11,P0028,Strawberry,37.1,Medium
2025-06-12,P0028,Strawberry,39.4,Medium
2025-06-13,P0028,Strawberry,46.8,Medium
2025-06-14,P0028,Strawberry,32.1,Medium
2025-06-15,P0028,Strawberry,45.8,Medium
2025-06-16,P0028,Strawberry,47.3,Medium
2025-06-17,P0028,Strawberry,51.9,High
2025-06-18,P0028,Strawberry,38.5,Medium
2025-06-19,P0028,Strawberry,30.2,Medium
2025-06-20,P0028,Strawberry,28.4,Medium
2025-06-21,P0028,Strawberry,32.6,Medium
2025-06-22,P0028,Strawberry,29.1,Medium
2025-06-23,P0028,Strawberry,21.8,Low
2025-06-24,P0028,Strawberry,21.5,Low
2025-06-25,P0028,Strawberry,23.8,Low
2025-06-26,P0028,Strawberry,24.6,Low
2025-06-27,P0028,Strawberry,23.2,Low
2025-06-28,P0028,Strawberry,19.2,Low
2025-06-29,P0028,Strawberry,19.9,Low
2025-06-30,P0028,Strawberry,28.6,Medium
2025-07-01,P0028,Strawberry,27.4,Medium
2025-07-02,P0028,Strawberry,31.9,Medium
2025-07-03,P0028,Strawberry,26.3,Medium
2025-07-04,P0028,Strawberry,30.6,Medium
2025-07-05,P0028,Strawberry,23.6,Low
2025-07-06,P0028,Strawberry,26.8,Medium
2025-07-07,P0028,Strawberry,19.7,Low
2025-07-08,P0028,Strawberry,21.3,Low
2025-07-09,P0028,Strawberry,21.6,Low
2025-07-10,P0028,Strawberry,17.6,Low
2025-07-11,P0028,Strawberry,26.9,Medium
2025-07-12,P0028,Strawberry,20.1,Low
2025-07-13,P0028,Strawberry,23.1,Low
2025-07-14,P0028,Strawberry,25.4,Medium
2025-07-15,P0028,Strawberry,27.7,Medium
2025-07-16,P0028,Strawberry,22.8,Low
2025-07-17,P0028,Strawberry,26,Medium
2025-07-18,P0028,Strawberry,18.7,Low
2025-07-19,P0028,Strawberry,29.1,Medium
2025-07-20,P0028,Strawberry,34.2,Medium
2025-07-21,P0028,Strawberry,38.9,Medium
2025-07-22,P0028,Strawberry,48.6,Medium
2025-07-23,P0028,Strawberry,44,Medium
2025-07-24,P0028,Strawberry,52.3,High
2025-07-25,P0028,Strawberry,47.5,Medium
2025-07-26,P0028,Strawberry,53.8,High
2025-07-27,P0028,Strawberry,49,Medium
2025-07-28,P0028,Strawberry,46.3,Medium
2025-07-29,P0028,Strawberry,35.6,Medium
2025-07-30,P0028,Strawberry,33.8,Medium
2025-07-31,P0028,Strawberry,32.2,Medium
2025-08-01,P0028,Strawberry,24.9,Low
2025-08-02,P0028,Strawberry,23.9,Low
2025-08-03,P0028,Strawberry,22.5,Low
2025-08-04,P0028,Strawberry,19.8,Low
2025-08-05,P0028,Strawberry,22.8,Low
2025-08-06,P0028,Strawberry,28.4,Medium
2025-08-07,P0028,Strawberry,19.3,Low
2025-08-08,P0028,Strawberry,28.5,Medium
2025-08-09,P0028,Strawberry,19.8,Low
2025-08-10,P0028,Strawberry,27.3,Medium
2025-08-11,P0028,Strawberry,25.9,Medium
2025-08-12,P0028,Strawberry,24.7,Low
2025-08-13,P0028,Strawberry,31,Medium
2025-08-14,P0028,Strawberry,24.9,Low
2025-08-15,P0028,Strawberry,27.4,Medium
2025-08-16,P0028,Strawberry,26.3,Medium
2025-08-17,P0028,Strawberry,26.7,Medium
2025-08-18,P0028,Strawberry,14.1,Low
2025-08-19,P0028,Strawberry,13.1,Low
2025-08-20,P0028,Strawberry,15,Low
2025-08-21,P0028,Strawberry,19,Low
2025-08-22,P0028,Strawberry,26,Medium
2025-08-23,P0028,Strawberry,23.1,Low
2025-08-24,P0028,Strawberry,23,Low
2025-08-25,P0028,Strawberry,28.1,Medium
2025-08-26,P0028,Strawberry,44.1,Medium
2025-08-27,P0028,Strawberry,36.2,Medium
2025-08-28,P0028,Strawberry,48.2,Medium
2025-08-29,P0028,Strawberry,46,Medium
2025-08-30,P0028,Strawberry,34.8,Medium
2025-08-31,P0028,Strawberry,35.6,Medium
2025-09-01,P0028,Strawberry,36.2,Medium
2025-09-02,P0028,Strawberry,38.3,Medium
2025-09-03,P0028,Strawberry,31.9,Medium
2025-09-04,P0028,Strawberry,28,Medium
2025-09-05,P0028,Strawberry,21.9,Low
2025-09-06,P0028,Strawberry,21.8,Low
2025-09-07,P0028,Strawberry,29.7,Medium
2025-09-08,P0028,Strawberry,21.6,Low
2025-09-09,P0028,Strawberry,15.6,Low
2025-09-10,P0028,Strawberry,20.8,Low
2025-09-11,P0028,Strawberry,30.7,Medium
2025-09-12,P0028,Strawberry,28.8,Medium
2025-02-21,P0029,Pepper,43,Medium
2025-02-22,P0029,Pepper,51,High
2025-02-23,P0029,Pepper,50.3,High
2025-02-24,P0029,Pepper,45.4,Medium
2025-02-25,P0029,Pepper,55.6,High
2025-02-26,P0029,Pepper,43.7,Medium
2025-02-27,P0029,Pepper,56.4,High
2025-02-28,P0029,Pepper,55.8,High
2025-03-01,P0029,Pepper,66.5,High
2025-03-02,P0029,Pepper,70.8,High
2025-03-03,P0029,Pepper,72.4,High
2025-03-04,P0029,Pepper,71.1,High
2025-03-05,P0029,Pepper,57.1,High
2025-03-06,P0029,Pepper,57.3,High
2025-03-07,P0029,Pepper,60.8,High
2025-03-08,P0029,Pepper,39,Medium
2025-03-09,P0029,Pepper,55.8,High
2025-03-10,P0029,Pepper,52.6,High
2025-03-11,P0029,Pepper,56.9,High
2025-03-12,P0029,Pepper,47.5,Medium
2025-03-13,P0029,Pepper,57.4,High
2025-03-14,P0029,Pepper,60.1,High
2025-03-15,P0029,Pepper,50,High
2025-03-16,P0029,Pepper,51.9,High
2025-03-17,P0029,Pepper,43.9,Medium
2025-03-18,P0029,Pepper,47.7,Medium
2025-03-19,P0029,Pepper,53.9,High
2025-03-20,P0029,Pepper,72.1,High
2025-03-21,P0029,Pepper,70.7,High
2025-03-22,P0029,Pepper,72.5,High
2025-03-23,P0029,Pepper,73.3,High
2025-03-24,P0029,Pepper,78.5,Critical
2025-03-25,P0029,Pepper,82.6,Critical
2025-03-26,P0029,Pepper,76.8,Critical
2025-03-27,P0029,Pepper,72.9,High
2025-03-28,P0029,Pepper,67.6,High
2025-03-29,P0029,Pepper,69.4,High
2025-03-30,P0029,Pepper,71.2,High
2025-03-31,P0029,Pepper,65.4,High
2025-04-01,P0029,Pepper,62.2,High
2025-04-02,P0029,Pepper,63.2,High
2025-04-03,P0029,Pepper,60.6,High
2025-04-04,P0029,Pepper,75.1,Critical
2025-04-05,P0029,Pepper,73.7,High
2025-04-06,P0029,Pepper,79,Critical
2025-04-07,P0029,Pepper,86.5,Critical
2025-04-08,P0029,Pepper,83.3,Critical
2025-04-09,P0029,Pepper,85.1,Critical
2025-04-10,P0029,Pepper,83.1,Critical
2025-04-11,P0029,Pepper,80.6,Critical
2025-04-12,P0029,Pepper,83.1,Critical
2025-04-13,P0029,Pepper,70.8,High
2025-04-14,P0029,Pepper,54.4,High
2025-04-15,P0029,Pepper,39.1,Medium
2025-04-16,P0029,Pepper,46.2,Medium
2025-04-17,P0029,Pepper,45.7,Medium
2025-04-18,P0029,Pepper,47.6,Medium
2025-04-19,P0029,Pepper,53.8,High
2025-04-20,P0029,Pepper,60.8,High
2025-04-21,P0029,Pepper,58.7,High
2025-04-22,P0029,Pepper,61.9,High
2025-04-23,P0029,Pepper,63.3,High
2025-04-24,P0029,Pepper,58.3,High
2025-04-25,P0029,Pepper,61,High
2025-04-26,P0029,Pepper,71.5,High
2025-04-27,P0029,Pepper,57.6,High
2025-04-28,P0029,Pepper,71.6,High
2025-04-29,P0029,Pepper,65.8,High
2025-04-30,P0029,Pepper,72,High
2025-05-01,P0029,Pepper,65.9,High
2025-05-02,P0029,Pepper,68.5,High
2025-05-03,P0029,Pepper,54.8,High
2025-05-04,P0029,Pepper,60,High
2025-05-05,P0029,Pepper,56,High
2025-05-06,P0029,Pepper,60.5,High
2025-05-07,P0029,Pepper,46.6,Medium
2025-05-08,P0029,Pepper,49.6,Medium
2025-05-09,P0029,Pepper,46.5,Medium
2025-05-10,P0029,Pepper,53.6,High
2025-05-11,P0029,Pepper,57.4,High
2025-05-12,P0029,Pepper,62.1,High
2025-05-13,P0029,Pepper,41.8,Medium
2025-05-14,P0029,Pepper,56.8,High
2025-05-15,P0029,Pepper,52.1,High
2025-05-16,P0029,Pepper,40.8,Medium
2025-05-17,P0029,Pepper,43.5,Medium
2025-05-18,P0029,Pepper,55.2,High
2025-05-19,P0029,Pepper,39.4,Medium
2025-05-20,P0029,Pepper,34.2,Medium
2025-05-21,P0029,Pepper,41.4,Medium
2025-05-22,P0029,Pepper,34.3,Medium
2025-05-23,P0029,Pepper,33.2,Medium
2025-05-24,P0029,Pepper,42.2,Medium
2025-05-25,P0029,Pepper,55.5,High
2025-05-26,P0029,Pepper,50.1,High
2025-05-27,P0029,Pepper,53.3,High
2025-05-28,P0029,Pepper,57,High
2025-05-29,P0029,Pepper,48.4,Medium
2025-05-30,P0029,Pepper,38.3,Medium
2025-05-31,P0029,Pepper,47,Medium
2025-06-01,P0029,Pepper,46.1,Medium
2025-06-02,P0029,Pepper,45.5,Medium
2025-06-03,P0029,Pepper,46,Medium
2025-06-04,P0029,Pepper,44.6,Medium
2025-06-05,P0029,Pepper,40.2,Medium
2025-06-06,P0029,Pepper,38.2,Medium
2025-06-07,P0029,Pepper,43.4,Medium
2025-06-08,P0029,Pepper,49.4,Medium
2025-06-09,P0029,Pepper,43,Medium
2025-06-10,P0029,Pepper,41.9,Medium
2025-06-11,P0029,Pepper,51.8,High
2025-06-12,P0029,Pepper,46.6,Medium
2025-06-13,P0029,Pepper,56.5,High
2025-06-14,P0029,Pepper,46.7,Medium
2025-06-15,P0029,Pepper,41.3,Medium
2025-06-16,P0029,Pepper,57.1,High
2025-06-17,P0029,Pepper,70,High
2025-06-18,P0029,Pepper,65.2,High
2025-06-19,P0029,Pepper,62.2,High
2025-06-20,P0029,Pepper,59.9,High
2025-06-21,P0029,Pepper,60.2,High
2025-06-22,P0029,Pepper,61.1,High
2025-06-23,P0029,Pepper,59.8,High
2025-06-24,P0029,Pepper,51.5,High
2025-06-25,P0029,Pepper,47.9,Medium
2025-06-26,P0029,Pepper,31.2,Medium
2025-06-27,P0029,Pepper,34.8,Medium
2025-06-28,P0029,Pepper,33.1,Medium
2025-06-29,P0029,Pepper,35.5,Medium
2025-06-30,P0029,Pepper,38.2,Medium
2025-07-01,P0029,Pepper,49.8,Medium
2025-07-02,P0029,Pepper,30.7,Medium
2025-07-03,P0029,Pepper,36.4,Medium
2025-07-04,P0029,Pepper,40.3,Medium
2025-07-05,P0029,Pepper,42.3,Medium
2025-07-06,P0029,Pepper,44.5,Medium
2025-07-07,P0029,Pepper,49.9,Medium
2025-07-08,P0029,Pepper,44.4,Medium
2025-07-09,P0029,Pepper,48.2,Medium
2025-07-10,P0029,Pepper,47.2,Medium
2025-07-11,P0029,Pepper,47.7,Medium
2025-07-12,P0029,Pepper,58.6,High
2025-07-13,P0029,Pepper,51.9,High
2025-07-14,P0029,Pepper,47.3,Medium
2025-07-15,P0029,Pepper,51,High
2025-07-16,P0029,Pepper,45.2,Medium
2025-07-17,P0029,Pepper,32.9,Medium
2025-07-18,P0029,Pepper,40.1,Medium
2025-07-19,P0029,Pepper,42,Medium
2025-07-20,P0029,Pepper,35.4,Medium
2025-07-21,P0029,Pepper,41.2,Medium
2025-07-22,P0029,Pepper,44.3,Medium
2025-07-23,P0029,Pepper,43.7,Medium
2025-07-24,P0029,Pepper,52.5,High
2025-07-25,P0029,Pepper,46.8,Medium
2025-07-26,P0029,Pepper,51.3,High
2025-07-27,P0029,Pepper,43.6,Medium
2025-07-28,P0029,Pepper,51.7,High
2025-07-29,P0029,Pepper,52.2,High
2025-07-30,P0029,Pepper,50.7,High
2025-07-31,P0029,Pepper,47.5,Medium
2025-08-01,P0029,Pepper,41.5,Medium
2025-08-02,P0029,Pepper,41.4,Medium
2025-08-03,P0029,Pepper,43.5,Medium
2025-08-04,P0029,Pepper,48.4,Medium
2025-08-05,P0029,Pepper,43.1,Medium
2025-08-06,P0029,Pepper,47.1,Medium
2025-08-07,P0029,Pepper,41.1,Medium
2025-08-08,P0029,Pepper,47.2,Medium
2025-08-09,P0029,Pepper,46.2,Medium
2025-08-10,P0029,Pepper,39.8,Medium
2025-08-11,P0029,Pepper,41.7,Medium
2025-08-12,P0029,Pepper,49.3,Medium
2025-08-13,P0029,Pepper,61.2,High
2025-08-14,P0029,Pepper,43.5,Medium
2025-08-15,P0029,Pepper,51.6,High
2025-08-16,P0029,Pepper,54.1,High
2025-08-17,P0029,Pepper,44.6,Medium
2025-08-18,P0029,Pepper,47.1,Medium
2025-08-19,P0029,Pepper,45.1,Medium
2025-08-20,P0029,Pepper,52.5,High
2025-08-21,P0029,Pepper,53.2,High
2025-08-22,P0029,Pepper,50,High
2025-08-23,P0029,Pepper,54.2,High
2025-08-24,P0029,Pepper,57.5,High
2025-08-25,P0029,Pepper,56.5,High
2025-08-26,P0029,Pepper,63,High
2025-08-27,P0029,Pepper,67.6,High
2025-08-28,P0029,Pepper,67.3,High
2025-08-29,P0029,Pepper,62.5,High
2025-08-30,P0029,Pepper,55.4,High
2025-08-31,P0029,Pepper,45.7,Medium
2025-09-01,P0029,Pepper,45,Medium
2025-09-02,P0029,Pepper,50.5,High
2025-09-03,P0029,Pepper,50.6,High
2025-09-04,P0029,Pepper,53.3,High
2025-09-05,P0029,Pepper,43.7,Medium
2025-09-06,P0029,Pepper,40.6,Medium
2025-09-07,P0029,Pepper,35.6,Medium
2025-09-08,P0029,Pepper,41,Medium
2025-09-09,P0029,Pepper,37.2,Medium
2025-09-10,P0029,Pepper,37.5,Medium
2025-09-11,P0029,Pepper,49.1,Medium
2025-09-12,P0029,Pepper,38.8,Medium
2025-02-21,P0030,Cucumber,31.5,Medium
2025-02-22,P0030,Cucumber,30.7,Medium
2025-02-23,P0030,Cucumber,22.3,Low
2025-02-24,P0030,Cucumber,19,Low
2025-02-25,P0030,Cucumber,17.1,Low
2025-02-26,P0030,Cucumber,19.8,Low
2025-02-27,P0030,Cucumber,26.6,Medium
2025-02-28,P0030,Cucumber,36.3,Medium
2025-03-01,P0030,Cucumber,39.5,Medium
2025-03-02,P0030,Cucumber,50.7,High
2025-03-03,P0030,Cucumber,57.7,High
2025-03-04,P0030,Cucumber,54.4,High
2025-03-05,P0030,Cucumber,60.6,High
2025-03-06,P0030,Cucumber,52.6,High
2025-03-07,P0030,Cucumber,54,High
2025-03-08,P0030,Cucumber,55.1,High
2025-03-09,P0030,Cucumber,56.7,High
2025-03-10,P0030,Cucumber,52.8,High
2025-03-11,P0030,Cucumber,47.8,Medium
2025-03-12,P0030,Cucumber,37.5,Medium
2025-03-13,P0030,Cucumber,42.6,Medium
2025-03-14,P0030,Cucumber,40.9,Medium
2025-03-15,P0030,Cucumber,52.7,High
2025-03-16,P0030,Cucumber,49.8,Medium
2025-03-17,P0030,Cucumber,50.4,High
2025-03-18,P0030,Cucumber,39.4,Medium
2025-03-19,P0030,Cucumber,52.9,High
2025-03-20,P0030,Cucumber,50.9,High
2025-03-21,P0030,Cucumber,45.9,Medium
2025-03-22,P0030,Cucumber,57.5,High
2025-03-23,P0030,Cucumber,47.8,Medium
2025-03-24,P0030,Cucumber,56.2,High
2025-03-25,P0030,Cucumber,51,High
2025-03-26,P0030,Cucumber,46.6,Medium
2025-03-27,P0030,Cucumber,51.9,High
2025-03-28,P0030,Cucumber,44,Medium
2025-03-29,P0030,Cucumber,56.7,High
2025-03-30,P0030,Cucumber,54.7,High
2025-03-31,P0030,Cucumber,54.6,High
2025-04-01,P0030,Cucumber,55,High
2025-04-02,P0030,Cucumber,64.3,High
2025-04-03,P0030,Cucumber,59.6,High
2025-04-04,P0030,Cucumber,62.8,High
2025-04-05,P0030,Cucumber,71.3,High
2025-04-06,P0030,Cucumber,71.9,High
2025-04-07,P0030,Cucumber,73.3,High
2025-04-08,P0030,Cucumber,68.5,High
2025-04-09,P0030,Cucumber,70.2,High
2025-04-10,P0030,Cucumber,46.3,Medium
2025-04-11,P0030,Cucumber,51.3,High
2025-04-12,P0030,Cucumber,54.2,High
2025-04-13,P0030,Cucumber,47,Medium
2025-04-14,P0030,Cucumber,45.5,Medium
2025-04-15,P0030,Cucumber,42.3,Medium
2025-04-16,P0030,Cucumber,35.6,Medium
2025-04-17,P0030,Cucumber,54.6,High
2025-04-18,P0030,Cucumber,48.2,Medium
2025-04-19,P0030,Cucumber,48.9,Medium
2025-04-20,P0030,Cucumber,61.2,High
2025-04-21,P0030,Cucumber,61.6,High
2025-04-22,P0030,Cucumber,66.4,High
2025-04-23,P0030,Cucumber,67.3,High
2025-04-24,P0030,Cucumber,62.7,High
2025-04-25,P0030,Cucumber,55.8,High
2025-04-26,P0030,Cucumber,53.1,High
2025-04-27,P0030,Cucumber,44.9,Medium
2025-04-28,P0030,Cucumber,44.8,Medium
2025-04-29,P0030,Cucumber,39.8,Medium
2025-04-30,P0030,Cucumber,32.5,Medium
2025-05-01,P0030,Cucumber,41.1,Medium
2025-05-02,P0030,Cucumber,24.5,Low
2025-05-03,P0030,Cucumber,33.8,Medium
2025-05-04,P0030,Cucumber,27.5,Medium
2025-05-05,P0030,Cucumber,36.3,Medium
2025-05-06,P0030,Cucumber,32.7,Medium
2025-05-07,P0030,Cucumber,39,Medium
2025-05-08,P0030,Cucumber,39.2,Medium
2025-05-09,P0030,Cucumber,35,Medium
2025-05-10,P0030,Cucumber,42.9,Medium
2025-05-11,P0030,Cucumber,51.2,High
2025-05-12,P0030,Cucumber,67,High
2025-05-13,P0030,Cucumber,59.1,High
2025-05-14,P0030,Cucumber,50.5,High
2025-05-15,P0030,Cucumber,43.2,Medium
2025-05-16,P0030,Cucumber,53.4,High
2025-05-17,P0030,Cucumber,46.7,Medium
2025-05-18,P0030,Cucumber,47.3,Medium
2025-05-19,P0030,Cucumber,40,Medium
2025-05-20,P0030,Cucumber,34.4,Medium
2025-05-21,P0030,Cucumber,33.4,Medium
2025-05-22,P0030,Cucumber,27.3,Medium
2025-05-23,P0030,Cucumber,24.7,Low
2025-05-24,P0030,Cucumber,26.2,Medium
2025-05-25,P0030,Cucumber,28,Medium
2025-05-26,P0030,Cucumber,27.5,Medium
2025-05-27,P0030,Cucumber,29.3,Medium
2025-05-28,P0030,Cucumber,42.7,Medium
2025-05-29,P0030,Cucumber,35.4,Medium
2025-05-30,P0030,Cucumber,34.6,Medium
2025-05-31,P0030,Cucumber,36.9,Medium
2025-06-01,P0030,Cucumber,28.4,Medium
2025-06-02,P0030,Cucumber,23.7,Low
2025-06-03,P0030,Cucumber,28.9,Medium
2025-06-04,P0030,Cucumber,23.7,Low
2025-06-05,P0030,Cucumber,22.9,Low
2025-06-06,P0030,Cucumber,31.4,Medium
2025-06-07,P0030,Cucumber,31.1,Medium
2025-06-08,P0030,Cucumber,31.3,Medium
2025-06-09,P0030,Cucumber,31.4,Medium
2025-06-10,P0030,Cucumber,29.5,Medium
2025-06-11,P0030,Cucumber,31.4,Medium
2025-06-12,P0030,Cucumber,33.8,Medium
2025-06-13,P0030,Cucumber,30.2,Medium
2025-06-14,P0030,Cucumber,32.3,Medium
2025-06-15,P0030,Cucumber,30.9,Medium
2025-06-16,P0030,Cucumber,42.3,Medium
2025-06-17,P0030,Cucumber,44.9,Medium
2025-06-18,P0030,Cucumber,43.8,Medium
2025-06-19,P0030,Cucumber,32.5,Medium
2025-06-20,P0030,Cucumber,27.9,Medium
2025-06-21,P0030,Cucumber,20.5,Low
2025-06-22,P0030,Cucumber,28.6,Medium
2025-06-23,P0030,Cucumber,31.2,Medium
2025-06-24,P0030,Cucumber,26.6,Medium
2025-06-25,P0030,Cucumber,21.4,Low
2025-06-26,P0030,Cucumber,16.7,Low
2025-06-27,P0030,Cucumber,16.8,Low
2025-06-28,P0030,Cucumber,15.7,Low
2025-06-29,P0030,Cucumber,12.9,Low
2025-06-30,P0030,Cucumber,16.9,Low
2025-07-01,P0030,Cucumber,32,Medium
2025-07-02,P0030,Cucumber,31.1,Medium
2025-07-03,P0030,Cucumber,30.7,Medium
2025-07-04,P0030,Cucumber,34,Medium
2025-07-05,P0030,Cucumber,49.4,Medium
2025-07-06,P0030,Cucumber,48.8,Medium
2025-07-07,P0030,Cucumber,35.7,Medium
2025-07-08,P0030,Cucumber,52.5,High
2025-07-09,P0030,Cucumber,54.9,High
2025-07-10,P0030,Cucumber,54.1,High
2025-07-11,P0030,Cucumber,51.7,High
2025-07-12,P0030,Cucumber,55.9,High
2025-07-13,P0030,Cucumber,49.6,Medium
2025-07-14,P0030,Cucumber,43.6,Medium
2025-07-15,P0030,Cucumber,33.7,Medium
2025-07-16,P0030,Cucumber,29.6,Medium
2025-07-17,P0030,Cucumber,19.8,Low
2025-07-18,P0030,Cucumber,23.1,Low
2025-07-19,P0030,Cucumber,22.9,Low
2025-07-20,P0030,Cucumber,21,Low
2025-07-21,P0030,Cucumber,22,Low
2025-07-22,P0030,Cucumber,26.9,Medium
2025-07-23,P0030,Cucumber,38.2,Medium
2025-07-24,P0030,Cucumber,40.5,Medium
2025-07-25,P0030,Cucumber,36,Medium
2025-07-26,P0030,Cucumber,31,Medium
2025-07-27,P0030,Cucumber,26.9,Medium
2025-07-28,P0030,Cucumber,34,Medium
2025-07-29,P0030,Cucumber,40.6,Medium
2025-07-30,P0030,Cucumber,42.4,Medium
2025-07-31,P0030,Cucumber,32.3,Medium
2025-08-01,P0030,Cucumber,43.7,Medium
2025-08-02,P0030,Cucumber,40.5,Medium
2025-08-03,P0030,Cucumber,36,Medium
2025-08-04,P0030,Cucumber,43,Medium
2025-08-05,P0030,Cucumber,41.5,Medium
2025-08-06,P0030,Cucumber,35.3,Medium
2025-08-07,P0030,Cucumber,31.1,Medium
2025-08-08,P0030,Cucumber,37.1,Medium
2025-08-09,P0030,Cucumber,30.6,Medium
2025-08-10,P0030,Cucumber,28.7,Medium
2025-08-11,P0030,Cucumber,26.4,Medium
2025-08-12,P0030,Cucumber,32.1,Medium
2025-08-13,P0030,Cucumber,32.9,Medium
2025-08-14,P0030,Cucumber,30.5,Medium
2025-08-15,P0030,Cucumber,28.5,Medium
2025-08-16,P0030,Cucumber,20,Low
2025-08-17,P0030,Cucumber,31,Medium
2025-08-18,P0030,Cucumber,23.5,Low
2025-08-19,P0030,Cucumber,22,Low
2025-08-20,P0030,Cucumber,22.5,Low
2025-08-21,P0030,Cucumber,22.6,Low
2025-08-22,P0030,Cucumber,14.9,Low
2025-08-23,P0030,Cucumber,15.6,Low
2025-08-24,P0030,Cucumber,17,Low
2025-08-25,P0030,Cucumber,16.5,Low
2025-08-26,P0030,Cucumber,16.6,Low
2025-08-27,P0030,Cucumber,16.3,Low
2025-08-28,P0030,Cucumber,34.8,Medium
2025-08-29,P0030,Cucumber,23.2,Low
2025-08-30,P0030,Cucumber,20.5,Low
2025-08-31,P0030,Cucumber,17,Low
2025-09-01,P0030,Cucumber,17.4,Low
2025-09-02,P0030,Cucumber,23.2,Low
2025-09-03,P0030,Cucumber,22.2,Low
2025-09-04,P0030,Cucumber,26.5,Medium
2025-09-05,P0030,Cucumber,28.4,Medium
2025-09-06,P0030,Cucumber,27.5,Medium
2025-09-07,P0030,Cucumber,24.5,Low
2025-09-08,P0030,Cucumber,23.8,Low
2025-09-09,P0030,Cucumber,31.5,Medium
2025-09-10,P0030,Cucumber,28.5,Medium
2025-09-11,P0030,Cucumber,36.3,Medium
2025-09-12,P0030,Cucumber,32.3,Medium
2025-02-21,P0031,Strawberry,20.9,Low
2025-02-22,P0031,Strawberry,26.3,Medium
2025-02-23,P0031,Strawberry,21.1,Low
2025-02-24,P0031,Strawberry,28.3,Medium
2025-02-25,P0031,Strawberry,26.1,Medium
2025-02-26,P0031,Strawberry,27.8,Medium
2025-02-27,P0031,Strawberry,36.1,Medium
2025-02-28,P0031,Strawberry,24.5,Low
2025-03-01,P0031,Strawberry,38.7,Medium
2025-03-02,P0031,Strawberry,36.5,Medium
2025-03-03,P0031,Strawberry,41,Medium
2025-03-04,P0031,Strawberry,40,Medium
2025-03-05,P0031,Strawberry,38.5,Medium
2025-03-06,P0031,Strawberry,48.2,Medium
2025-03-07,P0031,Strawberry,44,Medium
2025-03-08,P0031,Strawberry,44.7,Medium
2025-03-09,P0031,Strawberry,54.6,High
2025-03-10,P0031,Strawberry,49.6,Medium
2025-03-11,P0031,Strawberry,43.2,Medium
2025-03-12,P0031,Strawberry,44.8,Medium
2025-03-13,P0031,Strawberry,51.5,High
2025-03-14,P0031,Strawberry,52.9,High
2025-03-15,P0031,Strawberry,45.3,Medium
2025-03-16,P0031,Strawberry,41.5,Medium
2025-03-17,P0031,Strawberry,37.4,Medium
2025-03-18,P0031,Strawberry,46.8,Medium
2025-03-19,P0031,Strawberry,37,Medium
2025-03-20,P0031,Strawberry,44.8,Medium
2025-03-21,P0031,Strawberry,43.1,Medium
2025-03-22,P0031,Strawberry,41.5,Medium
2025-03-23,P0031,Strawberry,43.5,Medium
2025-03-24,P0031,Strawberry,43.8,Medium
2025-03-25,P0031,Strawberry,38.1,Medium
2025-03-26,P0031,Strawberry,36.5,Medium
2025-03-27,P0031,Strawberry,59.9,High
2025-03-28,P0031,Strawberry,54.6,High
2025-03-29,P0031,Strawberry,50.4,High
2025-03-30,P0031,Strawberry,55.8,High
2025-03-31,P0031,Strawberry,55.1,High
2025-04-01,P0031,Strawberry,54.1,High
2025-04-02,P0031,Strawberry,53,High
2025-04-03,P0031,Strawberry,43.8,Medium
2025-04-04,P0031,Strawberry,42.3,Medium
2025-04-05,P0031,Strawberry,41.9,Medium
2025-04-06,P0031,Strawberry,49.1,Medium
2025-04-07,P0031,Strawberry,55,High
2025-04-08,P0031,Strawberry,47.3,Medium
2025-04-09,P0031,Strawberry,43.9,Medium
2025-04-10,P0031,Strawberry,50.4,High
2025-04-11,P0031,Strawberry,47.3,Medium
2025-04-12,P0031,Strawberry,48.5,Medium
2025-04-13,P0031,Strawberry,47.7,Medium
2025-04-14,P0031,Strawberry,38.5,Medium
2025-04-15,P0031,Strawberry,41,Medium
2025-04-16,P0031,Strawberry,40.7,Medium
2025-04-17,P0031,Strawberry,38.6,Medium
2025-04-18,P0031,Strawberry,43.5,Medium
2025-04-19,P0031,Strawberry,49.3,Medium
2025-04-20,P0031,Strawberry,45.1,Medium
2025-04-21,P0031,Strawberry,54,High
2025-04-22,P0031,Strawberry,50.6,High
2025-04-23,P0031,Strawberry,56.2,High
2025-04-24,P0031,Strawberry,52,High
2025-04-25,P0031,Strawberry,58.3,High
2025-04-26,P0031,Strawberry,45.8,Medium
2025-04-27,P0031,Strawberry,46.3,Medium
2025-04-28,P0031,Strawberry,37.4,Medium
2025-04-29,P0031,Strawberry,38,Medium
2025-04-30,P0031,Strawberry,43,Medium
2025-05-01,P0031,Strawberry,49.8,Medium
2025-05-02,P0031,Strawberry,45.3,Medium
2025-05-03,P0031,Strawberry,46.1,Medium
2025-05-04,P0031,Strawberry,39.2,Medium
2025-05-05,P0031,Strawberry,44.1,Medium
2025-05-06,P0031,Strawberry,34.3,Medium
2025-05-07,P0031,Strawberry,36.6,Medium
2025-05-08,P0031,Strawberry,31.9,Medium
2025-05-09,P0031,Strawberry,26.2,Medium
2025-05-10,P0031,Strawberry,37.4,Medium
2025-05-11,P0031,Strawberry,46.8,Medium
2025-05-12,P0031,Strawberry,52.4,High
2025-05-13,P0031,Strawberry,49.7,Medium
2025-05-14,P0031,Strawberry,41.8,Medium
2025-05-15,P0031,Strawberry,40.2,Medium
2025-05-16,P0031,Strawberry,46.8,Medium
2025-05-17,P0031,Strawberry,42.7,Medium
2025-05-18,P0031,Strawberry,28.1,Medium
2025-05-19,P0031,Strawberry,23.3,Low
2025-05-20,P0031,Strawberry,20.7,Low
2025-05-21,P0031,Strawberry,18.3,Low
2025-05-22,P0031,Strawberry,19.2,Low
2025-05-23,P0031,Strawberry,16.7,Low
2025-05-24,P0031,Strawberry,18.9,Low
2025-05-25,P0031,Strawberry,19.7,Low
2025-05-26,P0031,Strawberry,27.3,Medium
2025-05-27,P0031,Strawberry,34.5,Medium
2025-05-28,P0031,Strawberry,31.8,Medium
2025-05-29,P0031,Strawberry,38.8,Medium
2025-05-30,P0031,Strawberry,29.8,Medium
2025-05-31,P0031,Strawberry,39.7,Medium
2025-06-01,P0031,Strawberry,32.7,Medium
2025-06-02,P0031,Strawberry,36.3,Medium
2025-06-03,P0031,Strawberry,33.6,Medium
2025-06-04,P0031,Strawberry,28.5,Medium
2025-06-05,P0031,Strawberry,26.9,Medium
2025-06-06,P0031,Strawberry,26.5,Medium
2025-06-07,P0031,Strawberry,30,Medium
2025-06-08,P0031,Strawberry,23.7,Low
2025-06-09,P0031,Strawberry,23.8,Low
2025-06-10,P0031,Strawberry,18.5,Low
2025-06-11,P0031,Strawberry,23.8,Low
2025-06-12,P0031,Strawberry,26.5,Medium
2025-06-13,P0031,Strawberry,22.6,Low
2025-06-14,P0031,Strawberry,28.9,Medium
2025-06-15,P0031,Strawberry,25.9,Medium
2025-06-16,P0031,Strawberry,39.7,Medium
2025-06-17,P0031,Strawberry,53.5,High
2025-06-18,P0031,Strawberry,40.2,Medium
2025-06-19,P0031,Strawberry,35.8,Medium
2025-06-20,P0031,Strawberry,35.8,Medium
2025-06-21,P0031,Strawberry,35.2,Medium
2025-06-22,P0031,Strawberry,35,Medium
2025-06-23,P0031,Strawberry,25.7,Medium
2025-06-24,P0031,Strawberry,20.1,Low
2025-06-25,P0031,Strawberry,18.4,Low
2025-06-26,P0031,Strawberry,17.7,Low
2025-06-27,P0031,Strawberry,20.1,Low
2025-06-28,P0031,Strawberry,15.3,Low
2025-06-29,P0031,Strawberry,9.3,Low
2025-06-30,P0031,Strawberry,17.3,Low
2025-07-01,P0031,Strawberry,24.5,Low
2025-07-02,P0031,Strawberry,26.4,Medium
2025-07-03,P0031,Strawberry,37.8,Medium
2025-07-04,P0031,Strawberry,29.1,Medium
2025-07-05,P0031,Strawberry,32.2,Medium
2025-07-06,P0031,Strawberry,35.9,Medium
2025-07-07,P0031,Strawberry,31.2,Medium
2025-07-08,P0031,Strawberry,12.5,Low
2025-07-09,P0031,Strawberry,7.7,Low
2025-07-10,P0031,Strawberry,7.1,Low
2025-07-11,P0031,Strawberry,15.3,Low
2025-07-12,P0031,Strawberry,31.9,Medium
2025-07-13,P0031,Strawberry,33.1,Medium
2025-07-14,P0031,Strawberry,27.6,Medium
2025-07-15,P0031,Strawberry,22.4,Low
2025-07-16,P0031,Strawberry,22.8,Low
2025-07-17,P0031,Strawberry,23.5,Low
2025-07-18,P0031,Strawberry,23.7,Low
2025-07-19,P0031,Strawberry,25.1,Medium
2025-07-20,P0031,Strawberry,19.8,Low
2025-07-21,P0031,Strawberry,26.3,Medium
2025-07-22,P0031,Strawberry,35.1,Medium
2025-07-23,P0031,Strawberry,45.9,Medium
2025-07-24,P0031,Strawberry,39.2,Medium
2025-07-25,P0031,Strawberry,32.9,Medium
2025-07-26,P0031,Strawberry,39,Medium
2025-07-27,P0031,Strawberry,33.5,Medium
2025-07-28,P0031,Strawberry,34.2,Medium
2025-07-29,P0031,Strawberry,23.1,Low
2025-07-30,P0031,Strawberry,24.8,Low
2025-07-31,P0031,Strawberry,25.6,Medium
2025-08-01,P0031,Strawberry,31,Medium
2025-08-02,P0031,Strawberry,31.8,Medium
2025-08-03,P0031,Strawberry,43.9,Medium
2025-08-04,P0031,Strawberry,38.3,Medium
2025-08-05,P0031,Strawberry,40.8,Medium
2025-08-06,P0031,Strawberry,43,Medium
2025-08-07,P0031,Strawberry,55.6,High
2025-08-08,P0031,Strawberry,53.7,High
2025-08-09,P0031,Strawberry,45.9,Medium
2025-08-10,P0031,Strawberry,51.8,High
2025-08-11,P0031,Strawberry,40.6,Medium
2025-08-12,P0031,Strawberry,42.1,Medium
2025-08-13,P0031,Strawberry,47.1,Medium
2025-08-14,P0031,Strawberry,44.8,Medium
2025-08-15,P0031,Strawberry,34.1,Medium
2025-08-16,P0031,Strawberry,30.3,Medium
2025-08-17,P0031,Strawberry,28.2,Medium
2025-08-18,P0031,Strawberry,31.6,Medium
2025-08-19,P0031,Strawberry,21.3,Low
2025-08-20,P0031,Strawberry,13.5,Low
2025-08-21,P0031,Strawberry,11,Low
2025-08-22,P0031,Strawberry,11.5,Low
2025-08-23,P0031,Strawberry,17.6,Low
2025-08-24,P0031,Strawberry,11.5,Low
2025-08-25,P0031,Strawberry,23.4,Low
2025-08-26,P0031,Strawberry,23.3,Low
2025-08-27,P0031,Strawberry,40,Medium
2025-08-28,P0031,Strawberry,57.2,High
2025-08-29,P0031,Strawberry,46.2,Medium
2025-08-30,P0031,Strawberry,55.6,High
2025-08-31,P0031,Strawberry,49.7,Medium
2025-09-01,P0031,Strawberry,43.6,Medium
2025-09-02,P0031,Strawberry,46.3,Medium
2025-09-03,P0031,Strawberry,30.1,Medium
2025-09-04,P0031,Strawberry,21.6,Low
2025-09-05,P0031,Strawberry,23,Low
2025-09-06,P0031,Strawberry,19.6,Low
2025-09-07,P0031,Strawberry,17.5,Low
2025-09-08,P0031,Strawberry,12.3,Low
2025-09-09,P0031,Strawberry,10.9,Low
2025-09-10,P0031,Strawberry,12.2,Low
2025-09-11,P0031,Strawberry,31.1,Medium
2025-09-12,P0031,Strawberry,35.5,Medium
2025-02-21,P0032,Tomato,25.4,Medium
2025-02-22,P0032,Tomato,26.5,Medium
2025-02-23,P0032,Tomato,26.4,Medium
2025-02-24,P0032,Tomato,26.4,Medium
2025-02-25,P0032,Tomato,22.9,Low
2025-02-26,P0032,Tomato,23.6,Low
2025-02-27,P0032,Tomato,38.7,Medium
2025-02-28,P0032,Tomato,41.6,Medium
2025-03-01,P0032,Tomato,37.2,Medium
2025-03-02,P0032,Tomato,48,Medium
2025-03-03,P0032,Tomato,53.3,High
2025-03-04,P0032,Tomato,58.8,High
2025-03-05,P0032,Tomato,59.1,High
2025-03-06,P0032,Tomato,48.4,Medium
2025-03-07,P0032,Tomato,59.1,High
2025-03-08,P0032,Tomato,54.6,High
2025-03-09,P0032,Tomato,58.3,High
2025-03-10,P0032,Tomato,46.8,Medium
2025-03-11,P0032,Tomato,47.8,Medium
2025-03-12,P0032,Tomato,42.6,Medium
2025-03-13,P0032,Tomato,40.9,Medium
2025-03-14,P0032,Tomato,43,Medium
2025-03-15,P0032,Tomato,23.7,Low
2025-03-16,P0032,Tomato,24.7,Low
2025-03-17,P0032,Tomato,23.1,Low
2025-03-18,P0032,Tomato,19.6,Low
2025-03-19,P0032,Tomato,27.9,Medium
2025-03-20,P0032,Tomato,27.6,Medium
2025-03-21,P0032,Tomato,25.2,Medium
2025-03-22,P0032,Tomato,34.3,Medium
2025-03-23,P0032,Tomato,43,Medium
2025-03-24,P0032,Tomato,45.1,Medium
2025-03-25,P0032,Tomato,57.3,High
2025-03-26,P0032,Tomato,56,High
2025-03-27,P0032,Tomato,61.2,High
2025-03-28,P0032,Tomato,63.1,High
2025-03-29,P0032,Tomato,55.1,High
2025-03-30,P0032,Tomato,55.3,High
2025-03-31,P0032,Tomato,54.7,High
2025-04-01,P0032,Tomato,44.2,Medium
2025-04-02,P0032,Tomato,49.5,Medium
2025-04-03,P0032,Tomato,48.2,Medium
2025-04-04,P0032,Tomato,55.9,High
2025-04-05,P0032,Tomato,60.1,High
2025-04-06,P0032,Tomato,68.5,High
2025-04-07,P0032,Tomato,63.2,High
2025-04-08,P0032,Tomato,57.7,High
2025-04-09,P0032,Tomato,52.7,High
2025-04-10,P0032,Tomato,54.9,High
2025-04-11,P0032,Tomato,49.6,Medium
2025-04-12,P0032,Tomato,40.1,Medium
2025-04-13,P0032,Tomato,41.2,Medium
2025-04-14,P0032,Tomato,38.5,Medium
2025-04-15,P0032,Tomato,38.4,Medium
2025-04-16,P0032,Tomato,36.2,Medium
2025-04-17,P0032,Tomato,33.3,Medium
2025-04-18,P0032,Tomato,42.8,Medium
2025-04-19,P0032,Tomato,31.4,Medium
2025-04-20,P0032,Tomato,36.5,Medium
2025-04-21,P0032,Tomato,38.5,Medium
2025-04-22,P0032,Tomato,45.9,Medium
2025-04-23,P0032,Tomato,53,High
2025-04-24,P0032,Tomato,54.2,High
2025-04-25,P0032,Tomato,45.8,Medium
2025-04-26,P0032,Tomato,47.8,Medium
2025-04-27,P0032,Tomato,55.2,High
2025-04-28,P0032,Tomato,53.5,High
2025-04-29,P0032,Tomato,45.5,Medium
2025-04-30,P0032,Tomato,35.8,Medium
2025-05-01,P0032,Tomato,42.7,Medium
2025-05-02,P0032,Tomato,32.6,Medium
2025-05-03,P0032,Tomato,43.6,Medium
2025-05-04,P0032,Tomato,52.6,High
2025-05-05,P0032,Tomato,45.9,Medium
2025-05-06,P0032,Tomato,42.6,Medium
2025-05-07,P0032,Tomato,48.2,Medium
2025-05-08,P0032,Tomato,49.9,Medium
2025-05-09,P0032,Tomato,51.7,High
2025-05-10,P0032,Tomato,56.4,High
2025-05-11,P0032,Tomato,51.8,High
2025-05-12,P0032,Tomato,56.1,High
2025-05-13,P0032,Tomato,53.3,High
2025-05-14,P0032,Tomato,28.8,Medium
2025-05-15,P0032,Tomato,31.7,Medium
2025-05-16,P0032,Tomato,30.8,Medium
2025-05-17,P0032,Tomato,34.3,Medium
2025-05-18,P0032,Tomato,39.2,Medium
2025-05-19,P0032,Tomato,43.7,Medium
2025-05-20,P0032,Tomato,41.7,Medium
2025-05-21,P0032,Tomato,33.2,Medium
2025-05-22,P0032,Tomato,29.5,Medium
2025-05-23,P0032,Tomato,39.1,Medium
2025-05-24,P0032,Tomato,41.8,Medium
2025-05-25,P0032,Tomato,37.4,Medium
2025-05-26,P0032,Tomato,38.7,Medium
2025-05-27,P0032,Tomato,34.6,Medium
2025-05-28,P0032,Tomato,40.2,Medium
2025-05-29,P0032,Tomato,41.6,Medium
2025-05-30,P0032,Tomato,29.1,Medium
2025-05-31,P0032,Tomato,28.4,Medium
2025-06-01,P0032,Tomato,29.2,Medium
2025-06-02,P0032,Tomato,29.4,Medium
2025-06-03,P0032,Tomato,39.2,Medium
2025-06-04,P0032,Tomato,47.2,Medium
2025-06-05,P0032,Tomato,43.2,Medium
2025-06-06,P0032,Tomato,32.4,Medium
2025-06-07,P0032,Tomato,35.5,Medium
2025-06-08,P0032,Tomato,32.3,Medium
2025-06-09,P0032,Tomato,37,Medium
2025-06-10,P0032,Tomato,25.2,Medium
2025-06-11,P0032,Tomato,20.3,Low
2025-06-12,P0032,Tomato,19.8,Low
2025-06-13,P0032,Tomato,21.3,Low
2025-06-14,P0032,Tomato,20.9,Low
2025-06-15,P0032,Tomato,33.4,Medium
2025-06-16,P0032,Tomato,36.1,Medium
2025-06-17,P0032,Tomato,49,Medium
2025-06-18,P0032,Tomato,49.8,Medium
2025-06-19,P0032,Tomato,38,Medium
2025-06-20,P0032,Tomato,32.8,Medium
2025-06-21,P0032,Tomato,31.5,Medium
2025-06-22,P0032,Tomato,29,Medium
2025-06-23,P0032,Tomato,23.9,Low
2025-06-24,P0032,Tomato,24.7,Low
2025-06-25,P0032,Tomato,22.4,Low
2025-06-26,P0032,Tomato,20.6,Low
2025-06-27,P0032,Tomato,19.3,Low
2025-06-28,P0032,Tomato,16.9,Low
2025-06-29,P0032,Tomato,19.4,Low
2025-06-30,P0032,Tomato,18.3,Low
2025-07-01,P0032,Tomato,25.7,Medium
2025-07-02,P0032,Tomato,20.1,Low
2025-07-03,P0032,Tomato,16.8,Low
2025-07-04,P0032,Tomato,23.7,Low
2025-07-05,P0032,Tomato,19.2,Low
2025-07-06,P0032,Tomato,25.1,Medium
2025-07-07,P0032,Tomato,24.9,Low
2025-07-08,P0032,Tomato,21,Low
2025-07-09,P0032,Tomato,16,Low
2025-07-10,P0032,Tomato,19.4,Low
2025-07-11,P0032,Tomato,28.4,Medium
2025-07-12,P0032,Tomato,17,Low
2025-07-13,P0032,Tomato,23.3,Low
2025-07-14,P0032,Tomato,17.7,Low
2025-07-15,P0032,Tomato,16.1,Low
2025-07-16,P0032,Tomato,23.7,Low
2025-07-17,P0032,Tomato,28.7,Medium
2025-07-18,P0032,Tomato,22.7,Low
2025-07-19,P0032,Tomato,29.6,Medium
2025-07-20,P0032,Tomato,28.9,Medium
2025-07-21,P0032,Tomato,32.9,Medium
2025-07-22,P0032,Tomato,45.5,Medium
2025-07-23,P0032,Tomato,44.8,Medium
2025-07-24,P0032,Tomato,39.9,Medium
2025-07-25,P0032,Tomato,35.9,Medium
2025-07-26,P0032,Tomato,34.9,Medium
2025-07-27,P0032,Tomato,33.5,Medium
2025-07-28,P0032,Tomato,37.1,Medium
2025-07-29,P0032,Tomato,37.2,Medium
2025-07-30,P0032,Tomato,32,Medium
2025-07-31,P0032,Tomato,26.2,Medium
2025-08-01,P0032,Tomato,33.5,Medium
2025-08-02,P0032,Tomato,26.1,Medium
2025-08-03,P0032,Tomato,34.4,Medium
2025-08-04,P0032,Tomato,32,Medium
2025-08-05,P0032,Tomato,18.2,Low
2025-08-06,P0032,Tomato,21.2,Low
2025-08-07,P0032,Tomato,19.3,Low
2025-08-08,P0032,Tomato,24.2,Low
2025-08-09,P0032,Tomato,31.8,Medium
2025-08-10,P0032,Tomato,37,Medium
2025-08-11,P0032,Tomato,38.2,Medium
2025-08-12,P0032,Tomato,38.3,Medium
2025-08-13,P0032,Tomato,40.8,Medium
2025-08-14,P0032,Tomato,37.9,Medium
2025-08-15,P0032,Tomato,37.7,Medium
2025-08-16,P0032,Tomato,29.5,Medium
2025-08-17,P0032,Tomato,36.1,Medium
2025-08-18,P0032,Tomato,29.3,Medium
2025-08-19,P0032,Tomato,31.4,Medium
2025-08-20,P0032,Tomato,9.7,Low
2025-08-21,P0032,Tomato,13.1,Low
2025-08-22,P0032,Tomato,8.9,Low
2025-08-23,P0032,Tomato,9,Low
2025-08-24,P0032,Tomato,16.5,Low
2025-08-25,P0032,Tomato,22.1,Low
2025-08-26,P0032,Tomato,21.6,Low
2025-08-27,P0032,Tomato,26.9,Medium
2025-08-28,P0032,Tomato,35.4,Medium
2025-08-29,P0032,Tomato,26.2,Medium
2025-08-30,P0032,Tomato,23.3,Low
2025-08-31,P0032,Tomato,35.4,Medium
2025-09-01,P0032,Tomato,37.5,Medium
2025-09-02,P0032,Tomato,29.3,Medium
2025-09-03,P0032,Tomato,26.5,Medium
2025-09-04,P0032,Tomato,28.4,Medium
2025-09-05,P0032,Tomato,20.5,Low
2025-09-06,P0032,Tomato,21.3,Low
2025-09-07,P0032,Tomato,22.2,Low
2025-09-08,P0032,Tomato,16.1,Low
2025-09-09,P0032,Tomato,15.4,Low
2025-09-10,P0032,Tomato,14.6,Low
2025-09-11,P0032,Tomato,18.3,Low
2025-09-12,P0032,Tomato,9.9,Low
2025-02-21,P0033,Strawberry,36.9,Medium
2025-02-22,P0033,Strawberry,37.4,Medium
2025-02-23,P0033,Strawberry,28.7,Medium
2025-02-24,P0033,Strawberry,38.5,Medium
2025-02-25,P0033,Strawberry,24.5,Low
2025-02-26,P0033,Strawberry,29.6,Medium
2025-02-27,P0033,Strawberry,22.8,Low
2025-02-28,P0033,Strawberry,40.2,Medium
2025-03-01,P0033,Strawberry,42.2,Medium
2025-03-02,P0033,Strawberry,60.5,High
2025-03-03,P0033,Strawberry,50.2,High
2025-03-04,P0033,Strawberry,52.3,High
2025-03-05,P0033,Strawberry,34.6,Medium
2025-03-06,P0033,Strawberry,42.3,Medium
2025-03-07,P0033,Strawberry,38.4,Medium
2025-03-08,P0033,Strawberry,34.4,Medium
2025-03-09,P0033,Strawberry,30.5,Medium
2025-03-10,P0033,Strawberry,35.7,Medium
2025-03-11,P0033,Strawberry,34.7,Medium
2025-03-12,P0033,Strawberry,33.1,Medium
2025-03-13,P0033,Strawberry,37.5,Medium
2025-03-14,P0033,Strawberry,32.7,Medium
2025-03-15,P0033,Strawberry,26.3,Medium
2025-03-16,P0033,Strawberry,31.9,Medium
2025-03-17,P0033,Strawberry,37.8,Medium
2025-03-18,P0033,Strawberry,37.1,Medium
2025-03-19,P0033,Strawberry,41.7,Medium
2025-03-20,P0033,Strawberry,40,Medium
2025-03-21,P0033,Strawberry,43.5,Medium
2025-03-22,P0033,Strawberry,41.6,Medium
2025-03-23,P0033,Strawberry,50.7,High
2025-03-24,P0033,Strawberry,44,Medium
2025-03-25,P0033,Strawberry,46.7,Medium
2025-03-26,P0033,Strawberry,39,Medium
2025-03-27,P0033,Strawberry,44.1,Medium
2025-03-28,P0033,Strawberry,40.2,Medium
2025-03-29,P0033,Strawberry,41.3,Medium
2025-03-30,P0033,Strawberry,37.3,Medium
2025-03-31,P0033,Strawberry,41.8,Medium
2025-04-01,P0033,Strawberry,53.7,High
2025-04-02,P0033,Strawberry,48.5,Medium
2025-04-03,P0033,Strawberry,40.9,Medium
2025-04-04,P0033,Strawberry,55.3,High
2025-04-05,P0033,Strawberry,63.8,High
2025-04-06,P0033,Strawberry,66.2,High
2025-04-07,P0033,Strawberry,69.8,High
2025-04-08,P0033,Strawberry,71,High
2025-04-09,P0033,Strawberry,63.5,High
2025-04-10,P0033,Strawberry,66.5,High
2025-04-11,P0033,Strawberry,64.2,High
2025-04-12,P0033,Strawberry,63.5,High
2025-04-13,P0033,Strawberry,59.7,High
2025-04-14,P0033,Strawberry,52.8,High
2025-04-15,P0033,Strawberry,47.3,Medium
2025-04-16,P0033,Strawberry,43.3,Medium
2025-04-17,P0033,Strawberry,39.3,Medium
2025-04-18,P0033,Strawberry,36.1,Medium
2025-04-19,P0033,Strawberry,33.9,Medium
2025-04-20,P0033,Strawberry,25.5,Medium
2025-04-21,P0033,Strawberry,35.4,Medium
2025-04-22,P0033,Strawberry,31.1,Medium
2025-04-23,P0033,Strawberry,36.7,Medium
2025-04-24,P0033,Strawberry,35.3,Medium
2025-04-25,P0033,Strawberry,41.6,Medium
2025-04-26,P0033,Strawberry,46.7,Medium
2025-04-27,P0033,Strawberry,41.6,Medium
2025-04-28,P0033,Strawberry,45.8,Medium
2025-04-29,P0033,Strawberry,42,Medium
2025-04-30,P0033,Strawberry,51.4,High
2025-05-01,P0033,Strawberry,45.1,Medium
2025-05-02,P0033,Strawberry,51.5,High
2025-05-03,P0033,Strawberry,43.1,Medium
2025-05-04,P0033,Strawberry,35.9,Medium
2025-05-05,P0033,Strawberry,34.5,Medium
2025-05-06,P0033,Strawberry,32.7,Medium
2025-05-07,P0033,Strawberry,32.2,Medium
2025-05-08,P0033,Strawberry,40.1,Medium
2025-05-09,P0033,Strawberry,41.8,Medium
2025-05-10,P0033,Strawberry,54.8,High
2025-05-11,P0033,Strawberry,55.9,High
2025-05-12,P0033,Strawberry,51.1,High
2025-05-13,P0033,Strawberry,51.8,High
2025-05-14,P0033,Strawberry,49,Medium
2025-05-15,P0033,Strawberry,36.7,Medium
2025-05-16,P0033,Strawberry,46.5,Medium
2025-05-17,P0033,Strawberry,35.3,Medium
2025-05-18,P0033,Strawberry,39.7,Medium
2025-05-19,P0033,Strawberry,25.5,Medium
2025-05-20,P0033,Strawberry,22.5,Low
2025-05-21,P0033,Strawberry,18.9,Low
2025-05-22,P0033,Strawberry,19.2,Low
2025-05-23,P0033,Strawberry,15.4,Low
2025-05-24,P0033,Strawberry,28.6,Medium
2025-05-25,P0033,Strawberry,22.3,Low
2025-05-26,P0033,Strawberry,16.7,Low
2025-05-27,P0033,Strawberry,17.3,Low
2025-05-28,P0033,Strawberry,18.5,Low
2025-05-29,P0033,Strawberry,17.8,Low
2025-05-30,P0033,Strawberry,27.3,Medium
2025-05-31,P0033,Strawberry,31.5,Medium
2025-06-01,P0033,Strawberry,33.3,Medium
2025-06-02,P0033,Strawberry,29.1,Medium
2025-06-03,P0033,Strawberry,30.2,Medium
2025-06-04,P0033,Strawberry,26.1,Medium
2025-06-05,P0033,Strawberry,13.8,Low
2025-06-06,P0033,Strawberry,20.2,Low
2025-06-07,P0033,Strawberry,11.1,Low
2025-06-08,P0033,Strawberry,11,Low
2025-06-09,P0033,Strawberry,12.3,Low
2025-06-10,P0033,Strawberry,12.2,Low
2025-06-11,P0033,Strawberry,14.7,Low
2025-06-12,P0033,Strawberry,12.3,Low
2025-06-13,P0033,Strawberry,17.1,Low
2025-06-14,P0033,Strawberry,29.3,Medium
2025-06-15,P0033,Strawberry,30.8,Medium
2025-06-16,P0033,Strawberry,31.9,Medium
2025-06-17,P0033,Strawberry,40,Medium
2025-06-18,P0033,Strawberry,34.3,Medium
2025-06-19,P0033,Strawberry,36.6,Medium
2025-06-20,P0033,Strawberry,22.8,Low
2025-06-21,P0033,Strawberry,41.6,Medium
2025-06-22,P0033,Strawberry,39.7,Medium
2025-06-23,P0033,Strawberry,36.7,Medium
2025-06-24,P0033,Strawberry,37.8,Medium
2025-06-25,P0033,Strawberry,32.7,Medium
2025-06-26,P0033,Strawberry,37.2,Medium
2025-06-27,P0033,Strawberry,32.2,Medium
2025-06-28,P0033,Strawberry,12.5,Low
2025-06-29,P0033,Strawberry,11.6,Low
2025-06-30,P0033,Strawberry,23.4,Low
2025-07-01,P0033,Strawberry,29.4,Medium
2025-07-02,P0033,Strawberry,36.7,Medium
2025-07-03,P0033,Strawberry,32.9,Medium
2025-07-04,P0033,Strawberry,31.5,Medium
2025-07-05,P0033,Strawberry,32.8,Medium
2025-07-06,P0033,Strawberry,34.2,Medium
2025-07-07,P0033,Strawberry,34.5,Medium
2025-07-08,P0033,Strawberry,28.2,Medium
2025-07-09,P0033,Strawberry,10.9,Low
2025-07-10,P0033,Strawberry,12.9,Low
2025-07-11,P0033,Strawberry,13.6,Low
2025-07-12,P0033,Strawberry,18.2,Low
2025-07-13,P0033,Strawberry,11,Low
2025-07-14,P0033,Strawberry,13.1,Low
2025-07-15,P0033,Strawberry,18.5,Low
2025-07-16,P0033,Strawberry,22.9,Low
2025-07-17,P0033,Strawberry,22.1,Low
2025-07-18,P0033,Strawberry,18.5,Low
2025-07-19,P0033,Strawberry,14.5,Low
2025-07-20,P0033,Strawberry,17.6,Low
2025-07-21,P0033,Strawberry,31.3,Medium
2025-07-22,P0033,Strawberry,35.7,Medium
2025-07-23,P0033,Strawberry,31.3,Medium
2025-07-24,P0033,Strawberry,31.5,Medium
2025-07-25,P0033,Strawberry,32.4,Medium
2025-07-26,P0033,Strawberry,20.9,Low
2025-07-27,P0033,Strawberry,25,Medium
2025-07-28,P0033,Strawberry,28.6,Medium
2025-07-29,P0033,Strawberry,32.5,Medium
2025-07-30,P0033,Strawberry,31.2,Medium
2025-07-31,P0033,Strawberry,22.7,Low
2025-08-01,P0033,Strawberry,20.5,Low
2025-08-02,P0033,Strawberry,11,Low
2025-08-03,P0033,Strawberry,24,Low
2025-08-04,P0033,Strawberry,21.2,Low
2025-08-05,P0033,Strawberry,19.8,Low
2025-08-06,P0033,Strawberry,23.4,Low
2025-08-07,P0033,Strawberry,28,Medium
2025-08-08,P0033,Strawberry,22.8,Low
2025-08-09,P0033,Strawberry,29.2,Medium
2025-08-10,P0033,Strawberry,33.4,Medium
2025-08-11,P0033,Strawberry,30.5,Medium
2025-08-12,P0033,Strawberry,29.4,Medium
2025-08-13,P0033,Strawberry,28.6,Medium
2025-08-14,P0033,Strawberry,26,Medium
2025-08-15,P0033,Strawberry,24.2,Low
2025-08-16,P0033,Strawberry,24.8,Low
2025-08-17,P0033,Strawberry,21.4,Low
2025-08-18,P0033,Strawberry,16.1,Low
2025-08-19,P0033,Strawberry,21.5,Low
2025-08-20,P0033,Strawberry,11.4,Low
2025-08-21,P0033,Strawberry,11.9,Low
2025-08-22,P0033,Strawberry,9.9,Low
2025-08-23,P0033,Strawberry,25.8,Medium
2025-08-24,P0033,Strawberry,25.8,Medium
2025-08-25,P0033,Strawberry,27.6,Medium
2025-08-26,P0033,Strawberry,31.6,Medium
2025-08-27,P0033,Strawberry,50.4,High
2025-08-28,P0033,Strawberry,51.8,High
2025-08-29,P0033,Strawberry,39.9,Medium
2025-08-30,P0033,Strawberry,34.8,Medium
2025-08-31,P0033,Strawberry,26.4,Medium
2025-09-01,P0033,Strawberry,29.7,Medium
2025-09-02,P0033,Strawberry,22.2,Low
2025-09-03,P0033,Strawberry,20.6,Low
2025-09-04,P0033,Strawberry,14,Low
2025-09-05,P0033,Strawberry,11.1,Low
2025-09-06,P0033,Strawberry,9.2,Low
2025-09-07,P0033,Strawberry,11.2,Low
2025-09-08,P0033,Strawberry,20.6,Low
2025-09-09,P0033,Strawberry,23.6,Low
2025-09-10,P0033,Strawberry,30.2,Medium
2025-09-11,P0033,Strawberry,38.9,Medium
2025-09-12,P0033,Strawberry,36.2,Medium
2025-02-21,P0034,Strawberry,21.3,Low
2025-02-22,P0034,Strawberry,19.6,Low
2025-02-23,P0034,Strawberry,28.2,Medium
2025-02-24,P0034,Strawberry,24.3,Low
2025-02-25,P0034,Strawberry,36,Medium
2025-02-26,P0034,Strawberry,30.2,Medium
2025-02-27,P0034,Strawberry,27.5,Medium
2025-02-28,P0034,Strawberry,26.4,Medium
2025-03-01,P0034,Strawberry,41.6,Medium
2025-03-02,P0034,Strawberry,46,Medium
2025-03-03,P0034,Strawberry,50.6,High
2025-03-04,P0034,Strawberry,46.4,Medium
2025-03-05,P0034,Strawberry,37,Medium
2025-03-06,P0034,Strawberry,44.7,Medium
2025-03-07,P0034,Strawberry,43.9,Medium
2025-03-08,P0034,Strawberry,49.2,Medium
2025-03-09,P0034,Strawberry,53.8,High
2025-03-10,P0034,Strawberry,49.2,Medium
2025-03-11,P0034,Strawberry,49.3,Medium
2025-03-12,P0034,Strawberry,48,Medium
2025-03-13,P0034,Strawberry,55,High
2025-03-14,P0034,Strawberry,52.3,High
2025-03-15,P0034,Strawberry,46.4,Medium
2025-03-16,P0034,Strawberry,42.1,Medium
2025-03-17,P0034,Strawberry,49.5,Medium
2025-03-18,P0034,Strawberry,49.4,Medium
2025-03-19,P0034,Strawberry,57.4,High
2025-03-20,P0034,Strawberry,60.1,High
2025-03-21,P0034,Strawberry,63.6,High
2025-03-22,P0034,Strawberry,66,High
2025-03-23,P0034,Strawberry,66.7,High
2025-03-24,P0034,Strawberry,56.4,High
2025-03-25,P0034,Strawberry,62.1,High
2025-03-26,P0034,Strawberry,42.4,Medium
2025-03-27,P0034,Strawberry,45.5,Medium
2025-03-28,P0034,Strawberry,50.5,High
2025-03-29,P0034,Strawberry,49.5,Medium
2025-03-30,P0034,Strawberry,40.3,Medium
2025-03-31,P0034,Strawberry,50,High
2025-04-01,P0034,Strawberry,48.1,Medium
2025-04-02,P0034,Strawberry,49.6,Medium
2025-04-03,P0034,Strawberry,55.8,High
2025-04-04,P0034,Strawberry,62.3,High
2025-04-05,P0034,Strawberry,64.7,High
2025-04-06,P0034,Strawberry,68.5,High
2025-04-07,P0034,Strawberry,64,High
2025-04-08,P0034,Strawberry,54.7,High
2025-04-09,P0034,Strawberry,56.8,High
2025-04-10,P0034,Strawberry,51,High
2025-04-11,P0034,Strawberry,53.9,High
2025-04-12,P0034,Strawberry,47.8,Medium
2025-04-13,P0034,Strawberry,47.7,Medium
2025-04-14,P0034,Strawberry,44.4,Medium
2025-04-15,P0034,Strawberry,51.5,High
2025-04-16,P0034,Strawberry,50.6,High
2025-04-17,P0034,Strawberry,48.8,Medium
2025-04-18,P0034,Strawberry,55.9,High
2025-04-19,P0034,Strawberry,53.6,High
2025-04-20,P0034,Strawberry,55,High
2025-04-21,P0034,Strawberry,58.7,High
2025-04-22,P0034,Strawberry,56.8,High
2025-04-23,P0034,Strawberry,54.8,High
2025-04-24,P0034,Strawberry,59.1,High
2025-04-25,P0034,Strawberry,61.7,High
2025-04-26,P0034,Strawberry,62.8,High
2025-04-27,P0034,Strawberry,62.9,High
2025-04-28,P0034,Strawberry,46,Medium
2025-04-29,P0034,Strawberry,47.3,Medium
2025-04-30,P0034,Strawberry,43.2,Medium
2025-05-01,P0034,Strawberry,34.7,Medium
2025-05-02,P0034,Strawberry,40,Medium
2025-05-03,P0034,Strawberry,38.8,Medium
2025-05-04,P0034,Strawberry,41.9,Medium
2025-05-05,P0034,Strawberry,42.8,Medium
2025-05-06,P0034,Strawberry,50.2,High
2025-05-07,P0034,Strawberry,54.3,High
2025-05-08,P0034,Strawberry,42.3,Medium
2025-05-09,P0034,Strawberry,42.4,Medium
2025-05-10,P0034,Strawberry,45.6,Medium
2025-05-11,P0034,Strawberry,51,High
2025-05-12,P0034,Strawberry,58.9,High
2025-05-13,P0034,Strawberry,58,High
2025-05-14,P0034,Strawberry,45.7,Medium
2025-05-15,P0034,Strawberry,44.4,Medium
2025-05-16,P0034,Strawberry,37.1,Medium
2025-05-17,P0034,Strawberry,36.6,Medium
2025-05-18,P0034,Strawberry,37.4,Medium
2025-05-19,P0034,Strawberry,32,Medium
2025-05-20,P0034,Strawberry,29.2,Medium
2025-05-21,P0034,Strawberry,21.6,Low
2025-05-22,P0034,Strawberry,16.3,Low
2025-05-23,P0034,Strawberry,23.5,Low
2025-05-24,P0034,Strawberry,14.8,Low
2025-05-25,P0034,Strawberry,16.1,Low
2025-05-26,P0034,Strawberry,33.1,Medium
2025-05-27,P0034,Strawberry,25.9,Medium
2025-05-28,P0034,Strawberry,33.2,Medium
2025-05-29,P0034,Strawberry,25,Medium
2025-05-30,P0034,Strawberry,30.9,Medium
2025-05-31,P0034,Strawberry,17.2,Low
2025-06-01,P0034,Strawberry,25.8,Medium
2025-06-02,P0034,Strawberry,21.2,Low
2025-06-03,P0034,Strawberry,13.3,Low
2025-06-04,P0034,Strawberry,27.3,Medium
2025-06-05,P0034,Strawberry,19.4,Low
2025-06-06,P0034,Strawberry,13.2,Low
2025-06-07,P0034,Strawberry,7.2,Low
2025-06-08,P0034,Strawberry,0,Low
2025-06-09,P0034,Strawberry,8,Low
2025-06-10,P0034,Strawberry,10.7,Low
2025-06-11,P0034,Strawberry,12.8,Low
2025-06-12,P0034,Strawberry,11.1,Low
2025-06-13,P0034,Strawberry,16.3,Low
2025-06-14,P0034,Strawberry,18.1,Low
2025-06-15,P0034,Strawberry,25.6,Medium
2025-06-16,P0034,Strawberry,30.3,Medium
2025-06-17,P0034,Strawberry,38,Medium
2025-06-18,P0034,Strawberry,33.4,Medium
2025-06-19,P0034,Strawberry,30,Medium
2025-06-20,P0034,Strawberry,22,Low
2025-06-21,P0034,Strawberry,22.4,Low
2025-06-22,P0034,Strawberry,24.9,Low
2025-06-23,P0034,Strawberry,24.9,Low
2025-06-24,P0034,Strawberry,35.1,Medium
2025-06-25,P0034,Strawberry,35.9,Medium
2025-06-26,P0034,Strawberry,36.9,Medium
2025-06-27,P0034,Strawberry,35.3,Medium
2025-06-28,P0034,Strawberry,36.9,Medium
2025-06-29,P0034,Strawberry,36,Medium
2025-06-30,P0034,Strawberry,39.1,Medium
2025-07-01,P0034,Strawberry,34.5,Medium
2025-07-02,P0034,Strawberry,29.9,Medium
2025-07-03,P0034,Strawberry,33.6,Medium
2025-07-04,P0034,Strawberry,32.5,Medium
2025-07-05,P0034,Strawberry,21.3,Low
2025-07-06,P0034,Strawberry,12.8,Low
2025-07-07,P0034,Strawberry,20,Low
2025-07-08,P0034,Strawberry,14.4,Low
2025-07-09,P0034,Strawberry,15.5,Low
2025-07-10,P0034,Strawberry,19.9,Low
2025-07-11,P0034,Strawberry,19,Low
2025-07-12,P0034,Strawberry,16.7,Low
2025-07-13,P0034,Strawberry,16.9,Low
2025-07-14,P0034,Strawberry,11,Low
2025-07-15,P0034,Strawberry,19.5,Low
2025-07-16,P0034,Strawberry,22.7,Low
2025-07-17,P0034,Strawberry,25.9,Medium
2025-07-18,P0034,Strawberry,41.7,Medium
2025-07-19,P0034,Strawberry,43,Medium
2025-07-20,P0034,Strawberry,53.9,High
2025-07-21,P0034,Strawberry,43.6,Medium
2025-07-22,P0034,Strawberry,57.1,High
2025-07-23,P0034,Strawberry,62.3,High
2025-07-24,P0034,Strawberry,62.3,High
2025-07-25,P0034,Strawberry,31.9,Medium
2025-07-26,P0034,Strawberry,44.4,Medium
2025-07-27,P0034,Strawberry,42.6,Medium
2025-07-28,P0034,Strawberry,31.7,Medium
2025-07-29,P0034,Strawberry,24.1,Low
2025-07-30,P0034,Strawberry,22.1,Low
2025-07-31,P0034,Strawberry,22.8,Low
2025-08-01,P0034,Strawberry,26.9,Medium
2025-08-02,P0034,Strawberry,21.6,Low
2025-08-03,P0034,Strawberry,18.8,Low
2025-08-04,P0034,Strawberry,19.1,Low
2025-08-05,P0034,Strawberry,18.6,Low
2025-08-06,P0034,Strawberry,12.5,Low
2025-08-07,P0034,Strawberry,16,Low
2025-08-08,P0034,Strawberry,20.6,Low
2025-08-09,P0034,Strawberry,31.1,Medium
2025-08-10,P0034,Strawberry,37.1,Medium
2025-08-11,P0034,Strawberry,32.1,Medium
2025-08-12,P0034,Strawberry,26.7,Medium
2025-08-13,P0034,Strawberry,40.2,Medium
2025-08-14,P0034,Strawberry,41.5,Medium
2025-08-15,P0034,Strawberry,41.7,Medium
2025-08-16,P0034,Strawberry,39.7,Medium
2025-08-17,P0034,Strawberry,33,Medium
2025-08-18,P0034,Strawberry,29.1,Medium
2025-08-19,P0034,Strawberry,25,Medium
2025-08-20,P0034,Strawberry,15.7,Low
2025-08-21,P0034,Strawberry,19.5,Low
2025-08-22,P0034,Strawberry,11.5,Low
2025-08-23,P0034,Strawberry,35.7,Medium
2025-08-24,P0034,Strawberry,26.8,Medium
2025-08-25,P0034,Strawberry,27.6,Medium
2025-08-26,P0034,Strawberry,34.2,Medium
2025-08-27,P0034,Strawberry,46.7,Medium
2025-08-28,P0034,Strawberry,51.4,High
2025-08-29,P0034,Strawberry,50.6,High
2025-08-30,P0034,Strawberry,43.2,Medium
2025-08-31,P0034,Strawberry,36.3,Medium
2025-09-01,P0034,Strawberry,39.4,Medium
2025-09-02,P0034,Strawberry,28,Medium
2025-09-03,P0034,Strawberry,27.6,Medium
2025-09-04,P0034,Strawberry,26.8,Medium
2025-09-05,P0034,Strawberry,11.9,Low
2025-09-06,P0034,Strawberry,15.9,Low
2025-09-07,P0034,Strawberry,21.2,Low
2025-09-08,P0034,Strawberry,34.1,Medium
2025-09-09,P0034,Strawberry,27,Medium
2025-09-10,P0034,Strawberry,31.4,Medium
2025-09-11,P0034,Strawberry,29.4,Medium
2025-09-12,P0034,Strawberry,37.8,Medium
2025-02-21,P0035,Strawberry,24.6,Low
2025-02-22,P0035,Strawberry,26.6,Medium
2025-02-23,P0035,Strawberry,32.8,Medium
2025-02-24,P0035,Strawberry,34.6,Medium
2025-02-25,P0035,Strawberry,35.3,Medium
2025-02-26,P0035,Strawberry,36.4,Medium
2025-02-27,P0035,Strawberry,27.1,Medium
2025-02-28,P0035,Strawberry,39.6,Medium
2025-03-01,P0035,Strawberry,47.7,Medium
2025-03-02,P0035,Strawberry,53.1,High
2025-03-03,P0035,Strawberry,43.3,Medium
2025-03-04,P0035,Strawberry,50.2,High
2025-03-05,P0035,Strawberry,46.3,Medium
2025-03-06,P0035,Strawberry,52.4,High
2025-03-07,P0035,Strawberry,50.2,High
2025-03-08,P0035,Strawberry,46.8,Medium
2025-03-09,P0035,Strawberry,51.1,High
2025-03-10,P0035,Strawberry,45.2,Medium
2025-03-11,P0035,Strawberry,50.6,High
2025-03-12,P0035,Strawberry,50.3,High
2025-03-13,P0035,Strawberry,37.3,Medium
2025-03-14,P0035,Strawberry,43.4,Medium
2025-03-15,P0035,Strawberry,45.9,Medium
2025-03-16,P0035,Strawberry,47.1,Medium
2025-03-17,P0035,Strawberry,52.5,High
2025-03-18,P0035,Strawberry,52.5,High
2025-03-19,P0035,Strawberry,39.4,Medium
2025-03-20,P0035,Strawberry,46.1,Medium
2025-03-21,P0035,Strawberry,47.3,Medium
2025-03-22,P0035,Strawberry,52.8,High
2025-03-23,P0035,Strawberry,51.1,High
2025-03-24,P0035,Strawberry,54.1,High
2025-03-25,P0035,Strawberry,50.7,High
2025-03-26,P0035,Strawberry,44.5,Medium
2025-03-27,P0035,Strawberry,43.3,Medium
2025-03-28,P0035,Strawberry,56.3,High
2025-03-29,P0035,Strawberry,61.7,High
2025-03-30,P0035,Strawberry,62.3,High
2025-03-31,P0035,Strawberry,64.5,High
2025-04-01,P0035,Strawberry,64.5,High
2025-04-02,P0035,Strawberry,70.2,High
2025-04-03,P0035,Strawberry,73.3,High
2025-04-04,P0035,Strawberry,65.2,High
2025-04-05,P0035,Strawberry,63.9,High
2025-04-06,P0035,Strawberry,68,High
2025-04-07,P0035,Strawberry,65.4,High
2025-04-08,P0035,Strawberry,61.2,High
2025-04-09,P0035,Strawberry,58.5,High
2025-04-10,P0035,Strawberry,61,High
2025-04-11,P0035,Strawberry,57.7,High
2025-04-12,P0035,Strawberry,64.3,High
2025-04-13,P0035,Strawberry,63.8,High
2025-04-14,P0035,Strawberry,53.2,High
2025-04-15,P0035,Strawberry,55.6,High
2025-04-16,P0035,Strawberry,56.9,High
2025-04-17,P0035,Strawberry,49.3,Medium
2025-04-18,P0035,Strawberry,48.3,Medium
2025-04-19,P0035,Strawberry,43.3,Medium
2025-04-20,P0035,Strawberry,53.3,High
2025-04-21,P0035,Strawberry,50.9,High
2025-04-22,P0035,Strawberry,46.9,Medium
2025-04-23,P0035,Strawberry,49.1,Medium
2025-04-24,P0035,Strawberry,49,Medium
2025-04-25,P0035,Strawberry,49.5,Medium
2025-04-26,P0035,Strawberry,48,Medium
2025-04-27,P0035,Strawberry,54.2,High
2025-04-28,P0035,Strawberry,57.8,High
2025-04-29,P0035,Strawberry,54.9,High
2025-04-30,P0035,Strawberry,63.2,High
2025-05-01,P0035,Strawberry,63.9,High
2025-05-02,P0035,Strawberry,61.7,High
2025-05-03,P0035,Strawberry,58.6,High
2025-05-04,P0035,Strawberry,46.5,Medium
2025-05-05,P0035,Strawberry,42.1,Medium
2025-05-06,P0035,Strawberry,36.7,Medium
2025-05-07,P0035,Strawberry,39.5,Medium
2025-05-08,P0035,Strawberry,34.1,Medium
2025-05-09,P0035,Strawberry,51.4,High
2025-05-10,P0035,Strawberry,55.3,High
2025-05-11,P0035,Strawberry,63,High
2025-05-12,P0035,Strawberry,60.7,High
2025-05-13,P0035,Strawberry,63.2,High
2025-05-14,P0035,Strawberry,59.5,High
2025-05-15,P0035,Strawberry,50.3,High
2025-05-16,P0035,Strawberry,44.2,Medium
2025-05-17,P0035,Strawberry,41.5,Medium
2025-05-18,P0035,Strawberry,48.1,Medium
2025-05-19,P0035,Strawberry,32.2,Medium
2025-05-20,P0035,Strawberry,32.8,Medium
2025-05-21,P0035,Strawberry,21,Low
2025-05-22,P0035,Strawberry,13.6,Low
2025-05-23,P0035,Strawberry,27.2,Medium
2025-05-24,P0035,Strawberry,14.7,Low
2025-05-25,P0035,Strawberry,24,Low
2025-05-26,P0035,Strawberry,30.1,Medium
2025-05-27,P0035,Strawberry,31.1,Medium
2025-05-28,P0035,Strawberry,30.8,Medium
2025-05-29,P0035,Strawberry,35.9,Medium
2025-05-30,P0035,Strawberry,35.6,Medium
2025-05-31,P0035,Strawberry,31.9,Medium
2025-06-01,P0035,Strawberry,26.8,Medium
2025-06-02,P0035,Strawberry,27.8,Medium
2025-06-03,P0035,Strawberry,28.1,Medium
2025-06-04,P0035,Strawberry,38.8,Medium
2025-06-05,P0035,Strawberry,41,Medium
2025-06-06,P0035,Strawberry,37.4,Medium
2025-06-07,P0035,Strawberry,33.6,Medium
2025-06-08,P0035,Strawberry,37,Medium
2025-06-09,P0035,Strawberry,41.4,Medium
2025-06-10,P0035,Strawberry,33.7,Medium
2025-06-11,P0035,Strawberry,35.8,Medium
2025-06-12,P0035,Strawberry,41.5,Medium
2025-06-13,P0035,Strawberry,32.7,Medium
2025-06-14,P0035,Strawberry,35,Medium
2025-06-15,P0035,Strawberry,52.8,High
2025-06-16,P0035,Strawberry,41.2,Medium
2025-06-17,P0035,Strawberry,43.7,Medium
2025-06-18,P0035,Strawberry,42.8,Medium
2025-06-19,P0035,Strawberry,40,Medium
2025-06-20,P0035,Strawberry,36.7,Medium
2025-06-21,P0035,Strawberry,32.4,Medium
2025-06-22,P0035,Strawberry,35.2,Medium
2025-06-23,P0035,Strawberry,35.1,Medium
2025-06-24,P0035,Strawberry,31.2,Medium
2025-06-25,P0035,Strawberry,36.6,Medium
2025-06-26,P0035,Strawberry,37.7,Medium
2025-06-27,P0035,Strawberry,34.3,Medium
2025-06-28,P0035,Strawberry,36.8,Medium
2025-06-29,P0035,Strawberry,38.4,Medium
2025-06-30,P0035,Strawberry,22.9,Low
2025-07-01,P0035,Strawberry,32.5,Medium
2025-07-02,P0035,Strawberry,32.7,Medium
2025-07-03,P0035,Strawberry,36.5,Medium
2025-07-04,P0035,Strawberry,37.2,Medium
2025-07-05,P0035,Strawberry,24.9,Low
2025-07-06,P0035,Strawberry,38,Medium
2025-07-07,P0035,Strawberry,35.6,Medium
2025-07-08,P0035,Strawberry,30.5,Medium
2025-07-09,P0035,Strawberry,30.4,Medium
2025-07-10,P0035,Strawberry,20.9,Low
2025-07-11,P0035,Strawberry,31,Medium
2025-07-12,P0035,Strawberry,28.6,Medium
2025-07-13,P0035,Strawberry,25.5,Medium
2025-07-14,P0035,Strawberry,24.8,Low
2025-07-15,P0035,Strawberry,31.1,Medium
2025-07-16,P0035,Strawberry,34.6,Medium
2025-07-17,P0035,Strawberry,41.4,Medium
2025-07-18,P0035,Strawberry,45.9,Medium
2025-07-19,P0035,Strawberry,32,Medium
2025-07-20,P0035,Strawberry,46.4,Medium
2025-07-21,P0035,Strawberry,41.3,Medium
2025-07-22,P0035,Strawberry,44.2,Medium
2025-07-23,P0035,Strawberry,56.8,High
2025-07-24,P0035,Strawberry,40.9,Medium
2025-07-25,P0035,Strawberry,31.9,Medium
2025-07-26,P0035,Strawberry,32.4,Medium
2025-07-27,P0035,Strawberry,30.4,Medium
2025-07-28,P0035,Strawberry,30.9,Medium
2025-07-29,P0035,Strawberry,29.9,Medium
2025-07-30,P0035,Strawberry,40.2,Medium
2025-07-31,P0035,Strawberry,26.5,Medium
2025-08-01,P0035,Strawberry,30.9,Medium
2025-08-02,P0035,Strawberry,31.9,Medium
2025-08-03,P0035,Strawberry,32.2,Medium
2025-08-04,P0035,Strawberry,35.7,Medium
2025-08-05,P0035,Strawberry,31.2,Medium
2025-08-06,P0035,Strawberry,41.6,Medium
2025-08-07,P0035,Strawberry,41.5,Medium
2025-08-08,P0035,Strawberry,49.7,Medium
2025-08-09,P0035,Strawberry,41.4,Medium
2025-08-10,P0035,Strawberry,39.5,Medium
2025-08-11,P0035,Strawberry,35.5,Medium
2025-08-12,P0035,Strawberry,45.4,Medium
2025-08-13,P0035,Strawberry,44.4,Medium
2025-08-14,P0035,Strawberry,49.7,Medium
2025-08-15,P0035,Strawberry,37.5,Medium
2025-08-16,P0035,Strawberry,29.7,Medium
2025-08-17,P0035,Strawberry,24.8,Low
2025-08-18,P0035,Strawberry,24.6,Low
2025-08-19,P0035,Strawberry,20.2,Low
2025-08-20,P0035,Strawberry,22.9,Low
2025-08-21,P0035,Strawberry,15.3,Low
2025-08-22,P0035,Strawberry,14,Low
2025-08-23,P0035,Strawberry,20.7,Low
2025-08-24,P0035,Strawberry,12,Low
2025-08-25,P0035,Strawberry,23.8,Low
2025-08-26,P0035,Strawberry,23.2,Low
2025-08-27,P0035,Strawberry,40.3,Medium
2025-08-28,P0035,Strawberry,40.8,Medium
2025-08-29,P0035,Strawberry,45.9,Medium
2025-08-30,P0035,Strawberry,44.1,Medium
2025-08-31,P0035,Strawberry,38.3,Medium
2025-09-01,P0035,Strawberry,38.2,Medium
2025-09-02,P0035,Strawberry,29.5,Medium
2025-09-03,P0035,Strawberry,26.5,Medium
2025-09-04,P0035,Strawberry,30.1,Medium
2025-09-05,P0035,Strawberry,29.4,Medium
2025-09-06,P0035,Strawberry,29.4,Medium
2025-09-07,P0035,Strawberry,23.2,Low
2025-09-08,P0035,Strawberry,21,Low
2025-09-09,P0035,Strawberry,25.5,Medium
2025-09-10,P0035,Strawberry,29.2,Medium
2025-09-11,P0035,Strawberry,39.6,Medium
2025-09-12,P0035,Strawberry,47.7,Medium
2025-02-21,P0036,Cucumber,22.7,Low
2025-02-22,P0036,Cucumber,25.7,Medium
2025-02-23,P0036,Cucumber,26.4,Medium
2025-02-24,P0036,Cucumber,33.2,Medium
2025-02-25,P0036,Cucumber,29.6,Medium
2025-02-26,P0036,Cucumber,38.1,Medium
2025-02-27,P0036,Cucumber,42.5,Medium
2025-02-28,P0036,Cucumber,51.9,High
2025-03-01,P0036,Cucumber,58.3,High
2025-03-02,P0036,Cucumber,63.1,High
2025-03-03,P0036,Cucumber,69,High
2025-03-04,P0036,Cucumber,68,High
2025-03-05,P0036,Cucumber,45.9,Medium
2025-03-06,P0036,Cucumber,50.8,High
2025-03-07,P0036,Cucumber,33.5,Medium
2025-03-08,P0036,Cucumber,46.9,Medium
2025-03-09,P0036,Cucumber,37,Medium
2025-03-10,P0036,Cucumber,29.6,Medium
2025-03-11,P0036,Cucumber,28.8,Medium
2025-03-12,P0036,Cucumber,28.8,Medium
2025-03-13,P0036,Cucumber,27.6,Medium
2025-03-14,P0036,Cucumber,36.6,Medium
2025-03-15,P0036,Cucumber,31.1,Medium
2025-03-16,P0036,Cucumber,24.2,Low
2025-03-17,P0036,Cucumber,42.4,Medium
2025-03-18,P0036,Cucumber,47,Medium
2025-03-19,P0036,Cucumber,48.9,Medium
2025-03-20,P0036,Cucumber,50.6,High
2025-03-21,P0036,Cucumber,51.8,High
2025-03-22,P0036,Cucumber,50.3,High
2025-03-23,P0036,Cucumber,53,High
2025-03-24,P0036,Cucumber,50.6,High
2025-03-25,P0036,Cucumber,56,High
2025-03-26,P0036,Cucumber,44.2,Medium
2025-03-27,P0036,Cucumber,46.2,Medium
2025-03-28,P0036,Cucumber,35.8,Medium
2025-03-29,P0036,Cucumber,34.6,Medium
2025-03-30,P0036,Cucumber,32.9,Medium
2025-03-31,P0036,Cucumber,33.6,Medium
2025-04-01,P0036,Cucumber,36.3,Medium
2025-04-02,P0036,Cucumber,41.1,Medium
2025-04-03,P0036,Cucumber,42.8,Medium
2025-04-04,P0036,Cucumber,52.7,High
2025-04-05,P0036,Cucumber,57.9,High
2025-04-06,P0036,Cucumber,73.7,High
2025-04-07,P0036,Cucumber,67.9,High
2025-04-08,P0036,Cucumber,68.1,High
2025-04-09,P0036,Cucumber,67.7,High
2025-04-10,P0036,Cucumber,70,High
2025-04-11,P0036,Cucumber,62.9,High
2025-04-12,P0036,Cucumber,57.3,High
2025-04-13,P0036,Cucumber,58.2,High
2025-04-14,P0036,Cucumber,48.1,Medium
2025-04-15,P0036,Cucumber,44.8,Medium
2025-04-16,P0036,Cucumber,43.7,Medium
2025-04-17,P0036,Cucumber,44.6,Medium
2025-04-18,P0036,Cucumber,44,Medium
2025-04-19,P0036,Cucumber,42.7,Medium
2025-04-20,P0036,Cucumber,41.5,Medium
2025-04-21,P0036,Cucumber,39.5,Medium
2025-04-22,P0036,Cucumber,43.2,Medium
2025-04-23,P0036,Cucumber,50.6,High
2025-04-24,P0036,Cucumber,47.4,Medium
2025-04-25,P0036,Cucumber,47.4,Medium
2025-04-26,P0036,Cucumber,56.1,High
2025-04-27,P0036,Cucumber,48.1,Medium
2025-04-28,P0036,Cucumber,48.7,Medium
2025-04-29,P0036,Cucumber,53.6,High
2025-04-30,P0036,Cucumber,46.4,Medium
2025-05-01,P0036,Cucumber,45.1,Medium
2025-05-02,P0036,Cucumber,35.8,Medium
2025-05-03,P0036,Cucumber,52,High
2025-05-04,P0036,Cucumber,54.1,High
2025-05-05,P0036,Cucumber,51.3,High
2025-05-06,P0036,Cucumber,52.5,High
2025-05-07,P0036,Cucumber,37.9,Medium
2025-05-08,P0036,Cucumber,48.1,Medium
2025-05-09,P0036,Cucumber,44.5,Medium
2025-05-10,P0036,Cucumber,40.5,Medium
2025-05-11,P0036,Cucumber,48.9,Medium
2025-05-12,P0036,Cucumber,55.9,High
2025-05-13,P0036,Cucumber,49.4,Medium
2025-05-14,P0036,Cucumber,35.4,Medium
2025-05-15,P0036,Cucumber,44.7,Medium
2025-05-16,P0036,Cucumber,43.1,Medium
2025-05-17,P0036,Cucumber,39.6,Medium
2025-05-18,P0036,Cucumber,43,Medium
2025-05-19,P0036,Cucumber,38.1,Medium
2025-05-20,P0036,Cucumber,29.7,Medium
2025-05-21,P0036,Cucumber,29.2,Medium
2025-05-22,P0036,Cucumber,32.7,Medium
2025-05-23,P0036,Cucumber,24.8,Low
2025-05-24,P0036,Cucumber,32.2,Medium
2025-05-25,P0036,Cucumber,33,Medium
2025-05-26,P0036,Cucumber,40.4,Medium
2025-05-27,P0036,Cucumber,34.8,Medium
2025-05-28,P0036,Cucumber,40.6,Medium
2025-05-29,P0036,Cucumber,36.4,Medium
2025-05-30,P0036,Cucumber,42.6,Medium
2025-05-31,P0036,Cucumber,46.9,Medium
2025-06-01,P0036,Cucumber,47.3,Medium
2025-06-02,P0036,Cucumber,36.9,Medium
2025-06-03,P0036,Cucumber,30.4,Medium
2025-06-04,P0036,Cucumber,36.2,Medium
2025-06-05,P0036,Cucumber,28.1,Medium
2025-06-06,P0036,Cucumber,27.3,Medium
2025-06-07,P0036,Cucumber,36,Medium
2025-06-08,P0036,Cucumber,28,Medium
2025-06-09,P0036,Cucumber,23.7,Low
2025-06-10,P0036,Cucumber,19.9,Low
2025-06-11,P0036,Cucumber,14.5,Low
2025-06-12,P0036,Cucumber,17.4,Low
2025-06-13,P0036,Cucumber,18.8,Low
2025-06-14,P0036,Cucumber,19.8,Low
2025-06-15,P0036,Cucumber,26.6,Medium
2025-06-16,P0036,Cucumber,26.1,Medium
2025-06-17,P0036,Cucumber,45.6,Medium
2025-06-18,P0036,Cucumber,53.4,High
2025-06-19,P0036,Cucumber,44.4,Medium
2025-06-20,P0036,Cucumber,49.1,Medium
2025-06-21,P0036,Cucumber,47.2,Medium
2025-06-22,P0036,Cucumber,42.9,Medium
2025-06-23,P0036,Cucumber,38.7,Medium
2025-06-24,P0036,Cucumber,26.2,Medium
2025-06-25,P0036,Cucumber,20.1,Low
2025-06-26,P0036,Cucumber,14.7,Low
2025-06-27,P0036,Cucumber,11.4,Low
2025-06-28,P0036,Cucumber,10,Low
2025-06-29,P0036,Cucumber,10.6,Low
2025-06-30,P0036,Cucumber,11.7,Low
2025-07-01,P0036,Cucumber,20.4,Low
2025-07-02,P0036,Cucumber,22.9,Low
2025-07-03,P0036,Cucumber,28.1,Medium
2025-07-04,P0036,Cucumber,26.2,Medium
2025-07-05,P0036,Cucumber,37.1,Medium
2025-07-06,P0036,Cucumber,26.7,Medium
2025-07-07,P0036,Cucumber,25,Medium
2025-07-08,P0036,Cucumber,29.8,Medium
2025-07-09,P0036,Cucumber,35.7,Medium
2025-07-10,P0036,Cucumber,26.4,Medium
2025-07-11,P0036,Cucumber,35.8,Medium
2025-07-12,P0036,Cucumber,39.2,Medium
2025-07-13,P0036,Cucumber,36.1,Medium
2025-07-14,P0036,Cucumber,36.2,Medium
2025-07-15,P0036,Cucumber,30.7,Medium
2025-07-16,P0036,Cucumber,38.1,Medium
2025-07-17,P0036,Cucumber,36.1,Medium
2025-07-18,P0036,Cucumber,24.5,Low
2025-07-19,P0036,Cucumber,30.6,Medium
2025-07-20,P0036,Cucumber,39.8,Medium
2025-07-21,P0036,Cucumber,44.9,Medium
2025-07-22,P0036,Cucumber,38.3,Medium
2025-07-23,P0036,Cucumber,52.3,High
2025-07-24,P0036,Cucumber,34.7,Medium
2025-07-25,P0036,Cucumber,38.8,Medium
2025-07-26,P0036,Cucumber,38.8,Medium
2025-07-27,P0036,Cucumber,36.8,Medium
2025-07-28,P0036,Cucumber,37.5,Medium
2025-07-29,P0036,Cucumber,34.3,Medium
2025-07-30,P0036,Cucumber,32.6,Medium
2025-07-31,P0036,Cucumber,29.9,Medium
2025-08-01,P0036,Cucumber,25.5,Medium
2025-08-02,P0036,Cucumber,20.4,Low
2025-08-03,P0036,Cucumber,13.7,Low
2025-08-04,P0036,Cucumber,10.6,Low
2025-08-05,P0036,Cucumber,18.1,Low
2025-08-06,P0036,Cucumber,24.6,Low
2025-08-07,P0036,Cucumber,26.7,Medium
2025-08-08,P0036,Cucumber,24.5,Low
2025-08-09,P0036,Cucumber,33.3,Medium
2025-08-10,P0036,Cucumber,39.1,Medium
2025-08-11,P0036,Cucumber,39.9,Medium
2025-08-12,P0036,Cucumber,35.6,Medium
2025-08-13,P0036,Cucumber,36.6,Medium
2025-08-14,P0036,Cucumber,35,Medium
2025-08-15,P0036,Cucumber,34.1,Medium
2025-08-16,P0036,Cucumber,30.6,Medium
2025-08-17,P0036,Cucumber,23.3,Low
2025-08-18,P0036,Cucumber,31.6,Medium
2025-08-19,P0036,Cucumber,34.2,Medium
2025-08-20,P0036,Cucumber,27.3,Medium
2025-08-21,P0036,Cucumber,23.5,Low
2025-08-22,P0036,Cucumber,21.1,Low
2025-08-23,P0036,Cucumber,31,Medium
2025-08-24,P0036,Cucumber,37.2,Medium
2025-08-25,P0036,Cucumber,33.7,Medium
2025-08-26,P0036,Cucumber,34.5,Medium
2025-08-27,P0036,Cucumber,42.8,Medium
2025-08-28,P0036,Cucumber,51.9,High
2025-08-29,P0036,Cucumber,46.3,Medium
2025-08-30,P0036,Cucumber,44.8,Medium
2025-08-31,P0036,Cucumber,32.9,Medium
2025-09-01,P0036,Cucumber,40.6,Medium
2025-09-02,P0036,Cucumber,32,Medium
2025-09-03,P0036,Cucumber,38.7,Medium
2025-09-04,P0036,Cucumber,39.2,Medium
2025-09-05,P0036,Cucumber,37.3,Medium
2025-09-06,P0036,Cucumber,34.1,Medium
2025-09-07,P0036,Cucumber,36.3,Medium
2025-09-08,P0036,Cucumber,29,Medium
2025-09-09,P0036,Cucumber,30.2,Medium
2025-09-10,P0036,Cucumber,36.3,Medium
2025-09-11,P0036,Cucumber,51,High
2025-09-12,P0036,Cucumber,40,Medium
2025-02-21,P0037,Tomato,26,Medium
2025-02-22,P0037,Tomato,23.6,Low
2025-02-23,P0037,Tomato,29.4,Medium
2025-02-24,P0037,Tomato,32.1,Medium
2025-02-25,P0037,Tomato,43.1,Medium
2025-02-26,P0037,Tomato,52.1,High
2025-02-27,P0037,Tomato,54.5,High
2025-02-28,P0037,Tomato,59.9,High
2025-03-01,P0037,Tomato,65.3,High
2025-03-02,P0037,Tomato,76.1,Critical
2025-03-03,P0037,Tomato,63.7,High
2025-03-04,P0037,Tomato,59.3,High
2025-03-05,P0037,Tomato,50,High
2025-03-06,P0037,Tomato,56.7,High
2025-03-07,P0037,Tomato,45.9,Medium
2025-03-08,P0037,Tomato,40.3,Medium
2025-03-09,P0037,Tomato,42.2,Medium
2025-03-10,P0037,Tomato,35.5,Medium
2025-03-11,P0037,Tomato,34.3,Medium
2025-03-12,P0037,Tomato,49.8,Medium
2025-03-13,P0037,Tomato,48,Medium
2025-03-14,P0037,Tomato,46.8,Medium
2025-03-15,P0037,Tomato,46,Medium
2025-03-16,P0037,Tomato,53.2,High
2025-03-17,P0037,Tomato,53.7,High
2025-03-18,P0037,Tomato,48.8,Medium
2025-03-19,P0037,Tomato,47.3,Medium
2025-03-20,P0037,Tomato,46.9,Medium
2025-03-21,P0037,Tomato,48.6,Medium
2025-03-22,P0037,Tomato,39.1,Medium
2025-03-23,P0037,Tomato,42.6,Medium
2025-03-24,P0037,Tomato,45.3,Medium
2025-03-25,P0037,Tomato,55,High
2025-03-26,P0037,Tomato,44.1,Medium
2025-03-27,P0037,Tomato,52.3,High
2025-03-28,P0037,Tomato,48.6,Medium
2025-03-29,P0037,Tomato,56.4,High
2025-03-30,P0037,Tomato,52.7,High
2025-03-31,P0037,Tomato,48.6,Medium
2025-04-01,P0037,Tomato,49.9,Medium
2025-04-02,P0037,Tomato,49.8,Medium
2025-04-03,P0037,Tomato,58.7,High
2025-04-04,P0037,Tomato,62.1,High
2025-04-05,P0037,Tomato,71.7,High
2025-04-06,P0037,Tomato,81.6,Critical
2025-04-07,P0037,Tomato,78.7,Critical
2025-04-08,P0037,Tomato,71.1,High
2025-04-09,P0037,Tomato,70.9,High
2025-04-10,P0037,Tomato,75.1,Critical
2025-04-11,P0037,Tomato,64.6,High
2025-04-12,P0037,Tomato,67.1,High
2025-04-13,P0037,Tomato,65.6,High
2025-04-14,P0037,Tomato,56.7,High
2025-04-15,P0037,Tomato,61.4,High
2025-04-16,P0037,Tomato,49.4,Medium
2025-04-17,P0037,Tomato,46.7,Medium
2025-04-18,P0037,Tomato,45.1,Medium
2025-04-19,P0037,Tomato,49.7,Medium
2025-04-20,P0037,Tomato,51.3,High
2025-04-21,P0037,Tomato,51.2,High
2025-04-22,P0037,Tomato,47.2,Medium
2025-04-23,P0037,Tomato,43.9,Medium
2025-04-24,P0037,Tomato,53.8,High
2025-04-25,P0037,Tomato,42.9,Medium
2025-04-26,P0037,Tomato,45.8,Medium
2025-04-27,P0037,Tomato,42.1,Medium
2025-04-28,P0037,Tomato,43,Medium
2025-04-29,P0037,Tomato,49.1,Medium
2025-04-30,P0037,Tomato,56.8,High
2025-05-01,P0037,Tomato,57.2,High
2025-05-02,P0037,Tomato,56.7,High
2025-05-03,P0037,Tomato,47.4,Medium
2025-05-04,P0037,Tomato,45.7,Medium
2025-05-05,P0037,Tomato,43.4,Medium
2025-05-06,P0037,Tomato,42.2,Medium
2025-05-07,P0037,Tomato,36.2,Medium
2025-05-08,P0037,Tomato,42.7,Medium
2025-05-09,P0037,Tomato,45.5,Medium
2025-05-10,P0037,Tomato,45.3,Medium
2025-05-11,P0037,Tomato,48.6,Medium
2025-05-12,P0037,Tomato,46.9,Medium
2025-05-13,P0037,Tomato,53.8,High
2025-05-14,P0037,Tomato,50.7,High
2025-05-15,P0037,Tomato,45.1,Medium
2025-05-16,P0037,Tomato,48.4,Medium
2025-05-17,P0037,Tomato,42.5,Medium
2025-05-18,P0037,Tomato,37.6,Medium
2025-05-19,P0037,Tomato,34.3,Medium
2025-05-20,P0037,Tomato,37.7,Medium
2025-05-21,P0037,Tomato,34.2,Medium
2025-05-22,P0037,Tomato,34.5,Medium
2025-05-23,P0037,Tomato,37.6,Medium
2025-05-24,P0037,Tomato,44.9,Medium
2025-05-25,P0037,Tomato,42.6,Medium
2025-05-26,P0037,Tomato,57.9,High
2025-05-27,P0037,Tomato,60.4,High
2025-05-28,P0037,Tomato,58.6,High
2025-05-29,P0037,Tomato,53.6,High
2025-05-30,P0037,Tomato,59.1,High
2025-05-31,P0037,Tomato,52.8,High
2025-06-01,P0037,Tomato,46.2,Medium
2025-06-02,P0037,Tomato,40.8,Medium
2025-06-03,P0037,Tomato,57,High
2025-06-04,P0037,Tomato,48.3,Medium
2025-06-05,P0037,Tomato,50.9,High
2025-06-06,P0037,Tomato,49.4,Medium
2025-06-07,P0037,Tomato,49.6,Medium
2025-06-08,P0037,Tomato,42.6,Medium
2025-06-09,P0037,Tomato,33.6,Medium
2025-06-10,P0037,Tomato,29.3,Medium
2025-06-11,P0037,Tomato,32,Medium
2025-06-12,P0037,Tomato,28.4,Medium
2025-06-13,P0037,Tomato,23.4,Low
2025-06-14,P0037,Tomato,29.4,Medium
2025-06-15,P0037,Tomato,34.6,Medium
2025-06-16,P0037,Tomato,41.1,Medium
2025-06-17,P0037,Tomato,48.3,Medium
2025-06-18,P0037,Tomato,40.9,Medium
2025-06-19,P0037,Tomato,36.9,Medium
2025-06-20,P0037,Tomato,32.1,Medium
2025-06-21,P0037,Tomato,37,Medium
2025-06-22,P0037,Tomato,40.7,Medium
2025-06-23,P0037,Tomato,30.4,Medium
2025-06-24,P0037,Tomato,25.2,Medium
2025-06-25,P0037,Tomato,22.9,Low
2025-06-26,P0037,Tomato,19.4,Low
2025-06-27,P0037,Tomato,20.8,Low
2025-06-28,P0037,Tomato,15.8,Low
2025-06-29,P0037,Tomato,20.7,Low
2025-06-30,P0037,Tomato,18.5,Low
2025-07-01,P0037,Tomato,28.7,Medium
2025-07-02,P0037,Tomato,23.9,Low
2025-07-03,P0037,Tomato,33.1,Medium
2025-07-04,P0037,Tomato,39.8,Medium
2025-07-05,P0037,Tomato,36.8,Medium
2025-07-06,P0037,Tomato,40.9,Medium
2025-07-07,P0037,Tomato,43.9,Medium
2025-07-08,P0037,Tomato,37,Medium
2025-07-09,P0037,Tomato,35.3,Medium
2025-07-10,P0037,Tomato,42.1,Medium
2025-07-11,P0037,Tomato,33.4,Medium
2025-07-12,P0037,Tomato,29.9,Medium
2025-07-13,P0037,Tomato,29.2,Medium
2025-07-14,P0037,Tomato,21.2,Low
2025-07-15,P0037,Tomato,20.3,Low
2025-07-16,P0037,Tomato,26.5,Medium
2025-07-17,P0037,Tomato,25,Medium
2025-07-18,P0037,Tomato,21.1,Low
2025-07-19,P0037,Tomato,24.5,Low
2025-07-20,P0037,Tomato,33.7,Medium
2025-07-21,P0037,Tomato,42.6,Medium
2025-07-22,P0037,Tomato,41.2,Medium
2025-07-23,P0037,Tomato,53.2,High
2025-07-24,P0037,Tomato,56.7,High
2025-07-25,P0037,Tomato,55.7,High
2025-07-26,P0037,Tomato,55,High
2025-07-27,P0037,Tomato,50.6,High
2025-07-28,P0037,Tomato,45.3,Medium
2025-07-29,P0037,Tomato,45.6,Medium
2025-07-30,P0037,Tomato,42.9,Medium
2025-07-31,P0037,Tomato,37.1,Medium
2025-08-01,P0037,Tomato,39.7,Medium
2025-08-02,P0037,Tomato,17.7,Low
2025-08-03,P0037,Tomato,16.4,Low
2025-08-04,P0037,Tomato,13.2,Low
2025-08-05,P0037,Tomato,13.8,Low
2025-08-06,P0037,Tomato,22.7,Low
2025-08-07,P0037,Tomato,20.2,Low
2025-08-08,P0037,Tomato,36.1,Medium
2025-08-09,P0037,Tomato,37.3,Medium
2025-08-10,P0037,Tomato,38,Medium
2025-08-11,P0037,Tomato,35.6,Medium
2025-08-12,P0037,Tomato,39.1,Medium
2025-08-13,P0037,Tomato,29.4,Medium
2025-08-14,P0037,Tomato,22.5,Low
2025-08-15,P0037,Tomato,27.9,Medium
2025-08-16,P0037,Tomato,29.6,Medium
2025-08-17,P0037,Tomato,33.1,Medium
2025-08-18,P0037,Tomato,34,Medium
2025-08-19,P0037,Tomato,30.7,Medium
2025-08-20,P0037,Tomato,30.7,Medium
2025-08-21,P0037,Tomato,27.1,Medium
2025-08-22,P0037,Tomato,18.6,Low
2025-08-23,P0037,Tomato,32.4,Medium
2025-08-24,P0037,Tomato,32.8,Medium
2025-08-25,P0037,Tomato,39.7,Medium
2025-08-26,P0037,Tomato,37.5,Medium
2025-08-27,P0037,Tomato,49.4,Medium
2025-08-28,P0037,Tomato,56.1,High
2025-08-29,P0037,Tomato,49.1,Medium
2025-08-30,P0037,Tomato,53.6,High
2025-08-31,P0037,Tomato,33.1,Medium
2025-09-01,P0037,Tomato,28.4,Medium
2025-09-02,P0037,Tomato,28.4,Medium
2025-09-03,P0037,Tomato,33.6,Medium
2025-09-04,P0037,Tomato,28.4,Medium
2025-09-05,P0037,Tomato,23.6,Low
2025-09-06,P0037,Tomato,34,Medium
2025-09-07,P0037,Tomato,30.3,Medium
2025-09-08,P0037,Tomato,30.1,Medium
2025-09-09,P0037,Tomato,43.4,Medium
2025-09-10,P0037,Tomato,38.2,Medium
2025-09-11,P0037,Tomato,31.9,Medium
2025-09-12,P0037,Tomato,33,Medium
2025-02-21,P0038,Strawberry,28,Medium
2025-02-22,P0038,Strawberry,23,Low
2025-02-23,P0038,Strawberry,32.2,Medium
2025-02-24,P0038,Strawberry,23.3,Low
2025-02-25,P0038,Strawberry,30.9,Medium
2025-02-26,P0038,Strawberry,27.8,Medium
2025-02-27,P0038,Strawberry,27.2,Medium
2025-02-28,P0038,Strawberry,42.1,Medium
2025-03-01,P0038,Strawberry,44.5,Medium
2025-03-02,P0038,Strawberry,49.7,Medium
2025-03-03,P0038,Strawberry,50.4,High
2025-03-04,P0038,Strawberry,37,Medium
2025-03-05,P0038,Strawberry,37.1,Medium
2025-03-06,P0038,Strawberry,41.5,Medium
2025-03-07,P0038,Strawberry,42.7,Medium
2025-03-08,P0038,Strawberry,42.9,Medium
2025-03-09,P0038,Strawberry,31.4,Medium
2025-03-10,P0038,Strawberry,42,Medium
2025-03-11,P0038,Strawberry,32.7,Medium
2025-03-12,P0038,Strawberry,26.6,Medium
2025-03-13,P0038,Strawberry,31,Medium
2025-03-14,P0038,Strawberry,37,Medium
2025-03-15,P0038,Strawberry,40.8,Medium
2025-03-16,P0038,Strawberry,41.4,Medium
2025-03-17,P0038,Strawberry,48.4,Medium
2025-03-18,P0038,Strawberry,47.3,Medium
2025-03-19,P0038,Strawberry,50.4,High
2025-03-20,P0038,Strawberry,54.5,High
2025-03-21,P0038,Strawberry,43.4,Medium
2025-03-22,P0038,Strawberry,51.1,High
2025-03-23,P0038,Strawberry,58.2,High
2025-03-24,P0038,Strawberry,60.3,High
2025-03-25,P0038,Strawberry,56.3,High
2025-03-26,P0038,Strawberry,60.6,High
2025-03-27,P0038,Strawberry,52.3,High
2025-03-28,P0038,Strawberry,55.4,High
2025-03-29,P0038,Strawberry,49,Medium
2025-03-30,P0038,Strawberry,38.8,Medium
2025-03-31,P0038,Strawberry,40.2,Medium
2025-04-01,P0038,Strawberry,31.9,Medium
2025-04-02,P0038,Strawberry,32.2,Medium
2025-04-03,P0038,Strawberry,35.9,Medium
2025-04-04,P0038,Strawberry,33,Medium
2025-04-05,P0038,Strawberry,45.4,Medium
2025-04-06,P0038,Strawberry,45.3,Medium
2025-04-07,P0038,Strawberry,53.6,High
2025-04-08,P0038,Strawberry,60.5,High
2025-04-09,P0038,Strawberry,49,Medium
2025-04-10,P0038,Strawberry,57.4,High
2025-04-11,P0038,Strawberry,57,High
2025-04-12,P0038,Strawberry,53.3,High
2025-04-13,P0038,Strawberry,60.9,High
2025-04-14,P0038,Strawberry,55.9,High
2025-04-15,P0038,Strawberry,49.5,Medium
2025-04-16,P0038,Strawberry,49.5,Medium
2025-04-17,P0038,Strawberry,60.7,High
2025-04-18,P0038,Strawberry,46.8,Medium
2025-04-19,P0038,Strawberry,53.8,High
2025-04-20,P0038,Strawberry,51.1,High
2025-04-21,P0038,Strawberry,54.5,High
2025-04-22,P0038,Strawberry,45,Medium
2025-04-23,P0038,Strawberry,51.6,High
2025-04-24,P0038,Strawberry,40.3,Medium
2025-04-25,P0038,Strawberry,41.6,Medium
2025-04-26,P0038,Strawberry,45.7,Medium
2025-04-27,P0038,Strawberry,46.1,Medium
2025-04-28,P0038,Strawberry,48.7,Medium
2025-04-29,P0038,Strawberry,42.4,Medium
2025-04-30,P0038,Strawberry,43.9,Medium
2025-05-01,P0038,Strawberry,39.5,Medium
2025-05-02,P0038,Strawberry,42.5,Medium
2025-05-03,P0038,Strawberry,34.1,Medium
2025-05-04,P0038,Strawberry,30.8,Medium
2025-05-05,P0038,Strawberry,37.8,Medium
2025-05-06,P0038,Strawberry,33.1,Medium
2025-05-07,P0038,Strawberry,36.8,Medium
2025-05-08,P0038,Strawberry,42.6,Medium
2025-05-09,P0038,Strawberry,41.6,Medium
2025-05-10,P0038,Strawberry,42,Medium
2025-05-11,P0038,Strawberry,47.6,Medium
2025-05-12,P0038,Strawberry,49,Medium
2025-05-13,P0038,Strawberry,39.8,Medium
2025-05-14,P0038,Strawberry,47.2,Medium
2025-05-15,P0038,Strawberry,45.1,Medium
2025-05-16,P0038,Strawberry,44,Medium
2025-05-17,P0038,Strawberry,31.8,Medium
2025-05-18,P0038,Strawberry,31.6,Medium
2025-05-19,P0038,Strawberry,32.1,Medium
2025-05-20,P0038,Strawberry,25.5,Medium
2025-05-21,P0038,Strawberry,28.6,Medium
2025-05-22,P0038,Strawberry,33.3,Medium
2025-05-23,P0038,Strawberry,31.6,Medium
2025-05-24,P0038,Strawberry,28.5,Medium
2025-05-25,P0038,Strawberry,37.9,Medium
2025-05-26,P0038,Strawberry,31.9,Medium
2025-05-27,P0038,Strawberry,26.8,Medium
2025-05-28,P0038,Strawberry,21.8,Low
2025-05-29,P0038,Strawberry,18.3,Low
2025-05-30,P0038,Strawberry,18.7,Low
2025-05-31,P0038,Strawberry,5.9,Low
2025-06-01,P0038,Strawberry,17.6,Low
2025-06-02,P0038,Strawberry,7.9,Low
2025-06-03,P0038,Strawberry,12.4,Low
2025-06-04,P0038,Strawberry,16,Low
2025-06-05,P0038,Strawberry,18.6,Low
2025-06-06,P0038,Strawberry,15.2,Low
2025-06-07,P0038,Strawberry,9.8,Low
2025-06-08,P0038,Strawberry,9.4,Low
2025-06-09,P0038,Strawberry,14.4,Low
2025-06-10,P0038,Strawberry,9.8,Low
2025-06-11,P0038,Strawberry,10.7,Low
2025-06-12,P0038,Strawberry,10.7,Low
2025-06-13,P0038,Strawberry,5.1,Low
2025-06-14,P0038,Strawberry,4.7,Low
2025-06-15,P0038,Strawberry,19.4,Low
2025-06-16,P0038,Strawberry,16.5,Low
2025-06-17,P0038,Strawberry,38.6,Medium
2025-06-18,P0038,Strawberry,34,Medium
2025-06-19,P0038,Strawberry,40.7,Medium
2025-06-20,P0038,Strawberry,34.8,Medium
2025-06-21,P0038,Strawberry,39.2,Medium
2025-06-22,P0038,Strawberry,41.6,Medium
2025-06-23,P0038,Strawberry,37.7,Medium
2025-06-24,P0038,Strawberry,33.4,Medium
2025-06-25,P0038,Strawberry,27,Medium
2025-06-26,P0038,Strawberry,6.1,Low
2025-06-27,P0038,Strawberry,14.9,Low
2025-06-28,P0038,Strawberry,16.2,Low
2025-06-29,P0038,Strawberry,12.3,Low
2025-06-30,P0038,Strawberry,16.4,Low
2025-07-01,P0038,Strawberry,20,Low
2025-07-02,P0038,Strawberry,12.4,Low
2025-07-03,P0038,Strawberry,19.3,Low
2025-07-04,P0038,Strawberry,17,Low
2025-07-05,P0038,Strawberry,21.2,Low
2025-07-06,P0038,Strawberry,16.5,Low
2025-07-07,P0038,Strawberry,20.5,Low
2025-07-08,P0038,Strawberry,16.4,Low
2025-07-09,P0038,Strawberry,14.1,Low
2025-07-10,P0038,Strawberry,24.3,Low
2025-07-11,P0038,Strawberry,22.4,Low
2025-07-12,P0038,Strawberry,18,Low
2025-07-13,P0038,Strawberry,17.4,Low
2025-07-14,P0038,Strawberry,20.5,Low
2025-07-15,P0038,Strawberry,13.8,Low
2025-07-16,P0038,Strawberry,17.4,Low
2025-07-17,P0038,Strawberry,10.6,Low
2025-07-18,P0038,Strawberry,16.8,Low
2025-07-19,P0038,Strawberry,24,Low
2025-07-20,P0038,Strawberry,17.9,Low
2025-07-21,P0038,Strawberry,36.3,Medium
2025-07-22,P0038,Strawberry,37.7,Medium
2025-07-23,P0038,Strawberry,49.6,Medium
2025-07-24,P0038,Strawberry,47.9,Medium
2025-07-25,P0038,Strawberry,46.7,Medium
2025-07-26,P0038,Strawberry,36,Medium
2025-07-27,P0038,Strawberry,37,Medium
2025-07-28,P0038,Strawberry,31.9,Medium
2025-07-29,P0038,Strawberry,29,Medium
2025-07-30,P0038,Strawberry,23,Low
2025-07-31,P0038,Strawberry,17.2,Low
2025-08-01,P0038,Strawberry,15.6,Low
2025-08-02,P0038,Strawberry,16.7,Low
2025-08-03,P0038,Strawberry,19.3,Low
2025-08-04,P0038,Strawberry,21.5,Low
2025-08-05,P0038,Strawberry,19.3,Low
2025-08-06,P0038,Strawberry,24.2,Low
2025-08-07,P0038,Strawberry,31,Medium
2025-08-08,P0038,Strawberry,37.4,Medium
2025-08-09,P0038,Strawberry,27.7,Medium
2025-08-10,P0038,Strawberry,24.4,Low
2025-08-11,P0038,Strawberry,25.6,Medium
2025-08-12,P0038,Strawberry,24,Low
2025-08-13,P0038,Strawberry,32.5,Medium
2025-08-14,P0038,Strawberry,37.3,Medium
2025-08-15,P0038,Strawberry,29.1,Medium
2025-08-16,P0038,Strawberry,27.8,Medium
2025-08-17,P0038,Strawberry,28.8,Medium
2025-08-18,P0038,Strawberry,19.2,Low
2025-08-19,P0038,Strawberry,18.7,Low
2025-08-20,P0038,Strawberry,28.8,Medium
2025-08-21,P0038,Strawberry,24.1,Low
2025-08-22,P0038,Strawberry,24.1,Low
2025-08-23,P0038,Strawberry,34.4,Medium
2025-08-24,P0038,Strawberry,41.3,Medium
2025-08-25,P0038,Strawberry,32.3,Medium
2025-08-26,P0038,Strawberry,42,Medium
2025-08-27,P0038,Strawberry,39.8,Medium
2025-08-28,P0038,Strawberry,47.6,Medium
2025-08-29,P0038,Strawberry,49.4,Medium
2025-08-30,P0038,Strawberry,39.8,Medium
2025-08-31,P0038,Strawberry,17.8,Low
2025-09-01,P0038,Strawberry,17.3,Low
2025-09-02,P0038,Strawberry,21.7,Low
2025-09-03,P0038,Strawberry,31.4,Medium
2025-09-04,P0038,Strawberry,21.7,Low
2025-09-05,P0038,Strawberry,16.7,Low
2025-09-06,P0038,Strawberry,22,Low
2025-09-07,P0038,Strawberry,11.1,Low
2025-09-08,P0038,Strawberry,26.3,Medium
2025-09-09,P0038,Strawberry,26.7,Medium
2025-09-10,P0038,Strawberry,23.2,Low
2025-09-11,P0038,Strawberry,17.9,Low
2025-09-12,P0038,Strawberry,33.3,Medium
2025-02-21,P0039,Tomato,22.7,Low
2025-02-22,P0039,Tomato,22.2,Low
2025-02-23,P0039,Tomato,11.4,Low
2025-02-24,P0039,Tomato,19.1,Low
2025-02-25,P0039,Tomato,34.1,Medium
2025-02-26,P0039,Tomato,34,Medium
2025-02-27,P0039,Tomato,44.6,Medium
2025-02-28,P0039,Tomato,48,Medium
2025-03-01,P0039,Tomato,59.4,High
2025-03-02,P0039,Tomato,64.3,High
2025-03-03,P0039,Tomato,57.5,High
2025-03-04,P0039,Tomato,42.9,Medium
2025-03-05,P0039,Tomato,39.4,Medium
2025-03-06,P0039,Tomato,40.7,Medium
2025-03-07,P0039,Tomato,36.4,Medium
2025-03-08,P0039,Tomato,41.7,Medium
2025-03-09,P0039,Tomato,45.2,Medium
2025-03-10,P0039,Tomato,39,Medium
2025-03-11,P0039,Tomato,32.1,Medium
2025-03-12,P0039,Tomato,33.5,Medium
2025-03-13,P0039,Tomato,36.3,Medium
2025-03-14,P0039,Tomato,37.4,Medium
2025-03-15,P0039,Tomato,32.7,Medium
2025-03-16,P0039,Tomato,41.1,Medium
2025-03-17,P0039,Tomato,47.4,Medium
2025-03-18,P0039,Tomato,44.9,Medium
2025-03-19,P0039,Tomato,43.7,Medium
2025-03-20,P0039,Tomato,45.5,Medium
2025-03-21,P0039,Tomato,47,Medium
2025-03-22,P0039,Tomato,46.3,Medium
2025-03-23,P0039,Tomato,48.9,Medium
2025-03-24,P0039,Tomato,47.4,Medium
2025-03-25,P0039,Tomato,49,Medium
2025-03-26,P0039,Tomato,45.9,Medium
2025-03-27,P0039,Tomato,45.5,Medium
2025-03-28,P0039,Tomato,37.3,Medium
2025-03-29,P0039,Tomato,44.5,Medium
2025-03-30,P0039,Tomato,42.9,Medium
2025-03-31,P0039,Tomato,46.4,Medium
2025-04-01,P0039,Tomato,46.7,Medium
2025-04-02,P0039,Tomato,49.5,Medium
2025-04-03,P0039,Tomato,54.9,High
2025-04-04,P0039,Tomato,58.9,High
2025-04-05,P0039,Tomato,58.1,High
2025-04-06,P0039,Tomato,67.3,High
2025-04-07,P0039,Tomato,63.1,High
2025-04-08,P0039,Tomato,62.2,High
2025-04-09,P0039,Tomato,51,High
2025-04-10,P0039,Tomato,44.6,Medium
2025-04-11,P0039,Tomato,48.2,Medium
2025-04-12,P0039,Tomato,45.1,Medium
2025-04-13,P0039,Tomato,35,Medium
2025-04-14,P0039,Tomato,40.3,Medium
2025-04-15,P0039,Tomato,38.7,Medium
2025-04-16,P0039,Tomato,40.4,Medium
2025-04-17,P0039,Tomato,46.1,Medium
2025-04-18,P0039,Tomato,44.4,Medium
2025-04-19,P0039,Tomato,43,Medium
2025-04-20,P0039,Tomato,55,High
2025-04-21,P0039,Tomato,53,High
2025-04-22,P0039,Tomato,57.6,High
2025-04-23,P0039,Tomato,61.3,High
2025-04-24,P0039,Tomato,61,High
2025-04-25,P0039,Tomato,61.7,High
2025-04-26,P0039,Tomato,64.8,High
2025-04-27,P0039,Tomato,49.3,Medium
2025-04-28,P0039,Tomato,50.6,High
2025-04-29,P0039,Tomato,50.6,High
2025-04-30,P0039,Tomato,55.6,High
2025-05-01,P0039,Tomato,50.9,High
2025-05-02,P0039,Tomato,50.2,High
2025-05-03,P0039,Tomato,42.7,Medium
2025-05-04,P0039,Tomato,51.4,High
2025-05-05,P0039,Tomato,46.6,Medium
2025-05-06,P0039,Tomato,54.6,High
2025-05-07,P0039,Tomato,47.1,Medium
2025-05-08,P0039,Tomato,45.5,Medium
2025-05-09,P0039,Tomato,48.7,Medium
2025-05-10,P0039,Tomato,46.5,Medium
2025-05-11,P0039,Tomato,53,High
2025-05-12,P0039,Tomato,53.2,High
2025-05-13,P0039,Tomato,42.3,Medium
2025-05-14,P0039,Tomato,42.5,Medium
2025-05-15,P0039,Tomato,31.4,Medium
2025-05-16,P0039,Tomato,25,Medium
2025-05-17,P0039,Tomato,25.8,Medium
2025-05-18,P0039,Tomato,34.8,Medium
2025-05-19,P0039,Tomato,26.2,Medium
2025-05-20,P0039,Tomato,33.6,Medium
2025-05-21,P0039,Tomato,42.7,Medium
2025-05-22,P0039,Tomato,30.9,Medium
2025-05-23,P0039,Tomato,31,Medium
2025-05-24,P0039,Tomato,39,Medium
2025-05-25,P0039,Tomato,28.5,Medium
2025-05-26,P0039,Tomato,27.3,Medium
2025-05-27,P0039,Tomato,20.2,Low
2025-05-28,P0039,Tomato,29.3,Medium
2025-05-29,P0039,Tomato,26.9,Medium
2025-05-30,P0039,Tomato,35.9,Medium
2025-05-31,P0039,Tomato,50,High
2025-06-01,P0039,Tomato,45.7,Medium
2025-06-02,P0039,Tomato,46.7,Medium
2025-06-03,P0039,Tomato,52.3,High
2025-06-04,P0039,Tomato,44.4,Medium
2025-06-05,P0039,Tomato,42,Medium
2025-06-06,P0039,Tomato,35.3,Medium
2025-06-07,P0039,Tomato,19.6,Low
2025-06-08,P0039,Tomato,12.7,Low
2025-06-09,P0039,Tomato,12.6,Low
2025-06-10,P0039,Tomato,15,Low
2025-06-11,P0039,Tomato,24.4,Low
2025-06-12,P0039,Tomato,29.2,Medium
2025-06-13,P0039,Tomato,17.9,Low
2025-06-14,P0039,Tomato,17,Low
2025-06-15,P0039,Tomato,19.9,Low
2025-06-16,P0039,Tomato,35.9,Medium
2025-06-17,P0039,Tomato,30.8,Medium
2025-06-18,P0039,Tomato,16.8,Low
2025-06-19,P0039,Tomato,26.1,Medium
2025-06-20,P0039,Tomato,21.9,Low
2025-06-21,P0039,Tomato,17.2,Low
2025-06-22,P0039,Tomato,23.9,Low
2025-06-23,P0039,Tomato,33.6,Medium
2025-06-24,P0039,Tomato,26.2,Medium
2025-06-25,P0039,Tomato,22.7,Low
2025-06-26,P0039,Tomato,17.4,Low
2025-06-27,P0039,Tomato,31.1,Medium
2025-06-28,P0039,Tomato,31.1,Medium
2025-06-29,P0039,Tomato,26.7,Medium
2025-06-30,P0039,Tomato,29.3,Medium
2025-07-01,P0039,Tomato,31.7,Medium
2025-07-02,P0039,Tomato,27.7,Medium
2025-07-03,P0039,Tomato,34.2,Medium
2025-07-04,P0039,Tomato,38.4,Medium
2025-07-05,P0039,Tomato,32.7,Medium
2025-07-06,P0039,Tomato,30.4,Medium
2025-07-07,P0039,Tomato,28.2,Medium
2025-07-08,P0039,Tomato,26,Medium
2025-07-09,P0039,Tomato,23.8,Low
2025-07-10,P0039,Tomato,18,Low
2025-07-11,P0039,Tomato,10.7,Low
2025-07-12,P0039,Tomato,9.3,Low
2025-07-13,P0039,Tomato,8.1,Low
2025-07-14,P0039,Tomato,13.2,Low
2025-07-15,P0039,Tomato,23.2,Low
2025-07-16,P0039,Tomato,31.7,Medium
2025-07-17,P0039,Tomato,15,Low
2025-07-18,P0039,Tomato,22.9,Low
2025-07-19,P0039,Tomato,29.9,Medium
2025-07-20,P0039,Tomato,23.6,Low
2025-07-21,P0039,Tomato,46.2,Medium
2025-07-22,P0039,Tomato,53.3,High
2025-07-23,P0039,Tomato,61.3,High
2025-07-24,P0039,Tomato,54,High
2025-07-25,P0039,Tomato,53.1,High
2025-07-26,P0039,Tomato,58.4,High
2025-07-27,P0039,Tomato,50.6,High
2025-07-28,P0039,Tomato,38.5,Medium
2025-07-29,P0039,Tomato,36.6,Medium
2025-07-30,P0039,Tomato,36.7,Medium
2025-07-31,P0039,Tomato,27.4,Medium
2025-08-01,P0039,Tomato,32.8,Medium
2025-08-02,P0039,Tomato,16,Low
2025-08-03,P0039,Tomato,23.1,Low
2025-08-04,P0039,Tomato,24.6,Low
2025-08-05,P0039,Tomato,21.7,Low
2025-08-06,P0039,Tomato,25.5,Medium
2025-08-07,P0039,Tomato,33.4,Medium
2025-08-08,P0039,Tomato,34.6,Medium
2025-08-09,P0039,Tomato,28.9,Medium
2025-08-10,P0039,Tomato,29.5,Medium
2025-08-11,P0039,Tomato,24.7,Low
2025-08-12,P0039,Tomato,35.9,Medium
2025-08-13,P0039,Tomato,40.4,Medium
2025-08-14,P0039,Tomato,37.6,Medium
2025-08-15,P0039,Tomato,33.2,Medium
2025-08-16,P0039,Tomato,30.3,Medium
2025-08-17,P0039,Tomato,24.9,Low
2025-08-18,P0039,Tomato,22.1,Low
2025-08-19,P0039,Tomato,16.4,Low
2025-08-20,P0039,Tomato,13.9,Low
2025-08-21,P0039,Tomato,18.5,Low
2025-08-22,P0039,Tomato,14.3,Low
2025-08-23,P0039,Tomato,16.1,Low
2025-08-24,P0039,Tomato,11.6,Low
2025-08-25,P0039,Tomato,12.4,Low
2025-08-26,P0039,Tomato,20.3,Low
2025-08-27,P0039,Tomato,33.9,Medium
2025-08-28,P0039,Tomato,44.8,Medium
2025-08-29,P0039,Tomato,36.8,Medium
2025-08-30,P0039,Tomato,35.3,Medium
2025-08-31,P0039,Tomato,31.1,Medium
2025-09-01,P0039,Tomato,34.4,Medium
2025-09-02,P0039,Tomato,43.8,Medium
2025-09-03,P0039,Tomato,36.3,Medium
2025-09-04,P0039,Tomato,37.3,Medium
2025-09-05,P0039,Tomato,29.9,Medium
2025-09-06,P0039,Tomato,21.6,Low
2025-09-07,P0039,Tomato,25.6,Medium
2025-09-08,P0039,Tomato,25.8,Medium
2025-09-09,P0039,Tomato,25.6,Medium
2025-09-10,P0039,Tomato,25.9,Medium
2025-09-11,P0039,Tomato,25.8,Medium
2025-09-12,P0039,Tomato,21.9,Low
2025-02-21,P0040,Tomato,20.4,Low
2025-02-22,P0040,Tomato,26.9,Medium
2025-02-23,P0040,Tomato,21.7,Low
2025-02-24,P0040,Tomato,25.7,Medium
2025-02-25,P0040,Tomato,25.6,Medium
2025-02-26,P0040,Tomato,29.6,Medium
2025-02-27,P0040,Tomato,40.4,Medium
2025-02-28,P0040,Tomato,47.5,Medium
2025-03-01,P0040,Tomato,51.4,High
2025-03-02,P0040,Tomato,56.3,High
2025-03-03,P0040,Tomato,59.4,High
2025-03-04,P0040,Tomato,56.8,High
2025-03-05,P0040,Tomato,62.2,High
2025-03-06,P0040,Tomato,58.5,High
2025-03-07,P0040,Tomato,50.8,High
2025-03-08,P0040,Tomato,55.2,High
2025-03-09,P0040,Tomato,51.6,High
2025-03-10,P0040,Tomato,36.8,Medium
2025-03-11,P0040,Tomato,44.8,Medium
2025-03-12,P0040,Tomato,51.5,High
2025-03-13,P0040,Tomato,34.7,Medium
2025-03-14,P0040,Tomato,51.7,High
2025-03-15,P0040,Tomato,53,High
2025-03-16,P0040,Tomato,55.8,High
2025-03-17,P0040,Tomato,52.2,High
2025-03-18,P0040,Tomato,57.4,High
2025-03-19,P0040,Tomato,61.7,High
2025-03-20,P0040,Tomato,52.8,High
2025-03-21,P0040,Tomato,51.4,High
2025-03-22,P0040,Tomato,48.2,Medium
2025-03-23,P0040,Tomato,58.1,High
2025-03-24,P0040,Tomato,53.2,High
2025-03-25,P0040,Tomato,54.4,High
2025-03-26,P0040,Tomato,57.4,High
2025-03-27,P0040,Tomato,47.8,Medium
2025-03-28,P0040,Tomato,48.9,Medium
2025-03-29,P0040,Tomato,53.8,High
2025-03-30,P0040,Tomato,56.3,High
2025-03-31,P0040,Tomato,38.5,Medium
2025-04-01,P0040,Tomato,47.6,Medium
2025-04-02,P0040,Tomato,48.5,Medium
2025-04-03,P0040,Tomato,45.9,Medium
2025-04-04,P0040,Tomato,49.1,Medium
2025-04-05,P0040,Tomato,46.8,Medium
2025-04-06,P0040,Tomato,80.5,Critical
2025-04-07,P0040,Tomato,75.5,Critical
2025-04-08,P0040,Tomato,74.1,High
2025-04-09,P0040,Tomato,73.5,High
2025-04-10,P0040,Tomato,77,Critical
2025-04-11,P0040,Tomato,74.4,High
2025-04-12,P0040,Tomato,63.7,High
2025-04-13,P0040,Tomato,58.2,High
2025-04-14,P0040,Tomato,53.7,High
2025-04-15,P0040,Tomato,53,High
2025-04-16,P0040,Tomato,50.8,High
2025-04-17,P0040,Tomato,42.5,Medium
2025-04-18,P0040,Tomato,40.1,Medium
2025-04-19,P0040,Tomato,44.2,Medium
2025-04-20,P0040,Tomato,45.5,Medium
2025-04-21,P0040,Tomato,41.8,Medium
2025-04-22,P0040,Tomato,43.7,Medium
2025-04-23,P0040,Tomato,42.9,Medium
2025-04-24,P0040,Tomato,44.1,Medium
2025-04-25,P0040,Tomato,43.2,Medium
2025-04-26,P0040,Tomato,41.7,Medium
2025-04-27,P0040,Tomato,46.6,Medium
2025-04-28,P0040,Tomato,46.5,Medium
2025-04-29,P0040,Tomato,53.4,High
2025-04-30,P0040,Tomato,57.7,High
2025-05-01,P0040,Tomato,53.7,High
2025-05-02,P0040,Tomato,53.7,High
2025-05-03,P0040,Tomato,54.2,High
2025-05-04,P0040,Tomato,51.1,High
2025-05-05,P0040,Tomato,51.4,High
2025-05-06,P0040,Tomato,40.9,Medium
2025-05-07,P0040,Tomato,33.8,Medium
2025-05-08,P0040,Tomato,31.2,Medium
2025-05-09,P0040,Tomato,30.9,Medium
2025-05-10,P0040,Tomato,47.6,Medium
2025-05-11,P0040,Tomato,52.9,High
2025-05-12,P0040,Tomato,57.7,High
2025-05-13,P0040,Tomato,55.9,High
2025-05-14,P0040,Tomato,44,Medium
2025-05-15,P0040,Tomato,46.4,Medium
2025-05-16,P0040,Tomato,43,Medium
2025-05-17,P0040,Tomato,42,Medium
2025-05-18,P0040,Tomato,40.2,Medium
2025-05-19,P0040,Tomato,30,Medium
2025-05-20,P0040,Tomato,32.5,Medium
2025-05-21,P0040,Tomato,23.8,Low
2025-05-22,P0040,Tomato,34.4,Medium
2025-05-23,P0040,Tomato,32.2,Medium
2025-05-24,P0040,Tomato,34.1,Medium
2025-05-25,P0040,Tomato,52.6,High
2025-05-26,P0040,Tomato,38.6,Medium
2025-05-27,P0040,Tomato,53.5,High
2025-05-28,P0040,Tomato,58.7,High
2025-05-29,P0040,Tomato,48.4,Medium
2025-05-30,P0040,Tomato,49.6,Medium
2025-05-31,P0040,Tomato,48.7,Medium
2025-06-01,P0040,Tomato,49.2,Medium
2025-06-02,P0040,Tomato,49.6,Medium
2025-06-03,P0040,Tomato,52,High
2025-06-04,P0040,Tomato,33.8,Medium
2025-06-05,P0040,Tomato,35.3,Medium
2025-06-06,P0040,Tomato,37.2,Medium
2025-06-07,P0040,Tomato,41.1,Medium
2025-06-08,P0040,Tomato,19.8,Low
2025-06-09,P0040,Tomato,25.2,Medium
2025-06-10,P0040,Tomato,23.3,Low
2025-06-11,P0040,Tomato,20.4,Low
2025-06-12,P0040,Tomato,33.3,Medium
2025-06-13,P0040,Tomato,28.9,Medium
2025-06-14,P0040,Tomato,38,Medium
2025-06-15,P0040,Tomato,49.9,Medium
2025-06-16,P0040,Tomato,46.9,Medium
2025-06-17,P0040,Tomato,58.8,High
2025-06-18,P0040,Tomato,51.8,High
2025-06-19,P0040,Tomato,43.5,Medium
2025-06-20,P0040,Tomato,37.5,Medium
2025-06-21,P0040,Tomato,35.4,Medium
2025-06-22,P0040,Tomato,30.9,Medium
2025-06-23,P0040,Tomato,35.2,Medium
2025-06-24,P0040,Tomato,34.7,Medium
2025-06-25,P0040,Tomato,26.8,Medium
2025-06-26,P0040,Tomato,25.5,Medium
2025-06-27,P0040,Tomato,30.3,Medium
2025-06-28,P0040,Tomato,28.9,Medium
2025-06-29,P0040,Tomato,30.8,Medium
2025-06-30,P0040,Tomato,35.1,Medium
2025-07-01,P0040,Tomato,34.6,Medium
2025-07-02,P0040,Tomato,36.4,Medium
2025-07-03,P0040,Tomato,45.1,Medium
2025-07-04,P0040,Tomato,42.7,Medium
2025-07-05,P0040,Tomato,45.3,Medium
2025-07-06,P0040,Tomato,42.3,Medium
2025-07-07,P0040,Tomato,47.1,Medium
2025-07-08,P0040,Tomato,33.2,Medium
2025-07-09,P0040,Tomato,30,Medium
2025-07-10,P0040,Tomato,27.1,Medium
2025-07-11,P0040,Tomato,31.1,Medium
2025-07-12,P0040,Tomato,31.8,Medium
2025-07-13,P0040,Tomato,27.3,Medium
2025-07-14,P0040,Tomato,23.7,Low
2025-07-15,P0040,Tomato,20.4,Low
2025-07-16,P0040,Tomato,24.5,Low
2025-07-17,P0040,Tomato,30.7,Medium
2025-07-18,P0040,Tomato,33.4,Medium
2025-07-19,P0040,Tomato,31.3,Medium
2025-07-20,P0040,Tomato,41.6,Medium
2025-07-21,P0040,Tomato,50.9,High
2025-07-22,P0040,Tomato,62.8,High
2025-07-23,P0040,Tomato,67.8,High
2025-07-24,P0040,Tomato,65.9,High
2025-07-25,P0040,Tomato,70.1,High
2025-07-26,P0040,Tomato,51.2,High
2025-07-27,P0040,Tomato,58.8,High
2025-07-28,P0040,Tomato,57.3,High
2025-07-29,P0040,Tomato,50,High
2025-07-30,P0040,Tomato,40.1,Medium
2025-07-31,P0040,Tomato,29.6,Medium
2025-08-01,P0040,Tomato,37.5,Medium
2025-08-02,P0040,Tomato,18.7,Low
2025-08-03,P0040,Tomato,18.5,Low
2025-08-04,P0040,Tomato,23.4,Low
2025-08-05,P0040,Tomato,21.7,Low
2025-08-06,P0040,Tomato,21.7,Low
2025-08-07,P0040,Tomato,31,Medium
2025-08-08,P0040,Tomato,28.2,Medium
2025-08-09,P0040,Tomato,36.3,Medium
2025-08-10,P0040,Tomato,35.7,Medium
2025-08-11,P0040,Tomato,39.7,Medium
2025-08-12,P0040,Tomato,35.5,Medium
2025-08-13,P0040,Tomato,35.1,Medium
2025-08-14,P0040,Tomato,40,Medium
2025-08-15,P0040,Tomato,33.1,Medium
2025-08-16,P0040,Tomato,24.8,Low
2025-08-17,P0040,Tomato,25.2,Medium
2025-08-18,P0040,Tomato,25.2,Medium
2025-08-19,P0040,Tomato,36.5,Medium
2025-08-20,P0040,Tomato,31.5,Medium
2025-08-21,P0040,Tomato,39.4,Medium
2025-08-22,P0040,Tomato,31.1,Medium
2025-08-23,P0040,Tomato,40.7,Medium
2025-08-24,P0040,Tomato,43.1,Medium
2025-08-25,P0040,Tomato,45,Medium
2025-08-26,P0040,Tomato,52.2,High
2025-08-27,P0040,Tomato,49.1,Medium
2025-08-28,P0040,Tomato,63.3,High
2025-08-29,P0040,Tomato,65.8,High
2025-08-30,P0040,Tomato,58.9,High
2025-08-31,P0040,Tomato,41.6,Medium
2025-09-01,P0040,Tomato,37.5,Medium
2025-09-02,P0040,Tomato,39.4,Medium
2025-09-03,P0040,Tomato,40.9,Medium
2025-09-04,P0040,Tomato,38.6,Medium
2025-09-05,P0040,Tomato,31.4,Medium
2025-09-06,P0040,Tomato,25.4,Medium
2025-09-07,P0040,Tomato,31.8,Medium
2025-09-08,P0040,Tomato,34.1,Medium
2025-09-09,P0040,Tomato,25,Medium
2025-09-10,P0040,Tomato,38.8,Medium
2025-09-11,P0040,Tomato,36.2,Medium
2025-09-12,P0040,Tomato,26.2,Medium
2025-02-21,P0041,Tomato,35.7,Medium
2025-02-22,P0041,Tomato,36.7,Medium
2025-02-23,P0041,Tomato,43.2,Medium
2025-02-24,P0041,Tomato,35,Medium
2025-02-25,P0041,Tomato,38.7,Medium
2025-02-26,P0041,Tomato,33.8,Medium
2025-02-27,P0041,Tomato,35.1,Medium
2025-02-28,P0041,Tomato,45.4,Medium
2025-03-01,P0041,Tomato,54,High
2025-03-02,P0041,Tomato,59.1,High
2025-03-03,P0041,Tomato,48.1,Medium
2025-03-04,P0041,Tomato,46,Medium
2025-03-05,P0041,Tomato,43.7,Medium
2025-03-06,P0041,Tomato,51,High
2025-03-07,P0041,Tomato,51.3,High
2025-03-08,P0041,Tomato,46.5,Medium
2025-03-09,P0041,Tomato,49.4,Medium
2025-03-10,P0041,Tomato,48.2,Medium
2025-03-11,P0041,Tomato,58.1,High
2025-03-12,P0041,Tomato,62.9,High
2025-03-13,P0041,Tomato,60.9,High
2025-03-14,P0041,Tomato,56.9,High
2025-03-15,P0041,Tomato,58.1,High
2025-03-16,P0041,Tomato,51.6,High
2025-03-17,P0041,Tomato,52.9,High
2025-03-18,P0041,Tomato,62.4,High
2025-03-19,P0041,Tomato,65.3,High
2025-03-20,P0041,Tomato,62,High
2025-03-21,P0041,Tomato,63.7,High
2025-03-22,P0041,Tomato,60.1,High
2025-03-23,P0041,Tomato,68.4,High
2025-03-24,P0041,Tomato,63.8,High
2025-03-25,P0041,Tomato,57.9,High
2025-03-26,P0041,Tomato,54.3,High
2025-03-27,P0041,Tomato,43.9,Medium
2025-03-28,P0041,Tomato,51.7,High
2025-03-29,P0041,Tomato,56.6,High
2025-03-30,P0041,Tomato,59,High
2025-03-31,P0041,Tomato,57.1,High
2025-04-01,P0041,Tomato,63.5,High
2025-04-02,P0041,Tomato,69.5,High
2025-04-03,P0041,Tomato,68.1,High
2025-04-04,P0041,Tomato,65,High
2025-04-05,P0041,Tomato,72.7,High
2025-04-06,P0041,Tomato,72.2,High
2025-04-07,P0041,Tomato,74.5,High
2025-04-08,P0041,Tomato,73.3,High
2025-04-09,P0041,Tomato,74.2,High
2025-04-10,P0041,Tomato,75.4,Critical
2025-04-11,P0041,Tomato,73.5,High
2025-04-12,P0041,Tomato,69.9,High
2025-04-13,P0041,Tomato,68.3,High
2025-04-14,P0041,Tomato,51.2,High
2025-04-15,P0041,Tomato,49.5,Medium
2025-04-16,P0041,Tomato,53,High
2025-04-17,P0041,Tomato,54,High
2025-04-18,P0041,Tomato,58.5,High
2025-04-19,P0041,Tomato,58,High
2025-04-20,P0041,Tomato,64.9,High
2025-04-21,P0041,Tomato,71.2,High
2025-04-22,P0041,Tomato,77.7,Critical
2025-04-23,P0041,Tomato,70.9,High
2025-04-24,P0041,Tomato,61,High
2025-04-25,P0041,Tomato,61.3,High
2025-04-26,P0041,Tomato,67,High
2025-04-27,P0041,Tomato,67.2,High
2025-04-28,P0041,Tomato,63.7,High
2025-04-29,P0041,Tomato,70.7,High
2025-04-30,P0041,Tomato,75.2,Critical
2025-05-01,P0041,Tomato,78.9,Critical
2025-05-02,P0041,Tomato,77.1,Critical
2025-05-03,P0041,Tomato,64.2,High
2025-05-04,P0041,Tomato,69.2,High
2025-05-05,P0041,Tomato,58.7,High
2025-05-06,P0041,Tomato,67.3,High
2025-05-07,P0041,Tomato,62.5,High
2025-05-08,P0041,Tomato,50.9,High
2025-05-09,P0041,Tomato,48.8,Medium
2025-05-10,P0041,Tomato,50.6,High
2025-05-11,P0041,Tomato,57.1,High
2025-05-12,P0041,Tomato,72.5,High
2025-05-13,P0041,Tomato,79.7,Critical
2025-05-14,P0041,Tomato,73.3,High
2025-05-15,P0041,Tomato,75.5,Critical
2025-05-16,P0041,Tomato,66.5,High
2025-05-17,P0041,Tomato,76.4,Critical
2025-05-18,P0041,Tomato,59.3,High
2025-05-19,P0041,Tomato,58.3,High
2025-05-20,P0041,Tomato,45,Medium
2025-05-21,P0041,Tomato,43,Medium
2025-05-22,P0041,Tomato,46.1,Medium
2025-05-23,P0041,Tomato,37,Medium
2025-05-24,P0041,Tomato,39.9,Medium
2025-05-25,P0041,Tomato,38.1,Medium
2025-05-26,P0041,Tomato,44.9,Medium
2025-05-27,P0041,Tomato,53,High
2025-05-28,P0041,Tomato,45.5,Medium
2025-05-29,P0041,Tomato,46.6,Medium
2025-05-30,P0041,Tomato,53,High
2025-05-31,P0041,Tomato,43.8,Medium
2025-06-01,P0041,Tomato,50.5,High
2025-06-02,P0041,Tomato,31.5,Medium
2025-06-03,P0041,Tomato,36.2,Medium
2025-06-04,P0041,Tomato,29.1,Medium
2025-06-05,P0041,Tomato,32.4,Medium
2025-06-06,P0041,Tomato,35.4,Medium
2025-06-07,P0041,Tomato,36.5,Medium
2025-06-08,P0041,Tomato,36.4,Medium
2025-06-09,P0041,Tomato,37.1,Medium
2025-06-10,P0041,Tomato,34,Medium
2025-06-11,P0041,Tomato,32.6,Medium
2025-06-12,P0041,Tomato,24.9,Low
2025-06-13,P0041,Tomato,20.6,Low
2025-06-14,P0041,Tomato,20.9,Low
2025-06-15,P0041,Tomato,40.5,Medium
2025-06-16,P0041,Tomato,37.8,Medium
2025-06-17,P0041,Tomato,52.7,High
2025-06-18,P0041,Tomato,42,Medium
2025-06-19,P0041,Tomato,37.3,Medium
2025-06-20,P0041,Tomato,44.9,Medium
2025-06-21,P0041,Tomato,49.3,Medium
2025-06-22,P0041,Tomato,47.5,Medium
2025-06-23,P0041,Tomato,46.6,Medium
2025-06-24,P0041,Tomato,41.5,Medium
2025-06-25,P0041,Tomato,41.8,Medium
2025-06-26,P0041,Tomato,44.7,Medium
2025-06-27,P0041,Tomato,44,Medium
2025-06-28,P0041,Tomato,35.3,Medium
2025-06-29,P0041,Tomato,35.5,Medium
2025-06-30,P0041,Tomato,33,Medium
2025-07-01,P0041,Tomato,37.2,Medium
2025-07-02,P0041,Tomato,45.3,Medium
2025-07-03,P0041,Tomato,35.6,Medium
2025-07-04,P0041,Tomato,34.5,Medium
2025-07-05,P0041,Tomato,36.9,Medium
2025-07-06,P0041,Tomato,40.3,Medium
2025-07-07,P0041,Tomato,40.8,Medium
2025-07-08,P0041,Tomato,40.3,Medium
2025-07-09,P0041,Tomato,37.9,Medium
2025-07-10,P0041,Tomato,41.5,Medium
2025-07-11,P0041,Tomato,38.7,Medium
2025-07-12,P0041,Tomato,40.4,Medium
2025-07-13,P0041,Tomato,33.6,Medium
2025-07-14,P0041,Tomato,33.8,Medium
2025-07-15,P0041,Tomato,33.2,Medium
2025-07-16,P0041,Tomato,30.9,Medium
2025-07-17,P0041,Tomato,30.2,Medium
2025-07-18,P0041,Tomato,23.9,Low
2025-07-19,P0041,Tomato,30.2,Medium
2025-07-20,P0041,Tomato,46.9,Medium
2025-07-21,P0041,Tomato,50.6,High
2025-07-22,P0041,Tomato,68.6,High
2025-07-23,P0041,Tomato,66.3,High
2025-07-24,P0041,Tomato,58.2,High
2025-07-25,P0041,Tomato,66.8,High
2025-07-26,P0041,Tomato,71.2,High
2025-07-27,P0041,Tomato,66.2,High
2025-07-28,P0041,Tomato,55.5,High
2025-07-29,P0041,Tomato,51.1,High
2025-07-30,P0041,Tomato,39,Medium
2025-07-31,P0041,Tomato,44.2,Medium
2025-08-01,P0041,Tomato,43.3,Medium
2025-08-02,P0041,Tomato,42.7,Medium
2025-08-03,P0041,Tomato,41.4,Medium
2025-08-04,P0041,Tomato,48.4,Medium
2025-08-05,P0041,Tomato,52.7,High
2025-08-06,P0041,Tomato,47.8,Medium
2025-08-07,P0041,Tomato,48.6,Medium
2025-08-08,P0041,Tomato,47.3,Medium
2025-08-09,P0041,Tomato,35.6,Medium
2025-08-10,P0041,Tomato,48.8,Medium
2025-08-11,P0041,Tomato,48.5,Medium
2025-08-12,P0041,Tomato,27.1,Medium
2025-08-13,P0041,Tomato,34.1,Medium
2025-08-14,P0041,Tomato,32,Medium
2025-08-15,P0041,Tomato,31.5,Medium
2025-08-16,P0041,Tomato,29.4,Medium
2025-08-17,P0041,Tomato,38.1,Medium
2025-08-18,P0041,Tomato,33.7,Medium
2025-08-19,P0041,Tomato,29.7,Medium
2025-08-20,P0041,Tomato,28,Medium
2025-08-21,P0041,Tomato,34.3,Medium
2025-08-22,P0041,Tomato,36.1,Medium
2025-08-23,P0041,Tomato,38.7,Medium
2025-08-24,P0041,Tomato,37.6,Medium
2025-08-25,P0041,Tomato,34.4,Medium
2025-08-26,P0041,Tomato,53.4,High
2025-08-27,P0041,Tomato,65.2,High
2025-08-28,P0041,Tomato,71.6,High
2025-08-29,P0041,Tomato,69.1,High
2025-08-30,P0041,Tomato,61.8,High
2025-08-31,P0041,Tomato,63.7,High
2025-09-01,P0041,Tomato,48.6,Medium
2025-09-02,P0041,Tomato,47,Medium
2025-09-03,P0041,Tomato,57.3,High
2025-09-04,P0041,Tomato,50.3,High
2025-09-05,P0041,Tomato,58,High
2025-09-06,P0041,Tomato,39.8,Medium
2025-09-07,P0041,Tomato,37,Medium
2025-09-08,P0041,Tomato,36,Medium
2025-09-09,P0041,Tomato,35.6,Medium
2025-09-10,P0041,Tomato,30.6,Medium
2025-09-11,P0041,Tomato,37.3,Medium
2025-09-12,P0041,Tomato,39.3,Medium
2025-02-21,P0042,Tomato,23.9,Low
2025-02-22,P0042,Tomato,36.1,Medium
2025-02-23,P0042,Tomato,43.5,Medium
2025-02-24,P0042,Tomato,38.8,Medium
2025-02-25,P0042,Tomato,37.4,Medium
2025-02-26,P0042,Tomato,41.1,Medium
2025-02-27,P0042,Tomato,38.6,Medium
2025-02-28,P0042,Tomato,49.1,Medium
2025-03-01,P0042,Tomato,46,Medium
2025-03-02,P0042,Tomato,45.1,Medium
2025-03-03,P0042,Tomato,41.1,Medium
2025-03-04,P0042,Tomato,44.5,Medium
2025-03-05,P0042,Tomato,40.6,Medium
2025-03-06,P0042,Tomato,37.1,Medium
2025-03-07,P0042,Tomato,44.4,Medium
2025-03-08,P0042,Tomato,46.5,Medium
2025-03-09,P0042,Tomato,46.5,Medium
2025-03-10,P0042,Tomato,43.2,Medium
2025-03-11,P0042,Tomato,46.6,Medium
2025-03-12,P0042,Tomato,47.5,Medium
2025-03-13,P0042,Tomato,38.3,Medium
2025-03-14,P0042,Tomato,46,Medium
2025-03-15,P0042,Tomato,46.3,Medium
2025-03-16,P0042,Tomato,41.6,Medium
2025-03-17,P0042,Tomato,54.2,High
2025-03-18,P0042,Tomato,50.8,High
2025-03-19,P0042,Tomato,58.5,High
2025-03-20,P0042,Tomato,59.7,High
2025-03-21,P0042,Tomato,63.1,High
2025-03-22,P0042,Tomato,64.1,High
2025-03-23,P0042,Tomato,71.9,High
2025-03-24,P0042,Tomato,71.7,High
2025-03-25,P0042,Tomato,68.6,High
2025-03-26,P0042,Tomato,56.8,High
2025-03-27,P0042,Tomato,66.6,High
2025-03-28,P0042,Tomato,62.5,High
2025-03-29,P0042,Tomato,46,Medium
2025-03-30,P0042,Tomato,46.8,Medium
2025-03-31,P0042,Tomato,50.3,High
2025-04-01,P0042,Tomato,45.5,Medium
2025-04-02,P0042,Tomato,41,Medium
2025-04-03,P0042,Tomato,46.5,Medium
2025-04-04,P0042,Tomato,48.4,Medium
2025-04-05,P0042,Tomato,53.7,High
2025-04-06,P0042,Tomato,55.4,High
2025-04-07,P0042,Tomato,59.5,High
2025-04-08,P0042,Tomato,53.5,High
2025-04-09,P0042,Tomato,56.2,High
2025-04-10,P0042,Tomato,59.1,High
2025-04-11,P0042,Tomato,59.3,High
2025-04-12,P0042,Tomato,55.6,High
2025-04-13,P0042,Tomato,55.4,High
2025-04-14,P0042,Tomato,54.5,High
2025-04-15,P0042,Tomato,44.3,Medium
2025-04-16,P0042,Tomato,42.3,Medium
2025-04-17,P0042,Tomato,42.7,Medium
2025-04-18,P0042,Tomato,51.6,High
2025-04-19,P0042,Tomato,48.1,Medium
2025-04-20,P0042,Tomato,51.4,High
2025-04-21,P0042,Tomato,54.5,High
2025-04-22,P0042,Tomato,47.9,Medium
2025-04-23,P0042,Tomato,54,High
2025-04-24,P0042,Tomato,55.1,High
2025-04-25,P0042,Tomato,48.8,Medium
2025-04-26,P0042,Tomato,50.2,High
2025-04-27,P0042,Tomato,49.1,Medium
2025-04-28,P0042,Tomato,48.7,Medium
2025-04-29,P0042,Tomato,34.9,Medium
2025-04-30,P0042,Tomato,43.2,Medium
2025-05-01,P0042,Tomato,36.4,Medium
2025-05-02,P0042,Tomato,43.2,Medium
2025-05-03,P0042,Tomato,44.9,Medium
2025-05-04,P0042,Tomato,35.1,Medium
2025-05-05,P0042,Tomato,42.8,Medium
2025-05-06,P0042,Tomato,45.7,Medium
2025-05-07,P0042,Tomato,47,Medium
2025-05-08,P0042,Tomato,51,High
2025-05-09,P0042,Tomato,58.8,High
2025-05-10,P0042,Tomato,61.7,High
2025-05-11,P0042,Tomato,66.7,High
2025-05-12,P0042,Tomato,73.7,High
2025-05-13,P0042,Tomato,57.7,High
2025-05-14,P0042,Tomato,44.3,Medium
2025-05-15,P0042,Tomato,50.8,High
2025-05-16,P0042,Tomato,39,Medium
2025-05-17,P0042,Tomato,48,Medium
2025-05-18,P0042,Tomato,36,Medium
2025-05-19,P0042,Tomato,27,Medium
2025-05-20,P0042,Tomato,29,Medium
2025-05-21,P0042,Tomato,32.8,Medium
2025-05-22,P0042,Tomato,36.7,Medium
2025-05-23,P0042,Tomato,27,Medium
2025-05-24,P0042,Tomato,34.9,Medium
2025-05-25,P0042,Tomato,41.5,Medium
2025-05-26,P0042,Tomato,32.6,Medium
2025-05-27,P0042,Tomato,35.6,Medium
2025-05-28,P0042,Tomato,35.2,Medium
2025-05-29,P0042,Tomato,38.5,Medium
2025-05-30,P0042,Tomato,34.3,Medium
2025-05-31,P0042,Tomato,35.1,Medium
2025-06-01,P0042,Tomato,36.9,Medium
2025-06-02,P0042,Tomato,31.9,Medium
2025-06-03,P0042,Tomato,28.4,Medium
2025-06-04,P0042,Tomato,30.6,Medium
2025-06-05,P0042,Tomato,26.6,Medium
2025-06-06,P0042,Tomato,25.1,Medium
2025-06-07,P0042,Tomato,21.9,Low
2025-06-08,P0042,Tomato,16.5,Low
2025-06-09,P0042,Tomato,16.6,Low
2025-06-10,P0042,Tomato,25.6,Medium
2025-06-11,P0042,Tomato,25.2,Medium
2025-06-12,P0042,Tomato,29.9,Medium
2025-06-13,P0042,Tomato,36.7,Medium
2025-06-14,P0042,Tomato,37.2,Medium
2025-06-15,P0042,Tomato,36.3,Medium
2025-06-16,P0042,Tomato,46.7,Medium
2025-06-17,P0042,Tomato,40.9,Medium
2025-06-18,P0042,Tomato,36.2,Medium
2025-06-19,P0042,Tomato,27,Medium
2025-06-20,P0042,Tomato,35.5,Medium
2025-06-21,P0042,Tomato,29.1,Medium
2025-06-22,P0042,Tomato,28.7,Medium
2025-06-23,P0042,Tomato,27.4,Medium
2025-06-24,P0042,Tomato,29.9,Medium
2025-06-25,P0042,Tomato,25.6,Medium
2025-06-26,P0042,Tomato,24.9,Low
2025-06-27,P0042,Tomato,19.4,Low
2025-06-28,P0042,Tomato,19.2,Low
2025-06-29,P0042,Tomato,31.9,Medium
2025-06-30,P0042,Tomato,37.5,Medium
2025-07-01,P0042,Tomato,32.8,Medium
2025-07-02,P0042,Tomato,40.3,Medium
2025-07-03,P0042,Tomato,42.9,Medium
2025-07-04,P0042,Tomato,45.7,Medium
2025-07-05,P0042,Tomato,52.8,High
2025-07-06,P0042,Tomato,49.8,Medium
2025-07-07,P0042,Tomato,55,High
2025-07-08,P0042,Tomato,34.9,Medium
2025-07-09,P0042,Tomato,50.4,High
2025-07-10,P0042,Tomato,46.2,Medium
2025-07-11,P0042,Tomato,35.8,Medium
2025-07-12,P0042,Tomato,31.2,Medium
2025-07-13,P0042,Tomato,32.5,Medium
2025-07-14,P0042,Tomato,27.6,Medium
2025-07-15,P0042,Tomato,24.2,Low
2025-07-16,P0042,Tomato,18.8,Low
2025-07-17,P0042,Tomato,23.3,Low
2025-07-18,P0042,Tomato,24,Low
2025-07-19,P0042,Tomato,34.1,Medium
2025-07-20,P0042,Tomato,20.8,Low
2025-07-21,P0042,Tomato,27.9,Medium
2025-07-22,P0042,Tomato,45,Medium
2025-07-23,P0042,Tomato,49.3,Medium
2025-07-24,P0042,Tomato,44.3,Medium
2025-07-25,P0042,Tomato,40.8,Medium
2025-07-26,P0042,Tomato,33.6,Medium
2025-07-27,P0042,Tomato,41.7,Medium
2025-07-28,P0042,Tomato,45.8,Medium
2025-07-29,P0042,Tomato,40,Medium
2025-07-30,P0042,Tomato,38.5,Medium
2025-07-31,P0042,Tomato,33.8,Medium
2025-08-01,P0042,Tomato,33.8,Medium
2025-08-02,P0042,Tomato,29.2,Medium
2025-08-03,P0042,Tomato,22.5,Low
2025-08-04,P0042,Tomato,21.1,Low
2025-08-05,P0042,Tomato,24.8,Low
2025-08-06,P0042,Tomato,29,Medium
2025-08-07,P0042,Tomato,32.6,Medium
2025-08-08,P0042,Tomato,25.8,Medium
2025-08-09,P0042,Tomato,32.6,Medium
2025-08-10,P0042,Tomato,33.8,Medium
2025-08-11,P0042,Tomato,34,Medium
2025-08-12,P0042,Tomato,25.8,Medium
2025-08-13,P0042,Tomato,27.1,Medium
2025-08-14,P0042,Tomato,47.2,Medium
2025-08-15,P0042,Tomato,47.4,Medium
2025-08-16,P0042,Tomato,37.2,Medium
2025-08-17,P0042,Tomato,30.2,Medium
2025-08-18,P0042,Tomato,39,Medium
2025-08-19,P0042,Tomato,31.9,Medium
2025-08-20,P0042,Tomato,38.2,Medium
2025-08-21,P0042,Tomato,32.3,Medium
2025-08-22,P0042,Tomato,26,Medium
2025-08-23,P0042,Tomato,21.9,Low
2025-08-24,P0042,Tomato,17.7,Low
2025-08-25,P0042,Tomato,26.7,Medium
2025-08-26,P0042,Tomato,26.3,Medium
2025-08-27,P0042,Tomato,43.8,Medium
2025-08-28,P0042,Tomato,42.9,Medium
2025-08-29,P0042,Tomato,45.2,Medium
2025-08-30,P0042,Tomato,42.2,Medium
2025-08-31,P0042,Tomato,40.2,Medium
2025-09-01,P0042,Tomato,34.4,Medium
2025-09-02,P0042,Tomato,51.5,High
2025-09-03,P0042,Tomato,54.9,High
2025-09-04,P0042,Tomato,52.8,High
2025-09-05,P0042,Tomato,45.9,Medium
2025-09-06,P0042,Tomato,45.7,Medium
2025-09-07,P0042,Tomato,44.9,Medium
2025-09-08,P0042,Tomato,45.6,Medium
2025-09-09,P0042,Tomato,32,Medium
2025-09-10,P0042,Tomato,19,Low
2025-09-11,P0042,Tomato,37.3,Medium
2025-09-12,P0042,Tomato,40.5,Medium
2025-02-21,P0043,Strawberry,28.9,Medium
2025-02-22,P0043,Strawberry,23.8,Low
2025-02-23,P0043,Strawberry,33.6,Medium
2025-02-24,P0043,Strawberry,34.8,Medium
2025-02-25,P0043,Strawberry,34,Medium
2025-02-26,P0043,Strawberry,39.1,Medium
2025-02-27,P0043,Strawberry,60.8,High
2025-02-28,P0043,Strawberry,50.3,High
2025-03-01,P0043,Strawberry,63.2,High
2025-03-02,P0043,Strawberry,68,High
2025-03-03,P0043,Strawberry,63.3,High
2025-03-04,P0043,Strawberry,61.9,High
2025-03-05,P0043,Strawberry,60.3,High
2025-03-06,P0043,Strawberry,39.8,Medium
2025-03-07,P0043,Strawberry,42.2,Medium
2025-03-08,P0043,Strawberry,32.3,Medium
2025-03-09,P0043,Strawberry,36.8,Medium
2025-03-10,P0043,Strawberry,40.9,Medium
2025-03-11,P0043,Strawberry,40.3,Medium
2025-03-12,P0043,Strawberry,39.2,Medium
2025-03-13,P0043,Strawberry,34,Medium
2025-03-14,P0043,Strawberry,43.7,Medium
2025-03-15,P0043,Strawberry,53.5,High
2025-03-16,P0043,Strawberry,52.6,High
2025-03-17,P0043,Strawberry,44.9,Medium
2025-03-18,P0043,Strawberry,39.3,Medium
2025-03-19,P0043,Strawberry,37.6,Medium
2025-03-20,P0043,Strawberry,29.8,Medium
2025-03-21,P0043,Strawberry,31.5,Medium
2025-03-22,P0043,Strawberry,32.1,Medium
2025-03-23,P0043,Strawberry,28.4,Medium
2025-03-24,P0043,Strawberry,30.6,Medium
2025-03-25,P0043,Strawberry,30.6,Medium
2025-03-26,P0043,Strawberry,29.9,Medium
2025-03-27,P0043,Strawberry,40.1,Medium
2025-03-28,P0043,Strawberry,43.1,Medium
2025-03-29,P0043,Strawberry,49.4,Medium
2025-03-30,P0043,Strawberry,42.8,Medium
2025-03-31,P0043,Strawberry,45.7,Medium
2025-04-01,P0043,Strawberry,44.7,Medium
2025-04-02,P0043,Strawberry,48,Medium
2025-04-03,P0043,Strawberry,49,Medium
2025-04-04,P0043,Strawberry,55,High
2025-04-05,P0043,Strawberry,54.1,High
2025-04-06,P0043,Strawberry,55,High
2025-04-07,P0043,Strawberry,47.5,Medium
2025-04-08,P0043,Strawberry,50.9,High
2025-04-09,P0043,Strawberry,46.5,Medium
2025-04-10,P0043,Strawberry,43.3,Medium
2025-04-11,P0043,Strawberry,58.5,High
2025-04-12,P0043,Strawberry,55.6,High
2025-04-13,P0043,Strawberry,62,High
2025-04-14,P0043,Strawberry,64.1,High
2025-04-15,P0043,Strawberry,66.9,High
2025-04-16,P0043,Strawberry,50.2,High
2025-04-17,P0043,Strawberry,60.5,High
2025-04-18,P0043,Strawberry,57.3,High
2025-04-19,P0043,Strawberry,54.2,High
2025-04-20,P0043,Strawberry,49.7,Medium
2025-04-21,P0043,Strawberry,49,Medium
2025-04-22,P0043,Strawberry,43.1,Medium
2025-04-23,P0043,Strawberry,40.6,Medium
2025-04-24,P0043,Strawberry,39.3,Medium
2025-04-25,P0043,Strawberry,45.5,Medium
2025-04-26,P0043,Strawberry,39.8,Medium
2025-04-27,P0043,Strawberry,38.4,Medium
2025-04-28,P0043,Strawberry,48.9,Medium
2025-04-29,P0043,Strawberry,47.7,Medium
2025-04-30,P0043,Strawberry,42.1,Medium
2025-05-01,P0043,Strawberry,43.4,Medium
2025-05-02,P0043,Strawberry,40.2,Medium
2025-05-03,P0043,Strawberry,33.3,Medium
2025-05-04,P0043,Strawberry,33.1,Medium
2025-05-05,P0043,Strawberry,31.7,Medium
2025-05-06,P0043,Strawberry,39.3,Medium
2025-05-07,P0043,Strawberry,31.7,Medium
2025-05-08,P0043,Strawberry,47.8,Medium
2025-05-09,P0043,Strawberry,51.5,High
2025-05-10,P0043,Strawberry,59.2,High
2025-05-11,P0043,Strawberry,57.7,High
2025-05-12,P0043,Strawberry,71.7,High
2025-05-13,P0043,Strawberry,57.2,High
2025-05-14,P0043,Strawberry,56.7,High
2025-05-15,P0043,Strawberry,53.2,High
2025-05-16,P0043,Strawberry,36.2,Medium
2025-05-17,P0043,Strawberry,35.8,Medium
2025-05-18,P0043,Strawberry,31.2,Medium
2025-05-19,P0043,Strawberry,33.4,Medium
2025-05-20,P0043,Strawberry,39.1,Medium
2025-05-21,P0043,Strawberry,29.8,Medium
2025-05-22,P0043,Strawberry,26.7,Medium
2025-05-23,P0043,Strawberry,30,Medium
2025-05-24,P0043,Strawberry,29.3,Medium
2025-05-25,P0043,Strawberry,35,Medium
2025-05-26,P0043,Strawberry,28.6,Medium
2025-05-27,P0043,Strawberry,19.9,Low
2025-05-28,P0043,Strawberry,22.9,Low
2025-05-29,P0043,Strawberry,30.2,Medium
2025-05-30,P0043,Strawberry,34.3,Medium
2025-05-31,P0043,Strawberry,30.6,Medium
2025-06-01,P0043,Strawberry,33.1,Medium
2025-06-02,P0043,Strawberry,24.9,Low
2025-06-03,P0043,Strawberry,20.4,Low
2025-06-04,P0043,Strawberry,20.7,Low
2025-06-05,P0043,Strawberry,29.8,Medium
2025-06-06,P0043,Strawberry,34.1,Medium
2025-06-07,P0043,Strawberry,35.9,Medium
2025-06-08,P0043,Strawberry,42.8,Medium
2025-06-09,P0043,Strawberry,37.4,Medium
2025-06-10,P0043,Strawberry,44.1,Medium
2025-06-11,P0043,Strawberry,33.5,Medium
2025-06-12,P0043,Strawberry,24,Low
2025-06-13,P0043,Strawberry,24,Low
2025-06-14,P0043,Strawberry,20.2,Low
2025-06-15,P0043,Strawberry,44.9,Medium
2025-06-16,P0043,Strawberry,45.5,Medium
2025-06-17,P0043,Strawberry,62.4,High
2025-06-18,P0043,Strawberry,44.5,Medium
2025-06-19,P0043,Strawberry,47.5,Medium
2025-06-20,P0043,Strawberry,49.2,Medium
2025-06-21,P0043,Strawberry,45,Medium
2025-06-22,P0043,Strawberry,40.2,Medium
2025-06-23,P0043,Strawberry,34.9,Medium
2025-06-24,P0043,Strawberry,20.6,Low
2025-06-25,P0043,Strawberry,18.8,Low
2025-06-26,P0043,Strawberry,15.5,Low
2025-06-27,P0043,Strawberry,16.6,Low
2025-06-28,P0043,Strawberry,14.5,Low
2025-06-29,P0043,Strawberry,21.3,Low
2025-06-30,P0043,Strawberry,23.9,Low
2025-07-01,P0043,Strawberry,22.2,Low
2025-07-02,P0043,Strawberry,23.4,Low
2025-07-03,P0043,Strawberry,20.3,Low
2025-07-04,P0043,Strawberry,23.7,Low
2025-07-05,P0043,Strawberry,12.2,Low
2025-07-06,P0043,Strawberry,10.2,Low
2025-07-07,P0043,Strawberry,14.2,Low
2025-07-08,P0043,Strawberry,24.4,Low
2025-07-09,P0043,Strawberry,29.1,Medium
2025-07-10,P0043,Strawberry,32,Medium
2025-07-11,P0043,Strawberry,42.7,Medium
2025-07-12,P0043,Strawberry,33.7,Medium
2025-07-13,P0043,Strawberry,42.8,Medium
2025-07-14,P0043,Strawberry,37.2,Medium
2025-07-15,P0043,Strawberry,40.8,Medium
2025-07-16,P0043,Strawberry,28.3,Medium
2025-07-17,P0043,Strawberry,34.3,Medium
2025-07-18,P0043,Strawberry,36.1,Medium
2025-07-19,P0043,Strawberry,34.8,Medium
2025-07-20,P0043,Strawberry,39.7,Medium
2025-07-21,P0043,Strawberry,46.7,Medium
2025-07-22,P0043,Strawberry,38.8,Medium
2025-07-23,P0043,Strawberry,43.3,Medium
2025-07-24,P0043,Strawberry,26.1,Medium
2025-07-25,P0043,Strawberry,26.2,Medium
2025-07-26,P0043,Strawberry,16.5,Low
2025-07-27,P0043,Strawberry,16.3,Low
2025-07-28,P0043,Strawberry,17.8,Low
2025-07-29,P0043,Strawberry,14.2,Low
2025-07-30,P0043,Strawberry,16,Low
2025-07-31,P0043,Strawberry,12.1,Low
2025-08-01,P0043,Strawberry,15.2,Low
2025-08-02,P0043,Strawberry,15.7,Low
2025-08-03,P0043,Strawberry,10.5,Low
2025-08-04,P0043,Strawberry,12.5,Low
2025-08-05,P0043,Strawberry,11.7,Low
2025-08-06,P0043,Strawberry,13.7,Low
2025-08-07,P0043,Strawberry,13.4,Low
2025-08-08,P0043,Strawberry,13.7,Low
2025-08-09,P0043,Strawberry,6.6,Low
2025-08-10,P0043,Strawberry,17.7,Low
2025-08-11,P0043,Strawberry,7,Low
2025-08-12,P0043,Strawberry,19.5,Low
2025-08-13,P0043,Strawberry,13.6,Low
2025-08-14,P0043,Strawberry,31,Medium
2025-08-15,P0043,Strawberry,27,Medium
2025-08-16,P0043,Strawberry,26,Medium
2025-08-17,P0043,Strawberry,27.2,Medium
2025-08-18,P0043,Strawberry,27,Medium
2025-08-19,P0043,Strawberry,37.3,Medium
2025-08-20,P0043,Strawberry,35,Medium
2025-08-21,P0043,Strawberry,30.9,Medium
2025-08-22,P0043,Strawberry,27.9,Medium
2025-08-23,P0043,Strawberry,18.8,Low
2025-08-24,P0043,Strawberry,19,Low
2025-08-25,P0043,Strawberry,35.3,Medium
2025-08-26,P0043,Strawberry,27.6,Medium
2025-08-27,P0043,Strawberry,29.8,Medium
2025-08-28,P0043,Strawberry,43.3,Medium
2025-08-29,P0043,Strawberry,40.9,Medium
2025-08-30,P0043,Strawberry,27.9,Medium
2025-08-31,P0043,Strawberry,27.1,Medium
2025-09-01,P0043,Strawberry,28,Medium
2025-09-02,P0043,Strawberry,28,Medium
2025-09-03,P0043,Strawberry,27.1,Medium
2025-09-04,P0043,Strawberry,25.1,Medium
2025-09-05,P0043,Strawberry,17.5,Low
2025-09-06,P0043,Strawberry,11.9,Low
2025-09-07,P0043,Strawberry,12.1,Low
2025-09-08,P0043,Strawberry,10.5,Low
2025-09-09,P0043,Strawberry,13.9,Low
2025-09-10,P0043,Strawberry,18.2,Low
2025-09-11,P0043,Strawberry,22.3,Low
2025-09-12,P0043,Strawberry,20.9,Low
2025-02-21,P0044,Strawberry,40.8,Medium
2025-02-22,P0044,Strawberry,41.8,Medium
2025-02-23,P0044,Strawberry,39.5,Medium
2025-02-24,P0044,Strawberry,43,Medium
2025-02-25,P0044,Strawberry,54.1,High
2025-02-26,P0044,Strawberry,48.7,Medium
2025-02-27,P0044,Strawberry,47.6,Medium
2025-02-28,P0044,Strawberry,50.8,High
2025-03-01,P0044,Strawberry,57.7,High
2025-03-02,P0044,Strawberry,61.9,High
2025-03-03,P0044,Strawberry,61.6,High
2025-03-04,P0044,Strawberry,47.9,Medium
2025-03-05,P0044,Strawberry,52.5,High
2025-03-06,P0044,Strawberry,58,High
2025-03-07,P0044,Strawberry,44.1,Medium
2025-03-08,P0044,Strawberry,48.9,Medium
2025-03-09,P0044,Strawberry,53.1,High
2025-03-10,P0044,Strawberry,47.1,Medium
2025-03-11,P0044,Strawberry,50.3,High
2025-03-12,P0044,Strawberry,51.9,High
2025-03-13,P0044,Strawberry,55.6,High
2025-03-14,P0044,Strawberry,54.7,High
2025-03-15,P0044,Strawberry,42.6,Medium
2025-03-16,P0044,Strawberry,45.3,Medium
2025-03-17,P0044,Strawberry,34.9,Medium
2025-03-18,P0044,Strawberry,39.9,Medium
2025-03-19,P0044,Strawberry,39.3,Medium
2025-03-20,P0044,Strawberry,43.2,Medium
2025-03-21,P0044,Strawberry,49.2,Medium
2025-03-22,P0044,Strawberry,47.9,Medium
2025-03-23,P0044,Strawberry,50.3,High
2025-03-24,P0044,Strawberry,47.8,Medium
2025-03-25,P0044,Strawberry,49.8,Medium
2025-03-26,P0044,Strawberry,56.7,High
2025-03-27,P0044,Strawberry,50.7,High
2025-03-28,P0044,Strawberry,44.9,Medium
2025-03-29,P0044,Strawberry,51,High
2025-03-30,P0044,Strawberry,50.1,High
2025-03-31,P0044,Strawberry,51.9,High
2025-04-01,P0044,Strawberry,53.4,High
2025-04-02,P0044,Strawberry,51.2,High
2025-04-03,P0044,Strawberry,43.5,Medium
2025-04-04,P0044,Strawberry,50.3,High
2025-04-05,P0044,Strawberry,54.7,High
2025-04-06,P0044,Strawberry,52.9,High
2025-04-07,P0044,Strawberry,51.8,High
2025-04-08,P0044,Strawberry,49.4,Medium
2025-04-09,P0044,Strawberry,48,Medium
2025-04-10,P0044,Strawberry,45.8,Medium
2025-04-11,P0044,Strawberry,48.3,Medium
2025-04-12,P0044,Strawberry,52.3,High
2025-04-13,P0044,Strawberry,43.9,Medium
2025-04-14,P0044,Strawberry,50.8,High
2025-04-15,P0044,Strawberry,46.4,Medium
2025-04-16,P0044,Strawberry,45.2,Medium
2025-04-17,P0044,Strawberry,57.1,High
2025-04-18,P0044,Strawberry,48.2,Medium
2025-04-19,P0044,Strawberry,53.5,High
2025-04-20,P0044,Strawberry,54.4,High
2025-04-21,P0044,Strawberry,61.9,High
2025-04-22,P0044,Strawberry,59.1,High
2025-04-23,P0044,Strawberry,61.1,High
2025-04-24,P0044,Strawberry,53.7,High
2025-04-25,P0044,Strawberry,58,High
2025-04-26,P0044,Strawberry,59,High
2025-04-27,P0044,Strawberry,57.1,High
2025-04-28,P0044,Strawberry,47.7,Medium
2025-04-29,P0044,Strawberry,50.1,High
2025-04-30,P0044,Strawberry,42.8,Medium
2025-05-01,P0044,Strawberry,40,Medium
2025-05-02,P0044,Strawberry,37.4,Medium
2025-05-03,P0044,Strawberry,40.3,Medium
2025-05-04,P0044,Strawberry,29.3,Medium
2025-05-05,P0044,Strawberry,25.4,Medium
2025-05-06,P0044,Strawberry,33.1,Medium
2025-05-07,P0044,Strawberry,35.5,Medium
2025-05-08,P0044,Strawberry,31.4,Medium
2025-05-09,P0044,Strawberry,35.9,Medium
2025-05-10,P0044,Strawberry,51.6,High
2025-05-11,P0044,Strawberry,52.7,High
2025-05-12,P0044,Strawberry,64.4,High
2025-05-13,P0044,Strawberry,61.7,High
2025-05-14,P0044,Strawberry,55.3,High
2025-05-15,P0044,Strawberry,47.6,Medium
2025-05-16,P0044,Strawberry,65.9,High
2025-05-17,P0044,Strawberry,66.5,High
2025-05-18,P0044,Strawberry,65.3,High
2025-05-19,P0044,Strawberry,64.1,High
2025-05-20,P0044,Strawberry,50.1,High
2025-05-21,P0044,Strawberry,41.6,Medium
2025-05-22,P0044,Strawberry,43,Medium
2025-05-23,P0044,Strawberry,36.3,Medium
2025-05-24,P0044,Strawberry,33.2,Medium
2025-05-25,P0044,Strawberry,43,Medium
2025-05-26,P0044,Strawberry,35.4,Medium
2025-05-27,P0044,Strawberry,33.7,Medium
2025-05-28,P0044,Strawberry,38.5,Medium
2025-05-29,P0044,Strawberry,41.8,Medium
2025-05-30,P0044,Strawberry,42.2,Medium
2025-05-31,P0044,Strawberry,43.8,Medium
2025-06-01,P0044,Strawberry,50.4,High
2025-06-02,P0044,Strawberry,51,High
2025-06-03,P0044,Strawberry,43.1,Medium
2025-06-04,P0044,Strawberry,50.5,High
2025-06-05,P0044,Strawberry,48.6,Medium
2025-06-06,P0044,Strawberry,36.3,Medium
2025-06-07,P0044,Strawberry,36.9,Medium
2025-06-08,P0044,Strawberry,34.3,Medium
2025-06-09,P0044,Strawberry,23,Low
2025-06-10,P0044,Strawberry,21.8,Low
2025-06-11,P0044,Strawberry,21.1,Low
2025-06-12,P0044,Strawberry,24.8,Low
2025-06-13,P0044,Strawberry,20.5,Low
2025-06-14,P0044,Strawberry,26.2,Medium
2025-06-15,P0044,Strawberry,34.6,Medium
2025-06-16,P0044,Strawberry,33.8,Medium
2025-06-17,P0044,Strawberry,50.6,High
2025-06-18,P0044,Strawberry,56.1,High
2025-06-19,P0044,Strawberry,52.8,High
2025-06-20,P0044,Strawberry,44.6,Medium
2025-06-21,P0044,Strawberry,48.9,Medium
2025-06-22,P0044,Strawberry,57.2,High
2025-06-23,P0044,Strawberry,44.4,Medium
2025-06-24,P0044,Strawberry,46.6,Medium
2025-06-25,P0044,Strawberry,35.5,Medium
2025-06-26,P0044,Strawberry,41.5,Medium
2025-06-27,P0044,Strawberry,31.6,Medium
2025-06-28,P0044,Strawberry,34.9,Medium
2025-06-29,P0044,Strawberry,33.2,Medium
2025-06-30,P0044,Strawberry,30.8,Medium
2025-07-01,P0044,Strawberry,37.7,Medium
2025-07-02,P0044,Strawberry,37.1,Medium
2025-07-03,P0044,Strawberry,38.8,Medium
2025-07-04,P0044,Strawberry,35.9,Medium
2025-07-05,P0044,Strawberry,35.2,Medium
2025-07-06,P0044,Strawberry,40.1,Medium
2025-07-07,P0044,Strawberry,41.5,Medium
2025-07-08,P0044,Strawberry,35.6,Medium
2025-07-09,P0044,Strawberry,35.8,Medium
2025-07-10,P0044,Strawberry,35.3,Medium
2025-07-11,P0044,Strawberry,30.7,Medium
2025-07-12,P0044,Strawberry,27.5,Medium
2025-07-13,P0044,Strawberry,31.5,Medium
2025-07-14,P0044,Strawberry,31.4,Medium
2025-07-15,P0044,Strawberry,34.6,Medium
2025-07-16,P0044,Strawberry,26.1,Medium
2025-07-17,P0044,Strawberry,30.5,Medium
2025-07-18,P0044,Strawberry,32.1,Medium
2025-07-19,P0044,Strawberry,41.5,Medium
2025-07-20,P0044,Strawberry,56.7,High
2025-07-21,P0044,Strawberry,66.6,High
2025-07-22,P0044,Strawberry,68.9,High
2025-07-23,P0044,Strawberry,81.4,Critical
2025-07-24,P0044,Strawberry,62.7,High
2025-07-25,P0044,Strawberry,68.3,High
2025-07-26,P0044,Strawberry,65.9,High
2025-07-27,P0044,Strawberry,55.2,High
2025-07-28,P0044,Strawberry,58.7,High
2025-07-29,P0044,Strawberry,53.5,High
2025-07-30,P0044,Strawberry,48.4,Medium
2025-07-31,P0044,Strawberry,41.2,Medium
2025-08-01,P0044,Strawberry,37.5,Medium
2025-08-02,P0044,Strawberry,34.6,Medium
2025-08-03,P0044,Strawberry,30.8,Medium
2025-08-04,P0044,Strawberry,34.6,Medium
2025-08-05,P0044,Strawberry,43.3,Medium
2025-08-06,P0044,Strawberry,34.3,Medium
2025-08-07,P0044,Strawberry,46.3,Medium
2025-08-08,P0044,Strawberry,46.9,Medium
2025-08-09,P0044,Strawberry,50.9,High
2025-08-10,P0044,Strawberry,47.2,Medium
2025-08-11,P0044,Strawberry,43.2,Medium
2025-08-12,P0044,Strawberry,35.6,Medium
2025-08-13,P0044,Strawberry,42.4,Medium
2025-08-14,P0044,Strawberry,50.9,High
2025-08-15,P0044,Strawberry,54.3,High
2025-08-16,P0044,Strawberry,42.8,Medium
2025-08-17,P0044,Strawberry,38.2,Medium
2025-08-18,P0044,Strawberry,36,Medium
2025-08-19,P0044,Strawberry,36.5,Medium
2025-08-20,P0044,Strawberry,37.9,Medium
2025-08-21,P0044,Strawberry,42.9,Medium
2025-08-22,P0044,Strawberry,29.1,Medium
2025-08-23,P0044,Strawberry,33.8,Medium
2025-08-24,P0044,Strawberry,26.5,Medium
2025-08-25,P0044,Strawberry,31.1,Medium
2025-08-26,P0044,Strawberry,37.3,Medium
2025-08-27,P0044,Strawberry,39,Medium
2025-08-28,P0044,Strawberry,46.2,Medium
2025-08-29,P0044,Strawberry,45,Medium
2025-08-30,P0044,Strawberry,36.3,Medium
2025-08-31,P0044,Strawberry,33.7,Medium
2025-09-01,P0044,Strawberry,49.9,Medium
2025-09-02,P0044,Strawberry,56.1,High
2025-09-03,P0044,Strawberry,51.7,High
2025-09-04,P0044,Strawberry,54,High
2025-09-05,P0044,Strawberry,31.9,Medium
2025-09-06,P0044,Strawberry,29.9,Medium
2025-09-07,P0044,Strawberry,31.4,Medium
2025-09-08,P0044,Strawberry,31.5,Medium
2025-09-09,P0044,Strawberry,23.1,Low
2025-09-10,P0044,Strawberry,28.6,Medium
2025-09-11,P0044,Strawberry,28.4,Medium
2025-09-12,P0044,Strawberry,32.2,Medium
2025-02-21,P0045,Tomato,31.7,Medium
2025-02-22,P0045,Tomato,29.2,Medium
2025-02-23,P0045,Tomato,26.9,Medium
2025-02-24,P0045,Tomato,27.6,Medium
2025-02-25,P0045,Tomato,27,Medium
2025-02-26,P0045,Tomato,30.1,Medium
2025-02-27,P0045,Tomato,20.7,Low
2025-02-28,P0045,Tomato,22.8,Low
2025-03-01,P0045,Tomato,34.8,Medium
2025-03-02,P0045,Tomato,33.5,Medium
2025-03-03,P0045,Tomato,43.6,Medium
2025-03-04,P0045,Tomato,44.1,Medium
2025-03-05,P0045,Tomato,42,Medium
2025-03-06,P0045,Tomato,44.3,Medium
2025-03-07,P0045,Tomato,48.9,Medium
2025-03-08,P0045,Tomato,56.5,High
2025-03-09,P0045,Tomato,42.9,Medium
2025-03-10,P0045,Tomato,61,High
2025-03-11,P0045,Tomato,43.9,Medium
2025-03-12,P0045,Tomato,52.7,High
2025-03-13,P0045,Tomato,46,Medium
2025-03-14,P0045,Tomato,46.8,Medium
2025-03-15,P0045,Tomato,51.2,High
2025-03-16,P0045,Tomato,53.8,High
2025-03-17,P0045,Tomato,43.5,Medium
2025-03-18,P0045,Tomato,33.6,Medium
2025-03-19,P0045,Tomato,44.3,Medium
2025-03-20,P0045,Tomato,44,Medium
2025-03-21,P0045,Tomato,50.5,High
2025-03-22,P0045,Tomato,39,Medium
2025-03-23,P0045,Tomato,48,Medium
2025-03-24,P0045,Tomato,42.4,Medium
2025-03-25,P0045,Tomato,46.9,Medium
2025-03-26,P0045,Tomato,51.5,High
2025-03-27,P0045,Tomato,54.1,High
2025-03-28,P0045,Tomato,47,Medium
2025-03-29,P0045,Tomato,43.4,Medium
2025-03-30,P0045,Tomato,42.3,Medium
2025-03-31,P0045,Tomato,32.8,Medium
2025-04-01,P0045,Tomato,41.5,Medium
2025-04-02,P0045,Tomato,45.8,Medium
2025-04-03,P0045,Tomato,43.5,Medium
2025-04-04,P0045,Tomato,48.3,Medium
2025-04-05,P0045,Tomato,52.1,High
2025-04-06,P0045,Tomato,56.8,High
2025-04-07,P0045,Tomato,57,High
2025-04-08,P0045,Tomato,68.1,High
2025-04-09,P0045,Tomato,59.5,High
2025-04-10,P0045,Tomato,64.6,High
2025-04-11,P0045,Tomato,61.3,High
2025-04-12,P0045,Tomato,61.9,High
2025-04-13,P0045,Tomato,60.1,High
2025-04-14,P0045,Tomato,59.9,High
2025-04-15,P0045,Tomato,42.1,Medium
2025-04-16,P0045,Tomato,55.8,High
2025-04-17,P0045,Tomato,53.9,High
2025-04-18,P0045,Tomato,58.1,High
2025-04-19,P0045,Tomato,56.8,High
2025-04-20,P0045,Tomato,48.5,Medium
2025-04-21,P0045,Tomato,48.5,Medium
2025-04-22,P0045,Tomato,44.5,Medium
2025-04-23,P0045,Tomato,43.5,Medium
2025-04-24,P0045,Tomato,41,Medium
2025-04-25,P0045,Tomato,52.1,High
2025-04-26,P0045,Tomato,41.4,Medium
2025-04-27,P0045,Tomato,43.6,Medium
2025-04-28,P0045,Tomato,44.1,Medium
2025-04-29,P0045,Tomato,47.8,Medium
2025-04-30,P0045,Tomato,52.3,High
2025-05-01,P0045,Tomato,41.1,Medium
2025-05-02,P0045,Tomato,47.3,Medium
2025-05-03,P0045,Tomato,44.5,Medium
2025-05-04,P0045,Tomato,32.8,Medium
2025-05-05,P0045,Tomato,33.2,Medium
2025-05-06,P0045,Tomato,40.7,Medium
2025-05-07,P0045,Tomato,47.5,Medium
2025-05-08,P0045,Tomato,46.4,Medium
2025-05-09,P0045,Tomato,32.3,Medium
2025-05-10,P0045,Tomato,40.1,Medium
2025-05-11,P0045,Tomato,48.6,Medium
2025-05-12,P0045,Tomato,53.2,High
2025-05-13,P0045,Tomato,49.4,Medium
2025-05-14,P0045,Tomato,46,Medium
2025-05-15,P0045,Tomato,35.3,Medium
2025-05-16,P0045,Tomato,40.2,Medium
2025-05-17,P0045,Tomato,26.3,Medium
2025-05-18,P0045,Tomato,26.2,Medium
2025-05-19,P0045,Tomato,30.5,Medium
2025-05-20,P0045,Tomato,21.4,Low
2025-05-21,P0045,Tomato,29.3,Medium
2025-05-22,P0045,Tomato,27.3,Medium
2025-05-23,P0045,Tomato,27.2,Medium
2025-05-24,P0045,Tomato,34.3,Medium
2025-05-25,P0045,Tomato,41.6,Medium
2025-05-26,P0045,Tomato,46.4,Medium
2025-05-27,P0045,Tomato,40.4,Medium
2025-05-28,P0045,Tomato,46,Medium
2025-05-29,P0045,Tomato,42.6,Medium
2025-05-30,P0045,Tomato,32.8,Medium
2025-05-31,P0045,Tomato,38.8,Medium
2025-06-01,P0045,Tomato,31,Medium
2025-06-02,P0045,Tomato,32.8,Medium
2025-06-03,P0045,Tomato,26.6,Medium
2025-06-04,P0045,Tomato,24.9,Low
2025-06-05,P0045,Tomato,32.4,Medium
2025-06-06,P0045,Tomato,30.2,Medium
2025-06-07,P0045,Tomato,34.7,Medium
2025-06-08,P0045,Tomato,32.8,Medium
2025-06-09,P0045,Tomato,36.7,Medium
2025-06-10,P0045,Tomato,36,Medium
2025-06-11,P0045,Tomato,29.3,Medium
2025-06-12,P0045,Tomato,30.2,Medium
2025-06-13,P0045,Tomato,33.1,Medium
2025-06-14,P0045,Tomato,39.3,Medium
2025-06-15,P0045,Tomato,41.5,Medium
2025-06-16,P0045,Tomato,42.3,Medium
2025-06-17,P0045,Tomato,48.7,Medium
2025-06-18,P0045,Tomato,48.3,Medium
2025-06-19,P0045,Tomato,50.1,High
2025-06-20,P0045,Tomato,41.5,Medium
2025-06-21,P0045,Tomato,34,Medium
2025-06-22,P0045,Tomato,39.7,Medium
2025-06-23,P0045,Tomato,32.5,Medium
2025-06-24,P0045,Tomato,24.1,Low
2025-06-25,P0045,Tomato,14.8,Low
2025-06-26,P0045,Tomato,17.9,Low
2025-06-27,P0045,Tomato,11.5,Low
2025-06-28,P0045,Tomato,17.8,Low
2025-06-29,P0045,Tomato,21.2,Low
2025-06-30,P0045,Tomato,26.2,Medium
2025-07-01,P0045,Tomato,22.4,Low
2025-07-02,P0045,Tomato,18.6,Low
2025-07-03,P0045,Tomato,27.7,Medium
2025-07-04,P0045,Tomato,32.6,Medium
2025-07-05,P0045,Tomato,36.7,Medium
2025-07-06,P0045,Tomato,24.9,Low
2025-07-07,P0045,Tomato,27.3,Medium
2025-07-08,P0045,Tomato,32,Medium
2025-07-09,P0045,Tomato,33.9,Medium
2025-07-10,P0045,Tomato,36.5,Medium
2025-07-11,P0045,Tomato,35.3,Medium
2025-07-12,P0045,Tomato,27.4,Medium
2025-07-13,P0045,Tomato,25.9,Medium
2025-07-14,P0045,Tomato,26.2,Medium
2025-07-15,P0045,Tomato,24.3,Low
2025-07-16,P0045,Tomato,21.3,Low
2025-07-17,P0045,Tomato,15.8,Low
2025-07-18,P0045,Tomato,11.7,Low
2025-07-19,P0045,Tomato,14.8,Low
2025-07-20,P0045,Tomato,16.7,Low
2025-07-21,P0045,Tomato,28.2,Medium
2025-07-22,P0045,Tomato,29.1,Medium
2025-07-23,P0045,Tomato,44.6,Medium
2025-07-24,P0045,Tomato,44.6,Medium
2025-07-25,P0045,Tomato,31.1,Medium
2025-07-26,P0045,Tomato,39.7,Medium
2025-07-27,P0045,Tomato,39.5,Medium
2025-07-28,P0045,Tomato,38.5,Medium
2025-07-29,P0045,Tomato,31.4,Medium
2025-07-30,P0045,Tomato,30.9,Medium
2025-07-31,P0045,Tomato,23.4,Low
2025-08-01,P0045,Tomato,22.1,Low
2025-08-02,P0045,Tomato,23.4,Low
2025-08-03,P0045,Tomato,16.6,Low
2025-08-04,P0045,Tomato,22.2,Low
2025-08-05,P0045,Tomato,27.4,Medium
2025-08-06,P0045,Tomato,21.5,Low
2025-08-07,P0045,Tomato,15.9,Low
2025-08-08,P0045,Tomato,12.1,Low
2025-08-09,P0045,Tomato,17.2,Low
2025-08-10,P0045,Tomato,24.7,Low
2025-08-11,P0045,Tomato,20.2,Low
2025-08-12,P0045,Tomato,22.5,Low
2025-08-13,P0045,Tomato,28.7,Medium
2025-08-14,P0045,Tomato,22,Low
2025-08-15,P0045,Tomato,23.2,Low
2025-08-16,P0045,Tomato,24.9,Low
2025-08-17,P0045,Tomato,19.5,Low
2025-08-18,P0045,Tomato,21.2,Low
2025-08-19,P0045,Tomato,28.6,Medium
2025-08-20,P0045,Tomato,27.4,Medium
2025-08-21,P0045,Tomato,21.8,Low
2025-08-22,P0045,Tomato,33.6,Medium
2025-08-23,P0045,Tomato,39.9,Medium
2025-08-24,P0045,Tomato,24.5,Low
2025-08-25,P0045,Tomato,22.6,Low
2025-08-26,P0045,Tomato,37,Medium
2025-08-27,P0045,Tomato,34.9,Medium
2025-08-28,P0045,Tomato,51.2,High
2025-08-29,P0045,Tomato,47.4,Medium
2025-08-30,P0045,Tomato,47.2,Medium
2025-08-31,P0045,Tomato,40.8,Medium
2025-09-01,P0045,Tomato,39.9,Medium
2025-09-02,P0045,Tomato,45.7,Medium
2025-09-03,P0045,Tomato,38.9,Medium
2025-09-04,P0045,Tomato,34.4,Medium
2025-09-05,P0045,Tomato,28.6,Medium
2025-09-06,P0045,Tomato,18.5,Low
2025-09-07,P0045,Tomato,10.1,Low
2025-09-08,P0045,Tomato,9.6,Low
2025-09-09,P0045,Tomato,18.3,Low
2025-09-10,P0045,Tomato,15,Low
2025-09-11,P0045,Tomato,32.2,Medium
2025-09-12,P0045,Tomato,28.5,Medium
2025-02-21,P0046,Tomato,28.2,Medium
2025-02-22,P0046,Tomato,20.3,Low
2025-02-23,P0046,Tomato,16.8,Low
2025-02-24,P0046,Tomato,27.9,Medium
2025-02-25,P0046,Tomato,20,Low
2025-02-26,P0046,Tomato,23.1,Low
2025-02-27,P0046,Tomato,29.4,Medium
2025-02-28,P0046,Tomato,35.8,Medium
2025-03-01,P0046,Tomato,46.3,Medium
2025-03-02,P0046,Tomato,46.5,Medium
2025-03-03,P0046,Tomato,54.2,High
2025-03-04,P0046,Tomato,48.9,Medium
2025-03-05,P0046,Tomato,50.9,High
2025-03-06,P0046,Tomato,43.3,Medium
2025-03-07,P0046,Tomato,49.2,Medium
2025-03-08,P0046,Tomato,47.9,Medium
2025-03-09,P0046,Tomato,47,Medium
2025-03-10,P0046,Tomato,47.7,Medium
2025-03-11,P0046,Tomato,45.9,Medium
2025-03-12,P0046,Tomato,48.3,Medium
2025-03-13,P0046,Tomato,47,Medium
2025-03-14,P0046,Tomato,35.4,Medium
2025-03-15,P0046,Tomato,45.9,Medium
2025-03-16,P0046,Tomato,51.2,High
2025-03-17,P0046,Tomato,38.3,Medium
2025-03-18,P0046,Tomato,44.7,Medium
2025-03-19,P0046,Tomato,49.1,Medium
2025-03-20,P0046,Tomato,53.4,High
2025-03-21,P0046,Tomato,50.6,High
2025-03-22,P0046,Tomato,54.7,High
2025-03-23,P0046,Tomato,54,High
2025-03-24,P0046,Tomato,51.4,High
2025-03-25,P0046,Tomato,49.5,Medium
2025-03-26,P0046,Tomato,44.7,Medium
2025-03-27,P0046,Tomato,48,Medium
2025-03-28,P0046,Tomato,51.9,High
2025-03-29,P0046,Tomato,62.1,High
2025-03-30,P0046,Tomato,56.2,High
2025-03-31,P0046,Tomato,54.8,High
2025-04-01,P0046,Tomato,51.2,High
2025-04-02,P0046,Tomato,50.7,High
2025-04-03,P0046,Tomato,52.1,High
2025-04-04,P0046,Tomato,54.6,High
2025-04-05,P0046,Tomato,65.7,High
2025-04-06,P0046,Tomato,67.6,High
2025-04-07,P0046,Tomato,66.9,High
2025-04-08,P0046,Tomato,59.3,High
2025-04-09,P0046,Tomato,55.4,High
2025-04-10,P0046,Tomato,50.8,High
2025-04-11,P0046,Tomato,53.4,High
2025-04-12,P0046,Tomato,59.3,High
2025-04-13,P0046,Tomato,59.1,High
2025-04-14,P0046,Tomato,58.8,High
2025-04-15,P0046,Tomato,53.9,High
2025-04-16,P0046,Tomato,55.2,High
2025-04-17,P0046,Tomato,56.8,High
2025-04-18,P0046,Tomato,39.4,Medium
2025-04-19,P0046,Tomato,52.8,High
2025-04-20,P0046,Tomato,40.5,Medium
2025-04-21,P0046,Tomato,47.4,Medium
2025-04-22,P0046,Tomato,56.9,High
2025-04-23,P0046,Tomato,57.6,High
2025-04-24,P0046,Tomato,62.1,High
2025-04-25,P0046,Tomato,59.6,High
2025-04-26,P0046,Tomato,56.2,High
2025-04-27,P0046,Tomato,52.7,High
2025-04-28,P0046,Tomato,55.7,High
2025-04-29,P0046,Tomato,45.8,Medium
2025-04-30,P0046,Tomato,48.9,Medium
2025-05-01,P0046,Tomato,46.7,Medium
2025-05-02,P0046,Tomato,45.4,Medium
2025-05-03,P0046,Tomato,37.7,Medium
2025-05-04,P0046,Tomato,37.6,Medium
2025-05-05,P0046,Tomato,38.7,Medium
2025-05-06,P0046,Tomato,42.6,Medium
2025-05-07,P0046,Tomato,39.1,Medium
2025-05-08,P0046,Tomato,40,Medium
2025-05-09,P0046,Tomato,41.4,Medium
2025-05-10,P0046,Tomato,49.9,Medium
2025-05-11,P0046,Tomato,59.8,High
2025-05-12,P0046,Tomato,61.3,High
2025-05-13,P0046,Tomato,62.8,High
2025-05-14,P0046,Tomato,54.9,High
2025-05-15,P0046,Tomato,47.6,Medium
2025-05-16,P0046,Tomato,40.6,Medium
2025-05-17,P0046,Tomato,32.5,Medium
2025-05-18,P0046,Tomato,29.8,Medium
2025-05-19,P0046,Tomato,30.1,Medium
2025-05-20,P0046,Tomato,34.6,Medium
2025-05-21,P0046,Tomato,45.7,Medium
2025-05-22,P0046,Tomato,47.9,Medium
2025-05-23,P0046,Tomato,46.9,Medium
2025-05-24,P0046,Tomato,54.7,High
2025-05-25,P0046,Tomato,50.3,High
2025-05-26,P0046,Tomato,52.1,High
2025-05-27,P0046,Tomato,43.5,Medium
2025-05-28,P0046,Tomato,26.8,Medium
2025-05-29,P0046,Tomato,31.6,Medium
2025-05-30,P0046,Tomato,25.8,Medium
2025-05-31,P0046,Tomato,25,Medium
2025-06-01,P0046,Tomato,20.6,Low
2025-06-02,P0046,Tomato,20.4,Low
2025-06-03,P0046,Tomato,22.4,Low
2025-06-04,P0046,Tomato,27.2,Medium
2025-06-05,P0046,Tomato,26.3,Medium
2025-06-06,P0046,Tomato,29,Medium
2025-06-07,P0046,Tomato,21.1,Low
2025-06-08,P0046,Tomato,24.6,Low
2025-06-09,P0046,Tomato,37.9,Medium
2025-06-10,P0046,Tomato,32.2,Medium
2025-06-11,P0046,Tomato,29.5,Medium
2025-06-12,P0046,Tomato,33.2,Medium
2025-06-13,P0046,Tomato,35.9,Medium
2025-06-14,P0046,Tomato,32.9,Medium
2025-06-15,P0046,Tomato,45.5,Medium
2025-06-16,P0046,Tomato,41.7,Medium
2025-06-17,P0046,Tomato,46.8,Medium
2025-06-18,P0046,Tomato,40.5,Medium
2025-06-19,P0046,Tomato,35.6,Medium
2025-06-20,P0046,Tomato,46,Medium
2025-06-21,P0046,Tomato,43.9,Medium
2025-06-22,P0046,Tomato,42.1,Medium
2025-06-23,P0046,Tomato,39.3,Medium
2025-06-24,P0046,Tomato,44.4,Medium
2025-06-25,P0046,Tomato,48.8,Medium
2025-06-26,P0046,Tomato,46.2,Medium
2025-06-27,P0046,Tomato,46.7,Medium
2025-06-28,P0046,Tomato,50,High
2025-06-29,P0046,Tomato,41,Medium
2025-06-30,P0046,Tomato,37.5,Medium
2025-07-01,P0046,Tomato,22,Low
2025-07-02,P0046,Tomato,11.7,Low
2025-07-03,P0046,Tomato,31.6,Medium
2025-07-04,P0046,Tomato,34.4,Medium
2025-07-05,P0046,Tomato,30.5,Medium
2025-07-06,P0046,Tomato,21.1,Low
2025-07-07,P0046,Tomato,27.3,Medium
2025-07-08,P0046,Tomato,34.3,Medium
2025-07-09,P0046,Tomato,34.2,Medium
2025-07-10,P0046,Tomato,24.2,Low
2025-07-11,P0046,Tomato,21,Low
2025-07-12,P0046,Tomato,25.9,Medium
2025-07-13,P0046,Tomato,18.6,Low
2025-07-14,P0046,Tomato,18.9,Low
2025-07-15,P0046,Tomato,20.2,Low
2025-07-16,P0046,Tomato,22.4,Low
2025-07-17,P0046,Tomato,24.4,Low
2025-07-18,P0046,Tomato,18.3,Low
2025-07-19,P0046,Tomato,19,Low
2025-07-20,P0046,Tomato,16.6,Low
2025-07-21,P0046,Tomato,27.3,Medium
2025-07-22,P0046,Tomato,35.8,Medium
2025-07-23,P0046,Tomato,36.9,Medium
2025-07-24,P0046,Tomato,39.4,Medium
2025-07-25,P0046,Tomato,37.2,Medium
2025-07-26,P0046,Tomato,29.6,Medium
2025-07-27,P0046,Tomato,30.1,Medium
2025-07-28,P0046,Tomato,25.6,Medium
2025-07-29,P0046,Tomato,23.8,Low
2025-07-30,P0046,Tomato,20.5,Low
2025-07-31,P0046,Tomato,11,Low
2025-08-01,P0046,Tomato,10.5,Low
2025-08-02,P0046,Tomato,9.5,Low
2025-08-03,P0046,Tomato,10.2,Low
2025-08-04,P0046,Tomato,9.9,Low
2025-08-05,P0046,Tomato,5.7,Low
2025-08-06,P0046,Tomato,2.1,Low
2025-08-07,P0046,Tomato,7,Low
2025-08-08,P0046,Tomato,5.8,Low
2025-08-09,P0046,Tomato,6.6,Low
2025-08-10,P0046,Tomato,14.6,Low
2025-08-11,P0046,Tomato,12.3,Low
2025-08-12,P0046,Tomato,26.1,Medium
2025-08-13,P0046,Tomato,26.7,Medium
2025-08-14,P0046,Tomato,30.8,Medium
2025-08-15,P0046,Tomato,27.3,Medium
2025-08-16,P0046,Tomato,30,Medium
2025-08-17,P0046,Tomato,26.1,Medium
2025-08-18,P0046,Tomato,27.7,Medium
2025-08-19,P0046,Tomato,26.2,Medium
2025-08-20,P0046,Tomato,24.1,Low
2025-08-21,P0046,Tomato,16.3,Low
2025-08-22,P0046,Tomato,27.8,Medium
2025-08-23,P0046,Tomato,28.8,Medium
2025-08-24,P0046,Tomato,30.9,Medium
2025-08-25,P0046,Tomato,28.7,Medium
2025-08-26,P0046,Tomato,29.9,Medium
2025-08-27,P0046,Tomato,32.2,Medium
2025-08-28,P0046,Tomato,45.2,Medium
2025-08-29,P0046,Tomato,38.5,Medium
2025-08-30,P0046,Tomato,32.4,Medium
2025-08-31,P0046,Tomato,35,Medium
2025-09-01,P0046,Tomato,32.3,Medium
2025-09-02,P0046,Tomato,35.1,Medium
2025-09-03,P0046,Tomato,24.8,Low
2025-09-04,P0046,Tomato,23.4,Low
2025-09-05,P0046,Tomato,21.5,Low
2025-09-06,P0046,Tomato,18.4,Low
2025-09-07,P0046,Tomato,16.8,Low
2025-09-08,P0046,Tomato,18.7,Low
2025-09-09,P0046,Tomato,22.2,Low
2025-09-10,P0046,Tomato,20.6,Low
2025-09-11,P0046,Tomato,19.9,Low
2025-09-12,P0046,Tomato,27.8,Medium
2025-02-21,P0047,Pepper,41.1,Medium
2025-02-22,P0047,Pepper,39.3,Medium
2025-02-23,P0047,Pepper,41.6,Medium
2025-02-24,P0047,Pepper,56.1,High
2025-02-25,P0047,Pepper,40.8,Medium
2025-02-26,P0047,Pepper,46.1,Medium
2025-02-27,P0047,Pepper,71.1,High
2025-02-28,P0047,Pepper,77.6,Critical
2025-03-01,P0047,Pepper,74.4,High
2025-03-02,P0047,Pepper,74.2,High
2025-03-03,P0047,Pepper,74.7,High
2025-03-04,P0047,Pepper,64,High
2025-03-05,P0047,Pepper,73.9,High
2025-03-06,P0047,Pepper,68.7,High
2025-03-07,P0047,Pepper,68.5,High
2025-03-08,P0047,Pepper,60.4,High
2025-03-09,P0047,Pepper,57.1,High
2025-03-10,P0047,Pepper,57.6,High
2025-03-11,P0047,Pepper,54.5,High
2025-03-12,P0047,Pepper,44.5,Medium
2025-03-13,P0047,Pepper,46.8,Medium
2025-03-14,P0047,Pepper,45.4,Medium
2025-03-15,P0047,Pepper,43.9,Medium
2025-03-16,P0047,Pepper,53.8,High
2025-03-17,P0047,Pepper,50.3,High
2025-03-18,P0047,Pepper,59.1,High
2025-03-19,P0047,Pepper,55.9,High
2025-03-20,P0047,Pepper,53.6,High
2025-03-21,P0047,Pepper,54.3,High
2025-03-22,P0047,Pepper,46.7,Medium
2025-03-23,P0047,Pepper,47.9,Medium
2025-03-24,P0047,Pepper,40.2,Medium
2025-03-25,P0047,Pepper,48.2,Medium
2025-03-26,P0047,Pepper,43.9,Medium
2025-03-27,P0047,Pepper,48.3,Medium
2025-03-28,P0047,Pepper,49.8,Medium
2025-03-29,P0047,Pepper,56.4,High
2025-03-30,P0047,Pepper,65.4,High
2025-03-31,P0047,Pepper,61.8,High
2025-04-01,P0047,Pepper,57.4,High
2025-04-02,P0047,Pepper,46.1,Medium
2025-04-03,P0047,Pepper,58.2,High
2025-04-04,P0047,Pepper,70.4,High
2025-04-05,P0047,Pepper,67.7,High
2025-04-06,P0047,Pepper,69.6,High
2025-04-07,P0047,Pepper,67.8,High
2025-04-08,P0047,Pepper,66.9,High
2025-04-09,P0047,Pepper,57.9,High
2025-04-10,P0047,Pepper,62,High
2025-04-11,P0047,Pepper,50.1,High
2025-04-12,P0047,Pepper,53.5,High
2025-04-13,P0047,Pepper,54.9,High
2025-04-14,P0047,Pepper,62.2,High
2025-04-15,P0047,Pepper,61.5,High
2025-04-16,P0047,Pepper,56.7,High
2025-04-17,P0047,Pepper,60,High
2025-04-18,P0047,Pepper,64.7,High
2025-04-19,P0047,Pepper,71.3,High
2025-04-20,P0047,Pepper,71.6,High
2025-04-21,P0047,Pepper,69.1,High
2025-04-22,P0047,Pepper,66.4,High
2025-04-23,P0047,Pepper,63.7,High
2025-04-24,P0047,Pepper,65.5,High
2025-04-25,P0047,Pepper,63.4,High
2025-04-26,P0047,Pepper,64.8,High
2025-04-27,P0047,Pepper,54.9,High
2025-04-28,P0047,Pepper,56.6,High
2025-04-29,P0047,Pepper,59.9,High
2025-04-30,P0047,Pepper,59,High
2025-05-01,P0047,Pepper,60.3,High
2025-05-02,P0047,Pepper,61.6,High
2025-05-03,P0047,Pepper,55.7,High
2025-05-04,P0047,Pepper,53.7,High
2025-05-05,P0047,Pepper,42.2,Medium
2025-05-06,P0047,Pepper,58,High
2025-05-07,P0047,Pepper,55.6,High
2025-05-08,P0047,Pepper,47.3,Medium
2025-05-09,P0047,Pepper,49.8,Medium
2025-05-10,P0047,Pepper,53,High
2025-05-11,P0047,Pepper,57.1,High
2025-05-12,P0047,Pepper,53.7,High
2025-05-13,P0047,Pepper,52.7,High
2025-05-14,P0047,Pepper,49.3,Medium
2025-05-15,P0047,Pepper,42.3,Medium
2025-05-16,P0047,Pepper,38.1,Medium
2025-05-17,P0047,Pepper,33.9,Medium
2025-05-18,P0047,Pepper,36.2,Medium
2025-05-19,P0047,Pepper,26.5,Medium
2025-05-20,P0047,Pepper,25.2,Medium
2025-05-21,P0047,Pepper,23.5,Low
2025-05-22,P0047,Pepper,21.5,Low
2025-05-23,P0047,Pepper,22.7,Low
2025-05-24,P0047,Pepper,34,Medium
2025-05-25,P0047,Pepper,30.2,Medium
2025-05-26,P0047,Pepper,40.3,Medium
2025-05-27,P0047,Pepper,34.1,Medium
2025-05-28,P0047,Pepper,39.1,Medium
2025-05-29,P0047,Pepper,37.6,Medium
2025-05-30,P0047,Pepper,43,Medium
2025-05-31,P0047,Pepper,43.9,Medium
2025-06-01,P0047,Pepper,40.3,Medium
2025-06-02,P0047,Pepper,48.7,Medium
2025-06-03,P0047,Pepper,47.7,Medium
2025-06-04,P0047,Pepper,40.7,Medium
2025-06-05,P0047,Pepper,34.1,Medium
2025-06-06,P0047,Pepper,28.2,Medium
2025-06-07,P0047,Pepper,20.5,Low
2025-06-08,P0047,Pepper,28.1,Medium
2025-06-09,P0047,Pepper,25.4,Medium
2025-06-10,P0047,Pepper,27.1,Medium
2025-06-11,P0047,Pepper,24.9,Low
2025-06-12,P0047,Pepper,29,Medium
2025-06-13,P0047,Pepper,38.3,Medium
2025-06-14,P0047,Pepper,36.4,Medium
2025-06-15,P0047,Pepper,41.6,Medium
2025-06-16,P0047,Pepper,45.3,Medium
2025-06-17,P0047,Pepper,41.5,Medium
2025-06-18,P0047,Pepper,50,High
2025-06-19,P0047,Pepper,47.1,Medium
2025-06-20,P0047,Pepper,50.4,High
2025-06-21,P0047,Pepper,46,Medium
2025-06-22,P0047,Pepper,52.1,High
2025-06-23,P0047,Pepper,40.2,Medium
2025-06-24,P0047,Pepper,36.7,Medium
2025-06-25,P0047,Pepper,29.9,Medium
2025-06-26,P0047,Pepper,25,Medium
2025-06-27,P0047,Pepper,32.3,Medium
2025-06-28,P0047,Pepper,30.7,Medium
2025-06-29,P0047,Pepper,29.8,Medium
2025-06-30,P0047,Pepper,43.1,Medium
2025-07-01,P0047,Pepper,43.5,Medium
2025-07-02,P0047,Pepper,36.6,Medium
2025-07-03,P0047,Pepper,58.5,High
2025-07-04,P0047,Pepper,61.2,High
2025-07-05,P0047,Pepper,58.3,High
2025-07-06,P0047,Pepper,62,High
2025-07-07,P0047,Pepper,60.6,High
2025-07-08,P0047,Pepper,46.7,Medium
2025-07-09,P0047,Pepper,54.3,High
2025-07-10,P0047,Pepper,35.7,Medium
2025-07-11,P0047,Pepper,27.2,Medium
2025-07-12,P0047,Pepper,32.2,Medium
2025-07-13,P0047,Pepper,29.6,Medium
2025-07-14,P0047,Pepper,37.8,Medium
2025-07-15,P0047,Pepper,39.5,Medium
2025-07-16,P0047,Pepper,43.4,Medium
2025-07-17,P0047,Pepper,45.3,Medium
2025-07-18,P0047,Pepper,54.6,High
2025-07-19,P0047,Pepper,50.1,High
2025-07-20,P0047,Pepper,46.8,Medium
2025-07-21,P0047,Pepper,55.9,High
2025-07-22,P0047,Pepper,47.4,Medium
2025-07-23,P0047,Pepper,64.6,High
2025-07-24,P0047,Pepper,56.8,High
2025-07-25,P0047,Pepper,63.7,High
2025-07-26,P0047,Pepper,48.8,Medium
2025-07-27,P0047,Pepper,44.1,Medium
2025-07-28,P0047,Pepper,50.7,High
2025-07-29,P0047,Pepper,38.9,Medium
2025-07-30,P0047,Pepper,41.5,Medium
2025-07-31,P0047,Pepper,41.2,Medium
2025-08-01,P0047,Pepper,34.8,Medium
2025-08-02,P0047,Pepper,33.1,Medium
2025-08-03,P0047,Pepper,35.6,Medium
2025-08-04,P0047,Pepper,45.7,Medium
2025-08-05,P0047,Pepper,52.3,High
2025-08-06,P0047,Pepper,45.3,Medium
2025-08-07,P0047,Pepper,38.5,Medium
2025-08-08,P0047,Pepper,36.6,Medium
2025-08-09,P0047,Pepper,47.2,Medium
2025-08-10,P0047,Pepper,38,Medium
2025-08-11,P0047,Pepper,37.1,Medium
2025-08-12,P0047,Pepper,43.2,Medium
2025-08-13,P0047,Pepper,50.3,High
2025-08-14,P0047,Pepper,44.5,Medium
2025-08-15,P0047,Pepper,50,High
2025-08-16,P0047,Pepper,51.8,High
2025-08-17,P0047,Pepper,41.9,Medium
2025-08-18,P0047,Pepper,46.4,Medium
2025-08-19,P0047,Pepper,45.8,Medium
2025-08-20,P0047,Pepper,38.1,Medium
2025-08-21,P0047,Pepper,45.1,Medium
2025-08-22,P0047,Pepper,33.5,Medium
2025-08-23,P0047,Pepper,28.2,Medium
2025-08-24,P0047,Pepper,23,Low
2025-08-25,P0047,Pepper,30.9,Medium
2025-08-26,P0047,Pepper,32.4,Medium
2025-08-27,P0047,Pepper,35.6,Medium
2025-08-28,P0047,Pepper,53.8,High
2025-08-29,P0047,Pepper,51.6,High
2025-08-30,P0047,Pepper,56.4,High
2025-08-31,P0047,Pepper,52.1,High
2025-09-01,P0047,Pepper,48.3,Medium
2025-09-02,P0047,Pepper,59.7,High
2025-09-03,P0047,Pepper,50.8,High
2025-09-04,P0047,Pepper,41.8,Medium
2025-09-05,P0047,Pepper,36,Medium
2025-09-06,P0047,Pepper,31.4,Medium
2025-09-07,P0047,Pepper,32.4,Medium
2025-09-08,P0047,Pepper,25,Medium
2025-09-09,P0047,Pepper,38.5,Medium
2025-09-10,P0047,Pepper,44,Medium
2025-09-11,P0047,Pepper,44.7,Medium
2025-09-12,P0047,Pepper,43.2,Medium
2025-02-21,P0048,Cucumber,36.9,Medium
2025-02-22,P0048,Cucumber,41.3,Medium
2025-02-23,P0048,Cucumber,50.8,High
2025-02-24,P0048,Cucumber,35.9,Medium
2025-02-25,P0048,Cucumber,37.6,Medium
2025-02-26,P0048,Cucumber,47.9,Medium
2025-02-27,P0048,Cucumber,35.6,Medium
2025-02-28,P0048,Cucumber,45.5,Medium
2025-03-01,P0048,Cucumber,54.4,High
2025-03-02,P0048,Cucumber,61.4,High
2025-03-03,P0048,Cucumber,50.1,High
2025-03-04,P0048,Cucumber,54.6,High
2025-03-05,P0048,Cucumber,46.5,Medium
2025-03-06,P0048,Cucumber,48.8,Medium
2025-03-07,P0048,Cucumber,57.8,High
2025-03-08,P0048,Cucumber,54.5,High
2025-03-09,P0048,Cucumber,58,High
2025-03-10,P0048,Cucumber,56.7,High
2025-03-11,P0048,Cucumber,52.1,High
2025-03-12,P0048,Cucumber,49,Medium
2025-03-13,P0048,Cucumber,48.9,Medium
2025-03-14,P0048,Cucumber,56.1,High
2025-03-15,P0048,Cucumber,58.1,High
2025-03-16,P0048,Cucumber,58.4,High
2025-03-17,P0048,Cucumber,59.8,High
2025-03-18,P0048,Cucumber,46.8,Medium
2025-03-19,P0048,Cucumber,51.6,High
2025-03-20,P0048,Cucumber,49.9,Medium
2025-03-21,P0048,Cucumber,51.6,High
2025-03-22,P0048,Cucumber,58.6,High
2025-03-23,P0048,Cucumber,61.1,High
2025-03-24,P0048,Cucumber,56.4,High
2025-03-25,P0048,Cucumber,60.3,High
2025-03-26,P0048,Cucumber,61.1,High
2025-03-27,P0048,Cucumber,59.8,High
2025-03-28,P0048,Cucumber,52.3,High
2025-03-29,P0048,Cucumber,52.6,High
2025-03-30,P0048,Cucumber,55,High
2025-03-31,P0048,Cucumber,56.4,High
2025-04-01,P0048,Cucumber,62.1,High
2025-04-02,P0048,Cucumber,65.3,High
2025-04-03,P0048,Cucumber,70,High
2025-04-04,P0048,Cucumber,68.3,High
2025-04-05,P0048,Cucumber,73.2,High
2025-04-06,P0048,Cucumber,97.2,Critical
2025-04-07,P0048,Cucumber,100,Critical
2025-04-08,P0048,Cucumber,96,Critical
2025-04-09,P0048,Cucumber,86.1,Critical
2025-04-10,P0048,Cucumber,90,Critical
2025-04-11,P0048,Cucumber,86.8,Critical
2025-04-12,P0048,Cucumber,89.6,Critical
2025-04-13,P0048,Cucumber,65.9,High
2025-04-14,P0048,Cucumber,65.7,High
2025-04-15,P0048,Cucumber,55.1,High
2025-04-16,P0048,Cucumber,60.2,High
2025-04-17,P0048,Cucumber,60,High
2025-04-18,P0048,Cucumber,61.1,High
2025-04-19,P0048,Cucumber,62.4,High
2025-04-20,P0048,Cucumber,65,High
2025-04-21,P0048,Cucumber,62,High
2025-04-22,P0048,Cucumber,58.7,High
2025-04-23,P0048,Cucumber,59.2,High
2025-04-24,P0048,Cucumber,59.2,High
2025-04-25,P0048,Cucumber,59.2,High
2025-04-26,P0048,Cucumber,59.7,High
2025-04-27,P0048,Cucumber,58.3,High
2025-04-28,P0048,Cucumber,59.2,High
2025-04-29,P0048,Cucumber,61.3,High
2025-04-30,P0048,Cucumber,61.8,High
2025-05-01,P0048,Cucumber,57.6,High
2025-05-02,P0048,Cucumber,61.4,High
2025-05-03,P0048,Cucumber,56.2,High
2025-05-04,P0048,Cucumber,60.5,High
2025-05-05,P0048,Cucumber,59.1,High
2025-05-06,P0048,Cucumber,52.8,High
2025-05-07,P0048,Cucumber,47.4,Medium
2025-05-08,P0048,Cucumber,55.1,High
2025-05-09,P0048,Cucumber,50.9,High
2025-05-10,P0048,Cucumber,61.6,High
2025-05-11,P0048,Cucumber,68.3,High
2025-05-12,P0048,Cucumber,70.6,High
2025-05-13,P0048,Cucumber,64.5,High
2025-05-14,P0048,Cucumber,60.7,High
2025-05-15,P0048,Cucumber,67.8,High
2025-05-16,P0048,Cucumber,56.4,High
2025-05-17,P0048,Cucumber,62.8,High
2025-05-18,P0048,Cucumber,47.4,Medium
2025-05-19,P0048,Cucumber,54.1,High
2025-05-20,P0048,Cucumber,56.1,High
2025-05-21,P0048,Cucumber,59.4,High
2025-05-22,P0048,Cucumber,63.7,High
2025-05-23,P0048,Cucumber,59.2,High
2025-05-24,P0048,Cucumber,68.5,High
2025-05-25,P0048,Cucumber,71.2,High
2025-05-26,P0048,Cucumber,54.7,High
2025-05-27,P0048,Cucumber,55.4,High
2025-05-28,P0048,Cucumber,49.2,Medium
2025-05-29,P0048,Cucumber,51.5,High
2025-05-30,P0048,Cucumber,49.4,Medium
2025-05-31,P0048,Cucumber,44.8,Medium
2025-06-01,P0048,Cucumber,43.9,Medium
2025-06-02,P0048,Cucumber,49.1,Medium
2025-06-03,P0048,Cucumber,36.3,Medium
2025-06-04,P0048,Cucumber,35.8,Medium
2025-06-05,P0048,Cucumber,29.7,Medium
2025-06-06,P0048,Cucumber,27.1,Medium
2025-06-07,P0048,Cucumber,24.5,Low
2025-06-08,P0048,Cucumber,31.2,Medium
2025-06-09,P0048,Cucumber,27.4,Medium
2025-06-10,P0048,Cucumber,33.1,Medium
2025-06-11,P0048,Cucumber,34.3,Medium
2025-06-12,P0048,Cucumber,42.5,Medium
2025-06-13,P0048,Cucumber,42.8,Medium
2025-06-14,P0048,Cucumber,46.7,Medium
2025-06-15,P0048,Cucumber,54.2,High
2025-06-16,P0048,Cucumber,61.3,High
2025-06-17,P0048,Cucumber,71.6,High
2025-06-18,P0048,Cucumber,64,High
2025-06-19,P0048,Cucumber,74,High
2025-06-20,P0048,Cucumber,54.6,High
2025-06-21,P0048,Cucumber,53.9,High
2025-06-22,P0048,Cucumber,53.3,High
2025-06-23,P0048,Cucumber,53.8,High
2025-06-24,P0048,Cucumber,36.1,Medium
2025-06-25,P0048,Cucumber,30,Medium
2025-06-26,P0048,Cucumber,31.4,Medium
2025-06-27,P0048,Cucumber,35.5,Medium
2025-06-28,P0048,Cucumber,39.1,Medium
2025-06-29,P0048,Cucumber,38.6,Medium
2025-06-30,P0048,Cucumber,44.5,Medium
2025-07-01,P0048,Cucumber,37.3,Medium
2025-07-02,P0048,Cucumber,31.1,Medium
2025-07-03,P0048,Cucumber,30.9,Medium
2025-07-04,P0048,Cucumber,33.5,Medium
2025-07-05,P0048,Cucumber,44,Medium
2025-07-06,P0048,Cucumber,43.8,Medium
2025-07-07,P0048,Cucumber,42.5,Medium
2025-07-08,P0048,Cucumber,43.6,Medium
2025-07-09,P0048,Cucumber,37.4,Medium
2025-07-10,P0048,Cucumber,36.5,Medium
2025-07-11,P0048,Cucumber,29.1,Medium
2025-07-12,P0048,Cucumber,38.1,Medium
2025-07-13,P0048,Cucumber,33,Medium
2025-07-14,P0048,Cucumber,32.7,Medium
2025-07-15,P0048,Cucumber,31.7,Medium
2025-07-16,P0048,Cucumber,29.8,Medium
2025-07-17,P0048,Cucumber,29.6,Medium
2025-07-18,P0048,Cucumber,46.2,Medium
2025-07-19,P0048,Cucumber,35.9,Medium
2025-07-20,P0048,Cucumber,36.2,Medium
2025-07-21,P0048,Cucumber,53.2,High
2025-07-22,P0048,Cucumber,62.4,High
2025-07-23,P0048,Cucumber,73,High
2025-07-24,P0048,Cucumber,65.7,High
2025-07-25,P0048,Cucumber,58,High
2025-07-26,P0048,Cucumber,49.7,Medium
2025-07-27,P0048,Cucumber,43.2,Medium
2025-07-28,P0048,Cucumber,47.2,Medium
2025-07-29,P0048,Cucumber,43.6,Medium
2025-07-30,P0048,Cucumber,41.6,Medium
2025-07-31,P0048,Cucumber,29.9,Medium
2025-08-01,P0048,Cucumber,35.9,Medium
2025-08-02,P0048,Cucumber,22.3,Low
2025-08-03,P0048,Cucumber,24.8,Low
2025-08-04,P0048,Cucumber,30,Medium
2025-08-05,P0048,Cucumber,32,Medium
2025-08-06,P0048,Cucumber,43.5,Medium
2025-08-07,P0048,Cucumber,43.4,Medium
2025-08-08,P0048,Cucumber,54.2,High
2025-08-09,P0048,Cucumber,55.4,High
2025-08-10,P0048,Cucumber,50.2,High
2025-08-11,P0048,Cucumber,49.7,Medium
2025-08-12,P0048,Cucumber,53.4,High
2025-08-13,P0048,Cucumber,47.8,Medium
2025-08-14,P0048,Cucumber,39.3,Medium
2025-08-15,P0048,Cucumber,34.6,Medium
2025-08-16,P0048,Cucumber,35,Medium
2025-08-17,P0048,Cucumber,35.8,Medium
2025-08-18,P0048,Cucumber,34.3,Medium
2025-08-19,P0048,Cucumber,35,Medium
2025-08-20,P0048,Cucumber,20.6,Low
2025-08-21,P0048,Cucumber,21.1,Low
2025-08-22,P0048,Cucumber,23.1,Low
2025-08-23,P0048,Cucumber,27.4,Medium
2025-08-24,P0048,Cucumber,25.7,Medium
2025-08-25,P0048,Cucumber,34.2,Medium
2025-08-26,P0048,Cucumber,40.1,Medium
2025-08-27,P0048,Cucumber,54.3,High
2025-08-28,P0048,Cucumber,45.7,Medium
2025-08-29,P0048,Cucumber,59.3,High
2025-08-30,P0048,Cucumber,57.4,High
2025-08-31,P0048,Cucumber,47.1,Medium
2025-09-01,P0048,Cucumber,54.4,High
2025-09-02,P0048,Cucumber,40.2,Medium
2025-09-03,P0048,Cucumber,40.6,Medium
2025-09-04,P0048,Cucumber,41.1,Medium
2025-09-05,P0048,Cucumber,40.2,Medium
2025-09-06,P0048,Cucumber,41.3,Medium
2025-09-07,P0048,Cucumber,45.2,Medium
2025-09-08,P0048,Cucumber,43.2,Medium
2025-09-09,P0048,Cucumber,40.5,Medium
2025-09-10,P0048,Cucumber,53.9,High
2025-09-11,P0048,Cucumber,30.5,Medium
2025-09-12,P0048,Cucumber,35.8,Medium
2025-02-21,P0049,Pepper,32.9,Medium
2025-02-22,P0049,Pepper,35.2,Medium
2025-02-23,P0049,Pepper,44.7,Medium
2025-02-24,P0049,Pepper,46.1,Medium
2025-02-25,P0049,Pepper,46.8,Medium
2025-02-26,P0049,Pepper,48.6,Medium
2025-02-27,P0049,Pepper,57.8,High
2025-02-28,P0049,Pepper,67.7,High
2025-03-01,P0049,Pepper,64.6,High
2025-03-02,P0049,Pepper,60.3,High
2025-03-03,P0049,Pepper,56.5,High
2025-03-04,P0049,Pepper,60.6,High
2025-03-05,P0049,Pepper,61.7,High
2025-03-06,P0049,Pepper,52.4,High
2025-03-07,P0049,Pepper,48.1,Medium
2025-03-08,P0049,Pepper,50,High
2025-03-09,P0049,Pepper,53.8,High
2025-03-10,P0049,Pepper,53.4,High
2025-03-11,P0049,Pepper,43.2,Medium
2025-03-12,P0049,Pepper,35.2,Medium
2025-03-13,P0049,Pepper,42.1,Medium
2025-03-14,P0049,Pepper,39.7,Medium
2025-03-15,P0049,Pepper,48.7,Medium
2025-03-16,P0049,Pepper,57.5,High
2025-03-17,P0049,Pepper,56.8,High
2025-03-18,P0049,Pepper,58.9,High
2025-03-19,P0049,Pepper,63.4,High
2025-03-20,P0049,Pepper,63.8,High
2025-03-21,P0049,Pepper,63.3,High
2025-03-22,P0049,Pepper,57.1,High
2025-03-23,P0049,Pepper,53.7,High
2025-03-24,P0049,Pepper,55.1,High
2025-03-25,P0049,Pepper,57.9,High
2025-03-26,P0049,Pepper,49.2,Medium
2025-03-27,P0049,Pepper,44.7,Medium
2025-03-28,P0049,Pepper,53.1,High
2025-03-29,P0049,Pepper,57.1,High
2025-03-30,P0049,Pepper,54.4,High
2025-03-31,P0049,Pepper,58.1,High
2025-04-01,P0049,Pepper,61.9,High
2025-04-02,P0049,Pepper,65.1,High
2025-04-03,P0049,Pepper,68.7,High
2025-04-04,P0049,Pepper,71.2,High
2025-04-05,P0049,Pepper,68,High
2025-04-06,P0049,Pepper,76.3,Critical
2025-04-07,P0049,Pepper,79.4,Critical
2025-04-08,P0049,Pepper,76.5,Critical
2025-04-09,P0049,Pepper,76.3,Critical
2025-04-10,P0049,Pepper,62.5,High
2025-04-11,P0049,Pepper,65.3,High
2025-04-12,P0049,Pepper,64.9,High
2025-04-13,P0049,Pepper,62.5,High
2025-04-14,P0049,Pepper,53.2,High
2025-04-15,P0049,Pepper,49.5,Medium
2025-04-16,P0049,Pepper,52.4,High
2025-04-17,P0049,Pepper,44.5,Medium
2025-04-18,P0049,Pepper,49.4,Medium
2025-04-19,P0049,Pepper,47.2,Medium
2025-04-20,P0049,Pepper,53.9,High
2025-04-21,P0049,Pepper,63.1,High
2025-04-22,P0049,Pepper,61.9,High
2025-04-23,P0049,Pepper,56.3,High
2025-04-24,P0049,Pepper,46.3,Medium
2025-04-25,P0049,Pepper,55.5,High
2025-04-26,P0049,Pepper,65.4,High
2025-04-27,P0049,Pepper,68.7,High
2025-04-28,P0049,Pepper,60,High
2025-04-29,P0049,Pepper,62.2,High
2025-04-30,P0049,Pepper,53.6,High
2025-05-01,P0049,Pepper,61.4,High
2025-05-02,P0049,Pepper,60.8,High
2025-05-03,P0049,Pepper,55,High
2025-05-04,P0049,Pepper,53.9,High
2025-05-05,P0049,Pepper,46.8,Medium
2025-05-06,P0049,Pepper,40.3,Medium
2025-05-07,P0049,Pepper,48.9,Medium
2025-05-08,P0049,Pepper,44,Medium
2025-05-09,P0049,Pepper,41.8,Medium
2025-05-10,P0049,Pepper,52.6,High
2025-05-11,P0049,Pepper,54.5,High
2025-05-12,P0049,Pepper,50.6,High
2025-05-13,P0049,Pepper,57.1,High
2025-05-14,P0049,Pepper,53.4,High
2025-05-15,P0049,Pepper,57.9,High
2025-05-16,P0049,Pepper,49.8,Medium
2025-05-17,P0049,Pepper,50.3,High
2025-05-18,P0049,Pepper,52.3,High
2025-05-19,P0049,Pepper,56.1,High
2025-05-20,P0049,Pepper,41.5,Medium
2025-05-21,P0049,Pepper,55.6,High
2025-05-22,P0049,Pepper,60.3,High
2025-05-23,P0049,Pepper,59.8,High
2025-05-24,P0049,Pepper,58.9,High
2025-05-25,P0049,Pepper,61.5,High
2025-05-26,P0049,Pepper,49.6,Medium
2025-05-27,P0049,Pepper,47.3,Medium
2025-05-28,P0049,Pepper,34.1,Medium
2025-05-29,P0049,Pepper,37.5,Medium
2025-05-30,P0049,Pepper,38.9,Medium
2025-05-31,P0049,Pepper,40.2,Medium
2025-06-01,P0049,Pepper,33.2,Medium
2025-06-02,P0049,Pepper,35.5,Medium
2025-06-03,P0049,Pepper,41.8,Medium
2025-06-04,P0049,Pepper,36,Medium
2025-06-05,P0049,Pepper,29.6,Medium
2025-06-06,P0049,Pepper,25.6,Medium
2025-06-07,P0049,Pepper,25.6,Medium
2025-06-08,P0049,Pepper,26.1,Medium
2025-06-09,P0049,Pepper,34.1,Medium
2025-06-10,P0049,Pepper,25.4,Medium
2025-06-11,P0049,Pepper,26.4,Medium
2025-06-12,P0049,Pepper,37.3,Medium
2025-06-13,P0049,Pepper,43.6,Medium
2025-06-14,P0049,Pepper,43,Medium
2025-06-15,P0049,Pepper,55,High
2025-06-16,P0049,Pepper,66.7,High
2025-06-17,P0049,Pepper,65.9,High
2025-06-18,P0049,Pepper,63,High
2025-06-19,P0049,Pepper,60.8,High
2025-06-20,P0049,Pepper,44.5,Medium
2025-06-21,P0049,Pepper,44.2,Medium
2025-06-22,P0049,Pepper,38.9,Medium
2025-06-23,P0049,Pepper,44.1,Medium
2025-06-24,P0049,Pepper,48.5,Medium
2025-06-25,P0049,Pepper,49.6,Medium
2025-06-26,P0049,Pepper,43.2,Medium
2025-06-27,P0049,Pepper,41.9,Medium
2025-06-28,P0049,Pepper,32.4,Medium
2025-06-29,P0049,Pepper,24.6,Low
2025-06-30,P0049,Pepper,32.2,Medium
2025-07-01,P0049,Pepper,29.2,Medium
2025-07-02,P0049,Pepper,42.5,Medium
2025-07-03,P0049,Pepper,52.5,High
2025-07-04,P0049,Pepper,57.1,High
2025-07-05,P0049,Pepper,53.5,High
2025-07-06,P0049,Pepper,57.9,High
2025-07-07,P0049,Pepper,67.6,High
2025-07-08,P0049,Pepper,53,High
2025-07-09,P0049,Pepper,58,High
2025-07-10,P0049,Pepper,50.2,High
2025-07-11,P0049,Pepper,50.2,High
2025-07-12,P0049,Pepper,30,Medium
2025-07-13,P0049,Pepper,29.9,Medium
2025-07-14,P0049,Pepper,32.9,Medium
2025-07-15,P0049,Pepper,33.3,Medium
2025-07-16,P0049,Pepper,42.7,Medium
2025-07-17,P0049,Pepper,39.7,Medium
2025-07-18,P0049,Pepper,40.5,Medium
2025-07-19,P0049,Pepper,43.7,Medium
2025-07-20,P0049,Pepper,45.3,Medium
2025-07-21,P0049,Pepper,39.8,Medium
2025-07-22,P0049,Pepper,56.8,High
2025-07-23,P0049,Pepper,43.2,Medium
2025-07-24,P0049,Pepper,44.3,Medium
2025-07-25,P0049,Pepper,43.4,Medium
2025-07-26,P0049,Pepper,54,High
2025-07-27,P0049,Pepper,57.2,High
2025-07-28,P0049,Pepper,60.9,High
2025-07-29,P0049,Pepper,54.2,High
2025-07-30,P0049,Pepper,48.6,Medium
2025-07-31,P0049,Pepper,40.9,Medium
2025-08-01,P0049,Pepper,42.7,Medium
2025-08-02,P0049,Pepper,48.8,Medium
2025-08-03,P0049,Pepper,35.5,Medium
2025-08-04,P0049,Pepper,40.2,Medium
2025-08-05,P0049,Pepper,39,Medium
2025-08-06,P0049,Pepper,43.2,Medium
2025-08-07,P0049,Pepper,40.1,Medium
2025-08-08,P0049,Pepper,38.9,Medium
2025-08-09,P0049,Pepper,36,Medium
2025-08-10,P0049,Pepper,49.3,Medium
2025-08-11,P0049,Pepper,45.7,Medium
2025-08-12,P0049,Pepper,40.5,Medium
2025-08-13,P0049,Pepper,42.1,Medium
2025-08-14,P0049,Pepper,40.7,Medium
2025-08-15,P0049,Pepper,37.1,Medium
2025-08-16,P0049,Pepper,40,Medium
2025-08-17,P0049,Pepper,36.6,Medium
2025-08-18,P0049,Pepper,43.8,Medium
2025-08-19,P0049,Pepper,32.6,Medium
2025-08-20,P0049,Pepper,36,Medium
2025-08-21,P0049,Pepper,36.4,Medium
2025-08-22,P0049,Pepper,37.2,Medium
2025-08-23,P0049,Pepper,30.5,Medium
2025-08-24,P0049,Pepper,33.8,Medium
2025-08-25,P0049,Pepper,35.8,Medium
2025-08-26,P0049,Pepper,46.5,Medium
2025-08-27,P0049,Pepper,51.2,High
2025-08-28,P0049,Pepper,56.2,High
2025-08-29,P0049,Pepper,61.9,High
2025-08-30,P0049,Pepper,54,High
2025-08-31,P0049,Pepper,50.8,High
2025-09-01,P0049,Pepper,44.1,Medium
2025-09-02,P0049,Pepper,47.2,Medium
2025-09-03,P0049,Pepper,42.4,Medium
2025-09-04,P0049,Pepper,44.9,Medium
2025-09-05,P0049,Pepper,54.5,High
2025-09-06,P0049,Pepper,48.3,Medium
2025-09-07,P0049,Pepper,54.4,High
2025-09-08,P0049,Pepper,52.6,High
2025-09-09,P0049,Pepper,52.3,High
2025-09-10,P0049,Pepper,48.9,Medium
2025-09-11,P0049,Pepper,49.1,Medium
2025-09-12,P0049,Pepper,30.8,Medium
2025-02-21,P0050,Strawberry,16.9,Low
2025-02-22,P0050,Strawberry,26.4,Medium
2025-02-23,P0050,Strawberry,31.3,Medium
2025-02-24,P0050,Strawberry,27.6,Medium
2025-02-25,P0050,Strawberry,32.9,Medium
2025-02-26,P0050,Strawberry,38.2,Medium
2025-02-27,P0050,Strawberry,46.3,Medium
2025-02-28,P0050,Strawberry,46.9,Medium
2025-03-01,P0050,Strawberry,59.7,High
2025-03-02,P0050,Strawberry,51.4,High
2025-03-03,P0050,Strawberry,42.6,Medium
2025-03-04,P0050,Strawberry,44.1,Medium
2025-03-05,P0050,Strawberry,49.4,Medium
2025-03-06,P0050,Strawberry,47.9,Medium
2025-03-07,P0050,Strawberry,51.2,High
2025-03-08,P0050,Strawberry,39.5,Medium
2025-03-09,P0050,Strawberry,37.2,Medium
2025-03-10,P0050,Strawberry,38.5,Medium
2025-03-11,P0050,Strawberry,35.6,Medium
2025-03-12,P0050,Strawberry,37.1,Medium
2025-03-13,P0050,Strawberry,28.6,Medium
2025-03-14,P0050,Strawberry,32.2,Medium
2025-03-15,P0050,Strawberry,35.5,Medium
2025-03-16,P0050,Strawberry,41,Medium
2025-03-17,P0050,Strawberry,36.5,Medium
2025-03-18,P0050,Strawberry,41.6,Medium
2025-03-19,P0050,Strawberry,44,Medium
2025-03-20,P0050,Strawberry,47.5,Medium
2025-03-21,P0050,Strawberry,54.5,High
2025-03-22,P0050,Strawberry,48.6,Medium
2025-03-23,P0050,Strawberry,46.3,Medium
2025-03-24,P0050,Strawberry,45,Medium
2025-03-25,P0050,Strawberry,50.3,High
2025-03-26,P0050,Strawberry,41.7,Medium
2025-03-27,P0050,Strawberry,38.5,Medium
2025-03-28,P0050,Strawberry,36.9,Medium
2025-03-29,P0050,Strawberry,35.5,Medium
2025-03-30,P0050,Strawberry,33.6,Medium
2025-03-31,P0050,Strawberry,33.1,Medium
2025-04-01,P0050,Strawberry,39.6,Medium
2025-04-02,P0050,Strawberry,43.1,Medium
2025-04-03,P0050,Strawberry,45.5,Medium
2025-04-04,P0050,Strawberry,59.9,High
2025-04-05,P0050,Strawberry,50,High
2025-04-06,P0050,Strawberry,59.1,High
2025-04-07,P0050,Strawberry,63.2,High
2025-04-08,P0050,Strawberry,56.2,High
2025-04-09,P0050,Strawberry,55.9,High
2025-04-10,P0050,Strawberry,57.2,High
2025-04-11,P0050,Strawberry,53.8,High
2025-04-12,P0050,Strawberry,56.9,High
2025-04-13,P0050,Strawberry,40.8,Medium
2025-04-14,P0050,Strawberry,43.1,Medium
2025-04-15,P0050,Strawberry,44.6,Medium
2025-04-16,P0050,Strawberry,42.4,Medium
2025-04-17,P0050,Strawberry,39.3,Medium
2025-04-18,P0050,Strawberry,38.6,Medium
2025-04-19,P0050,Strawberry,42.9,Medium
2025-04-20,P0050,Strawberry,33.8,Medium
2025-04-21,P0050,Strawberry,32.8,Medium
2025-04-22,P0050,Strawberry,61.4,High
2025-04-23,P0050,Strawberry,53.8,High
2025-04-24,P0050,Strawberry,56.9,High
2025-04-25,P0050,Strawberry,56.8,High
2025-04-26,P0050,Strawberry,60.7,High
2025-04-27,P0050,Strawberry,59.4,High
2025-04-28,P0050,Strawberry,47.3,Medium
2025-04-29,P0050,Strawberry,44.6,Medium
2025-04-30,P0050,Strawberry,36.4,Medium
2025-05-01,P0050,Strawberry,41.6,Medium
2025-05-02,P0050,Strawberry,35.6,Medium
2025-05-03,P0050,Strawberry,37.4,Medium
2025-05-04,P0050,Strawberry,26.3,Medium
2025-05-05,P0050,Strawberry,27.7,Medium
2025-05-06,P0050,Strawberry,34.7,Medium
2025-05-07,P0050,Strawberry,26.4,Medium
2025-05-08,P0050,Strawberry,39.9,Medium
2025-05-09,P0050,Strawberry,22.9,Low
2025-05-10,P0050,Strawberry,31.6,Medium
2025-05-11,P0050,Strawberry,31.4,Medium
2025-05-12,P0050,Strawberry,47.3,Medium
2025-05-13,P0050,Strawberry,42.4,Medium
2025-05-14,P0050,Strawberry,40.9,Medium
2025-05-15,P0050,Strawberry,41.2,Medium
2025-05-16,P0050,Strawberry,42.5,Medium
2025-05-17,P0050,Strawberry,42.5,Medium
2025-05-18,P0050,Strawberry,29.8,Medium
2025-05-19,P0050,Strawberry,23.2,Low
2025-05-20,P0050,Strawberry,35.5,Medium
2025-05-21,P0050,Strawberry,25.3,Medium
2025-05-22,P0050,Strawberry,30.4,Medium
2025-05-23,P0050,Strawberry,30,Medium
2025-05-24,P0050,Strawberry,29.2,Medium
2025-05-25,P0050,Strawberry,42.2,Medium
2025-05-26,P0050,Strawberry,38,Medium
2025-05-27,P0050,Strawberry,27.3,Medium
2025-05-28,P0050,Strawberry,27.8,Medium
2025-05-29,P0050,Strawberry,22.6,Low
2025-05-30,P0050,Strawberry,27.4,Medium
2025-05-31,P0050,Strawberry,19.7,Low
2025-06-01,P0050,Strawberry,20.2,Low
2025-06-02,P0050,Strawberry,18.8,Low
2025-06-03,P0050,Strawberry,27.9,Medium
2025-06-04,P0050,Strawberry,23.3,Low
2025-06-05,P0050,Strawberry,22.8,Low
2025-06-06,P0050,Strawberry,35.9,Medium
2025-06-07,P0050,Strawberry,31.1,Medium
2025-06-08,P0050,Strawberry,29.1,Medium
2025-06-09,P0050,Strawberry,24.1,Low
2025-06-10,P0050,Strawberry,23.2,Low
2025-06-11,P0050,Strawberry,32.3,Medium
2025-06-12,P0050,Strawberry,29.6,Medium
2025-06-13,P0050,Strawberry,29.1,Medium
2025-06-14,P0050,Strawberry,28.9,Medium
2025-06-15,P0050,Strawberry,37.8,Medium
2025-06-16,P0050,Strawberry,36.4,Medium
2025-06-17,P0050,Strawberry,52.3,High
2025-06-18,P0050,Strawberry,23.8,Low
2025-06-19,P0050,Strawberry,17.6,Low
2025-06-20,P0050,Strawberry,22.1,Low
2025-06-21,P0050,Strawberry,25.7,Medium
2025-06-22,P0050,Strawberry,27.5,Medium
2025-06-23,P0050,Strawberry,21.6,Low
2025-06-24,P0050,Strawberry,25.5,Medium
2025-06-25,P0050,Strawberry,15.6,Low
2025-06-26,P0050,Strawberry,16.7,Low
2025-06-27,P0050,Strawberry,17.4,Low
2025-06-28,P0050,Strawberry,14.2,Low
2025-06-29,P0050,Strawberry,14.2,Low
2025-06-30,P0050,Strawberry,13,Low
2025-07-01,P0050,Strawberry,16.4,Low
2025-07-02,P0050,Strawberry,12.9,Low
2025-07-03,P0050,Strawberry,21,Low
2025-07-04,P0050,Strawberry,18.2,Low
2025-07-05,P0050,Strawberry,24.3,Low
2025-07-06,P0050,Strawberry,28.8,Medium
2025-07-07,P0050,Strawberry,20.6,Low
2025-07-08,P0050,Strawberry,16.6,Low
2025-07-09,P0050,Strawberry,19.1,Low
2025-07-10,P0050,Strawberry,26.7,Medium
2025-07-11,P0050,Strawberry,30.7,Medium
2025-07-12,P0050,Strawberry,34.9,Medium
2025-07-13,P0050,Strawberry,28.7,Medium
2025-07-14,P0050,Strawberry,36.6,Medium
2025-07-15,P0050,Strawberry,33.1,Medium
2025-07-16,P0050,Strawberry,38.9,Medium
2025-07-17,P0050,Strawberry,27.8,Medium
2025-07-18,P0050,Strawberry,26.9,Medium
2025-07-19,P0050,Strawberry,27.3,Medium
2025-07-20,P0050,Strawberry,26.7,Medium
2025-07-21,P0050,Strawberry,25.4,Medium
2025-07-22,P0050,Strawberry,35.5,Medium
2025-07-23,P0050,Strawberry,37.2,Medium
2025-07-24,P0050,Strawberry,31.3,Medium
2025-07-25,P0050,Strawberry,25.6,Medium
2025-07-26,P0050,Strawberry,18.5,Low
2025-07-27,P0050,Strawberry,17.5,Low
2025-07-28,P0050,Strawberry,30.1,Medium
2025-07-29,P0050,Strawberry,26.2,Medium
2025-07-30,P0050,Strawberry,23.6,Low
2025-07-31,P0050,Strawberry,30,Medium
2025-08-01,P0050,Strawberry,22.8,Low
2025-08-02,P0050,Strawberry,30.5,Medium
2025-08-03,P0050,Strawberry,24,Low
2025-08-04,P0050,Strawberry,21.7,Low
2025-08-05,P0050,Strawberry,13.4,Low
2025-08-06,P0050,Strawberry,12.4,Low
2025-08-07,P0050,Strawberry,25.9,Medium
2025-08-08,P0050,Strawberry,28.1,Medium
2025-08-09,P0050,Strawberry,27.1,Medium
2025-08-10,P0050,Strawberry,24.6,Low
2025-08-11,P0050,Strawberry,22,Low
2025-08-12,P0050,Strawberry,20.3,Low
2025-08-13,P0050,Strawberry,18,Low
2025-08-14,P0050,Strawberry,18.3,Low
2025-08-15,P0050,Strawberry,26.1,Medium
2025-08-16,P0050,Strawberry,30.2,Medium
2025-08-17,P0050,Strawberry,26.2,Medium
2025-08-18,P0050,Strawberry,25.8,Medium
2025-08-19,P0050,Strawberry,28.2,Medium
2025-08-20,P0050,Strawberry,34.1,Medium
2025-08-21,P0050,Strawberry,29.5,Medium
2025-08-22,P0050,Strawberry,26.6,Medium
2025-08-23,P0050,Strawberry,38.2,Medium
2025-08-24,P0050,Strawberry,35.3,Medium
2025-08-25,P0050,Strawberry,36.5,Medium
2025-08-26,P0050,Strawberry,51.8,High
2025-08-27,P0050,Strawberry,49.2,Medium
2025-08-28,P0050,Strawberry,49.2,Medium
2025-08-29,P0050,Strawberry,39.5,Medium
2025-08-30,P0050,Strawberry,45.9,Medium
2025-08-31,P0050,Strawberry,46.4,Medium
2025-09-01,P0050,Strawberry,32.2,Medium
2025-09-02,P0050,Strawberry,36.9,Medium
2025-09-03,P0050,Strawberry,38.9,Medium
2025-09-04,P0050,Strawberry,26.4,Medium
2025-09-05,P0050,Strawberry,23.3,Low
2025-09-06,P0050,Strawberry,18.7,Low
2025-09-07,P0050,Strawberry,18.5,Low
2025-09-08,P0050,Strawberry,20.3,Low
2025-09-09,P0050,Strawberry,18.7,Low
2025-09-10,P0050,Strawberry,7.9,Low
2025-09-11,P0050,Strawberry,13.4,Low
2025-09-12,P0050,Strawberry,17.4,Low
2025-02-21,P0051,Tomato,29.1,Medium
2025-02-22,P0051,Tomato,43.1,Medium
2025-02-23,P0051,Tomato,37.5,Medium
2025-02-24,P0051,Tomato,34.7,Medium
2025-02-25,P0051,Tomato,42.3,Medium
2025-02-26,P0051,Tomato,51.8,High
2025-02-27,P0051,Tomato,41.9,Medium
2025-02-28,P0051,Tomato,38.7,Medium
2025-03-01,P0051,Tomato,38.7,Medium
2025-03-02,P0051,Tomato,33,Medium
2025-03-03,P0051,Tomato,37.2,Medium
2025-03-04,P0051,Tomato,46.9,Medium
2025-03-05,P0051,Tomato,48.9,Medium
2025-03-06,P0051,Tomato,46.2,Medium
2025-03-07,P0051,Tomato,50.1,High
2025-03-08,P0051,Tomato,52.3,High
2025-03-09,P0051,Tomato,46.8,Medium
2025-03-10,P0051,Tomato,45.5,Medium
2025-03-11,P0051,Tomato,49.5,Medium
2025-03-12,P0051,Tomato,42.7,Medium
2025-03-13,P0051,Tomato,32.2,Medium
2025-03-14,P0051,Tomato,36.6,Medium
2025-03-15,P0051,Tomato,39,Medium
2025-03-16,P0051,Tomato,38.4,Medium
2025-03-17,P0051,Tomato,44,Medium
2025-03-18,P0051,Tomato,45.2,Medium
2025-03-19,P0051,Tomato,44.9,Medium
2025-03-20,P0051,Tomato,44.6,Medium
2025-03-21,P0051,Tomato,41.6,Medium
2025-03-22,P0051,Tomato,38.6,Medium
2025-03-23,P0051,Tomato,43.7,Medium
2025-03-24,P0051,Tomato,38,Medium
2025-03-25,P0051,Tomato,38.3,Medium
2025-03-26,P0051,Tomato,35.5,Medium
2025-03-27,P0051,Tomato,38.4,Medium
2025-03-28,P0051,Tomato,55.4,High
2025-03-29,P0051,Tomato,55.2,High
2025-03-30,P0051,Tomato,50.9,High
2025-03-31,P0051,Tomato,57,High
2025-04-01,P0051,Tomato,56.2,High
2025-04-02,P0051,Tomato,55.4,High
2025-04-03,P0051,Tomato,59.3,High
2025-04-04,P0051,Tomato,51.6,High
2025-04-05,P0051,Tomato,47.6,Medium
2025-04-06,P0051,Tomato,64.8,High
2025-04-07,P0051,Tomato,58.2,High
2025-04-08,P0051,Tomato,57.6,High
2025-04-09,P0051,Tomato,50.3,High
2025-04-10,P0051,Tomato,51.5,High
2025-04-11,P0051,Tomato,48,Medium
2025-04-12,P0051,Tomato,43.7,Medium
2025-04-13,P0051,Tomato,44.1,Medium
2025-04-14,P0051,Tomato,33.8,Medium
2025-04-15,P0051,Tomato,33.1,Medium
2025-04-16,P0051,Tomato,41.3,Medium
2025-04-17,P0051,Tomato,49.3,Medium
2025-04-18,P0051,Tomato,51.8,High
2025-04-19,P0051,Tomato,47.7,Medium
2025-04-20,P0051,Tomato,47.4,Medium
2025-04-21,P0051,Tomato,56,High
2025-04-22,P0051,Tomato,48.5,Medium
2025-04-23,P0051,Tomato,50.8,High
2025-04-24,P0051,Tomato,32,Medium
2025-04-25,P0051,Tomato,38.1,Medium
2025-04-26,P0051,Tomato,37.4,Medium
2025-04-27,P0051,Tomato,37.4,Medium
2025-04-28,P0051,Tomato,35.6,Medium
2025-04-29,P0051,Tomato,36,Medium
2025-04-30,P0051,Tomato,42.3,Medium
2025-05-01,P0051,Tomato,35.4,Medium
2025-05-02,P0051,Tomato,45.9,Medium
2025-05-03,P0051,Tomato,43.3,Medium
2025-05-04,P0051,Tomato,43,Medium
2025-05-05,P0051,Tomato,49.8,Medium
2025-05-06,P0051,Tomato,46.1,Medium
2025-05-07,P0051,Tomato,50.9,High
2025-05-08,P0051,Tomato,53.1,High
2025-05-09,P0051,Tomato,48.5,Medium
2025-05-10,P0051,Tomato,49.2,Medium
2025-05-11,P0051,Tomato,63.1,High
2025-05-12,P0051,Tomato,60.3,High
2025-05-13,P0051,Tomato,44.4,Medium
2025-05-14,P0051,Tomato,37.9,Medium
2025-05-15,P0051,Tomato,28.9,Medium
2025-05-16,P0051,Tomato,30.3,Medium
2025-05-17,P0051,Tomato,28.3,Medium
2025-05-18,P0051,Tomato,34.9,Medium
2025-05-19,P0051,Tomato,35.8,Medium
2025-05-20,P0051,Tomato,25.6,Medium
2025-05-21,P0051,Tomato,18,Low
2025-05-22,P0051,Tomato,14.2,Low
2025-05-23,P0051,Tomato,24.5,Low
2025-05-24,P0051,Tomato,24,Low
2025-05-25,P0051,Tomato,32.1,Medium
2025-05-26,P0051,Tomato,28.3,Medium
2025-05-27,P0051,Tomato,26.2,Medium
2025-05-28,P0051,Tomato,38.1,Medium
2025-05-29,P0051,Tomato,37.9,Medium
2025-05-30,P0051,Tomato,39.4,Medium
2025-05-31,P0051,Tomato,30.5,Medium
2025-06-01,P0051,Tomato,26.7,Medium
2025-06-02,P0051,Tomato,30.6,Medium
2025-06-03,P0051,Tomato,29,Medium
2025-06-04,P0051,Tomato,36.9,Medium
2025-06-05,P0051,Tomato,31.7,Medium
2025-06-06,P0051,Tomato,31.2,Medium
2025-06-07,P0051,Tomato,37,Medium
2025-06-08,P0051,Tomato,42.2,Medium
2025-06-09,P0051,Tomato,40.1,Medium
2025-06-10,P0051,Tomato,45.1,Medium
2025-06-11,P0051,Tomato,20.5,Low
2025-06-12,P0051,Tomato,29.7,Medium
2025-06-13,P0051,Tomato,40.3,Medium
2025-06-14,P0051,Tomato,34.3,Medium
2025-06-15,P0051,Tomato,35.3,Medium
2025-06-16,P0051,Tomato,43.9,Medium
2025-06-17,P0051,Tomato,56,High
2025-06-18,P0051,Tomato,46.1,Medium
2025-06-19,P0051,Tomato,40.8,Medium
2025-06-20,P0051,Tomato,32.7,Medium
2025-06-21,P0051,Tomato,33,Medium
2025-06-22,P0051,Tomato,33.1,Medium
2025-06-23,P0051,Tomato,37.5,Medium
2025-06-24,P0051,Tomato,32.4,Medium
2025-06-25,P0051,Tomato,26.3,Medium
2025-06-26,P0051,Tomato,28,Medium
2025-06-27,P0051,Tomato,24.6,Low
2025-06-28,P0051,Tomato,32.4,Medium
2025-06-29,P0051,Tomato,25.4,Medium
2025-06-30,P0051,Tomato,25.4,Medium
2025-07-01,P0051,Tomato,39.2,Medium
2025-07-02,P0051,Tomato,36.4,Medium
2025-07-03,P0051,Tomato,35.2,Medium
2025-07-04,P0051,Tomato,39.4,Medium
2025-07-05,P0051,Tomato,42,Medium
2025-07-06,P0051,Tomato,43.5,Medium
2025-07-07,P0051,Tomato,39.1,Medium
2025-07-08,P0051,Tomato,33.5,Medium
2025-07-09,P0051,Tomato,29.2,Medium
2025-07-10,P0051,Tomato,36.3,Medium
2025-07-11,P0051,Tomato,33,Medium
2025-07-12,P0051,Tomato,31.1,Medium
2025-07-13,P0051,Tomato,27.5,Medium
2025-07-14,P0051,Tomato,31,Medium
2025-07-15,P0051,Tomato,26.9,Medium
2025-07-16,P0051,Tomato,25.7,Medium
2025-07-17,P0051,Tomato,30.5,Medium
2025-07-18,P0051,Tomato,29.6,Medium
2025-07-19,P0051,Tomato,20.9,Low
2025-07-20,P0051,Tomato,20,Low
2025-07-21,P0051,Tomato,26.7,Medium
2025-07-22,P0051,Tomato,38.4,Medium
2025-07-23,P0051,Tomato,48.8,Medium
2025-07-24,P0051,Tomato,41.2,Medium
2025-07-25,P0051,Tomato,33,Medium
2025-07-26,P0051,Tomato,30.8,Medium
2025-07-27,P0051,Tomato,28.5,Medium
2025-07-28,P0051,Tomato,28.6,Medium
2025-07-29,P0051,Tomato,25.3,Medium
2025-07-30,P0051,Tomato,23.9,Low
2025-07-31,P0051,Tomato,23.5,Low
2025-08-01,P0051,Tomato,12.5,Low
2025-08-02,P0051,Tomato,6.8,Low
2025-08-03,P0051,Tomato,12.7,Low
2025-08-04,P0051,Tomato,8.8,Low
2025-08-05,P0051,Tomato,8.7,Low
2025-08-06,P0051,Tomato,10.6,Low
2025-08-07,P0051,Tomato,9.8,Low
2025-08-08,P0051,Tomato,13.8,Low
2025-08-09,P0051,Tomato,19.1,Low
2025-08-10,P0051,Tomato,19.8,Low
2025-08-11,P0051,Tomato,17.6,Low
2025-08-12,P0051,Tomato,16.3,Low
2025-08-13,P0051,Tomato,14.6,Low
2025-08-14,P0051,Tomato,13.3,Low
2025-08-15,P0051,Tomato,12.1,Low
2025-08-16,P0051,Tomato,11.4,Low
2025-08-17,P0051,Tomato,19.6,Low
2025-08-18,P0051,Tomato,15.2,Low
2025-08-19,P0051,Tomato,16.5,Low
2025-08-20,P0051,Tomato,15.3,Low
2025-08-21,P0051,Tomato,16.3,Low
2025-08-22,P0051,Tomato,14.7,Low
2025-08-23,P0051,Tomato,18.3,Low
2025-08-24,P0051,Tomato,20,Low
2025-08-25,P0051,Tomato,20.4,Low
2025-08-26,P0051,Tomato,28.3,Medium
2025-08-27,P0051,Tomato,34.5,Medium
2025-08-28,P0051,Tomato,41.8,Medium
2025-08-29,P0051,Tomato,44.2,Medium
2025-08-30,P0051,Tomato,42.4,Medium
2025-08-31,P0051,Tomato,32.9,Medium
2025-09-01,P0051,Tomato,29.5,Medium
2025-09-02,P0051,Tomato,30.9,Medium
2025-09-03,P0051,Tomato,29.3,Medium
2025-09-04,P0051,Tomato,29.3,Medium
2025-09-05,P0051,Tomato,23.4,Low
2025-09-06,P0051,Tomato,21.1,Low
2025-09-07,P0051,Tomato,13.2,Low
2025-09-08,P0051,Tomato,15.2,Low
2025-09-09,P0051,Tomato,15.4,Low
2025-09-10,P0051,Tomato,16.2,Low
2025-09-11,P0051,Tomato,18.1,Low
2025-09-12,P0051,Tomato,18.8,Low
2025-02-21,P0052,Strawberry,37,Medium
2025-02-22,P0052,Strawberry,40.7,Medium
2025-02-23,P0052,Strawberry,38.5,Medium
2025-02-24,P0052,Strawberry,43.9,Medium
2025-02-25,P0052,Strawberry,48.7,Medium
2025-02-26,P0052,Strawberry,42.4,Medium
2025-02-27,P0052,Strawberry,53,High
2025-02-28,P0052,Strawberry,49.5,Medium
2025-03-01,P0052,Strawberry,64.3,High
2025-03-02,P0052,Strawberry,69.2,High
2025-03-03,P0052,Strawberry,58.4,High
2025-03-04,P0052,Strawberry,56.8,High
2025-03-05,P0052,Strawberry,66.5,High
2025-03-06,P0052,Strawberry,58.1,High
2025-03-07,P0052,Strawberry,46.2,Medium
2025-03-08,P0052,Strawberry,49.4,Medium
2025-03-09,P0052,Strawberry,50.2,High
2025-03-10,P0052,Strawberry,45.7,Medium
2025-03-11,P0052,Strawberry,38.1,Medium
2025-03-12,P0052,Strawberry,43.7,Medium
2025-03-13,P0052,Strawberry,47.2,Medium
2025-03-14,P0052,Strawberry,59.4,High
2025-03-15,P0052,Strawberry,54.5,High
2025-03-16,P0052,Strawberry,56,High
2025-03-17,P0052,Strawberry,66.8,High
2025-03-18,P0052,Strawberry,63.8,High
2025-03-19,P0052,Strawberry,57.8,High
2025-03-20,P0052,Strawberry,59.6,High
2025-03-21,P0052,Strawberry,59.7,High
2025-03-22,P0052,Strawberry,55.9,High
2025-03-23,P0052,Strawberry,53.6,High
2025-03-24,P0052,Strawberry,47,Medium
2025-03-25,P0052,Strawberry,44.8,Medium
2025-03-26,P0052,Strawberry,56.7,High
2025-03-27,P0052,Strawberry,60.5,High
2025-03-28,P0052,Strawberry,64.5,High
2025-03-29,P0052,Strawberry,67.2,High
2025-03-30,P0052,Strawberry,69,High
2025-03-31,P0052,Strawberry,66.9,High
2025-04-01,P0052,Strawberry,63.2,High
2025-04-02,P0052,Strawberry,68.4,High
2025-04-03,P0052,Strawberry,70.6,High
2025-04-04,P0052,Strawberry,73.1,High
2025-04-05,P0052,Strawberry,78.2,Critical
2025-04-06,P0052,Strawberry,81.2,Critical
2025-04-07,P0052,Strawberry,67.5,High
2025-04-08,P0052,Strawberry,66.2,High
2025-04-09,P0052,Strawberry,65.9,High
2025-04-10,P0052,Strawberry,66.9,High
2025-04-11,P0052,Strawberry,67.2,High
2025-04-12,P0052,Strawberry,52.4,High
2025-04-13,P0052,Strawberry,55,High
2025-04-14,P0052,Strawberry,45.3,Medium
2025-04-15,P0052,Strawberry,49.4,Medium
2025-04-16,P0052,Strawberry,46.7,Medium
2025-04-17,P0052,Strawberry,53,High
2025-04-18,P0052,Strawberry,58.8,High
2025-04-19,P0052,Strawberry,62.1,High
2025-04-20,P0052,Strawberry,59.9,High
2025-04-21,P0052,Strawberry,59.8,High
2025-04-22,P0052,Strawberry,57.3,High
2025-04-23,P0052,Strawberry,56.3,High
2025-04-24,P0052,Strawberry,51.2,High
2025-04-25,P0052,Strawberry,57.3,High
2025-04-26,P0052,Strawberry,54.1,High
2025-04-27,P0052,Strawberry,56.4,High
2025-04-28,P0052,Strawberry,61.7,High
2025-04-29,P0052,Strawberry,62.1,High
2025-04-30,P0052,Strawberry,58.1,High
2025-05-01,P0052,Strawberry,60.2,High
2025-05-02,P0052,Strawberry,54.7,High
2025-05-03,P0052,Strawberry,57.4,High
2025-05-04,P0052,Strawberry,42.9,Medium
2025-05-05,P0052,Strawberry,42.7,Medium
2025-05-06,P0052,Strawberry,42.1,Medium
2025-05-07,P0052,Strawberry,47,Medium
2025-05-08,P0052,Strawberry,42.8,Medium
2025-05-09,P0052,Strawberry,43.1,Medium
2025-05-10,P0052,Strawberry,42.9,Medium
2025-05-11,P0052,Strawberry,54.4,High
2025-05-12,P0052,Strawberry,65.7,High
2025-05-13,P0052,Strawberry,66.7,High
2025-05-14,P0052,Strawberry,58.3,High
2025-05-15,P0052,Strawberry,56.1,High
2025-05-16,P0052,Strawberry,60.5,High
2025-05-17,P0052,Strawberry,55.8,High
2025-05-18,P0052,Strawberry,64.6,High
2025-05-19,P0052,Strawberry,51.4,High
2025-05-20,P0052,Strawberry,47.2,Medium
2025-05-21,P0052,Strawberry,42.5,Medium
2025-05-22,P0052,Strawberry,41.9,Medium
2025-05-23,P0052,Strawberry,48.4,Medium
2025-05-24,P0052,Strawberry,39.2,Medium
2025-05-25,P0052,Strawberry,52.5,High
2025-05-26,P0052,Strawberry,52.7,High
2025-05-27,P0052,Strawberry,51.8,High
2025-05-28,P0052,Strawberry,48.4,Medium
2025-05-29,P0052,Strawberry,59.6,High
2025-05-30,P0052,Strawberry,58.6,High
2025-05-31,P0052,Strawberry,59.2,High
2025-06-01,P0052,Strawberry,56.6,High
2025-06-02,P0052,Strawberry,47.1,Medium
2025-06-03,P0052,Strawberry,45.1,Medium
2025-06-04,P0052,Strawberry,41.1,Medium
2025-06-05,P0052,Strawberry,31.7,Medium
2025-06-06,P0052,Strawberry,34.3,Medium
2025-06-07,P0052,Strawberry,34.9,Medium
2025-06-08,P0052,Strawberry,30.6,Medium
2025-06-09,P0052,Strawberry,30.4,Medium
2025-06-10,P0052,Strawberry,32.7,Medium
2025-06-11,P0052,Strawberry,32.8,Medium
2025-06-12,P0052,Strawberry,35.4,Medium
2025-06-13,P0052,Strawberry,36,Medium
2025-06-14,P0052,Strawberry,35,Medium
2025-06-15,P0052,Strawberry,40.1,Medium
2025-06-16,P0052,Strawberry,34.5,Medium
2025-06-17,P0052,Strawberry,45.6,Medium
2025-06-18,P0052,Strawberry,36.6,Medium
2025-06-19,P0052,Strawberry,36.2,Medium
2025-06-20,P0052,Strawberry,35.6,Medium
2025-06-21,P0052,Strawberry,44.2,Medium
2025-06-22,P0052,Strawberry,41.6,Medium
2025-06-23,P0052,Strawberry,44.4,Medium
2025-06-24,P0052,Strawberry,37.9,Medium
2025-06-25,P0052,Strawberry,35.6,Medium
2025-06-26,P0052,Strawberry,39.6,Medium
2025-06-27,P0052,Strawberry,44.3,Medium
2025-06-28,P0052,Strawberry,36.7,Medium
2025-06-29,P0052,Strawberry,33.9,Medium
2025-06-30,P0052,Strawberry,35.1,Medium
2025-07-01,P0052,Strawberry,57.2,High
2025-07-02,P0052,Strawberry,46.7,Medium
2025-07-03,P0052,Strawberry,56.1,High
2025-07-04,P0052,Strawberry,59.2,High
2025-07-05,P0052,Strawberry,52.7,High
2025-07-06,P0052,Strawberry,50.1,High
2025-07-07,P0052,Strawberry,57,High
2025-07-08,P0052,Strawberry,54.6,High
2025-07-09,P0052,Strawberry,47,Medium
2025-07-10,P0052,Strawberry,41.7,Medium
2025-07-11,P0052,Strawberry,41.5,Medium
2025-07-12,P0052,Strawberry,41.3,Medium
2025-07-13,P0052,Strawberry,49.7,Medium
2025-07-14,P0052,Strawberry,45.2,Medium
2025-07-15,P0052,Strawberry,44.5,Medium
2025-07-16,P0052,Strawberry,40.7,Medium
2025-07-17,P0052,Strawberry,47.8,Medium
2025-07-18,P0052,Strawberry,54.9,High
2025-07-19,P0052,Strawberry,42.8,Medium
2025-07-20,P0052,Strawberry,34.7,Medium
2025-07-21,P0052,Strawberry,42.4,Medium
2025-07-22,P0052,Strawberry,59.6,High
2025-07-23,P0052,Strawberry,55.9,High
2025-07-24,P0052,Strawberry,56.9,High
2025-07-25,P0052,Strawberry,50.2,High
2025-07-26,P0052,Strawberry,44.8,Medium
2025-07-27,P0052,Strawberry,54.8,High
2025-07-28,P0052,Strawberry,40.8,Medium
2025-07-29,P0052,Strawberry,44.7,Medium
2025-07-30,P0052,Strawberry,33.1,Medium
2025-07-31,P0052,Strawberry,29.8,Medium
2025-08-01,P0052,Strawberry,29,Medium
2025-08-02,P0052,Strawberry,30,Medium
2025-08-03,P0052,Strawberry,30.5,Medium
2025-08-04,P0052,Strawberry,33.1,Medium
2025-08-05,P0052,Strawberry,33.8,Medium
2025-08-06,P0052,Strawberry,45.8,Medium
2025-08-07,P0052,Strawberry,38.8,Medium
2025-08-08,P0052,Strawberry,53.8,High
2025-08-09,P0052,Strawberry,52.5,High
2025-08-10,P0052,Strawberry,45.2,Medium
2025-08-11,P0052,Strawberry,51.3,High
2025-08-12,P0052,Strawberry,51,High
2025-08-13,P0052,Strawberry,48.3,Medium
2025-08-14,P0052,Strawberry,53.6,High
2025-08-15,P0052,Strawberry,46,Medium
2025-08-16,P0052,Strawberry,40.3,Medium
2025-08-17,P0052,Strawberry,37,Medium
2025-08-18,P0052,Strawberry,36,Medium
2025-08-19,P0052,Strawberry,27,Medium
2025-08-20,P0052,Strawberry,27.2,Medium
2025-08-21,P0052,Strawberry,32.3,Medium
2025-08-22,P0052,Strawberry,29.8,Medium
2025-08-23,P0052,Strawberry,53.5,High
2025-08-24,P0052,Strawberry,47.7,Medium
2025-08-25,P0052,Strawberry,58.6,High
2025-08-26,P0052,Strawberry,63.8,High
2025-08-27,P0052,Strawberry,71.4,High
2025-08-28,P0052,Strawberry,72.1,High
2025-08-29,P0052,Strawberry,76.6,Critical
2025-08-30,P0052,Strawberry,61.5,High
2025-08-31,P0052,Strawberry,49.5,Medium
2025-09-01,P0052,Strawberry,49.7,Medium
2025-09-02,P0052,Strawberry,53.5,High
2025-09-03,P0052,Strawberry,48.3,Medium
2025-09-04,P0052,Strawberry,48.2,Medium
2025-09-05,P0052,Strawberry,58,High
2025-09-06,P0052,Strawberry,41.1,Medium
2025-09-07,P0052,Strawberry,45.2,Medium
2025-09-08,P0052,Strawberry,48.4,Medium
2025-09-09,P0052,Strawberry,49.1,Medium
2025-09-10,P0052,Strawberry,44.6,Medium
2025-09-11,P0052,Strawberry,52.6,High
2025-09-12,P0052,Strawberry,53.9,High
2025-02-21,P0053,Strawberry,25.6,Medium
2025-02-22,P0053,Strawberry,23.2,Low
2025-02-23,P0053,Strawberry,26.3,Medium
2025-02-24,P0053,Strawberry,36.3,Medium
2025-02-25,P0053,Strawberry,30.9,Medium
2025-02-26,P0053,Strawberry,37.2,Medium
2025-02-27,P0053,Strawberry,33.4,Medium
2025-02-28,P0053,Strawberry,39.6,Medium
2025-03-01,P0053,Strawberry,47.2,Medium
2025-03-02,P0053,Strawberry,38.4,Medium
2025-03-03,P0053,Strawberry,42.1,Medium
2025-03-04,P0053,Strawberry,40.8,Medium
2025-03-05,P0053,Strawberry,51.6,High
2025-03-06,P0053,Strawberry,48,Medium
2025-03-07,P0053,Strawberry,54.3,High
2025-03-08,P0053,Strawberry,50.5,High
2025-03-09,P0053,Strawberry,53.8,High
2025-03-10,P0053,Strawberry,51.4,High
2025-03-11,P0053,Strawberry,41,Medium
2025-03-12,P0053,Strawberry,41.9,Medium
2025-03-13,P0053,Strawberry,35.6,Medium
2025-03-14,P0053,Strawberry,30.7,Medium
2025-03-15,P0053,Strawberry,31.9,Medium
2025-03-16,P0053,Strawberry,42.5,Medium
2025-03-17,P0053,Strawberry,33.6,Medium
2025-03-18,P0053,Strawberry,34.9,Medium
2025-03-19,P0053,Strawberry,33.2,Medium
2025-03-20,P0053,Strawberry,36.9,Medium
2025-03-21,P0053,Strawberry,39.5,Medium
2025-03-22,P0053,Strawberry,40.9,Medium
2025-03-23,P0053,Strawberry,42.2,Medium
2025-03-24,P0053,Strawberry,41.2,Medium
2025-03-25,P0053,Strawberry,40.5,Medium
2025-03-26,P0053,Strawberry,45.1,Medium
2025-03-27,P0053,Strawberry,46.4,Medium
2025-03-28,P0053,Strawberry,48,Medium
2025-03-29,P0053,Strawberry,46.9,Medium
2025-03-30,P0053,Strawberry,42.7,Medium
2025-03-31,P0053,Strawberry,49.5,Medium
2025-04-01,P0053,Strawberry,44.2,Medium
2025-04-02,P0053,Strawberry,52.1,High
2025-04-03,P0053,Strawberry,61.3,High
2025-04-04,P0053,Strawberry,67.6,High
2025-04-05,P0053,Strawberry,68.4,High
2025-04-06,P0053,Strawberry,73.2,High
2025-04-07,P0053,Strawberry,75.7,Critical
2025-04-08,P0053,Strawberry,67.4,High
2025-04-09,P0053,Strawberry,65.2,High
2025-04-10,P0053,Strawberry,53.5,High
2025-04-11,P0053,Strawberry,68.7,High
2025-04-12,P0053,Strawberry,62.7,High
2025-04-13,P0053,Strawberry,63.8,High
2025-04-14,P0053,Strawberry,48.7,Medium
2025-04-15,P0053,Strawberry,51.2,High
2025-04-16,P0053,Strawberry,54,High
2025-04-17,P0053,Strawberry,57.7,High
2025-04-18,P0053,Strawberry,36.2,Medium
2025-04-19,P0053,Strawberry,40.2,Medium
2025-04-20,P0053,Strawberry,33.7,Medium
2025-04-21,P0053,Strawberry,29.1,Medium
2025-04-22,P0053,Strawberry,32.7,Medium
2025-04-23,P0053,Strawberry,27.4,Medium
2025-04-24,P0053,Strawberry,33.2,Medium
2025-04-25,P0053,Strawberry,26.6,Medium
2025-04-26,P0053,Strawberry,34.7,Medium
2025-04-27,P0053,Strawberry,33.5,Medium
2025-04-28,P0053,Strawberry,28.2,Medium
2025-04-29,P0053,Strawberry,32.5,Medium
2025-04-30,P0053,Strawberry,39.2,Medium
2025-05-01,P0053,Strawberry,42.6,Medium
2025-05-02,P0053,Strawberry,41.3,Medium
2025-05-03,P0053,Strawberry,45,Medium
2025-05-04,P0053,Strawberry,39.4,Medium
2025-05-05,P0053,Strawberry,32.9,Medium
2025-05-06,P0053,Strawberry,34.4,Medium
2025-05-07,P0053,Strawberry,37.9,Medium
2025-05-08,P0053,Strawberry,33.3,Medium
2025-05-09,P0053,Strawberry,42.2,Medium
2025-05-10,P0053,Strawberry,37.1,Medium
2025-05-11,P0053,Strawberry,46.5,Medium
2025-05-12,P0053,Strawberry,47.3,Medium
2025-05-13,P0053,Strawberry,44.3,Medium
2025-05-14,P0053,Strawberry,30.2,Medium
2025-05-15,P0053,Strawberry,26.3,Medium
2025-05-16,P0053,Strawberry,28.2,Medium
2025-05-17,P0053,Strawberry,33.8,Medium
2025-05-18,P0053,Strawberry,31.6,Medium
2025-05-19,P0053,Strawberry,38,Medium
2025-05-20,P0053,Strawberry,33.6,Medium
2025-05-21,P0053,Strawberry,28.7,Medium
2025-05-22,P0053,Strawberry,27.7,Medium
2025-05-23,P0053,Strawberry,31.3,Medium
2025-05-24,P0053,Strawberry,30.3,Medium
2025-05-25,P0053,Strawberry,26.8,Medium
2025-05-26,P0053,Strawberry,22.1,Low
2025-05-27,P0053,Strawberry,23,Low
2025-05-28,P0053,Strawberry,34.8,Medium
2025-05-29,P0053,Strawberry,36.2,Medium
2025-05-30,P0053,Strawberry,39.3,Medium
2025-05-31,P0053,Strawberry,43,Medium
2025-06-01,P0053,Strawberry,32.9,Medium
2025-06-02,P0053,Strawberry,39.3,Medium
2025-06-03,P0053,Strawberry,34.4,Medium
2025-06-04,P0053,Strawberry,32.7,Medium
2025-06-05,P0053,Strawberry,26.7,Medium
2025-06-06,P0053,Strawberry,28.6,Medium
2025-06-07,P0053,Strawberry,31.5,Medium
2025-06-08,P0053,Strawberry,23.2,Low
2025-06-09,P0053,Strawberry,21.7,Low
2025-06-10,P0053,Strawberry,24.7,Low
2025-06-11,P0053,Strawberry,21.8,Low
2025-06-12,P0053,Strawberry,21.2,Low
2025-06-13,P0053,Strawberry,26.9,Medium
2025-06-14,P0053,Strawberry,31.6,Medium
2025-06-15,P0053,Strawberry,34.3,Medium
2025-06-16,P0053,Strawberry,41,Medium
2025-06-17,P0053,Strawberry,44.3,Medium
2025-06-18,P0053,Strawberry,41.6,Medium
2025-06-19,P0053,Strawberry,39.3,Medium
2025-06-20,P0053,Strawberry,33.5,Medium
2025-06-21,P0053,Strawberry,32.3,Medium
2025-06-22,P0053,Strawberry,35,Medium
2025-06-23,P0053,Strawberry,37.4,Medium
2025-06-24,P0053,Strawberry,32.7,Medium
2025-06-25,P0053,Strawberry,24.6,Low
2025-06-26,P0053,Strawberry,23.3,Low
2025-06-27,P0053,Strawberry,21.5,Low
2025-06-28,P0053,Strawberry,23.4,Low
2025-06-29,P0053,Strawberry,29.4,Medium
2025-06-30,P0053,Strawberry,33,Medium
2025-07-01,P0053,Strawberry,35.3,Medium
2025-07-02,P0053,Strawberry,28.2,Medium
2025-07-03,P0053,Strawberry,40.8,Medium
2025-07-04,P0053,Strawberry,47.6,Medium
2025-07-05,P0053,Strawberry,43.1,Medium
2025-07-06,P0053,Strawberry,29.3,Medium
2025-07-07,P0053,Strawberry,27.6,Medium
2025-07-08,P0053,Strawberry,28.7,Medium
2025-07-09,P0053,Strawberry,25.8,Medium
2025-07-10,P0053,Strawberry,25,Medium
2025-07-11,P0053,Strawberry,16.4,Low
2025-07-12,P0053,Strawberry,20.7,Low
2025-07-13,P0053,Strawberry,18.8,Low
2025-07-14,P0053,Strawberry,21.2,Low
2025-07-15,P0053,Strawberry,21.5,Low
2025-07-16,P0053,Strawberry,19.1,Low
2025-07-17,P0053,Strawberry,21,Low
2025-07-18,P0053,Strawberry,6.1,Low
2025-07-19,P0053,Strawberry,13.7,Low
2025-07-20,P0053,Strawberry,13,Low
2025-07-21,P0053,Strawberry,36.4,Medium
2025-07-22,P0053,Strawberry,31.5,Medium
2025-07-23,P0053,Strawberry,34.5,Medium
2025-07-24,P0053,Strawberry,32.1,Medium
2025-07-25,P0053,Strawberry,41.9,Medium
2025-07-26,P0053,Strawberry,26,Medium
2025-07-27,P0053,Strawberry,28.8,Medium
2025-07-28,P0053,Strawberry,23.7,Low
2025-07-29,P0053,Strawberry,16.6,Low
2025-07-30,P0053,Strawberry,29.9,Medium
2025-07-31,P0053,Strawberry,31.1,Medium
2025-08-01,P0053,Strawberry,23.7,Low
2025-08-02,P0053,Strawberry,23.8,Low
2025-08-03,P0053,Strawberry,25.5,Medium
2025-08-04,P0053,Strawberry,27.5,Medium
2025-08-05,P0053,Strawberry,19.7,Low
2025-08-06,P0053,Strawberry,22.4,Low
2025-08-07,P0053,Strawberry,20.6,Low
2025-08-08,P0053,Strawberry,28.6,Medium
2025-08-09,P0053,Strawberry,31.3,Medium
2025-08-10,P0053,Strawberry,40.8,Medium
2025-08-11,P0053,Strawberry,48.5,Medium
2025-08-12,P0053,Strawberry,48.4,Medium
2025-08-13,P0053,Strawberry,40.4,Medium
2025-08-14,P0053,Strawberry,37.1,Medium
2025-08-15,P0053,Strawberry,32.1,Medium
2025-08-16,P0053,Strawberry,30.9,Medium
2025-08-17,P0053,Strawberry,23.1,Low
2025-08-18,P0053,Strawberry,14.9,Low
2025-08-19,P0053,Strawberry,15.7,Low
2025-08-20,P0053,Strawberry,24.3,Low
2025-08-21,P0053,Strawberry,25.6,Medium
2025-08-22,P0053,Strawberry,23,Low
2025-08-23,P0053,Strawberry,21.8,Low
2025-08-24,P0053,Strawberry,35.4,Medium
2025-08-25,P0053,Strawberry,25.7,Medium
2025-08-26,P0053,Strawberry,34.4,Medium
2025-08-27,P0053,Strawberry,41.1,Medium
2025-08-28,P0053,Strawberry,37.7,Medium
2025-08-29,P0053,Strawberry,46.7,Medium
2025-08-30,P0053,Strawberry,33.1,Medium
2025-08-31,P0053,Strawberry,32.2,Medium
2025-09-01,P0053,Strawberry,19.2,Low
2025-09-02,P0053,Strawberry,20.1,Low
2025-09-03,P0053,Strawberry,23.7,Low
2025-09-04,P0053,Strawberry,22.9,Low
2025-09-05,P0053,Strawberry,20.3,Low
2025-09-06,P0053,Strawberry,21.3,Low
2025-09-07,P0053,Strawberry,29.6,Medium
2025-09-08,P0053,Strawberry,42.2,Medium
2025-09-09,P0053,Strawberry,42.3,Medium
2025-09-10,P0053,Strawberry,39.7,Medium
2025-09-11,P0053,Strawberry,45.7,Medium
2025-09-12,P0053,Strawberry,38.4,Medium
2025-02-21,P0054,Tomato,20.5,Low
2025-02-22,P0054,Tomato,21,Low
2025-02-23,P0054,Tomato,17.3,Low
2025-02-24,P0054,Tomato,27.1,Medium
2025-02-25,P0054,Tomato,25,Medium
2025-02-26,P0054,Tomato,32.1,Medium
2025-02-27,P0054,Tomato,39.1,Medium
2025-02-28,P0054,Tomato,38.3,Medium
2025-03-01,P0054,Tomato,46.6,Medium
2025-03-02,P0054,Tomato,47.6,Medium
2025-03-03,P0054,Tomato,52.3,High
2025-03-04,P0054,Tomato,48.9,Medium
2025-03-05,P0054,Tomato,55.4,High
2025-03-06,P0054,Tomato,58.4,High
2025-03-07,P0054,Tomato,37.1,Medium
2025-03-08,P0054,Tomato,45.8,Medium
2025-03-09,P0054,Tomato,30.3,Medium
2025-03-10,P0054,Tomato,40.6,Medium
2025-03-11,P0054,Tomato,35.7,Medium
2025-03-12,P0054,Tomato,41,Medium
2025-03-13,P0054,Tomato,45.6,Medium
2025-03-14,P0054,Tomato,45.5,Medium
2025-03-15,P0054,Tomato,42.4,Medium
2025-03-16,P0054,Tomato,49.7,Medium
2025-03-17,P0054,Tomato,52,High
2025-03-18,P0054,Tomato,49.8,Medium
2025-03-19,P0054,Tomato,53.5,High
2025-03-20,P0054,Tomato,48.3,Medium
2025-03-21,P0054,Tomato,52.7,High
2025-03-22,P0054,Tomato,48.8,Medium
2025-03-23,P0054,Tomato,43.8,Medium
2025-03-24,P0054,Tomato,54.6,High
2025-03-25,P0054,Tomato,60.4,High
2025-03-26,P0054,Tomato,53.5,High
2025-03-27,P0054,Tomato,49.6,Medium
2025-03-28,P0054,Tomato,54.1,High
2025-03-29,P0054,Tomato,45,Medium
2025-03-30,P0054,Tomato,42,Medium
2025-03-31,P0054,Tomato,48,Medium
2025-04-01,P0054,Tomato,39.8,Medium
2025-04-02,P0054,Tomato,44.7,Medium
2025-04-03,P0054,Tomato,46.1,Medium
2025-04-04,P0054,Tomato,59.5,High
2025-04-05,P0054,Tomato,53.3,High
2025-04-06,P0054,Tomato,61.5,High
2025-04-07,P0054,Tomato,58.2,High
2025-04-08,P0054,Tomato,59.9,High
2025-04-09,P0054,Tomato,54.9,High
2025-04-10,P0054,Tomato,58.6,High
2025-04-11,P0054,Tomato,56.2,High
2025-04-12,P0054,Tomato,55.5,High
2025-04-13,P0054,Tomato,50.8,High
2025-04-14,P0054,Tomato,46.5,Medium
2025-04-15,P0054,Tomato,46,Medium
2025-04-16,P0054,Tomato,45.2,Medium
2025-04-17,P0054,Tomato,31.3,Medium
2025-04-18,P0054,Tomato,49.8,Medium
2025-04-19,P0054,Tomato,48.2,Medium
2025-04-20,P0054,Tomato,52.9,High
2025-04-21,P0054,Tomato,54.4,High
2025-04-22,P0054,Tomato,50.6,High
2025-04-23,P0054,Tomato,52.1,High
2025-04-24,P0054,Tomato,51.8,High
2025-04-25,P0054,Tomato,31.7,Medium
2025-04-26,P0054,Tomato,37.5,Medium
2025-04-27,P0054,Tomato,37.9,Medium
2025-04-28,P0054,Tomato,33.6,Medium
2025-04-29,P0054,Tomato,30.8,Medium
2025-04-30,P0054,Tomato,42.8,Medium
2025-05-01,P0054,Tomato,37.6,Medium
2025-05-02,P0054,Tomato,42.8,Medium
2025-05-03,P0054,Tomato,44.5,Medium
2025-05-04,P0054,Tomato,49.1,Medium
2025-05-05,P0054,Tomato,35.5,Medium
2025-05-06,P0054,Tomato,41.7,Medium
2025-05-07,P0054,Tomato,50.1,High
2025-05-08,P0054,Tomato,43,Medium
2025-05-09,P0054,Tomato,47.9,Medium
2025-05-10,P0054,Tomato,60,High
2025-05-11,P0054,Tomato,58.9,High
2025-05-12,P0054,Tomato,63,High
2025-05-13,P0054,Tomato,60.9,High
2025-05-14,P0054,Tomato,59.6,High
2025-05-15,P0054,Tomato,52.2,High
2025-05-16,P0054,Tomato,53.3,High
2025-05-17,P0054,Tomato,46.6,Medium
2025-05-18,P0054,Tomato,49.4,Medium
2025-05-19,P0054,Tomato,57.5,High
2025-05-20,P0054,Tomato,57.1,High
2025-05-21,P0054,Tomato,62.9,High
2025-05-22,P0054,Tomato,37,Medium
2025-05-23,P0054,Tomato,37.4,Medium
2025-05-24,P0054,Tomato,36,Medium
2025-05-25,P0054,Tomato,30.4,Medium
2025-05-26,P0054,Tomato,32.9,Medium
2025-05-27,P0054,Tomato,25.8,Medium
2025-05-28,P0054,Tomato,36.4,Medium
2025-05-29,P0054,Tomato,40.1,Medium
2025-05-30,P0054,Tomato,49.3,Medium
2025-05-31,P0054,Tomato,52.3,High
2025-06-01,P0054,Tomato,49.2,Medium
2025-06-02,P0054,Tomato,40.7,Medium
2025-06-03,P0054,Tomato,41.1,Medium
2025-06-04,P0054,Tomato,30.2,Medium
2025-06-05,P0054,Tomato,31.3,Medium
2025-06-06,P0054,Tomato,24.7,Low
2025-06-07,P0054,Tomato,26.6,Medium
2025-06-08,P0054,Tomato,32.8,Medium
2025-06-09,P0054,Tomato,32.9,Medium
2025-06-10,P0054,Tomato,24.6,Low
2025-06-11,P0054,Tomato,31.2,Medium
2025-06-12,P0054,Tomato,28.7,Medium
2025-06-13,P0054,Tomato,26.4,Medium
2025-06-14,P0054,Tomato,31.2,Medium
2025-06-15,P0054,Tomato,27.8,Medium
2025-06-16,P0054,Tomato,25,Medium
2025-06-17,P0054,Tomato,42.4,Medium
2025-06-18,P0054,Tomato,24.3,Low
2025-06-19,P0054,Tomato,32,Medium
2025-06-20,P0054,Tomato,20.4,Low
2025-06-21,P0054,Tomato,25.4,Medium
2025-06-22,P0054,Tomato,24.2,Low
2025-06-23,P0054,Tomato,38,Medium
2025-06-24,P0054,Tomato,26.7,Medium
2025-06-25,P0054,Tomato,21.5,Low
2025-06-26,P0054,Tomato,18.2,Low
2025-06-27,P0054,Tomato,17.7,Low
2025-06-28,P0054,Tomato,16,Low
2025-06-29,P0054,Tomato,18.4,Low
2025-06-30,P0054,Tomato,18.1,Low
2025-07-01,P0054,Tomato,16.1,Low
2025-07-02,P0054,Tomato,16.1,Low
2025-07-03,P0054,Tomato,24.6,Low
2025-07-04,P0054,Tomato,27.6,Medium
2025-07-05,P0054,Tomato,27.5,Medium
2025-07-06,P0054,Tomato,27.3,Medium
2025-07-07,P0054,Tomato,31.6,Medium
2025-07-08,P0054,Tomato,32.1,Medium
2025-07-09,P0054,Tomato,34.9,Medium
2025-07-10,P0054,Tomato,35.1,Medium
2025-07-11,P0054,Tomato,34.9,Medium
2025-07-12,P0054,Tomato,35.9,Medium
2025-07-13,P0054,Tomato,33.3,Medium
2025-07-14,P0054,Tomato,31.5,Medium
2025-07-15,P0054,Tomato,24.1,Low
2025-07-16,P0054,Tomato,28.5,Medium
2025-07-17,P0054,Tomato,21.9,Low
2025-07-18,P0054,Tomato,35.7,Medium
2025-07-19,P0054,Tomato,24.2,Low
2025-07-20,P0054,Tomato,19.4,Low
2025-07-21,P0054,Tomato,29.9,Medium
2025-07-22,P0054,Tomato,33.8,Medium
2025-07-23,P0054,Tomato,48.6,Medium
2025-07-24,P0054,Tomato,39,Medium
2025-07-25,P0054,Tomato,45.4,Medium
2025-07-26,P0054,Tomato,39.9,Medium
2025-07-27,P0054,Tomato,45,Medium
2025-07-28,P0054,Tomato,36.1,Medium
2025-07-29,P0054,Tomato,31.5,Medium
2025-07-30,P0054,Tomato,28.3,Medium
2025-07-31,P0054,Tomato,21.7,Low
2025-08-01,P0054,Tomato,15.4,Low
2025-08-02,P0054,Tomato,13.3,Low
2025-08-03,P0054,Tomato,11.4,Low
2025-08-04,P0054,Tomato,8.5,Low
2025-08-05,P0054,Tomato,12.6,Low
2025-08-06,P0054,Tomato,16.4,Low
2025-08-07,P0054,Tomato,16.4,Low
2025-08-08,P0054,Tomato,27.2,Medium
2025-08-09,P0054,Tomato,26.7,Medium
2025-08-10,P0054,Tomato,20.9,Low
2025-08-11,P0054,Tomato,22.8,Low
2025-08-12,P0054,Tomato,21.2,Low
2025-08-13,P0054,Tomato,23.5,Low
2025-08-14,P0054,Tomato,34.3,Medium
2025-08-15,P0054,Tomato,30.4,Medium
2025-08-16,P0054,Tomato,28.1,Medium
2025-08-17,P0054,Tomato,24.7,Low
2025-08-18,P0054,Tomato,29.9,Medium
2025-08-19,P0054,Tomato,30.9,Medium
2025-08-20,P0054,Tomato,31.8,Medium
2025-08-21,P0054,Tomato,26.5,Medium
2025-08-22,P0054,Tomato,23.6,Low
2025-08-23,P0054,Tomato,25.6,Medium
2025-08-24,P0054,Tomato,23.6,Low
2025-08-25,P0054,Tomato,16.8,Low
2025-08-26,P0054,Tomato,34.2,Medium
2025-08-27,P0054,Tomato,34.8,Medium
2025-08-28,P0054,Tomato,39.8,Medium
2025-08-29,P0054,Tomato,30.5,Medium
2025-08-30,P0054,Tomato,21.7,Low
2025-08-31,P0054,Tomato,26.2,Medium
2025-09-01,P0054,Tomato,31.1,Medium
2025-09-02,P0054,Tomato,31.6,Medium
2025-09-03,P0054,Tomato,30.8,Medium
2025-09-04,P0054,Tomato,32.4,Medium
2025-09-05,P0054,Tomato,37.7,Medium
2025-09-06,P0054,Tomato,26.8,Medium
2025-09-07,P0054,Tomato,26.8,Medium
2025-09-08,P0054,Tomato,22.9,Low
2025-09-09,P0054,Tomato,33.6,Medium
2025-09-10,P0054,Tomato,30,Medium
2025-09-11,P0054,Tomato,32.2,Medium
2025-09-12,P0054,Tomato,24.7,Low
2025-02-21,P0055,Cucumber,56.2,High
2025-02-22,P0055,Cucumber,51.5,High
2025-02-23,P0055,Cucumber,42.8,Medium
2025-02-24,P0055,Cucumber,38.7,Medium
2025-02-25,P0055,Cucumber,42.6,Medium
2025-02-26,P0055,Cucumber,38.9,Medium
2025-02-27,P0055,Cucumber,39.3,Medium
2025-02-28,P0055,Cucumber,41,Medium
2025-03-01,P0055,Cucumber,47,Medium
2025-03-02,P0055,Cucumber,57.2,High
2025-03-03,P0055,Cucumber,60.4,High
2025-03-04,P0055,Cucumber,53.5,High
2025-03-05,P0055,Cucumber,47,Medium
2025-03-06,P0055,Cucumber,42.7,Medium
2025-03-07,P0055,Cucumber,50.5,High
2025-03-08,P0055,Cucumber,46.1,Medium
2025-03-09,P0055,Cucumber,38,Medium
2025-03-10,P0055,Cucumber,41.8,Medium
2025-03-11,P0055,Cucumber,33.9,Medium
2025-03-12,P0055,Cucumber,30.2,Medium
2025-03-13,P0055,Cucumber,46.2,Medium
2025-03-14,P0055,Cucumber,38.1,Medium
2025-03-15,P0055,Cucumber,37.6,Medium
2025-03-16,P0055,Cucumber,38.9,Medium
2025-03-17,P0055,Cucumber,47.7,Medium
2025-03-18,P0055,Cucumber,52.5,High
2025-03-19,P0055,Cucumber,47.4,Medium
2025-03-20,P0055,Cucumber,65.2,High
2025-03-21,P0055,Cucumber,63,High
2025-03-22,P0055,Cucumber,62.6,High
2025-03-23,P0055,Cucumber,65.7,High
2025-03-24,P0055,Cucumber,59.8,High
2025-03-25,P0055,Cucumber,63.9,High
2025-03-26,P0055,Cucumber,60.1,High
2025-03-27,P0055,Cucumber,52,High
2025-03-28,P0055,Cucumber,47.9,Medium
2025-03-29,P0055,Cucumber,43.4,Medium
2025-03-30,P0055,Cucumber,44.5,Medium
2025-03-31,P0055,Cucumber,48.8,Medium
2025-04-01,P0055,Cucumber,39.7,Medium
2025-04-02,P0055,Cucumber,43.4,Medium
2025-04-03,P0055,Cucumber,40.3,Medium
2025-04-04,P0055,Cucumber,48.1,Medium
2025-04-05,P0055,Cucumber,49.9,Medium
2025-04-06,P0055,Cucumber,63.4,High
2025-04-07,P0055,Cucumber,63.4,High
2025-04-08,P0055,Cucumber,66.9,High
2025-04-09,P0055,Cucumber,60,High
2025-04-10,P0055,Cucumber,55.6,High
2025-04-11,P0055,Cucumber,59.1,High
2025-04-12,P0055,Cucumber,56.1,High
2025-04-13,P0055,Cucumber,58.2,High
2025-04-14,P0055,Cucumber,50.6,High
2025-04-15,P0055,Cucumber,48.3,Medium
2025-04-16,P0055,Cucumber,47.9,Medium
2025-04-17,P0055,Cucumber,44.3,Medium
2025-04-18,P0055,Cucumber,50.2,High
2025-04-19,P0055,Cucumber,41.6,Medium
2025-04-20,P0055,Cucumber,38.1,Medium
2025-04-21,P0055,Cucumber,39.6,Medium
2025-04-22,P0055,Cucumber,34.9,Medium
2025-04-23,P0055,Cucumber,51.9,High
2025-04-24,P0055,Cucumber,49,Medium
2025-04-25,P0055,Cucumber,44,Medium
2025-04-26,P0055,Cucumber,40.8,Medium
2025-04-27,P0055,Cucumber,36.8,Medium
2025-04-28,P0055,Cucumber,47.8,Medium
2025-04-29,P0055,Cucumber,41.3,Medium
2025-04-30,P0055,Cucumber,44.4,Medium
2025-05-01,P0055,Cucumber,40,Medium
2025-05-02,P0055,Cucumber,45.2,Medium
2025-05-03,P0055,Cucumber,43.6,Medium
2025-05-04,P0055,Cucumber,40.4,Medium
2025-05-05,P0055,Cucumber,40.2,Medium
2025-05-06,P0055,Cucumber,44.2,Medium
2025-05-07,P0055,Cucumber,32.9,Medium
2025-05-08,P0055,Cucumber,44.3,Medium
2025-05-09,P0055,Cucumber,34.9,Medium
2025-05-10,P0055,Cucumber,42.4,Medium
2025-05-11,P0055,Cucumber,39.2,Medium
2025-05-12,P0055,Cucumber,51.1,High
2025-05-13,P0055,Cucumber,49.7,Medium
2025-05-14,P0055,Cucumber,54.5,High
2025-05-15,P0055,Cucumber,55.1,High
2025-05-16,P0055,Cucumber,50.4,High
2025-05-17,P0055,Cucumber,49.4,Medium
2025-05-18,P0055,Cucumber,46.8,Medium
2025-05-19,P0055,Cucumber,45.8,Medium
2025-05-20,P0055,Cucumber,35.5,Medium
2025-05-21,P0055,Cucumber,35,Medium
2025-05-22,P0055,Cucumber,36.6,Medium
2025-05-23,P0055,Cucumber,27,Medium
2025-05-24,P0055,Cucumber,37.3,Medium
2025-05-25,P0055,Cucumber,32.2,Medium
2025-05-26,P0055,Cucumber,32.9,Medium
2025-05-27,P0055,Cucumber,41.6,Medium
2025-05-28,P0055,Cucumber,35.3,Medium
2025-05-29,P0055,Cucumber,36,Medium
2025-05-30,P0055,Cucumber,44.3,Medium
2025-05-31,P0055,Cucumber,43.1,Medium
2025-06-01,P0055,Cucumber,33.7,Medium
2025-06-02,P0055,Cucumber,32.5,Medium
2025-06-03,P0055,Cucumber,39.7,Medium
2025-06-04,P0055,Cucumber,32.6,Medium
2025-06-05,P0055,Cucumber,36.4,Medium
2025-06-06,P0055,Cucumber,41.6,Medium
2025-06-07,P0055,Cucumber,43.4,Medium
2025-06-08,P0055,Cucumber,40,Medium
2025-06-09,P0055,Cucumber,44.6,Medium
2025-06-10,P0055,Cucumber,36,Medium
2025-06-11,P0055,Cucumber,35.2,Medium
2025-06-12,P0055,Cucumber,33.6,Medium
2025-06-13,P0055,Cucumber,31.2,Medium
2025-06-14,P0055,Cucumber,33.6,Medium
2025-06-15,P0055,Cucumber,37.1,Medium
2025-06-16,P0055,Cucumber,42.2,Medium
2025-06-17,P0055,Cucumber,59.3,High
2025-06-18,P0055,Cucumber,52.5,High
2025-06-19,P0055,Cucumber,47.8,Medium
2025-06-20,P0055,Cucumber,43.5,Medium
2025-06-21,P0055,Cucumber,55.8,High
2025-06-22,P0055,Cucumber,47.4,Medium
2025-06-23,P0055,Cucumber,34.1,Medium
2025-06-24,P0055,Cucumber,35.7,Medium
2025-06-25,P0055,Cucumber,34.3,Medium
2025-06-26,P0055,Cucumber,31.5,Medium
2025-06-27,P0055,Cucumber,27.2,Medium
2025-06-28,P0055,Cucumber,21.3,Low
2025-06-29,P0055,Cucumber,20.7,Low
2025-06-30,P0055,Cucumber,18.2,Low
2025-07-01,P0055,Cucumber,30.4,Medium
2025-07-02,P0055,Cucumber,21.3,Low
2025-07-03,P0055,Cucumber,19.4,Low
2025-07-04,P0055,Cucumber,30.9,Medium
2025-07-05,P0055,Cucumber,23.9,Low
2025-07-06,P0055,Cucumber,18.3,Low
2025-07-07,P0055,Cucumber,23.4,Low
2025-07-08,P0055,Cucumber,22.6,Low
2025-07-09,P0055,Cucumber,23.9,Low
2025-07-10,P0055,Cucumber,24.1,Low
2025-07-11,P0055,Cucumber,22.5,Low
2025-07-12,P0055,Cucumber,24.3,Low
2025-07-13,P0055,Cucumber,27.7,Medium
2025-07-14,P0055,Cucumber,22,Low
2025-07-15,P0055,Cucumber,24.7,Low
2025-07-16,P0055,Cucumber,24.5,Low
2025-07-17,P0055,Cucumber,32.8,Medium
2025-07-18,P0055,Cucumber,30,Medium
2025-07-19,P0055,Cucumber,29.3,Medium
2025-07-20,P0055,Cucumber,36.9,Medium
2025-07-21,P0055,Cucumber,36.8,Medium
2025-07-22,P0055,Cucumber,45.2,Medium
2025-07-23,P0055,Cucumber,62.6,High
2025-07-24,P0055,Cucumber,42.8,Medium
2025-07-25,P0055,Cucumber,41.8,Medium
2025-07-26,P0055,Cucumber,45.6,Medium
2025-07-27,P0055,Cucumber,30.5,Medium
2025-07-28,P0055,Cucumber,30.9,Medium
2025-07-29,P0055,Cucumber,27.8,Medium
2025-07-30,P0055,Cucumber,29.1,Medium
2025-07-31,P0055,Cucumber,22.4,Low
2025-08-01,P0055,Cucumber,20.5,Low
2025-08-02,P0055,Cucumber,16.1,Low
2025-08-03,P0055,Cucumber,22.3,Low
2025-08-04,P0055,Cucumber,11.5,Low
2025-08-05,P0055,Cucumber,28.4,Medium
2025-08-06,P0055,Cucumber,24.3,Low
2025-08-07,P0055,Cucumber,23.4,Low
2025-08-08,P0055,Cucumber,37.1,Medium
2025-08-09,P0055,Cucumber,33.1,Medium
2025-08-10,P0055,Cucumber,34.9,Medium
2025-08-11,P0055,Cucumber,32.8,Medium
2025-08-12,P0055,Cucumber,20.2,Low
2025-08-13,P0055,Cucumber,18.1,Low
2025-08-14,P0055,Cucumber,18.1,Low
2025-08-15,P0055,Cucumber,19.1,Low
2025-08-16,P0055,Cucumber,21.4,Low
2025-08-17,P0055,Cucumber,23.4,Low
2025-08-18,P0055,Cucumber,33.2,Medium
2025-08-19,P0055,Cucumber,39.4,Medium
2025-08-20,P0055,Cucumber,42.2,Medium
2025-08-21,P0055,Cucumber,35.7,Medium
2025-08-22,P0055,Cucumber,44.8,Medium
2025-08-23,P0055,Cucumber,45.7,Medium
2025-08-24,P0055,Cucumber,36.2,Medium
2025-08-25,P0055,Cucumber,34.7,Medium
2025-08-26,P0055,Cucumber,28.7,Medium
2025-08-27,P0055,Cucumber,41.9,Medium
2025-08-28,P0055,Cucumber,39.3,Medium
2025-08-29,P0055,Cucumber,31.9,Medium
2025-08-30,P0055,Cucumber,25,Medium
2025-08-31,P0055,Cucumber,20.2,Low
2025-09-01,P0055,Cucumber,25.4,Medium
2025-09-02,P0055,Cucumber,20.9,Low
2025-09-03,P0055,Cucumber,28.7,Medium
2025-09-04,P0055,Cucumber,28,Medium
2025-09-05,P0055,Cucumber,34.5,Medium
2025-09-06,P0055,Cucumber,36.3,Medium
2025-09-07,P0055,Cucumber,40.2,Medium
2025-09-08,P0055,Cucumber,41.5,Medium
2025-09-09,P0055,Cucumber,37.2,Medium
2025-09-10,P0055,Cucumber,38.2,Medium
2025-09-11,P0055,Cucumber,41.4,Medium
2025-09-12,P0055,Cucumber,30.5,Medium
2025-02-21,P0056,Tomato,48.3,Medium
2025-02-22,P0056,Tomato,45.5,Medium
2025-02-23,P0056,Tomato,43.3,Medium
2025-02-24,P0056,Tomato,41.5,Medium
2025-02-25,P0056,Tomato,43.6,Medium
2025-02-26,P0056,Tomato,37.3,Medium
2025-02-27,P0056,Tomato,40.3,Medium
2025-02-28,P0056,Tomato,50.5,High
2025-03-01,P0056,Tomato,60.5,High
2025-03-02,P0056,Tomato,56.8,High
2025-03-03,P0056,Tomato,71.5,High
2025-03-04,P0056,Tomato,69.2,High
2025-03-05,P0056,Tomato,58.6,High
2025-03-06,P0056,Tomato,52.6,High
2025-03-07,P0056,Tomato,49.8,Medium
2025-03-08,P0056,Tomato,48.9,Medium
2025-03-09,P0056,Tomato,55.5,High
2025-03-10,P0056,Tomato,51.6,High
2025-03-11,P0056,Tomato,49.5,Medium
2025-03-12,P0056,Tomato,42.3,Medium
2025-03-13,P0056,Tomato,55.6,High
2025-03-14,P0056,Tomato,52.2,High
2025-03-15,P0056,Tomato,47.5,Medium
2025-03-16,P0056,Tomato,44.7,Medium
2025-03-17,P0056,Tomato,47.6,Medium
2025-03-18,P0056,Tomato,48.4,Medium
2025-03-19,P0056,Tomato,59,High
2025-03-20,P0056,Tomato,58.6,High
2025-03-21,P0056,Tomato,59.6,High
2025-03-22,P0056,Tomato,65.4,High
2025-03-23,P0056,Tomato,59.3,High
2025-03-24,P0056,Tomato,49.4,Medium
2025-03-25,P0056,Tomato,61.8,High
2025-03-26,P0056,Tomato,49.3,Medium
2025-03-27,P0056,Tomato,50.1,High
2025-03-28,P0056,Tomato,57.5,High
2025-03-29,P0056,Tomato,80.1,Critical
2025-03-30,P0056,Tomato,77.9,Critical
2025-03-31,P0056,Tomato,83.3,Critical
2025-04-01,P0056,Tomato,77.9,Critical
2025-04-02,P0056,Tomato,83.2,Critical
2025-04-03,P0056,Tomato,76.1,Critical
2025-04-04,P0056,Tomato,78.9,Critical
2025-04-05,P0056,Tomato,69.3,High
2025-04-06,P0056,Tomato,75.1,Critical
2025-04-07,P0056,Tomato,71.5,High
2025-04-08,P0056,Tomato,69.4,High
2025-04-09,P0056,Tomato,66.3,High
2025-04-10,P0056,Tomato,68.9,High
2025-04-11,P0056,Tomato,71.9,High
2025-04-12,P0056,Tomato,67.4,High
2025-04-13,P0056,Tomato,70.2,High
2025-04-14,P0056,Tomato,71.5,High
2025-04-15,P0056,Tomato,65,High
2025-04-16,P0056,Tomato,60.3,High
2025-04-17,P0056,Tomato,56.7,High
2025-04-18,P0056,Tomato,50.2,High
2025-04-19,P0056,Tomato,65,High
2025-04-20,P0056,Tomato,64.9,High
2025-04-21,P0056,Tomato,63.8,High
2025-04-22,P0056,Tomato,67.3,High
2025-04-23,P0056,Tomato,63.9,High
2025-04-24,P0056,Tomato,65.3,High
2025-04-25,P0056,Tomato,57.8,High
2025-04-26,P0056,Tomato,55.7,High
2025-04-27,P0056,Tomato,51.1,High
2025-04-28,P0056,Tomato,55.5,High
2025-04-29,P0056,Tomato,49.1,Medium
2025-04-30,P0056,Tomato,62,High
2025-05-01,P0056,Tomato,55,High
2025-05-02,P0056,Tomato,58.1,High
2025-05-03,P0056,Tomato,69.4,High
2025-05-04,P0056,Tomato,65.6,High
2025-05-05,P0056,Tomato,56.6,High
2025-05-06,P0056,Tomato,60.5,High
2025-05-07,P0056,Tomato,57,High
2025-05-08,P0056,Tomato,48.8,Medium
2025-05-09,P0056,Tomato,49.6,Medium
2025-05-10,P0056,Tomato,49.6,Medium
2025-05-11,P0056,Tomato,57.5,High
2025-05-12,P0056,Tomato,64.5,High
2025-05-13,P0056,Tomato,65.8,High
2025-05-14,P0056,Tomato,61.7,High
2025-05-15,P0056,Tomato,54,High
2025-05-16,P0056,Tomato,53.5,High
2025-05-17,P0056,Tomato,52.2,High
2025-05-18,P0056,Tomato,34.5,Medium
2025-05-19,P0056,Tomato,34.7,Medium
2025-05-20,P0056,Tomato,38.9,Medium
2025-05-21,P0056,Tomato,45,Medium
2025-05-22,P0056,Tomato,44.9,Medium
2025-05-23,P0056,Tomato,41.4,Medium
2025-05-24,P0056,Tomato,49.1,Medium
2025-05-25,P0056,Tomato,49.8,Medium
2025-05-26,P0056,Tomato,56.5,High
2025-05-27,P0056,Tomato,54.1,High
2025-05-28,P0056,Tomato,57.2,High
2025-05-29,P0056,Tomato,56.4,High
2025-05-30,P0056,Tomato,50,High
2025-05-31,P0056,Tomato,46.9,Medium
2025-06-01,P0056,Tomato,37.5,Medium
2025-06-02,P0056,Tomato,33.3,Medium
2025-06-03,P0056,Tomato,31.1,Medium
2025-06-04,P0056,Tomato,40.5,Medium
2025-06-05,P0056,Tomato,22.4,Low
2025-06-06,P0056,Tomato,22.2,Low
2025-06-07,P0056,Tomato,27.1,Medium
2025-06-08,P0056,Tomato,25.2,Medium
2025-06-09,P0056,Tomato,31,Medium
2025-06-10,P0056,Tomato,31.5,Medium
2025-06-11,P0056,Tomato,32.8,Medium
2025-06-12,P0056,Tomato,27,Medium
2025-06-13,P0056,Tomato,39.5,Medium
2025-06-14,P0056,Tomato,37.4,Medium
2025-06-15,P0056,Tomato,35.1,Medium
2025-06-16,P0056,Tomato,41.3,Medium
2025-06-17,P0056,Tomato,52.8,High
2025-06-18,P0056,Tomato,40.7,Medium
2025-06-19,P0056,Tomato,46.5,Medium
2025-06-20,P0056,Tomato,35.4,Medium
2025-06-21,P0056,Tomato,31,Medium
2025-06-22,P0056,Tomato,32.8,Medium
2025-06-23,P0056,Tomato,29.3,Medium
2025-06-24,P0056,Tomato,27.3,Medium
2025-06-25,P0056,Tomato,23.5,Low
2025-06-26,P0056,Tomato,23.9,Low
2025-06-27,P0056,Tomato,22.1,Low
2025-06-28,P0056,Tomato,34.1,Medium
2025-06-29,P0056,Tomato,21.8,Low
2025-06-30,P0056,Tomato,26.9,Medium
2025-07-01,P0056,Tomato,25.7,Medium
2025-07-02,P0056,Tomato,33.8,Medium
2025-07-03,P0056,Tomato,29.5,Medium
2025-07-04,P0056,Tomato,33.6,Medium
2025-07-05,P0056,Tomato,34.4,Medium
2025-07-06,P0056,Tomato,25.9,Medium
2025-07-07,P0056,Tomato,28.7,Medium
2025-07-08,P0056,Tomato,32,Medium
2025-07-09,P0056,Tomato,26.6,Medium
2025-07-10,P0056,Tomato,26.5,Medium
2025-07-11,P0056,Tomato,26.8,Medium
2025-07-12,P0056,Tomato,29.7,Medium
2025-07-13,P0056,Tomato,32.5,Medium
2025-07-14,P0056,Tomato,38.9,Medium
2025-07-15,P0056,Tomato,40.6,Medium
2025-07-16,P0056,Tomato,39.6,Medium
2025-07-17,P0056,Tomato,38.4,Medium
2025-07-18,P0056,Tomato,41,Medium
2025-07-19,P0056,Tomato,40.6,Medium
2025-07-20,P0056,Tomato,41.3,Medium
2025-07-21,P0056,Tomato,41.8,Medium
2025-07-22,P0056,Tomato,54.6,High
2025-07-23,P0056,Tomato,61.5,High
2025-07-24,P0056,Tomato,52.8,High
2025-07-25,P0056,Tomato,58,High
2025-07-26,P0056,Tomato,54,High
2025-07-27,P0056,Tomato,54.1,High
2025-07-28,P0056,Tomato,53.7,High
2025-07-29,P0056,Tomato,53.3,High
2025-07-30,P0056,Tomato,46.6,Medium
2025-07-31,P0056,Tomato,43.9,Medium
2025-08-01,P0056,Tomato,44.6,Medium
2025-08-02,P0056,Tomato,34.1,Medium
2025-08-03,P0056,Tomato,31.1,Medium
2025-08-04,P0056,Tomato,30.5,Medium
2025-08-05,P0056,Tomato,36.1,Medium
2025-08-06,P0056,Tomato,40.6,Medium
2025-08-07,P0056,Tomato,38.6,Medium
2025-08-08,P0056,Tomato,40.9,Medium
2025-08-09,P0056,Tomato,33.1,Medium
2025-08-10,P0056,Tomato,53.8,High
2025-08-11,P0056,Tomato,56.6,High
2025-08-12,P0056,Tomato,46.7,Medium
2025-08-13,P0056,Tomato,51.8,High
2025-08-14,P0056,Tomato,46.7,Medium
2025-08-15,P0056,Tomato,53.3,High
2025-08-16,P0056,Tomato,45.4,Medium
2025-08-17,P0056,Tomato,41.7,Medium
2025-08-18,P0056,Tomato,48.2,Medium
2025-08-19,P0056,Tomato,35.6,Medium
2025-08-20,P0056,Tomato,35.4,Medium
2025-08-21,P0056,Tomato,43,Medium
2025-08-22,P0056,Tomato,51.1,High
2025-08-23,P0056,Tomato,53.9,High
2025-08-24,P0056,Tomato,69,High
2025-08-25,P0056,Tomato,66.3,High
2025-08-26,P0056,Tomato,82,Critical
2025-08-27,P0056,Tomato,80.1,Critical
2025-08-28,P0056,Tomato,83.4,Critical
2025-08-29,P0056,Tomato,82.4,Critical
2025-08-30,P0056,Tomato,65.3,High
2025-08-31,P0056,Tomato,43.5,Medium
2025-09-01,P0056,Tomato,46.5,Medium
2025-09-02,P0056,Tomato,42.8,Medium
2025-09-03,P0056,Tomato,43.8,Medium
2025-09-04,P0056,Tomato,39.1,Medium
2025-09-05,P0056,Tomato,35,Medium
2025-09-06,P0056,Tomato,26.5,Medium
2025-09-07,P0056,Tomato,31.9,Medium
2025-09-08,P0056,Tomato,33.4,Medium
2025-09-09,P0056,Tomato,30.9,Medium
2025-09-10,P0056,Tomato,27.6,Medium
2025-09-11,P0056,Tomato,29.8,Medium
2025-09-12,P0056,Tomato,37.5,Medium
2025-02-21,P0057,Strawberry,46.2,Medium
2025-02-22,P0057,Strawberry,42.7,Medium
2025-02-23,P0057,Strawberry,37.6,Medium
2025-02-24,P0057,Strawberry,30.7,Medium
2025-02-25,P0057,Strawberry,31,Medium
2025-02-26,P0057,Strawberry,38.3,Medium
2025-02-27,P0057,Strawberry,37.2,Medium
2025-02-28,P0057,Strawberry,52,High
2025-03-01,P0057,Strawberry,46.8,Medium
2025-03-02,P0057,Strawberry,53.7,High
2025-03-03,P0057,Strawberry,47.7,Medium
2025-03-04,P0057,Strawberry,47.9,Medium
2025-03-05,P0057,Strawberry,43.2,Medium
2025-03-06,P0057,Strawberry,51.2,High
2025-03-07,P0057,Strawberry,48.9,Medium
2025-03-08,P0057,Strawberry,38.3,Medium
2025-03-09,P0057,Strawberry,43.3,Medium
2025-03-10,P0057,Strawberry,40.4,Medium
2025-03-11,P0057,Strawberry,37,Medium
2025-03-12,P0057,Strawberry,32,Medium
2025-03-13,P0057,Strawberry,47.8,Medium
2025-03-14,P0057,Strawberry,50,High
2025-03-15,P0057,Strawberry,57.7,High
2025-03-16,P0057,Strawberry,60,High
2025-03-17,P0057,Strawberry,65.2,High
2025-03-18,P0057,Strawberry,65.5,High
2025-03-19,P0057,Strawberry,68.6,High
2025-03-20,P0057,Strawberry,72.8,High
2025-03-21,P0057,Strawberry,70.4,High
2025-03-22,P0057,Strawberry,61.8,High
2025-03-23,P0057,Strawberry,71.8,High
2025-03-24,P0057,Strawberry,60.1,High
2025-03-25,P0057,Strawberry,62.9,High
2025-03-26,P0057,Strawberry,60.3,High
2025-03-27,P0057,Strawberry,58.9,High
2025-03-28,P0057,Strawberry,56.1,High
2025-03-29,P0057,Strawberry,50.6,High
2025-03-30,P0057,Strawberry,52,High
2025-03-31,P0057,Strawberry,56.2,High
2025-04-01,P0057,Strawberry,50.4,High
2025-04-02,P0057,Strawberry,48.3,Medium
2025-04-03,P0057,Strawberry,53.8,High
2025-04-04,P0057,Strawberry,57.6,High
2025-04-05,P0057,Strawberry,70.9,High
2025-04-06,P0057,Strawberry,78.4,Critical
2025-04-07,P0057,Strawberry,73.2,High
2025-04-08,P0057,Strawberry,67.5,High
2025-04-09,P0057,Strawberry,66.3,High
2025-04-10,P0057,Strawberry,71.4,High
2025-04-11,P0057,Strawberry,70.9,High
2025-04-12,P0057,Strawberry,61.8,High
2025-04-13,P0057,Strawberry,61.6,High
2025-04-14,P0057,Strawberry,65.5,High
2025-04-15,P0057,Strawberry,64.3,High
2025-04-16,P0057,Strawberry,64.3,High
2025-04-17,P0057,Strawberry,65.5,High
2025-04-18,P0057,Strawberry,65.7,High
2025-04-19,P0057,Strawberry,59.3,High
2025-04-20,P0057,Strawberry,54.4,High
2025-04-21,P0057,Strawberry,63.5,High
2025-04-22,P0057,Strawberry,63.9,High
2025-04-23,P0057,Strawberry,64.3,High
2025-04-24,P0057,Strawberry,51.3,High
2025-04-25,P0057,Strawberry,56.2,High
2025-04-26,P0057,Strawberry,53.8,High
2025-04-27,P0057,Strawberry,57.3,High
2025-04-28,P0057,Strawberry,50.7,High
2025-04-29,P0057,Strawberry,49.3,Medium
2025-04-30,P0057,Strawberry,62.8,High
2025-05-01,P0057,Strawberry,62.2,High
2025-05-02,P0057,Strawberry,65.1,High
2025-05-03,P0057,Strawberry,51.5,High
2025-05-04,P0057,Strawberry,61.5,High
2025-05-05,P0057,Strawberry,64.6,High
2025-05-06,P0057,Strawberry,50.2,High
2025-05-07,P0057,Strawberry,49.7,Medium
2025-05-08,P0057,Strawberry,50.3,High
2025-05-09,P0057,Strawberry,58.1,High
2025-05-10,P0057,Strawberry,61.5,High
2025-05-11,P0057,Strawberry,61.8,High
2025-05-12,P0057,Strawberry,64.9,High
2025-05-13,P0057,Strawberry,73,High
2025-05-14,P0057,Strawberry,68.8,High
2025-05-15,P0057,Strawberry,56.6,High
2025-05-16,P0057,Strawberry,56,High
2025-05-17,P0057,Strawberry,48.5,Medium
2025-05-18,P0057,Strawberry,44.7,Medium
2025-05-19,P0057,Strawberry,50.2,High
2025-05-20,P0057,Strawberry,51.5,High
2025-05-21,P0057,Strawberry,46.3,Medium
2025-05-22,P0057,Strawberry,41.7,Medium
2025-05-23,P0057,Strawberry,46.1,Medium
2025-05-24,P0057,Strawberry,52.7,High
2025-05-25,P0057,Strawberry,49.9,Medium
2025-05-26,P0057,Strawberry,54.4,High
2025-05-27,P0057,Strawberry,62.3,High
2025-05-28,P0057,Strawberry,54.5,High
2025-05-29,P0057,Strawberry,44.1,Medium
2025-05-30,P0057,Strawberry,56.7,High
2025-05-31,P0057,Strawberry,59.7,High
2025-06-01,P0057,Strawberry,48.4,Medium
2025-06-02,P0057,Strawberry,54.6,High
2025-06-03,P0057,Strawberry,38,Medium
2025-06-04,P0057,Strawberry,34.1,Medium
2025-06-05,P0057,Strawberry,37.8,Medium
2025-06-06,P0057,Strawberry,37.4,Medium
2025-06-07,P0057,Strawberry,38.3,Medium
2025-06-08,P0057,Strawberry,36.4,Medium
2025-06-09,P0057,Strawberry,47.5,Medium
2025-06-10,P0057,Strawberry,40.9,Medium
2025-06-11,P0057,Strawberry,43.3,Medium
2025-06-12,P0057,Strawberry,45.5,Medium
2025-06-13,P0057,Strawberry,59.1,High
2025-06-14,P0057,Strawberry,64.8,High
2025-06-15,P0057,Strawberry,72.3,High
2025-06-16,P0057,Strawberry,55,High
2025-06-17,P0057,Strawberry,58.5,High
2025-06-18,P0057,Strawberry,60.5,High
2025-06-19,P0057,Strawberry,57.1,High
2025-06-20,P0057,Strawberry,48.8,Medium
2025-06-21,P0057,Strawberry,47,Medium
2025-06-22,P0057,Strawberry,43.7,Medium
2025-06-23,P0057,Strawberry,34.8,Medium
2025-06-24,P0057,Strawberry,24.5,Low
2025-06-25,P0057,Strawberry,22.4,Low
2025-06-26,P0057,Strawberry,21.3,Low
2025-06-27,P0057,Strawberry,16,Low
2025-06-28,P0057,Strawberry,20,Low
2025-06-29,P0057,Strawberry,19.4,Low
2025-06-30,P0057,Strawberry,25.9,Medium
2025-07-01,P0057,Strawberry,33.5,Medium
2025-07-02,P0057,Strawberry,36,Medium
2025-07-03,P0057,Strawberry,28.9,Medium
2025-07-04,P0057,Strawberry,32,Medium
2025-07-05,P0057,Strawberry,29,Medium
2025-07-06,P0057,Strawberry,38.8,Medium
2025-07-07,P0057,Strawberry,31.3,Medium
2025-07-08,P0057,Strawberry,31.4,Medium
2025-07-09,P0057,Strawberry,49.5,Medium
2025-07-10,P0057,Strawberry,43.1,Medium
2025-07-11,P0057,Strawberry,39.7,Medium
2025-07-12,P0057,Strawberry,46.1,Medium
2025-07-13,P0057,Strawberry,40.7,Medium
2025-07-14,P0057,Strawberry,38.4,Medium
2025-07-15,P0057,Strawberry,46.2,Medium
2025-07-16,P0057,Strawberry,42.4,Medium
2025-07-17,P0057,Strawberry,33.7,Medium
2025-07-18,P0057,Strawberry,35.1,Medium
2025-07-19,P0057,Strawberry,33.5,Medium
2025-07-20,P0057,Strawberry,42.2,Medium
2025-07-21,P0057,Strawberry,41.8,Medium
2025-07-22,P0057,Strawberry,54.3,High
2025-07-23,P0057,Strawberry,65.2,High
2025-07-24,P0057,Strawberry,55.6,High
2025-07-25,P0057,Strawberry,60.7,High
2025-07-26,P0057,Strawberry,56.7,High
2025-07-27,P0057,Strawberry,57.2,High
2025-07-28,P0057,Strawberry,56,High
2025-07-29,P0057,Strawberry,52.4,High
2025-07-30,P0057,Strawberry,57.6,High
2025-07-31,P0057,Strawberry,49,Medium
2025-08-01,P0057,Strawberry,48.8,Medium
2025-08-02,P0057,Strawberry,38.6,Medium
2025-08-03,P0057,Strawberry,42.4,Medium
2025-08-04,P0057,Strawberry,45.7,Medium
2025-08-05,P0057,Strawberry,46.2,Medium
2025-08-06,P0057,Strawberry,50.9,High
2025-08-07,P0057,Strawberry,44.4,Medium
2025-08-08,P0057,Strawberry,42.7,Medium
2025-08-09,P0057,Strawberry,45,Medium
2025-08-10,P0057,Strawberry,38.9,Medium
2025-08-11,P0057,Strawberry,48.7,Medium
2025-08-12,P0057,Strawberry,54.4,High
2025-08-13,P0057,Strawberry,49.9,Medium
2025-08-14,P0057,Strawberry,46.5,Medium
2025-08-15,P0057,Strawberry,41.4,Medium
2025-08-16,P0057,Strawberry,46.2,Medium
2025-08-17,P0057,Strawberry,49.8,Medium
2025-08-18,P0057,Strawberry,48.8,Medium
2025-08-19,P0057,Strawberry,40.8,Medium
2025-08-20,P0057,Strawberry,37.1,Medium
2025-08-21,P0057,Strawberry,32.3,Medium
2025-08-22,P0057,Strawberry,33.6,Medium
2025-08-23,P0057,Strawberry,37.2,Medium
2025-08-24,P0057,Strawberry,44.2,Medium
2025-08-25,P0057,Strawberry,43.9,Medium
2025-08-26,P0057,Strawberry,46.4,Medium
2025-08-27,P0057,Strawberry,55.9,High
2025-08-28,P0057,Strawberry,54.7,High
2025-08-29,P0057,Strawberry,43.4,Medium
2025-08-30,P0057,Strawberry,48.3,Medium
2025-08-31,P0057,Strawberry,53.1,High
2025-09-01,P0057,Strawberry,56,High
2025-09-02,P0057,Strawberry,45.1,Medium
2025-09-03,P0057,Strawberry,41.8,Medium
2025-09-04,P0057,Strawberry,37,Medium
2025-09-05,P0057,Strawberry,34.7,Medium
2025-09-06,P0057,Strawberry,40.7,Medium
2025-09-07,P0057,Strawberry,34.2,Medium
2025-09-08,P0057,Strawberry,25.1,Medium
2025-09-09,P0057,Strawberry,35.6,Medium
2025-09-10,P0057,Strawberry,23.7,Low
2025-09-11,P0057,Strawberry,51.8,High
2025-09-12,P0057,Strawberry,54.6,High
2025-02-21,P0058,Strawberry,44.9,Medium
2025-02-22,P0058,Strawberry,40.5,Medium
2025-02-23,P0058,Strawberry,43.3,Medium
2025-02-24,P0058,Strawberry,42.6,Medium
2025-02-25,P0058,Strawberry,48.2,Medium
2025-02-26,P0058,Strawberry,53.6,High
2025-02-27,P0058,Strawberry,64.9,High
2025-02-28,P0058,Strawberry,64.2,High
2025-03-01,P0058,Strawberry,72.8,High
2025-03-02,P0058,Strawberry,74,High
2025-03-03,P0058,Strawberry,74.1,High
2025-03-04,P0058,Strawberry,62.6,High
2025-03-05,P0058,Strawberry,52.5,High
2025-03-06,P0058,Strawberry,53.9,High
2025-03-07,P0058,Strawberry,46.7,Medium
2025-03-08,P0058,Strawberry,53,High
2025-03-09,P0058,Strawberry,42.8,Medium
2025-03-10,P0058,Strawberry,51.9,High
2025-03-11,P0058,Strawberry,51.2,High
2025-03-12,P0058,Strawberry,42.8,Medium
2025-03-13,P0058,Strawberry,41.3,Medium
2025-03-14,P0058,Strawberry,46.3,Medium
2025-03-15,P0058,Strawberry,47.8,Medium
2025-03-16,P0058,Strawberry,48.7,Medium
2025-03-17,P0058,Strawberry,51.1,High
2025-03-18,P0058,Strawberry,58.6,High
2025-03-19,P0058,Strawberry,58.6,High
2025-03-20,P0058,Strawberry,66.2,High
2025-03-21,P0058,Strawberry,64,High
2025-03-22,P0058,Strawberry,67.1,High
2025-03-23,P0058,Strawberry,62.6,High
2025-03-24,P0058,Strawberry,61.6,High
2025-03-25,P0058,Strawberry,55.3,High
2025-03-26,P0058,Strawberry,65.8,High
2025-03-27,P0058,Strawberry,65.6,High
2025-03-28,P0058,Strawberry,57,High
2025-03-29,P0058,Strawberry,59.5,High
2025-03-30,P0058,Strawberry,65,High
2025-03-31,P0058,Strawberry,63.4,High
2025-04-01,P0058,Strawberry,68.6,High
2025-04-02,P0058,Strawberry,64.9,High
2025-04-03,P0058,Strawberry,56,High
2025-04-04,P0058,Strawberry,69.6,High
2025-04-05,P0058,Strawberry,81,Critical
2025-04-06,P0058,Strawberry,82.3,Critical
2025-04-07,P0058,Strawberry,81.4,Critical
2025-04-08,P0058,Strawberry,78.3,Critical
2025-04-09,P0058,Strawberry,76.9,Critical
2025-04-10,P0058,Strawberry,78.8,Critical
2025-04-11,P0058,Strawberry,68,High
2025-04-12,P0058,Strawberry,70.3,High
2025-04-13,P0058,Strawberry,74.5,High
2025-04-14,P0058,Strawberry,60.3,High
2025-04-15,P0058,Strawberry,59.2,High
2025-04-16,P0058,Strawberry,57.6,High
2025-04-17,P0058,Strawberry,58.2,High
2025-04-18,P0058,Strawberry,55.4,High
2025-04-19,P0058,Strawberry,52.7,High
2025-04-20,P0058,Strawberry,50.1,High
2025-04-21,P0058,Strawberry,54.7,High
2025-04-22,P0058,Strawberry,56.6,High
2025-04-23,P0058,Strawberry,53,High
2025-04-24,P0058,Strawberry,61.9,High
2025-04-25,P0058,Strawberry,48.8,Medium
2025-04-26,P0058,Strawberry,61.4,High
2025-04-27,P0058,Strawberry,65.6,High
2025-04-28,P0058,Strawberry,60.5,High
2025-04-29,P0058,Strawberry,61.6,High
2025-04-30,P0058,Strawberry,56.4,High
2025-05-01,P0058,Strawberry,55.8,High
2025-05-02,P0058,Strawberry,65.3,High
2025-05-03,P0058,Strawberry,63.7,High
2025-05-04,P0058,Strawberry,61.1,High
2025-05-05,P0058,Strawberry,60,High
2025-05-06,P0058,Strawberry,53.9,High
2025-05-07,P0058,Strawberry,50.4,High
2025-05-08,P0058,Strawberry,51.9,High
2025-05-09,P0058,Strawberry,56.6,High
2025-05-10,P0058,Strawberry,68.3,High
2025-05-11,P0058,Strawberry,72.7,High
2025-05-12,P0058,Strawberry,73.8,High
2025-05-13,P0058,Strawberry,59.9,High
2025-05-14,P0058,Strawberry,55.6,High
2025-05-15,P0058,Strawberry,53.5,High
2025-05-16,P0058,Strawberry,59.8,High
2025-05-17,P0058,Strawberry,48.7,Medium
2025-05-18,P0058,Strawberry,43.3,Medium
2025-05-19,P0058,Strawberry,37.8,Medium
2025-05-20,P0058,Strawberry,50.9,High
2025-05-21,P0058,Strawberry,41.2,Medium
2025-05-22,P0058,Strawberry,48.8,Medium
2025-05-23,P0058,Strawberry,47.4,Medium
2025-05-24,P0058,Strawberry,46.9,Medium
2025-05-25,P0058,Strawberry,38.3,Medium
2025-05-26,P0058,Strawberry,39.8,Medium
2025-05-27,P0058,Strawberry,36.8,Medium
2025-05-28,P0058,Strawberry,36.8,Medium
2025-05-29,P0058,Strawberry,31.7,Medium
2025-05-30,P0058,Strawberry,40.2,Medium
2025-05-31,P0058,Strawberry,32.4,Medium
2025-06-01,P0058,Strawberry,46,Medium
2025-06-02,P0058,Strawberry,36.2,Medium
2025-06-03,P0058,Strawberry,35.8,Medium
2025-06-04,P0058,Strawberry,41.8,Medium
2025-06-05,P0058,Strawberry,37.3,Medium
2025-06-06,P0058,Strawberry,40.8,Medium
2025-06-07,P0058,Strawberry,36,Medium
2025-06-08,P0058,Strawberry,40.2,Medium
2025-06-09,P0058,Strawberry,38.5,Medium
2025-06-10,P0058,Strawberry,32.3,Medium
2025-06-11,P0058,Strawberry,27.2,Medium
2025-06-12,P0058,Strawberry,30.4,Medium
2025-06-13,P0058,Strawberry,32.9,Medium
2025-06-14,P0058,Strawberry,35.3,Medium
2025-06-15,P0058,Strawberry,40.7,Medium
2025-06-16,P0058,Strawberry,48.8,Medium
2025-06-17,P0058,Strawberry,50.6,High
2025-06-18,P0058,Strawberry,50.7,High
2025-06-19,P0058,Strawberry,37.3,Medium
2025-06-20,P0058,Strawberry,55,High
2025-06-21,P0058,Strawberry,48.5,Medium
2025-06-22,P0058,Strawberry,46.2,Medium
2025-06-23,P0058,Strawberry,44.9,Medium
2025-06-24,P0058,Strawberry,46.1,Medium
2025-06-25,P0058,Strawberry,40,Medium
2025-06-26,P0058,Strawberry,37.6,Medium
2025-06-27,P0058,Strawberry,32.6,Medium
2025-06-28,P0058,Strawberry,37.3,Medium
2025-06-29,P0058,Strawberry,39,Medium
2025-06-30,P0058,Strawberry,34.7,Medium
2025-07-01,P0058,Strawberry,39.7,Medium
2025-07-02,P0058,Strawberry,49.3,Medium
2025-07-03,P0058,Strawberry,42.5,Medium
2025-07-04,P0058,Strawberry,41,Medium
2025-07-05,P0058,Strawberry,49.6,Medium
2025-07-06,P0058,Strawberry,38.7,Medium
2025-07-07,P0058,Strawberry,42.7,Medium
2025-07-08,P0058,Strawberry,40.9,Medium
2025-07-09,P0058,Strawberry,40.7,Medium
2025-07-10,P0058,Strawberry,36.8,Medium
2025-07-11,P0058,Strawberry,43,Medium
2025-07-12,P0058,Strawberry,48.9,Medium
2025-07-13,P0058,Strawberry,49.8,Medium
2025-07-14,P0058,Strawberry,48,Medium
2025-07-15,P0058,Strawberry,47.3,Medium
2025-07-16,P0058,Strawberry,40.7,Medium
2025-07-17,P0058,Strawberry,44.3,Medium
2025-07-18,P0058,Strawberry,34.4,Medium
2025-07-19,P0058,Strawberry,35.3,Medium
2025-07-20,P0058,Strawberry,20.8,Low
2025-07-21,P0058,Strawberry,40.4,Medium
2025-07-22,P0058,Strawberry,57.9,High
2025-07-23,P0058,Strawberry,58.3,High
2025-07-24,P0058,Strawberry,65.3,High
2025-07-25,P0058,Strawberry,61,High
2025-07-26,P0058,Strawberry,45.5,Medium
2025-07-27,P0058,Strawberry,51,High
2025-07-28,P0058,Strawberry,46.8,Medium
2025-07-29,P0058,Strawberry,47.5,Medium
2025-07-30,P0058,Strawberry,42,Medium
2025-07-31,P0058,Strawberry,40.8,Medium
2025-08-01,P0058,Strawberry,36.2,Medium
2025-08-02,P0058,Strawberry,37.9,Medium
2025-08-03,P0058,Strawberry,36.2,Medium
2025-08-04,P0058,Strawberry,37.6,Medium
2025-08-05,P0058,Strawberry,34.6,Medium
2025-08-06,P0058,Strawberry,35.2,Medium
2025-08-07,P0058,Strawberry,35.8,Medium
2025-08-08,P0058,Strawberry,44.9,Medium
2025-08-09,P0058,Strawberry,41.1,Medium
2025-08-10,P0058,Strawberry,34.4,Medium
2025-08-11,P0058,Strawberry,30.2,Medium
2025-08-12,P0058,Strawberry,34.9,Medium
2025-08-13,P0058,Strawberry,36.5,Medium
2025-08-14,P0058,Strawberry,43.8,Medium
2025-08-15,P0058,Strawberry,32.2,Medium
2025-08-16,P0058,Strawberry,31.5,Medium
2025-08-17,P0058,Strawberry,26,Medium
2025-08-18,P0058,Strawberry,34.2,Medium
2025-08-19,P0058,Strawberry,25.3,Medium
2025-08-20,P0058,Strawberry,24.8,Low
2025-08-21,P0058,Strawberry,29.3,Medium
2025-08-22,P0058,Strawberry,30.5,Medium
2025-08-23,P0058,Strawberry,35.3,Medium
2025-08-24,P0058,Strawberry,40.1,Medium
2025-08-25,P0058,Strawberry,46.9,Medium
2025-08-26,P0058,Strawberry,47,Medium
2025-08-27,P0058,Strawberry,58.1,High
2025-08-28,P0058,Strawberry,71.8,High
2025-08-29,P0058,Strawberry,65.6,High
2025-08-30,P0058,Strawberry,59.3,High
2025-08-31,P0058,Strawberry,46.8,Medium
2025-09-01,P0058,Strawberry,54.7,High
2025-09-02,P0058,Strawberry,40.8,Medium
2025-09-03,P0058,Strawberry,35.5,Medium
2025-09-04,P0058,Strawberry,34,Medium
2025-09-05,P0058,Strawberry,33.8,Medium
2025-09-06,P0058,Strawberry,33.4,Medium
2025-09-07,P0058,Strawberry,29.2,Medium
2025-09-08,P0058,Strawberry,43,Medium
2025-09-09,P0058,Strawberry,34,Medium
2025-09-10,P0058,Strawberry,37.6,Medium
2025-09-11,P0058,Strawberry,50.4,High
2025-09-12,P0058,Strawberry,48.1,Medium
2025-02-21,P0059,Strawberry,17.9,Low
2025-02-22,P0059,Strawberry,26.7,Medium
2025-02-23,P0059,Strawberry,15.4,Low
2025-02-24,P0059,Strawberry,25.4,Medium
2025-02-25,P0059,Strawberry,29.5,Medium
2025-02-26,P0059,Strawberry,24.8,Low
2025-02-27,P0059,Strawberry,24.6,Low
2025-02-28,P0059,Strawberry,26,Medium
2025-03-01,P0059,Strawberry,31.9,Medium
2025-03-02,P0059,Strawberry,39.7,Medium
2025-03-03,P0059,Strawberry,31.6,Medium
2025-03-04,P0059,Strawberry,37.8,Medium
2025-03-05,P0059,Strawberry,45.4,Medium
2025-03-06,P0059,Strawberry,48.1,Medium
2025-03-07,P0059,Strawberry,38.3,Medium
2025-03-08,P0059,Strawberry,39.4,Medium
2025-03-09,P0059,Strawberry,45.6,Medium
2025-03-10,P0059,Strawberry,31.6,Medium
2025-03-11,P0059,Strawberry,28.4,Medium
2025-03-12,P0059,Strawberry,30.7,Medium
2025-03-13,P0059,Strawberry,28.5,Medium
2025-03-14,P0059,Strawberry,27.3,Medium
2025-03-15,P0059,Strawberry,27.3,Medium
2025-03-16,P0059,Strawberry,28.9,Medium
2025-03-17,P0059,Strawberry,40.2,Medium
2025-03-18,P0059,Strawberry,45.9,Medium
2025-03-19,P0059,Strawberry,43.7,Medium
2025-03-20,P0059,Strawberry,40.5,Medium
2025-03-21,P0059,Strawberry,39.9,Medium
2025-03-22,P0059,Strawberry,37.4,Medium
2025-03-23,P0059,Strawberry,28.8,Medium
2025-03-24,P0059,Strawberry,36,Medium
2025-03-25,P0059,Strawberry,44.5,Medium
2025-03-26,P0059,Strawberry,41.2,Medium
2025-03-27,P0059,Strawberry,49.8,Medium
2025-03-28,P0059,Strawberry,50.8,High
2025-03-29,P0059,Strawberry,58.5,High
2025-03-30,P0059,Strawberry,60.8,High
2025-03-31,P0059,Strawberry,56,High
2025-04-01,P0059,Strawberry,59.3,High
2025-04-02,P0059,Strawberry,59,High
2025-04-03,P0059,Strawberry,62.8,High
2025-04-04,P0059,Strawberry,67.5,High
2025-04-05,P0059,Strawberry,65.6,High
2025-04-06,P0059,Strawberry,68.2,High
2025-04-07,P0059,Strawberry,66.7,High
2025-04-08,P0059,Strawberry,67.9,High
2025-04-09,P0059,Strawberry,63.1,High
2025-04-10,P0059,Strawberry,63.4,High
2025-04-11,P0059,Strawberry,57.5,High
2025-04-12,P0059,Strawberry,52.6,High
2025-04-13,P0059,Strawberry,45.5,Medium
2025-04-14,P0059,Strawberry,60,High
2025-04-15,P0059,Strawberry,51.1,High
2025-04-16,P0059,Strawberry,51.3,High
2025-04-17,P0059,Strawberry,50.6,High
2025-04-18,P0059,Strawberry,43.6,Medium
2025-04-19,P0059,Strawberry,51.5,High
2025-04-20,P0059,Strawberry,44.3,Medium
2025-04-21,P0059,Strawberry,38.1,Medium
2025-04-22,P0059,Strawberry,35.5,Medium
2025-04-23,P0059,Strawberry,35.6,Medium
2025-04-24,P0059,Strawberry,42.9,Medium
2025-04-25,P0059,Strawberry,45.5,Medium
2025-04-26,P0059,Strawberry,38.6,Medium
2025-04-27,P0059,Strawberry,41,Medium
2025-04-28,P0059,Strawberry,37.2,Medium
2025-04-29,P0059,Strawberry,37.8,Medium
2025-04-30,P0059,Strawberry,39.7,Medium
2025-05-01,P0059,Strawberry,32.2,Medium
2025-05-02,P0059,Strawberry,29.7,Medium
2025-05-03,P0059,Strawberry,31,Medium
2025-05-04,P0059,Strawberry,38.1,Medium
2025-05-05,P0059,Strawberry,38.5,Medium
2025-05-06,P0059,Strawberry,33.3,Medium
2025-05-07,P0059,Strawberry,33.4,Medium
2025-05-08,P0059,Strawberry,25.2,Medium
2025-05-09,P0059,Strawberry,27.9,Medium
2025-05-10,P0059,Strawberry,33.6,Medium
2025-05-11,P0059,Strawberry,40,Medium
2025-05-12,P0059,Strawberry,51.5,High
2025-05-13,P0059,Strawberry,49.4,Medium
2025-05-14,P0059,Strawberry,46.4,Medium
2025-05-15,P0059,Strawberry,46.2,Medium
2025-05-16,P0059,Strawberry,48.1,Medium
2025-05-17,P0059,Strawberry,47.5,Medium
2025-05-18,P0059,Strawberry,46.9,Medium
2025-05-19,P0059,Strawberry,42,Medium
2025-05-20,P0059,Strawberry,38,Medium
2025-05-21,P0059,Strawberry,34.4,Medium
2025-05-22,P0059,Strawberry,33.4,Medium
2025-05-23,P0059,Strawberry,20.4,Low
2025-05-24,P0059,Strawberry,29.3,Medium
2025-05-25,P0059,Strawberry,23.9,Low
2025-05-26,P0059,Strawberry,20.8,Low
2025-05-27,P0059,Strawberry,19.7,Low
2025-05-28,P0059,Strawberry,35.1,Medium
2025-05-29,P0059,Strawberry,37.2,Medium
2025-05-30,P0059,Strawberry,29.5,Medium
2025-05-31,P0059,Strawberry,40,Medium
2025-06-01,P0059,Strawberry,34.7,Medium
2025-06-02,P0059,Strawberry,30.6,Medium
2025-06-03,P0059,Strawberry,28.6,Medium
2025-06-04,P0059,Strawberry,34.5,Medium
2025-06-05,P0059,Strawberry,29.8,Medium
2025-06-06,P0059,Strawberry,22.5,Low
2025-06-07,P0059,Strawberry,31.3,Medium
2025-06-08,P0059,Strawberry,27.2,Medium
2025-06-09,P0059,Strawberry,22.2,Low
2025-06-10,P0059,Strawberry,22.5,Low
2025-06-11,P0059,Strawberry,25.5,Medium
2025-06-12,P0059,Strawberry,20,Low
2025-06-13,P0059,Strawberry,38.9,Medium
2025-06-14,P0059,Strawberry,28.1,Medium
2025-06-15,P0059,Strawberry,29.9,Medium
2025-06-16,P0059,Strawberry,44.2,Medium
2025-06-17,P0059,Strawberry,43.2,Medium
2025-06-18,P0059,Strawberry,46.5,Medium
2025-06-19,P0059,Strawberry,45.6,Medium
2025-06-20,P0059,Strawberry,27.8,Medium
2025-06-21,P0059,Strawberry,25.2,Medium
2025-06-22,P0059,Strawberry,22.6,Low
2025-06-23,P0059,Strawberry,21.7,Low
2025-06-24,P0059,Strawberry,18.3,Low
2025-06-25,P0059,Strawberry,20.2,Low
2025-06-26,P0059,Strawberry,22.4,Low
2025-06-27,P0059,Strawberry,22,Low
2025-06-28,P0059,Strawberry,21.8,Low
2025-06-29,P0059,Strawberry,17.7,Low
2025-06-30,P0059,Strawberry,29.6,Medium
2025-07-01,P0059,Strawberry,18.4,Low
2025-07-02,P0059,Strawberry,27.4,Medium
2025-07-03,P0059,Strawberry,15.1,Low
2025-07-04,P0059,Strawberry,21.9,Low
2025-07-05,P0059,Strawberry,29.2,Medium
2025-07-06,P0059,Strawberry,31.5,Medium
2025-07-07,P0059,Strawberry,36.1,Medium
2025-07-08,P0059,Strawberry,29,Medium
2025-07-09,P0059,Strawberry,40.9,Medium
2025-07-10,P0059,Strawberry,35.3,Medium
2025-07-11,P0059,Strawberry,35,Medium
2025-07-12,P0059,Strawberry,19,Low
2025-07-13,P0059,Strawberry,29.6,Medium
2025-07-14,P0059,Strawberry,29.8,Medium
2025-07-15,P0059,Strawberry,18.8,Low
2025-07-16,P0059,Strawberry,20,Low
2025-07-17,P0059,Strawberry,17.5,Low
2025-07-18,P0059,Strawberry,15.6,Low
2025-07-19,P0059,Strawberry,17.8,Low
2025-07-20,P0059,Strawberry,1.9,Low
2025-07-21,P0059,Strawberry,15.9,Low
2025-07-22,P0059,Strawberry,16.8,Low
2025-07-23,P0059,Strawberry,20.6,Low
2025-07-24,P0059,Strawberry,30.1,Medium
2025-07-25,P0059,Strawberry,22.6,Low
2025-07-26,P0059,Strawberry,25,Medium
2025-07-27,P0059,Strawberry,30.8,Medium
2025-07-28,P0059,Strawberry,28,Medium
2025-07-29,P0059,Strawberry,32.8,Medium
2025-07-30,P0059,Strawberry,27.1,Medium
2025-07-31,P0059,Strawberry,23.4,Low
2025-08-01,P0059,Strawberry,17.1,Low
2025-08-02,P0059,Strawberry,16.9,Low
2025-08-03,P0059,Strawberry,7,Low
2025-08-04,P0059,Strawberry,8.4,Low
2025-08-05,P0059,Strawberry,3.6,Low
2025-08-06,P0059,Strawberry,17.1,Low
2025-08-07,P0059,Strawberry,11.4,Low
2025-08-08,P0059,Strawberry,17.9,Low
2025-08-09,P0059,Strawberry,32.7,Medium
2025-08-10,P0059,Strawberry,30.9,Medium
2025-08-11,P0059,Strawberry,35.4,Medium
2025-08-12,P0059,Strawberry,28.1,Medium
2025-08-13,P0059,Strawberry,30.9,Medium
2025-08-14,P0059,Strawberry,27.6,Medium
2025-08-15,P0059,Strawberry,34.1,Medium
2025-08-16,P0059,Strawberry,32.9,Medium
2025-08-17,P0059,Strawberry,24.8,Low
2025-08-18,P0059,Strawberry,22.5,Low
2025-08-19,P0059,Strawberry,23.5,Low
2025-08-20,P0059,Strawberry,22.3,Low
2025-08-21,P0059,Strawberry,23.1,Low
2025-08-22,P0059,Strawberry,23.4,Low
2025-08-23,P0059,Strawberry,22.4,Low
2025-08-24,P0059,Strawberry,25,Medium
2025-08-25,P0059,Strawberry,26.7,Medium
2025-08-26,P0059,Strawberry,28.5,Medium
2025-08-27,P0059,Strawberry,47.5,Medium
2025-08-28,P0059,Strawberry,42.2,Medium
2025-08-29,P0059,Strawberry,36.3,Medium
2025-08-30,P0059,Strawberry,37,Medium
2025-08-31,P0059,Strawberry,24,Low
2025-09-01,P0059,Strawberry,18.3,Low
2025-09-02,P0059,Strawberry,23.1,Low
2025-09-03,P0059,Strawberry,24.4,Low
2025-09-04,P0059,Strawberry,30.5,Medium
2025-09-05,P0059,Strawberry,24.5,Low
2025-09-06,P0059,Strawberry,31.4,Medium
2025-09-07,P0059,Strawberry,35.2,Medium
2025-09-08,P0059,Strawberry,31,Medium
2025-09-09,P0059,Strawberry,27.2,Medium
2025-09-10,P0059,Strawberry,22.3,Low
2025-09-11,P0059,Strawberry,25.6,Medium
2025-09-12,P0059,Strawberry,29.3,Medium
2025-02-21,P0060,Tomato,31.9,Medium
2025-02-22,P0060,Tomato,32.3,Medium
2025-02-23,P0060,Tomato,28.8,Medium
2025-02-24,P0060,Tomato,39.1,Medium
2025-02-25,P0060,Tomato,35.4,Medium
2025-02-26,P0060,Tomato,55.3,High
2025-02-27,P0060,Tomato,49.2,Medium
2025-02-28,P0060,Tomato,63.3,High
2025-03-01,P0060,Tomato,70.6,High
2025-03-02,P0060,Tomato,75.6,Critical
2025-03-03,P0060,Tomato,74.2,High
2025-03-04,P0060,Tomato,60.3,High
2025-03-05,P0060,Tomato,46.1,Medium
2025-03-06,P0060,Tomato,55.1,High
2025-03-07,P0060,Tomato,50.1,High
2025-03-08,P0060,Tomato,53.1,High
2025-03-09,P0060,Tomato,47.6,Medium
2025-03-10,P0060,Tomato,48,Medium
2025-03-11,P0060,Tomato,48.1,Medium
2025-03-12,P0060,Tomato,45.7,Medium
2025-03-13,P0060,Tomato,55,High
2025-03-14,P0060,Tomato,56.3,High
2025-03-15,P0060,Tomato,61,High
2025-03-16,P0060,Tomato,62.6,High
2025-03-17,P0060,Tomato,65.3,High
2025-03-18,P0060,Tomato,54.4,High
2025-03-19,P0060,Tomato,49.8,Medium
2025-03-20,P0060,Tomato,60.4,High
2025-03-21,P0060,Tomato,61.6,High
2025-03-22,P0060,Tomato,55.2,High
2025-03-23,P0060,Tomato,65.2,High
2025-03-24,P0060,Tomato,60.5,High
2025-03-25,P0060,Tomato,65.4,High
2025-03-26,P0060,Tomato,61.9,High
2025-03-27,P0060,Tomato,72.7,High
2025-03-28,P0060,Tomato,69.7,High
2025-03-29,P0060,Tomato,62.7,High
2025-03-30,P0060,Tomato,60.3,High
2025-03-31,P0060,Tomato,55.2,High
2025-04-01,P0060,Tomato,54.5,High
2025-04-02,P0060,Tomato,56.1,High
2025-04-03,P0060,Tomato,51.1,High
2025-04-04,P0060,Tomato,51.9,High
2025-04-05,P0060,Tomato,53.9,High
2025-04-06,P0060,Tomato,62.2,High
2025-04-07,P0060,Tomato,64.1,High
2025-04-08,P0060,Tomato,61.2,High
2025-04-09,P0060,Tomato,59.9,High
2025-04-10,P0060,Tomato,73.8,High
2025-04-11,P0060,Tomato,66.9,High
2025-04-12,P0060,Tomato,81.5,Critical
2025-04-13,P0060,Tomato,80.3,Critical
2025-04-14,P0060,Tomato,82.3,Critical
2025-04-15,P0060,Tomato,83.6,Critical
2025-04-16,P0060,Tomato,84.1,Critical
2025-04-17,P0060,Tomato,76.3,Critical
2025-04-18,P0060,Tomato,72.4,High
2025-04-19,P0060,Tomato,69.5,High
2025-04-20,P0060,Tomato,69.3,High
2025-04-21,P0060,Tomato,59.7,High
2025-04-22,P0060,Tomato,64.4,High
2025-04-23,P0060,Tomato,64.1,High
2025-04-24,P0060,Tomato,63.9,High
2025-04-25,P0060,Tomato,58.3,High
2025-04-26,P0060,Tomato,62.5,High
2025-04-27,P0060,Tomato,70.2,High
2025-04-28,P0060,Tomato,72.2,High
2025-04-29,P0060,Tomato,61.6,High
2025-04-30,P0060,Tomato,74.9,High
2025-05-01,P0060,Tomato,70.5,High
2025-05-02,P0060,Tomato,61.3,High
2025-05-03,P0060,Tomato,57.7,High
2025-05-04,P0060,Tomato,53.5,High
2025-05-05,P0060,Tomato,54.2,High
2025-05-06,P0060,Tomato,57.6,High
2025-05-07,P0060,Tomato,54.1,High
2025-05-08,P0060,Tomato,45.9,Medium
2025-05-09,P0060,Tomato,52,High
2025-05-10,P0060,Tomato,64.1,High
2025-05-11,P0060,Tomato,57,High
2025-05-12,P0060,Tomato,68.2,High
2025-05-13,P0060,Tomato,67.6,High
2025-05-14,P0060,Tomato,67.9,High
2025-05-15,P0060,Tomato,53.9,High
2025-05-16,P0060,Tomato,54.9,High
2025-05-17,P0060,Tomato,61.2,High
2025-05-18,P0060,Tomato,53.3,High
2025-05-19,P0060,Tomato,47.3,Medium
2025-05-20,P0060,Tomato,42,Medium
2025-05-21,P0060,Tomato,41.7,Medium
2025-05-22,P0060,Tomato,40.1,Medium
2025-05-23,P0060,Tomato,57.4,High
2025-05-24,P0060,Tomato,52.3,High
2025-05-25,P0060,Tomato,48.8,Medium
2025-05-26,P0060,Tomato,47.5,Medium
2025-05-27,P0060,Tomato,53.1,High
2025-05-28,P0060,Tomato,49.4,Medium
2025-05-29,P0060,Tomato,53.9,High
2025-05-30,P0060,Tomato,43.1,Medium
2025-05-31,P0060,Tomato,41.3,Medium
2025-06-01,P0060,Tomato,38.4,Medium
2025-06-02,P0060,Tomato,40.5,Medium
2025-06-03,P0060,Tomato,38.9,Medium
2025-06-04,P0060,Tomato,45,Medium
2025-06-05,P0060,Tomato,40.4,Medium
2025-06-06,P0060,Tomato,42.2,Medium
2025-06-07,P0060,Tomato,43.2,Medium
2025-06-08,P0060,Tomato,42.5,Medium
2025-06-09,P0060,Tomato,40,Medium
2025-06-10,P0060,Tomato,27.3,Medium
2025-06-11,P0060,Tomato,31,Medium
2025-06-12,P0060,Tomato,42.5,Medium
2025-06-13,P0060,Tomato,38.9,Medium
2025-06-14,P0060,Tomato,41.5,Medium
2025-06-15,P0060,Tomato,41.8,Medium
2025-06-16,P0060,Tomato,45.9,Medium
2025-06-17,P0060,Tomato,56.2,High
2025-06-18,P0060,Tomato,50.2,High
2025-06-19,P0060,Tomato,46.8,Medium
2025-06-20,P0060,Tomato,52.6,High
2025-06-21,P0060,Tomato,61.1,High
2025-06-22,P0060,Tomato,63.3,High
2025-06-23,P0060,Tomato,58.4,High
2025-06-24,P0060,Tomato,64.1,High
2025-06-25,P0060,Tomato,59.7,High
2025-06-26,P0060,Tomato,54.2,High
2025-06-27,P0060,Tomato,49.3,Medium
2025-06-28,P0060,Tomato,48.6,Medium
2025-06-29,P0060,Tomato,40.4,Medium
2025-06-30,P0060,Tomato,32.6,Medium
2025-07-01,P0060,Tomato,27.5,Medium
2025-07-02,P0060,Tomato,32.7,Medium
2025-07-03,P0060,Tomato,26,Medium
2025-07-04,P0060,Tomato,35.8,Medium
2025-07-05,P0060,Tomato,41.9,Medium
2025-07-06,P0060,Tomato,49.5,Medium
2025-07-07,P0060,Tomato,39.1,Medium
2025-07-08,P0060,Tomato,45.1,Medium
2025-07-09,P0060,Tomato,44.1,Medium
2025-07-10,P0060,Tomato,33.7,Medium
2025-07-11,P0060,Tomato,38.2,Medium
2025-07-12,P0060,Tomato,38.5,Medium
2025-07-13,P0060,Tomato,32.8,Medium
2025-07-14,P0060,Tomato,28.6,Medium
2025-07-15,P0060,Tomato,37,Medium
2025-07-16,P0060,Tomato,41.9,Medium
2025-07-17,P0060,Tomato,32.9,Medium
2025-07-18,P0060,Tomato,43,Medium
2025-07-19,P0060,Tomato,47.9,Medium
2025-07-20,P0060,Tomato,55.4,High
2025-07-21,P0060,Tomato,54.5,High
2025-07-22,P0060,Tomato,55.7,High
2025-07-23,P0060,Tomato,59.2,High
2025-07-24,P0060,Tomato,60,High
2025-07-25,P0060,Tomato,62.9,High
2025-07-26,P0060,Tomato,59.3,High
2025-07-27,P0060,Tomato,71.9,High
2025-07-28,P0060,Tomato,63.9,High
2025-07-29,P0060,Tomato,63.1,High
2025-07-30,P0060,Tomato,61.4,High
2025-07-31,P0060,Tomato,64.3,High
2025-08-01,P0060,Tomato,45.1,Medium
2025-08-02,P0060,Tomato,45.3,Medium
2025-08-03,P0060,Tomato,37,Medium
2025-08-04,P0060,Tomato,27.7,Medium
2025-08-05,P0060,Tomato,26,Medium
2025-08-06,P0060,Tomato,48.8,Medium
2025-08-07,P0060,Tomato,47.6,Medium
2025-08-08,P0060,Tomato,48.1,Medium
2025-08-09,P0060,Tomato,51,High
2025-08-10,P0060,Tomato,53.6,High
2025-08-11,P0060,Tomato,50.8,High
2025-08-12,P0060,Tomato,49.4,Medium
2025-08-13,P0060,Tomato,44.5,Medium
2025-08-14,P0060,Tomato,37.8,Medium
2025-08-15,P0060,Tomato,45.4,Medium
2025-08-16,P0060,Tomato,45.3,Medium
2025-08-17,P0060,Tomato,54.8,High
2025-08-18,P0060,Tomato,47,Medium
2025-08-19,P0060,Tomato,47.8,Medium
2025-08-20,P0060,Tomato,49,Medium
2025-08-21,P0060,Tomato,53.8,High
2025-08-22,P0060,Tomato,48.8,Medium
2025-08-23,P0060,Tomato,47.3,Medium
2025-08-24,P0060,Tomato,30.7,Medium
2025-08-25,P0060,Tomato,27.3,Medium
2025-08-26,P0060,Tomato,40.5,Medium
2025-08-27,P0060,Tomato,51.8,High
2025-08-28,P0060,Tomato,61.1,High
2025-08-29,P0060,Tomato,68.9,High
2025-08-30,P0060,Tomato,55.9,High
2025-08-31,P0060,Tomato,61.1,High
2025-09-01,P0060,Tomato,59.5,High
2025-09-02,P0060,Tomato,57,High
2025-09-03,P0060,Tomato,45.1,Medium
2025-09-04,P0060,Tomato,41.5,Medium
2025-09-05,P0060,Tomato,50.7,High
2025-09-06,P0060,Tomato,39.9,Medium
2025-09-07,P0060,Tomato,54,High
2025-09-08,P0060,Tomato,54.9,High
2025-09-09,P0060,Tomato,57.1,High
2025-09-10,P0060,Tomato,60.6,High
2025-09-11,P0060,Tomato,62.4,High
2025-09-12,P0060,Tomato,64.7,High
2025-02-21,P0061,Strawberry,27.8,Medium
2025-02-22,P0061,Strawberry,29.1,Medium
2025-02-23,P0061,Strawberry,23.6,Low
2025-02-24,P0061,Strawberry,32.1,Medium
2025-02-25,P0061,Strawberry,26,Medium
2025-02-26,P0061,Strawberry,30.1,Medium
2025-02-27,P0061,Strawberry,32.3,Medium
2025-02-28,P0061,Strawberry,38.1,Medium
2025-03-01,P0061,Strawberry,45.9,Medium
2025-03-02,P0061,Strawberry,44.8,Medium
2025-03-03,P0061,Strawberry,41.6,Medium
2025-03-04,P0061,Strawberry,36,Medium
2025-03-05,P0061,Strawberry,31.5,Medium
2025-03-06,P0061,Strawberry,39.3,Medium
2025-03-07,P0061,Strawberry,35.7,Medium
2025-03-08,P0061,Strawberry,38.7,Medium
2025-03-09,P0061,Strawberry,33.2,Medium
2025-03-10,P0061,Strawberry,26.4,Medium
2025-03-11,P0061,Strawberry,28.8,Medium
2025-03-12,P0061,Strawberry,44.3,Medium
2025-03-13,P0061,Strawberry,40.3,Medium
2025-03-14,P0061,Strawberry,37.3,Medium
2025-03-15,P0061,Strawberry,39.8,Medium
2025-03-16,P0061,Strawberry,43.5,Medium
2025-03-17,P0061,Strawberry,40.4,Medium
2025-03-18,P0061,Strawberry,46.9,Medium
2025-03-19,P0061,Strawberry,53.1,High
2025-03-20,P0061,Strawberry,51.1,High
2025-03-21,P0061,Strawberry,57.7,High
2025-03-22,P0061,Strawberry,60,High
2025-03-23,P0061,Strawberry,59.9,High
2025-03-24,P0061,Strawberry,59.3,High
2025-03-25,P0061,Strawberry,64.5,High
2025-03-26,P0061,Strawberry,53.1,High
2025-03-27,P0061,Strawberry,61.7,High
2025-03-28,P0061,Strawberry,68.7,High
2025-03-29,P0061,Strawberry,63,High
2025-03-30,P0061,Strawberry,74.8,High
2025-03-31,P0061,Strawberry,78.8,Critical
2025-04-01,P0061,Strawberry,75.4,Critical
2025-04-02,P0061,Strawberry,75.5,Critical
2025-04-03,P0061,Strawberry,69.6,High
2025-04-04,P0061,Strawberry,75.3,Critical
2025-04-05,P0061,Strawberry,82.8,Critical
2025-04-06,P0061,Strawberry,86.6,Critical
2025-04-07,P0061,Strawberry,87.6,Critical
2025-04-08,P0061,Strawberry,81.4,Critical
2025-04-09,P0061,Strawberry,77.8,Critical
2025-04-10,P0061,Strawberry,79.7,Critical
2025-04-11,P0061,Strawberry,82.1,Critical
2025-04-12,P0061,Strawberry,77.1,Critical
2025-04-13,P0061,Strawberry,75.7,Critical
2025-04-14,P0061,Strawberry,70.9,High
2025-04-15,P0061,Strawberry,61.5,High
2025-04-16,P0061,Strawberry,67.9,High
2025-04-17,P0061,Strawberry,63.7,High
2025-04-18,P0061,Strawberry,56,High
2025-04-19,P0061,Strawberry,58.3,High
2025-04-20,P0061,Strawberry,46.6,Medium
2025-04-21,P0061,Strawberry,50.2,High
2025-04-22,P0061,Strawberry,55.5,High
2025-04-23,P0061,Strawberry,54,High
2025-04-24,P0061,Strawberry,56.3,High
2025-04-25,P0061,Strawberry,47.1,Medium
2025-04-26,P0061,Strawberry,54.1,High
2025-04-27,P0061,Strawberry,47.1,Medium
2025-04-28,P0061,Strawberry,49.8,Medium
2025-04-29,P0061,Strawberry,41.8,Medium
2025-04-30,P0061,Strawberry,42.8,Medium
2025-05-01,P0061,Strawberry,39.5,Medium
2025-05-02,P0061,Strawberry,40.1,Medium
2025-05-03,P0061,Strawberry,38,Medium
2025-05-04,P0061,Strawberry,35.7,Medium
2025-05-05,P0061,Strawberry,48,Medium
2025-05-06,P0061,Strawberry,42.5,Medium
2025-05-07,P0061,Strawberry,41.5,Medium
2025-05-08,P0061,Strawberry,39.5,Medium
2025-05-09,P0061,Strawberry,45.5,Medium
2025-05-10,P0061,Strawberry,48.9,Medium
2025-05-11,P0061,Strawberry,71.3,High
2025-05-12,P0061,Strawberry,75.3,Critical
2025-05-13,P0061,Strawberry,66.1,High
2025-05-14,P0061,Strawberry,62.9,High
2025-05-15,P0061,Strawberry,49.3,Medium
2025-05-16,P0061,Strawberry,48.4,Medium
2025-05-17,P0061,Strawberry,48.2,Medium
2025-05-18,P0061,Strawberry,50.8,High
2025-05-19,P0061,Strawberry,51.9,High
2025-05-20,P0061,Strawberry,52.6,High
2025-05-21,P0061,Strawberry,57.6,High
2025-05-22,P0061,Strawberry,50.1,High
2025-05-23,P0061,Strawberry,46,Medium
2025-05-24,P0061,Strawberry,45.9,Medium
2025-05-25,P0061,Strawberry,44.2,Medium
2025-05-26,P0061,Strawberry,58,High
2025-05-27,P0061,Strawberry,51.5,High
2025-05-28,P0061,Strawberry,54.6,High
2025-05-29,P0061,Strawberry,51.9,High
2025-05-30,P0061,Strawberry,49.4,Medium
2025-05-31,P0061,Strawberry,45.7,Medium
2025-06-01,P0061,Strawberry,49.3,Medium
2025-06-02,P0061,Strawberry,42.5,Medium
2025-06-03,P0061,Strawberry,53,High
2025-06-04,P0061,Strawberry,41.6,Medium
2025-06-05,P0061,Strawberry,37.4,Medium
2025-06-06,P0061,Strawberry,39.5,Medium
2025-06-07,P0061,Strawberry,35.6,Medium
2025-06-08,P0061,Strawberry,36.1,Medium
2025-06-09,P0061,Strawberry,35.8,Medium
2025-06-10,P0061,Strawberry,29.8,Medium
2025-06-11,P0061,Strawberry,21.5,Low
2025-06-12,P0061,Strawberry,28.9,Medium
2025-06-13,P0061,Strawberry,19.2,Low
2025-06-14,P0061,Strawberry,14.1,Low
2025-06-15,P0061,Strawberry,25.6,Medium
2025-06-16,P0061,Strawberry,31.8,Medium
2025-06-17,P0061,Strawberry,51.3,High
2025-06-18,P0061,Strawberry,47.2,Medium
2025-06-19,P0061,Strawberry,50.6,High
2025-06-20,P0061,Strawberry,45.4,Medium
2025-06-21,P0061,Strawberry,45.3,Medium
2025-06-22,P0061,Strawberry,42.4,Medium
2025-06-23,P0061,Strawberry,35.9,Medium
2025-06-24,P0061,Strawberry,30.6,Medium
2025-06-25,P0061,Strawberry,30,Medium
2025-06-26,P0061,Strawberry,28,Medium
2025-06-27,P0061,Strawberry,26.6,Medium
2025-06-28,P0061,Strawberry,33.7,Medium
2025-06-29,P0061,Strawberry,34.5,Medium
2025-06-30,P0061,Strawberry,38.4,Medium
2025-07-01,P0061,Strawberry,38.6,Medium
2025-07-02,P0061,Strawberry,32.6,Medium
2025-07-03,P0061,Strawberry,38.3,Medium
2025-07-04,P0061,Strawberry,39.4,Medium
2025-07-05,P0061,Strawberry,39.4,Medium
2025-07-06,P0061,Strawberry,43.2,Medium
2025-07-07,P0061,Strawberry,37.8,Medium
2025-07-08,P0061,Strawberry,33,Medium
2025-07-09,P0061,Strawberry,29.8,Medium
2025-07-10,P0061,Strawberry,27.8,Medium
2025-07-11,P0061,Strawberry,26.4,Medium
2025-07-12,P0061,Strawberry,24.5,Low
2025-07-13,P0061,Strawberry,27.7,Medium
2025-07-14,P0061,Strawberry,41.7,Medium
2025-07-15,P0061,Strawberry,37,Medium
2025-07-16,P0061,Strawberry,44.9,Medium
2025-07-17,P0061,Strawberry,50,High
2025-07-18,P0061,Strawberry,48.9,Medium
2025-07-19,P0061,Strawberry,48.8,Medium
2025-07-20,P0061,Strawberry,49.2,Medium
2025-07-21,P0061,Strawberry,32.4,Medium
2025-07-22,P0061,Strawberry,32.4,Medium
2025-07-23,P0061,Strawberry,46.2,Medium
2025-07-24,P0061,Strawberry,40.1,Medium
2025-07-25,P0061,Strawberry,46.4,Medium
2025-07-26,P0061,Strawberry,46.2,Medium
2025-07-27,P0061,Strawberry,51.5,High
2025-07-28,P0061,Strawberry,46,Medium
2025-07-29,P0061,Strawberry,39,Medium
2025-07-30,P0061,Strawberry,47.1,Medium
2025-07-31,P0061,Strawberry,44.9,Medium
2025-08-01,P0061,Strawberry,38,Medium
2025-08-02,P0061,Strawberry,28.4,Medium
2025-08-03,P0061,Strawberry,31.1,Medium
2025-08-04,P0061,Strawberry,35.5,Medium
2025-08-05,P0061,Strawberry,37.4,Medium
2025-08-06,P0061,Strawberry,33,Medium
2025-08-07,P0061,Strawberry,27.7,Medium
2025-08-08,P0061,Strawberry,32.7,Medium
2025-08-09,P0061,Strawberry,37.3,Medium
2025-08-10,P0061,Strawberry,41.3,Medium
2025-08-11,P0061,Strawberry,23.4,Low
2025-08-12,P0061,Strawberry,23.1,Low
2025-08-13,P0061,Strawberry,36.7,Medium
2025-08-14,P0061,Strawberry,36.9,Medium
2025-08-15,P0061,Strawberry,44,Medium
2025-08-16,P0061,Strawberry,46.7,Medium
2025-08-17,P0061,Strawberry,48.3,Medium
2025-08-18,P0061,Strawberry,43,Medium
2025-08-19,P0061,Strawberry,51.6,High
2025-08-20,P0061,Strawberry,47.8,Medium
2025-08-21,P0061,Strawberry,43,Medium
2025-08-22,P0061,Strawberry,31.7,Medium
2025-08-23,P0061,Strawberry,31.3,Medium
2025-08-24,P0061,Strawberry,32,Medium
2025-08-25,P0061,Strawberry,27.6,Medium
2025-08-26,P0061,Strawberry,43.9,Medium
2025-08-27,P0061,Strawberry,52.8,High
2025-08-28,P0061,Strawberry,57.6,High
2025-08-29,P0061,Strawberry,59.6,High
2025-08-30,P0061,Strawberry,60.9,High
2025-08-31,P0061,Strawberry,47.8,Medium
2025-09-01,P0061,Strawberry,46.8,Medium
2025-09-02,P0061,Strawberry,43.7,Medium
2025-09-03,P0061,Strawberry,37.7,Medium
2025-09-04,P0061,Strawberry,41.7,Medium
2025-09-05,P0061,Strawberry,34.6,Medium
2025-09-06,P0061,Strawberry,29.6,Medium
2025-09-07,P0061,Strawberry,35.7,Medium
2025-09-08,P0061,Strawberry,36.3,Medium
2025-09-09,P0061,Strawberry,30.8,Medium
2025-09-10,P0061,Strawberry,40.9,Medium
2025-09-11,P0061,Strawberry,50.3,High
2025-09-12,P0061,Strawberry,46.6,Medium
2025-02-21,P0062,Strawberry,23.9,Low
2025-02-22,P0062,Strawberry,22,Low
2025-02-23,P0062,Strawberry,24.6,Low
2025-02-24,P0062,Strawberry,33.5,Medium
2025-02-25,P0062,Strawberry,28.7,Medium
2025-02-26,P0062,Strawberry,39.4,Medium
2025-02-27,P0062,Strawberry,28.7,Medium
2025-02-28,P0062,Strawberry,42.1,Medium
2025-03-01,P0062,Strawberry,56.8,High
2025-03-02,P0062,Strawberry,61.5,High
2025-03-03,P0062,Strawberry,44,Medium
2025-03-04,P0062,Strawberry,47.8,Medium
2025-03-05,P0062,Strawberry,43.5,Medium
2025-03-06,P0062,Strawberry,44.4,Medium
2025-03-07,P0062,Strawberry,40.2,Medium
2025-03-08,P0062,Strawberry,38.2,Medium
2025-03-09,P0062,Strawberry,33.1,Medium
2025-03-10,P0062,Strawberry,36.2,Medium
2025-03-11,P0062,Strawberry,30.2,Medium
2025-03-12,P0062,Strawberry,34.9,Medium
2025-03-13,P0062,Strawberry,36,Medium
2025-03-14,P0062,Strawberry,34.1,Medium
2025-03-15,P0062,Strawberry,43.4,Medium
2025-03-16,P0062,Strawberry,35.8,Medium
2025-03-17,P0062,Strawberry,33.2,Medium
2025-03-18,P0062,Strawberry,35.7,Medium
2025-03-19,P0062,Strawberry,30.7,Medium
2025-03-20,P0062,Strawberry,46.2,Medium
2025-03-21,P0062,Strawberry,51.7,High
2025-03-22,P0062,Strawberry,53.6,High
2025-03-23,P0062,Strawberry,53,High
2025-03-24,P0062,Strawberry,59,High
2025-03-25,P0062,Strawberry,60.7,High
2025-03-26,P0062,Strawberry,57.7,High
2025-03-27,P0062,Strawberry,46.6,Medium
2025-03-28,P0062,Strawberry,48.3,Medium
2025-03-29,P0062,Strawberry,50.7,High
2025-03-30,P0062,Strawberry,49.2,Medium
2025-03-31,P0062,Strawberry,50.7,High
2025-04-01,P0062,Strawberry,47,Medium
2025-04-02,P0062,Strawberry,48.8,Medium
2025-04-03,P0062,Strawberry,50.6,High
2025-04-04,P0062,Strawberry,55.4,High
2025-04-05,P0062,Strawberry,51.4,High
2025-04-06,P0062,Strawberry,55.5,High
2025-04-07,P0062,Strawberry,49.4,Medium
2025-04-08,P0062,Strawberry,55.8,High
2025-04-09,P0062,Strawberry,50.5,High
2025-04-10,P0062,Strawberry,54.9,High
2025-04-11,P0062,Strawberry,60.4,High
2025-04-12,P0062,Strawberry,59.1,High
2025-04-13,P0062,Strawberry,51.9,High
2025-04-14,P0062,Strawberry,56.8,High
2025-04-15,P0062,Strawberry,53.6,High
2025-04-16,P0062,Strawberry,53.7,High
2025-04-17,P0062,Strawberry,63.8,High
2025-04-18,P0062,Strawberry,59,High
2025-04-19,P0062,Strawberry,57.9,High
2025-04-20,P0062,Strawberry,51.6,High
2025-04-21,P0062,Strawberry,57.9,High
2025-04-22,P0062,Strawberry,63,High
2025-04-23,P0062,Strawberry,60.5,High
2025-04-24,P0062,Strawberry,68.4,High
2025-04-25,P0062,Strawberry,59.9,High
2025-04-26,P0062,Strawberry,67.5,High
2025-04-27,P0062,Strawberry,65.6,High
2025-04-28,P0062,Strawberry,72.5,High
2025-04-29,P0062,Strawberry,60.7,High
2025-04-30,P0062,Strawberry,69.6,High
2025-05-01,P0062,Strawberry,51,High
2025-05-02,P0062,Strawberry,49.9,Medium
2025-05-03,P0062,Strawberry,42.5,Medium
2025-05-04,P0062,Strawberry,45,Medium
2025-05-05,P0062,Strawberry,43.3,Medium
2025-05-06,P0062,Strawberry,39,Medium
2025-05-07,P0062,Strawberry,35.8,Medium
2025-05-08,P0062,Strawberry,42.4,Medium
2025-05-09,P0062,Strawberry,44.9,Medium
2025-05-10,P0062,Strawberry,46.1,Medium
2025-05-11,P0062,Strawberry,54.1,High
2025-05-12,P0062,Strawberry,55.8,High
2025-05-13,P0062,Strawberry,47.2,Medium
2025-05-14,P0062,Strawberry,56.9,High
2025-05-15,P0062,Strawberry,53,High
2025-05-16,P0062,Strawberry,54.1,High
2025-05-17,P0062,Strawberry,50.8,High
2025-05-18,P0062,Strawberry,47.2,Medium
2025-05-19,P0062,Strawberry,34.4,Medium
2025-05-20,P0062,Strawberry,33.4,Medium
2025-05-21,P0062,Strawberry,21.8,Low
2025-05-22,P0062,Strawberry,34.3,Medium
2025-05-23,P0062,Strawberry,38.6,Medium
2025-05-24,P0062,Strawberry,39,Medium
2025-05-25,P0062,Strawberry,42.9,Medium
2025-05-26,P0062,Strawberry,50.9,High
2025-05-27,P0062,Strawberry,49.3,Medium
2025-05-28,P0062,Strawberry,51.2,High
2025-05-29,P0062,Strawberry,49.4,Medium
2025-05-30,P0062,Strawberry,43.7,Medium
2025-05-31,P0062,Strawberry,36.6,Medium
2025-06-01,P0062,Strawberry,40.7,Medium
2025-06-02,P0062,Strawberry,39.5,Medium
2025-06-03,P0062,Strawberry,36.2,Medium
2025-06-04,P0062,Strawberry,32,Medium
2025-06-05,P0062,Strawberry,33,Medium
2025-06-06,P0062,Strawberry,32.3,Medium
2025-06-07,P0062,Strawberry,30.7,Medium
2025-06-08,P0062,Strawberry,17.9,Low
2025-06-09,P0062,Strawberry,18.5,Low
2025-06-10,P0062,Strawberry,17.9,Low
2025-06-11,P0062,Strawberry,14.3,Low
2025-06-12,P0062,Strawberry,14.8,Low
2025-06-13,P0062,Strawberry,15.3,Low
2025-06-14,P0062,Strawberry,20.4,Low
2025-06-15,P0062,Strawberry,32.4,Medium
2025-06-16,P0062,Strawberry,33.2,Medium
2025-06-17,P0062,Strawberry,37.6,Medium
2025-06-18,P0062,Strawberry,35.5,Medium
2025-06-19,P0062,Strawberry,37.3,Medium
2025-06-20,P0062,Strawberry,32.1,Medium
2025-06-21,P0062,Strawberry,41.8,Medium
2025-06-22,P0062,Strawberry,32.6,Medium
2025-06-23,P0062,Strawberry,36.9,Medium
2025-06-24,P0062,Strawberry,38.9,Medium
2025-06-25,P0062,Strawberry,32.2,Medium
2025-06-26,P0062,Strawberry,31.9,Medium
2025-06-27,P0062,Strawberry,45.6,Medium
2025-06-28,P0062,Strawberry,39.9,Medium
2025-06-29,P0062,Strawberry,42.1,Medium
2025-06-30,P0062,Strawberry,41.5,Medium
2025-07-01,P0062,Strawberry,34,Medium
2025-07-02,P0062,Strawberry,36.9,Medium
2025-07-03,P0062,Strawberry,25.1,Medium
2025-07-04,P0062,Strawberry,30.4,Medium
2025-07-05,P0062,Strawberry,22.4,Low
2025-07-06,P0062,Strawberry,19.3,Low
2025-07-07,P0062,Strawberry,36.1,Medium
2025-07-08,P0062,Strawberry,22.9,Low
2025-07-09,P0062,Strawberry,23.3,Low
2025-07-10,P0062,Strawberry,19.2,Low
2025-07-11,P0062,Strawberry,27.4,Medium
2025-07-12,P0062,Strawberry,28.6,Medium
2025-07-13,P0062,Strawberry,25.8,Medium
2025-07-14,P0062,Strawberry,27.2,Medium
2025-07-15,P0062,Strawberry,23.6,Low
2025-07-16,P0062,Strawberry,23.5,Low
2025-07-17,P0062,Strawberry,16.7,Low
2025-07-18,P0062,Strawberry,16.6,Low
2025-07-19,P0062,Strawberry,16.9,Low
2025-07-20,P0062,Strawberry,15.8,Low
2025-07-21,P0062,Strawberry,23.7,Low
2025-07-22,P0062,Strawberry,35.6,Medium
2025-07-23,P0062,Strawberry,46.6,Medium
2025-07-24,P0062,Strawberry,36.9,Medium
2025-07-25,P0062,Strawberry,36.4,Medium
2025-07-26,P0062,Strawberry,35.3,Medium
2025-07-27,P0062,Strawberry,32.2,Medium
2025-07-28,P0062,Strawberry,29.7,Medium
2025-07-29,P0062,Strawberry,26.4,Medium
2025-07-30,P0062,Strawberry,19.1,Low
2025-07-31,P0062,Strawberry,18.5,Low
2025-08-01,P0062,Strawberry,15.4,Low
2025-08-02,P0062,Strawberry,12.7,Low
2025-08-03,P0062,Strawberry,13.8,Low
2025-08-04,P0062,Strawberry,18.9,Low
2025-08-05,P0062,Strawberry,25.4,Medium
2025-08-06,P0062,Strawberry,24.5,Low
2025-08-07,P0062,Strawberry,45.6,Medium
2025-08-08,P0062,Strawberry,37.2,Medium
2025-08-09,P0062,Strawberry,42.4,Medium
2025-08-10,P0062,Strawberry,36.1,Medium
2025-08-11,P0062,Strawberry,43.7,Medium
2025-08-12,P0062,Strawberry,38.7,Medium
2025-08-13,P0062,Strawberry,35.3,Medium
2025-08-14,P0062,Strawberry,31.6,Medium
2025-08-15,P0062,Strawberry,23.1,Low
2025-08-16,P0062,Strawberry,20.7,Low
2025-08-17,P0062,Strawberry,17.8,Low
2025-08-18,P0062,Strawberry,15.8,Low
2025-08-19,P0062,Strawberry,9.9,Low
2025-08-20,P0062,Strawberry,25.8,Medium
2025-08-21,P0062,Strawberry,19,Low
2025-08-22,P0062,Strawberry,25.3,Medium
2025-08-23,P0062,Strawberry,31.3,Medium
2025-08-24,P0062,Strawberry,24.4,Low
2025-08-25,P0062,Strawberry,31.8,Medium
2025-08-26,P0062,Strawberry,24.3,Low
2025-08-27,P0062,Strawberry,38.7,Medium
2025-08-28,P0062,Strawberry,34.8,Medium
2025-08-29,P0062,Strawberry,38.4,Medium
2025-08-30,P0062,Strawberry,37,Medium
2025-08-31,P0062,Strawberry,28.1,Medium
2025-09-01,P0062,Strawberry,36.8,Medium
2025-09-02,P0062,Strawberry,34.2,Medium
2025-09-03,P0062,Strawberry,45.5,Medium
2025-09-04,P0062,Strawberry,37.9,Medium
2025-09-05,P0062,Strawberry,35.3,Medium
2025-09-06,P0062,Strawberry,34.8,Medium
2025-09-07,P0062,Strawberry,34.6,Medium
2025-09-08,P0062,Strawberry,26.9,Medium
2025-09-09,P0062,Strawberry,20,Low
2025-09-10,P0062,Strawberry,21.6,Low
2025-09-11,P0062,Strawberry,23.8,Low
2025-09-12,P0062,Strawberry,34.1,Medium
2025-02-21,P0063,Strawberry,26.3,Medium
2025-02-22,P0063,Strawberry,24.2,Low
2025-02-23,P0063,Strawberry,36,Medium
2025-02-24,P0063,Strawberry,39.5,Medium
2025-02-25,P0063,Strawberry,39.7,Medium
2025-02-26,P0063,Strawberry,44.1,Medium
2025-02-27,P0063,Strawberry,48.6,Medium
2025-02-28,P0063,Strawberry,50.7,High
2025-03-01,P0063,Strawberry,54.3,High
2025-03-02,P0063,Strawberry,62.1,High
2025-03-03,P0063,Strawberry,47.1,Medium
2025-03-04,P0063,Strawberry,43.2,Medium
2025-03-05,P0063,Strawberry,33.3,Medium
2025-03-06,P0063,Strawberry,40.6,Medium
2025-03-07,P0063,Strawberry,34.6,Medium
2025-03-08,P0063,Strawberry,32.9,Medium
2025-03-09,P0063,Strawberry,34.1,Medium
2025-03-10,P0063,Strawberry,28.6,Medium
2025-03-11,P0063,Strawberry,27.1,Medium
2025-03-12,P0063,Strawberry,31.1,Medium
2025-03-13,P0063,Strawberry,35.3,Medium
2025-03-14,P0063,Strawberry,30.8,Medium
2025-03-15,P0063,Strawberry,32.4,Medium
2025-03-16,P0063,Strawberry,37.3,Medium
2025-03-17,P0063,Strawberry,48.1,Medium
2025-03-18,P0063,Strawberry,54.4,High
2025-03-19,P0063,Strawberry,53.8,High
2025-03-20,P0063,Strawberry,44.7,Medium
2025-03-21,P0063,Strawberry,41.7,Medium
2025-03-22,P0063,Strawberry,43.8,Medium
2025-03-23,P0063,Strawberry,48.8,Medium
2025-03-24,P0063,Strawberry,46,Medium
2025-03-25,P0063,Strawberry,44.2,Medium
2025-03-26,P0063,Strawberry,37,Medium
2025-03-27,P0063,Strawberry,44.7,Medium
2025-03-28,P0063,Strawberry,43.3,Medium
2025-03-29,P0063,Strawberry,52.4,High
2025-03-30,P0063,Strawberry,58.4,High
2025-03-31,P0063,Strawberry,53.1,High
2025-04-01,P0063,Strawberry,63.6,High
2025-04-02,P0063,Strawberry,61.7,High
2025-04-03,P0063,Strawberry,52.1,High
2025-04-04,P0063,Strawberry,63.7,High
2025-04-05,P0063,Strawberry,64.9,High
2025-04-06,P0063,Strawberry,59.1,High
2025-04-07,P0063,Strawberry,56.5,High
2025-04-08,P0063,Strawberry,39.8,Medium
2025-04-09,P0063,Strawberry,32.9,Medium
2025-04-10,P0063,Strawberry,33.8,Medium
2025-04-11,P0063,Strawberry,41.7,Medium
2025-04-12,P0063,Strawberry,42.1,Medium
2025-04-13,P0063,Strawberry,40.9,Medium
2025-04-14,P0063,Strawberry,35.2,Medium
2025-04-15,P0063,Strawberry,39.5,Medium
2025-04-16,P0063,Strawberry,38.8,Medium
2025-04-17,P0063,Strawberry,58.2,High
2025-04-18,P0063,Strawberry,56.5,High
2025-04-19,P0063,Strawberry,56.6,High
2025-04-20,P0063,Strawberry,55.2,High
2025-04-21,P0063,Strawberry,62,High
2025-04-22,P0063,Strawberry,64.5,High
2025-04-23,P0063,Strawberry,64.7,High
2025-04-24,P0063,Strawberry,45.1,Medium
2025-04-25,P0063,Strawberry,44.3,Medium
2025-04-26,P0063,Strawberry,40.8,Medium
2025-04-27,P0063,Strawberry,39.2,Medium
2025-04-28,P0063,Strawberry,44,Medium
2025-04-29,P0063,Strawberry,40.3,Medium
2025-04-30,P0063,Strawberry,41.3,Medium
2025-05-01,P0063,Strawberry,37.1,Medium
2025-05-02,P0063,Strawberry,43.1,Medium
2025-05-03,P0063,Strawberry,32.5,Medium
2025-05-04,P0063,Strawberry,41,Medium
2025-05-05,P0063,Strawberry,38.9,Medium
2025-05-06,P0063,Strawberry,39.4,Medium
2025-05-07,P0063,Strawberry,35.1,Medium
2025-05-08,P0063,Strawberry,36.8,Medium
2025-05-09,P0063,Strawberry,32.7,Medium
2025-05-10,P0063,Strawberry,46.3,Medium
2025-05-11,P0063,Strawberry,48.4,Medium
2025-05-12,P0063,Strawberry,44.2,Medium
2025-05-13,P0063,Strawberry,53.2,High
2025-05-14,P0063,Strawberry,45.5,Medium
2025-05-15,P0063,Strawberry,38,Medium
2025-05-16,P0063,Strawberry,36.4,Medium
2025-05-17,P0063,Strawberry,34.3,Medium
2025-05-18,P0063,Strawberry,37.3,Medium
2025-05-19,P0063,Strawberry,29.5,Medium
2025-05-20,P0063,Strawberry,25,Medium
2025-05-21,P0063,Strawberry,32.4,Medium
2025-05-22,P0063,Strawberry,32.7,Medium
2025-05-23,P0063,Strawberry,27.6,Medium
2025-05-24,P0063,Strawberry,30.9,Medium
2025-05-25,P0063,Strawberry,29.5,Medium
2025-05-26,P0063,Strawberry,25.4,Medium
2025-05-27,P0063,Strawberry,29.2,Medium
2025-05-28,P0063,Strawberry,26,Medium
2025-05-29,P0063,Strawberry,33.5,Medium
2025-05-30,P0063,Strawberry,32.1,Medium
2025-05-31,P0063,Strawberry,41.6,Medium
2025-06-01,P0063,Strawberry,38.2,Medium
2025-06-02,P0063,Strawberry,42.5,Medium
2025-06-03,P0063,Strawberry,33.3,Medium
2025-06-04,P0063,Strawberry,29.2,Medium
2025-06-05,P0063,Strawberry,38.5,Medium
2025-06-06,P0063,Strawberry,41.6,Medium
2025-06-07,P0063,Strawberry,24.7,Low
2025-06-08,P0063,Strawberry,25.6,Medium
2025-06-09,P0063,Strawberry,30.1,Medium
2025-06-10,P0063,Strawberry,23.4,Low
2025-06-11,P0063,Strawberry,17.2,Low
2025-06-12,P0063,Strawberry,19.8,Low
2025-06-13,P0063,Strawberry,22.3,Low
2025-06-14,P0063,Strawberry,27.1,Medium
2025-06-15,P0063,Strawberry,37.4,Medium
2025-06-16,P0063,Strawberry,38.4,Medium
2025-06-17,P0063,Strawberry,42.1,Medium
2025-06-18,P0063,Strawberry,37.9,Medium
2025-06-19,P0063,Strawberry,44,Medium
2025-06-20,P0063,Strawberry,43.2,Medium
2025-06-21,P0063,Strawberry,37.9,Medium
2025-06-22,P0063,Strawberry,37.6,Medium
2025-06-23,P0063,Strawberry,38,Medium
2025-06-24,P0063,Strawberry,36.7,Medium
2025-06-25,P0063,Strawberry,39.2,Medium
2025-06-26,P0063,Strawberry,30.3,Medium
2025-06-27,P0063,Strawberry,23.5,Low
2025-06-28,P0063,Strawberry,24.2,Low
2025-06-29,P0063,Strawberry,38,Medium
2025-06-30,P0063,Strawberry,30.9,Medium
2025-07-01,P0063,Strawberry,28.4,Medium
2025-07-02,P0063,Strawberry,29.6,Medium
2025-07-03,P0063,Strawberry,19.1,Low
2025-07-04,P0063,Strawberry,19.9,Low
2025-07-05,P0063,Strawberry,24.2,Low
2025-07-06,P0063,Strawberry,17.4,Low
2025-07-07,P0063,Strawberry,16.4,Low
2025-07-08,P0063,Strawberry,24.3,Low
2025-07-09,P0063,Strawberry,16.9,Low
2025-07-10,P0063,Strawberry,28.3,Medium
2025-07-11,P0063,Strawberry,28.2,Medium
2025-07-12,P0063,Strawberry,30.8,Medium
2025-07-13,P0063,Strawberry,34.1,Medium
2025-07-14,P0063,Strawberry,26.8,Medium
2025-07-15,P0063,Strawberry,28.9,Medium
2025-07-16,P0063,Strawberry,22.6,Low
2025-07-17,P0063,Strawberry,27.4,Medium
2025-07-18,P0063,Strawberry,22,Low
2025-07-19,P0063,Strawberry,24.1,Low
2025-07-20,P0063,Strawberry,26.7,Medium
2025-07-21,P0063,Strawberry,30,Medium
2025-07-22,P0063,Strawberry,40.3,Medium
2025-07-23,P0063,Strawberry,32.9,Medium
2025-07-24,P0063,Strawberry,54.9,High
2025-07-25,P0063,Strawberry,42.1,Medium
2025-07-26,P0063,Strawberry,40.1,Medium
2025-07-27,P0063,Strawberry,50.6,High
2025-07-28,P0063,Strawberry,40.5,Medium
2025-07-29,P0063,Strawberry,30.3,Medium
2025-07-30,P0063,Strawberry,35.5,Medium
2025-07-31,P0063,Strawberry,22,Low
2025-08-01,P0063,Strawberry,20.2,Low
2025-08-02,P0063,Strawberry,21.4,Low
2025-08-03,P0063,Strawberry,11.3,Low
2025-08-04,P0063,Strawberry,9.5,Low
2025-08-05,P0063,Strawberry,17,Low
2025-08-06,P0063,Strawberry,22,Low
2025-08-07,P0063,Strawberry,19,Low
2025-08-08,P0063,Strawberry,20.5,Low
2025-08-09,P0063,Strawberry,27.7,Medium
2025-08-10,P0063,Strawberry,32.1,Medium
2025-08-11,P0063,Strawberry,33.8,Medium
2025-08-12,P0063,Strawberry,48.3,Medium
2025-08-13,P0063,Strawberry,54.6,High
2025-08-14,P0063,Strawberry,49.8,Medium
2025-08-15,P0063,Strawberry,51.4,High
2025-08-16,P0063,Strawberry,44.3,Medium
2025-08-17,P0063,Strawberry,40,Medium
2025-08-18,P0063,Strawberry,42.2,Medium
2025-08-19,P0063,Strawberry,52.7,High
2025-08-20,P0063,Strawberry,45,Medium
2025-08-21,P0063,Strawberry,38.4,Medium
2025-08-22,P0063,Strawberry,29.8,Medium
2025-08-23,P0063,Strawberry,39.5,Medium
2025-08-24,P0063,Strawberry,37.9,Medium
2025-08-25,P0063,Strawberry,52.4,High
2025-08-26,P0063,Strawberry,41.1,Medium
2025-08-27,P0063,Strawberry,46.4,Medium
2025-08-28,P0063,Strawberry,55,High
2025-08-29,P0063,Strawberry,55.5,High
2025-08-30,P0063,Strawberry,56,High
2025-08-31,P0063,Strawberry,46.5,Medium
2025-09-01,P0063,Strawberry,33.6,Medium
2025-09-02,P0063,Strawberry,39.1,Medium
2025-09-03,P0063,Strawberry,35.8,Medium
2025-09-04,P0063,Strawberry,26.7,Medium
2025-09-05,P0063,Strawberry,18.2,Low
2025-09-06,P0063,Strawberry,12,Low
2025-09-07,P0063,Strawberry,12.6,Low
2025-09-08,P0063,Strawberry,11.5,Low
2025-09-09,P0063,Strawberry,6.4,Low
2025-09-10,P0063,Strawberry,2.8,Low
2025-09-11,P0063,Strawberry,8.3,Low
2025-09-12,P0063,Strawberry,11,Low
2025-02-21,P0064,Strawberry,39.8,Medium
2025-02-22,P0064,Strawberry,47.9,Medium
2025-02-23,P0064,Strawberry,51.3,High
2025-02-24,P0064,Strawberry,40.1,Medium
2025-02-25,P0064,Strawberry,39.9,Medium
2025-02-26,P0064,Strawberry,39.6,Medium
2025-02-27,P0064,Strawberry,43.4,Medium
2025-02-28,P0064,Strawberry,38.3,Medium
2025-03-01,P0064,Strawberry,47,Medium
2025-03-02,P0064,Strawberry,54.7,High
2025-03-03,P0064,Strawberry,57.4,High
2025-03-04,P0064,Strawberry,52.6,High
2025-03-05,P0064,Strawberry,62,High
2025-03-06,P0064,Strawberry,62.7,High
2025-03-07,P0064,Strawberry,48,Medium
2025-03-08,P0064,Strawberry,44,Medium
2025-03-09,P0064,Strawberry,51,High
2025-03-10,P0064,Strawberry,47.1,Medium
2025-03-11,P0064,Strawberry,48.1,Medium
2025-03-12,P0064,Strawberry,44.8,Medium
2025-03-13,P0064,Strawberry,56.8,High
2025-03-14,P0064,Strawberry,61.8,High
2025-03-15,P0064,Strawberry,63.8,High
2025-03-16,P0064,Strawberry,64.1,High
2025-03-17,P0064,Strawberry,70.4,High
2025-03-18,P0064,Strawberry,60.9,High
2025-03-19,P0064,Strawberry,63,High
2025-03-20,P0064,Strawberry,61.7,High
2025-03-21,P0064,Strawberry,58.6,High
2025-03-22,P0064,Strawberry,54.3,High
2025-03-23,P0064,Strawberry,48.4,Medium
2025-03-24,P0064,Strawberry,46.3,Medium
2025-03-25,P0064,Strawberry,47.3,Medium
2025-03-26,P0064,Strawberry,52.2,High
2025-03-27,P0064,Strawberry,50.8,High
2025-03-28,P0064,Strawberry,56.5,High
2025-03-29,P0064,Strawberry,57.6,High
2025-03-30,P0064,Strawberry,60.6,High
2025-03-31,P0064,Strawberry,60.4,High
2025-04-01,P0064,Strawberry,63.4,High
2025-04-02,P0064,Strawberry,63.7,High
2025-04-03,P0064,Strawberry,62.2,High
2025-04-04,P0064,Strawberry,63.1,High
2025-04-05,P0064,Strawberry,68.8,High
2025-04-06,P0064,Strawberry,81,Critical
2025-04-07,P0064,Strawberry,70.2,High
2025-04-08,P0064,Strawberry,74.2,High
2025-04-09,P0064,Strawberry,72.5,High
2025-04-10,P0064,Strawberry,73.7,High
2025-04-11,P0064,Strawberry,66.4,High
2025-04-12,P0064,Strawberry,71.4,High
2025-04-13,P0064,Strawberry,54.7,High
2025-04-14,P0064,Strawberry,62.7,High
2025-04-15,P0064,Strawberry,49.9,Medium
2025-04-16,P0064,Strawberry,51.5,High
2025-04-17,P0064,Strawberry,43.5,Medium
2025-04-18,P0064,Strawberry,55.2,High
2025-04-19,P0064,Strawberry,56.8,High
2025-04-20,P0064,Strawberry,56.5,High
2025-04-21,P0064,Strawberry,52.6,High
2025-04-22,P0064,Strawberry,60,High
2025-04-23,P0064,Strawberry,57.2,High
2025-04-24,P0064,Strawberry,54.7,High
2025-04-25,P0064,Strawberry,52.6,High
2025-04-26,P0064,Strawberry,55.7,High
2025-04-27,P0064,Strawberry,50.8,High
2025-04-28,P0064,Strawberry,52.8,High
2025-04-29,P0064,Strawberry,57.1,High
2025-04-30,P0064,Strawberry,49.4,Medium
2025-05-01,P0064,Strawberry,63.8,High
2025-05-02,P0064,Strawberry,57.6,High
2025-05-03,P0064,Strawberry,56.1,High
2025-05-04,P0064,Strawberry,60,High
2025-05-05,P0064,Strawberry,46.8,Medium
2025-05-06,P0064,Strawberry,67.4,High
2025-05-07,P0064,Strawberry,66,High
2025-05-08,P0064,Strawberry,63.2,High
2025-05-09,P0064,Strawberry,60.8,High
2025-05-10,P0064,Strawberry,72.8,High
2025-05-11,P0064,Strawberry,65.4,High
2025-05-12,P0064,Strawberry,64.1,High
2025-05-13,P0064,Strawberry,52.9,High
2025-05-14,P0064,Strawberry,48.9,Medium
2025-05-15,P0064,Strawberry,50.5,High
2025-05-16,P0064,Strawberry,47.2,Medium
2025-05-17,P0064,Strawberry,51.6,High
2025-05-18,P0064,Strawberry,48.1,Medium
2025-05-19,P0064,Strawberry,44.4,Medium
2025-05-20,P0064,Strawberry,41.2,Medium
2025-05-21,P0064,Strawberry,35.8,Medium
2025-05-22,P0064,Strawberry,37,Medium
2025-05-23,P0064,Strawberry,33.2,Medium
2025-05-24,P0064,Strawberry,40,Medium
2025-05-25,P0064,Strawberry,50.2,High
2025-05-26,P0064,Strawberry,46.5,Medium
2025-05-27,P0064,Strawberry,50.5,High
2025-05-28,P0064,Strawberry,39.7,Medium
2025-05-29,P0064,Strawberry,46.4,Medium
2025-05-30,P0064,Strawberry,37.1,Medium
2025-05-31,P0064,Strawberry,45.1,Medium
2025-06-01,P0064,Strawberry,38.7,Medium
2025-06-02,P0064,Strawberry,33.4,Medium
2025-06-03,P0064,Strawberry,31,Medium
2025-06-04,P0064,Strawberry,29.5,Medium
2025-06-05,P0064,Strawberry,35,Medium
2025-06-06,P0064,Strawberry,40.9,Medium
2025-06-07,P0064,Strawberry,38.1,Medium
2025-06-08,P0064,Strawberry,46.2,Medium
2025-06-09,P0064,Strawberry,43.3,Medium
2025-06-10,P0064,Strawberry,44.1,Medium
2025-06-11,P0064,Strawberry,46.4,Medium
2025-06-12,P0064,Strawberry,47.7,Medium
2025-06-13,P0064,Strawberry,41.1,Medium
2025-06-14,P0064,Strawberry,40.6,Medium
2025-06-15,P0064,Strawberry,57,High
2025-06-16,P0064,Strawberry,56.9,High
2025-06-17,P0064,Strawberry,62.7,High
2025-06-18,P0064,Strawberry,47.8,Medium
2025-06-19,P0064,Strawberry,56.1,High
2025-06-20,P0064,Strawberry,43.6,Medium
2025-06-21,P0064,Strawberry,43,Medium
2025-06-22,P0064,Strawberry,36.7,Medium
2025-06-23,P0064,Strawberry,30.4,Medium
2025-06-24,P0064,Strawberry,32.4,Medium
2025-06-25,P0064,Strawberry,31.6,Medium
2025-06-26,P0064,Strawberry,37.9,Medium
2025-06-27,P0064,Strawberry,34.7,Medium
2025-06-28,P0064,Strawberry,37.8,Medium
2025-06-29,P0064,Strawberry,39.6,Medium
2025-06-30,P0064,Strawberry,42.4,Medium
2025-07-01,P0064,Strawberry,46.5,Medium
2025-07-02,P0064,Strawberry,36,Medium
2025-07-03,P0064,Strawberry,31.6,Medium
2025-07-04,P0064,Strawberry,37.4,Medium
2025-07-05,P0064,Strawberry,25.2,Medium
2025-07-06,P0064,Strawberry,33.4,Medium
2025-07-07,P0064,Strawberry,37.1,Medium
2025-07-08,P0064,Strawberry,42.2,Medium
2025-07-09,P0064,Strawberry,51.2,High
2025-07-10,P0064,Strawberry,40.7,Medium
2025-07-11,P0064,Strawberry,40.7,Medium
2025-07-12,P0064,Strawberry,47.4,Medium
2025-07-13,P0064,Strawberry,42.7,Medium
2025-07-14,P0064,Strawberry,40.6,Medium
2025-07-15,P0064,Strawberry,31.6,Medium
2025-07-16,P0064,Strawberry,25.3,Medium
2025-07-17,P0064,Strawberry,31.9,Medium
2025-07-18,P0064,Strawberry,34.3,Medium
2025-07-19,P0064,Strawberry,31.4,Medium
2025-07-20,P0064,Strawberry,45.5,Medium
2025-07-21,P0064,Strawberry,53.1,High
2025-07-22,P0064,Strawberry,53.1,High
2025-07-23,P0064,Strawberry,65.3,High
2025-07-24,P0064,Strawberry,49.5,Medium
2025-07-25,P0064,Strawberry,58.5,High
2025-07-26,P0064,Strawberry,58.3,High
2025-07-27,P0064,Strawberry,50.6,High
2025-07-28,P0064,Strawberry,50.1,High
2025-07-29,P0064,Strawberry,46.2,Medium
2025-07-30,P0064,Strawberry,41.2,Medium
2025-07-31,P0064,Strawberry,31.1,Medium
2025-08-01,P0064,Strawberry,37.6,Medium
2025-08-02,P0064,Strawberry,29.2,Medium
2025-08-03,P0064,Strawberry,29.8,Medium
2025-08-04,P0064,Strawberry,29.7,Medium
2025-08-05,P0064,Strawberry,32.3,Medium
2025-08-06,P0064,Strawberry,34,Medium
2025-08-07,P0064,Strawberry,39.5,Medium
2025-08-08,P0064,Strawberry,33.7,Medium
2025-08-09,P0064,Strawberry,39.5,Medium
2025-08-10,P0064,Strawberry,34.6,Medium
2025-08-11,P0064,Strawberry,40.8,Medium
2025-08-12,P0064,Strawberry,30.4,Medium
2025-08-13,P0064,Strawberry,35.2,Medium
2025-08-14,P0064,Strawberry,42.3,Medium
2025-08-15,P0064,Strawberry,33.1,Medium
2025-08-16,P0064,Strawberry,25,Medium
2025-08-17,P0064,Strawberry,19.5,Low
2025-08-18,P0064,Strawberry,22.2,Low
2025-08-19,P0064,Strawberry,22.8,Low
2025-08-20,P0064,Strawberry,22,Low
2025-08-21,P0064,Strawberry,13.8,Low
2025-08-22,P0064,Strawberry,21.1,Low
2025-08-23,P0064,Strawberry,20.2,Low
2025-08-24,P0064,Strawberry,19.8,Low
2025-08-25,P0064,Strawberry,32.6,Medium
2025-08-26,P0064,Strawberry,28.1,Medium
2025-08-27,P0064,Strawberry,30.4,Medium
2025-08-28,P0064,Strawberry,57.5,High
2025-08-29,P0064,Strawberry,55.4,High
2025-08-30,P0064,Strawberry,50.4,High
2025-08-31,P0064,Strawberry,41.1,Medium
2025-09-01,P0064,Strawberry,43,Medium
2025-09-02,P0064,Strawberry,41.6,Medium
2025-09-03,P0064,Strawberry,37,Medium
2025-09-04,P0064,Strawberry,38.7,Medium
2025-09-05,P0064,Strawberry,33.3,Medium
2025-09-06,P0064,Strawberry,32.3,Medium
2025-09-07,P0064,Strawberry,34.7,Medium
2025-09-08,P0064,Strawberry,39.2,Medium
2025-09-09,P0064,Strawberry,37.4,Medium
2025-09-10,P0064,Strawberry,43.1,Medium
2025-09-11,P0064,Strawberry,44.5,Medium
2025-09-12,P0064,Strawberry,52.1,High
2025-02-21,P0065,Tomato,17.5,Low
2025-02-22,P0065,Tomato,16.3,Low
2025-02-23,P0065,Tomato,19.3,Low
2025-02-24,P0065,Tomato,32.4,Medium
2025-02-25,P0065,Tomato,34.1,Medium
2025-02-26,P0065,Tomato,26.2,Medium
2025-02-27,P0065,Tomato,26.4,Medium
2025-02-28,P0065,Tomato,38.1,Medium
2025-03-01,P0065,Tomato,47.2,Medium
2025-03-02,P0065,Tomato,49.7,Medium
2025-03-03,P0065,Tomato,43.8,Medium
2025-03-04,P0065,Tomato,39.3,Medium
2025-03-05,P0065,Tomato,31.4,Medium
2025-03-06,P0065,Tomato,40.3,Medium
2025-03-07,P0065,Tomato,33.7,Medium
2025-03-08,P0065,Tomato,43.8,Medium
2025-03-09,P0065,Tomato,42.1,Medium
2025-03-10,P0065,Tomato,40.4,Medium
2025-03-11,P0065,Tomato,35.2,Medium
2025-03-12,P0065,Tomato,38,Medium
2025-03-13,P0065,Tomato,32.1,Medium
2025-03-14,P0065,Tomato,38.2,Medium
2025-03-15,P0065,Tomato,37.9,Medium
2025-03-16,P0065,Tomato,39.5,Medium
2025-03-17,P0065,Tomato,53.4,High
2025-03-18,P0065,Tomato,57.5,High
2025-03-19,P0065,Tomato,60.3,High
2025-03-20,P0065,Tomato,60.5,High
2025-03-21,P0065,Tomato,54,High
2025-03-22,P0065,Tomato,45.8,Medium
2025-03-23,P0065,Tomato,54.2,High
2025-03-24,P0065,Tomato,57.4,High
2025-03-25,P0065,Tomato,55.4,High
2025-03-26,P0065,Tomato,59.1,High
2025-03-27,P0065,Tomato,45.2,Medium
2025-03-28,P0065,Tomato,50.1,High
2025-03-29,P0065,Tomato,46.2,Medium
2025-03-30,P0065,Tomato,37.6,Medium
2025-03-31,P0065,Tomato,42.1,Medium
2025-04-01,P0065,Tomato,38.7,Medium
2025-04-02,P0065,Tomato,31.9,Medium
2025-04-03,P0065,Tomato,36.6,Medium
2025-04-04,P0065,Tomato,45.1,Medium
2025-04-05,P0065,Tomato,47.5,Medium
2025-04-06,P0065,Tomato,56.3,High
2025-04-07,P0065,Tomato,53.6,High
2025-04-08,P0065,Tomato,48.7,Medium
2025-04-09,P0065,Tomato,49.5,Medium
2025-04-10,P0065,Tomato,44.9,Medium
2025-04-11,P0065,Tomato,45.4,Medium
2025-04-12,P0065,Tomato,46.3,Medium
2025-04-13,P0065,Tomato,47.6,Medium
2025-04-14,P0065,Tomato,39.4,Medium
2025-04-15,P0065,Tomato,42.7,Medium
2025-04-16,P0065,Tomato,37.6,Medium
2025-04-17,P0065,Tomato,37.8,Medium
2025-04-18,P0065,Tomato,43.2,Medium
2025-04-19,P0065,Tomato,47,Medium
2025-04-20,P0065,Tomato,54.6,High
2025-04-21,P0065,Tomato,52.4,High
2025-04-22,P0065,Tomato,52.8,High
2025-04-23,P0065,Tomato,55.6,High
2025-04-24,P0065,Tomato,57.1,High
2025-04-25,P0065,Tomato,53.2,High
2025-04-26,P0065,Tomato,49.1,Medium
2025-04-27,P0065,Tomato,39.6,Medium
2025-04-28,P0065,Tomato,35.7,Medium
2025-04-29,P0065,Tomato,34.9,Medium
2025-04-30,P0065,Tomato,32.3,Medium
2025-05-01,P0065,Tomato,36.2,Medium
2025-05-02,P0065,Tomato,42.1,Medium
2025-05-03,P0065,Tomato,43.9,Medium
2025-05-04,P0065,Tomato,42.7,Medium
2025-05-05,P0065,Tomato,42.5,Medium
2025-05-06,P0065,Tomato,28.8,Medium
2025-05-07,P0065,Tomato,36.9,Medium
2025-05-08,P0065,Tomato,40.1,Medium
2025-05-09,P0065,Tomato,44.8,Medium
2025-05-10,P0065,Tomato,48.5,Medium
2025-05-11,P0065,Tomato,51.1,High
2025-05-12,P0065,Tomato,53.4,High
2025-05-13,P0065,Tomato,58.8,High
2025-05-14,P0065,Tomato,48.3,Medium
2025-05-15,P0065,Tomato,47.3,Medium
2025-05-16,P0065,Tomato,38.5,Medium
2025-05-17,P0065,Tomato,31.9,Medium
2025-05-18,P0065,Tomato,30.4,Medium
2025-05-19,P0065,Tomato,28.5,Medium
2025-05-20,P0065,Tomato,25.1,Medium
2025-05-21,P0065,Tomato,15.4,Low
2025-05-22,P0065,Tomato,14.5,Low
2025-05-23,P0065,Tomato,11.5,Low
2025-05-24,P0065,Tomato,15.4,Low
2025-05-25,P0065,Tomato,17.4,Low
2025-05-26,P0065,Tomato,19.3,Low
2025-05-27,P0065,Tomato,24.2,Low
2025-05-28,P0065,Tomato,19.1,Low
2025-05-29,P0065,Tomato,18.4,Low
2025-05-30,P0065,Tomato,23.9,Low
2025-05-31,P0065,Tomato,24.2,Low
2025-06-01,P0065,Tomato,23.1,Low
2025-06-02,P0065,Tomato,30.2,Medium
2025-06-03,P0065,Tomato,29.2,Medium
2025-06-04,P0065,Tomato,32.4,Medium
2025-06-05,P0065,Tomato,33.1,Medium
2025-06-06,P0065,Tomato,32.7,Medium
2025-06-07,P0065,Tomato,30.3,Medium
2025-06-08,P0065,Tomato,24.5,Low
2025-06-09,P0065,Tomato,22.4,Low
2025-06-10,P0065,Tomato,16.8,Low
2025-06-11,P0065,Tomato,6.5,Low
2025-06-12,P0065,Tomato,15.4,Low
2025-06-13,P0065,Tomato,13.7,Low
2025-06-14,P0065,Tomato,14,Low
2025-06-15,P0065,Tomato,18.4,Low
2025-06-16,P0065,Tomato,29.2,Medium
2025-06-17,P0065,Tomato,31,Medium
2025-06-18,P0065,Tomato,37.5,Medium
2025-06-19,P0065,Tomato,26.5,Medium
2025-06-20,P0065,Tomato,20.7,Low
2025-06-21,P0065,Tomato,27.9,Medium
2025-06-22,P0065,Tomato,28.6,Medium
2025-06-23,P0065,Tomato,25.7,Medium
2025-06-24,P0065,Tomato,21.9,Low
2025-06-25,P0065,Tomato,29,Medium
2025-06-26,P0065,Tomato,21.4,Low
2025-06-27,P0065,Tomato,22.3,Low
2025-06-28,P0065,Tomato,23.8,Low
2025-06-29,P0065,Tomato,23.7,Low
2025-06-30,P0065,Tomato,25,Medium
2025-07-01,P0065,Tomato,25.2,Medium
2025-07-02,P0065,Tomato,27.1,Medium
2025-07-03,P0065,Tomato,20.7,Low
2025-07-04,P0065,Tomato,29.9,Medium
2025-07-05,P0065,Tomato,27.1,Medium
2025-07-06,P0065,Tomato,21.7,Low
2025-07-07,P0065,Tomato,23.8,Low
2025-07-08,P0065,Tomato,29.3,Medium
2025-07-09,P0065,Tomato,26,Medium
2025-07-10,P0065,Tomato,34.4,Medium
2025-07-11,P0065,Tomato,29,Medium
2025-07-12,P0065,Tomato,33.5,Medium
2025-07-13,P0065,Tomato,27.3,Medium
2025-07-14,P0065,Tomato,22.9,Low
2025-07-15,P0065,Tomato,26.6,Medium
2025-07-16,P0065,Tomato,29.7,Medium
2025-07-17,P0065,Tomato,26.5,Medium
2025-07-18,P0065,Tomato,23.7,Low
2025-07-19,P0065,Tomato,39.2,Medium
2025-07-20,P0065,Tomato,37.4,Medium
2025-07-21,P0065,Tomato,33.8,Medium
2025-07-22,P0065,Tomato,51.9,High
2025-07-23,P0065,Tomato,53.3,High
2025-07-24,P0065,Tomato,56,High
2025-07-25,P0065,Tomato,45.7,Medium
2025-07-26,P0065,Tomato,38.4,Medium
2025-07-27,P0065,Tomato,43.7,Medium
2025-07-28,P0065,Tomato,50.9,High
2025-07-29,P0065,Tomato,36.5,Medium
2025-07-30,P0065,Tomato,30.9,Medium
2025-07-31,P0065,Tomato,34.1,Medium
2025-08-01,P0065,Tomato,32.9,Medium
2025-08-02,P0065,Tomato,30.8,Medium
2025-08-03,P0065,Tomato,31,Medium
2025-08-04,P0065,Tomato,28.9,Medium
2025-08-05,P0065,Tomato,18.1,Low
2025-08-06,P0065,Tomato,23.1,Low
2025-08-07,P0065,Tomato,20.1,Low
2025-08-08,P0065,Tomato,25.8,Medium
2025-08-09,P0065,Tomato,18.8,Low
2025-08-10,P0065,Tomato,26.8,Medium
2025-08-11,P0065,Tomato,31.8,Medium
2025-08-12,P0065,Tomato,23.5,Low
2025-08-13,P0065,Tomato,24,Low
2025-08-14,P0065,Tomato,22.4,Low
2025-08-15,P0065,Tomato,16.9,Low
2025-08-16,P0065,Tomato,20.1,Low
2025-08-17,P0065,Tomato,32.9,Medium
2025-08-18,P0065,Tomato,33,Medium
2025-08-19,P0065,Tomato,28.4,Medium
2025-08-20,P0065,Tomato,39.8,Medium
2025-08-21,P0065,Tomato,26.1,Medium
2025-08-22,P0065,Tomato,25.5,Medium
2025-08-23,P0065,Tomato,25.1,Medium
2025-08-24,P0065,Tomato,20.9,Low
2025-08-25,P0065,Tomato,15.3,Low
2025-08-26,P0065,Tomato,13,Low
2025-08-27,P0065,Tomato,29.9,Medium
2025-08-28,P0065,Tomato,33.1,Medium
2025-08-29,P0065,Tomato,32.1,Medium
2025-08-30,P0065,Tomato,31.3,Medium
2025-08-31,P0065,Tomato,32.2,Medium
2025-09-01,P0065,Tomato,26,Medium
2025-09-02,P0065,Tomato,33.5,Medium
2025-09-03,P0065,Tomato,42.3,Medium
2025-09-04,P0065,Tomato,42.6,Medium
2025-09-05,P0065,Tomato,35.3,Medium
2025-09-06,P0065,Tomato,32.9,Medium
2025-09-07,P0065,Tomato,40,Medium
2025-09-08,P0065,Tomato,39.3,Medium
2025-09-09,P0065,Tomato,27.7,Medium
2025-09-10,P0065,Tomato,26.3,Medium
2025-09-11,P0065,Tomato,24.7,Low
2025-09-12,P0065,Tomato,20.6,Low
2025-02-21,P0066,Strawberry,50.6,High
2025-02-22,P0066,Strawberry,50.9,High
2025-02-23,P0066,Strawberry,41.3,Medium
2025-02-24,P0066,Strawberry,34.5,Medium
2025-02-25,P0066,Strawberry,49.1,Medium
2025-02-26,P0066,Strawberry,36.7,Medium
2025-02-27,P0066,Strawberry,36.3,Medium
2025-02-28,P0066,Strawberry,45.4,Medium
2025-03-01,P0066,Strawberry,45.9,Medium
2025-03-02,P0066,Strawberry,56.6,High
2025-03-03,P0066,Strawberry,55.7,High
2025-03-04,P0066,Strawberry,52.5,High
2025-03-05,P0066,Strawberry,55.1,High
2025-03-06,P0066,Strawberry,60.9,High
2025-03-07,P0066,Strawberry,59.1,High
2025-03-08,P0066,Strawberry,50.2,High
2025-03-09,P0066,Strawberry,47.4,Medium
2025-03-10,P0066,Strawberry,58.5,High
2025-03-11,P0066,Strawberry,48.5,Medium
2025-03-12,P0066,Strawberry,61.9,High
2025-03-13,P0066,Strawberry,57.5,High
2025-03-14,P0066,Strawberry,57.2,High
2025-03-15,P0066,Strawberry,54.8,High
2025-03-16,P0066,Strawberry,55.9,High
2025-03-17,P0066,Strawberry,59.4,High
2025-03-18,P0066,Strawberry,57.9,High
2025-03-19,P0066,Strawberry,62.7,High
2025-03-20,P0066,Strawberry,61.3,High
2025-03-21,P0066,Strawberry,56.7,High
2025-03-22,P0066,Strawberry,57.2,High
2025-03-23,P0066,Strawberry,66.5,High
2025-03-24,P0066,Strawberry,64.2,High
2025-03-25,P0066,Strawberry,62.1,High
2025-03-26,P0066,Strawberry,61.7,High
2025-03-27,P0066,Strawberry,59.5,High
2025-03-28,P0066,Strawberry,57,High
2025-03-29,P0066,Strawberry,62.7,High
2025-03-30,P0066,Strawberry,51.9,High
2025-03-31,P0066,Strawberry,45.1,Medium
2025-04-01,P0066,Strawberry,50.5,High
2025-04-02,P0066,Strawberry,48.3,Medium
2025-04-03,P0066,Strawberry,48.6,Medium
2025-04-04,P0066,Strawberry,52.8,High
2025-04-05,P0066,Strawberry,62.7,High
2025-04-06,P0066,Strawberry,71.6,High
2025-04-07,P0066,Strawberry,72.9,High
2025-04-08,P0066,Strawberry,65,High
2025-04-09,P0066,Strawberry,56,High
2025-04-10,P0066,Strawberry,75.8,Critical
2025-04-11,P0066,Strawberry,77.9,Critical
2025-04-12,P0066,Strawberry,79.2,Critical
2025-04-13,P0066,Strawberry,68.4,High
2025-04-14,P0066,Strawberry,67.5,High
2025-04-15,P0066,Strawberry,66,High
2025-04-16,P0066,Strawberry,60.4,High
2025-04-17,P0066,Strawberry,48.3,Medium
2025-04-18,P0066,Strawberry,56.8,High
2025-04-19,P0066,Strawberry,55.2,High
2025-04-20,P0066,Strawberry,56.3,High
2025-04-21,P0066,Strawberry,56.1,High
2025-04-22,P0066,Strawberry,45.2,Medium
2025-04-23,P0066,Strawberry,46.8,Medium
2025-04-24,P0066,Strawberry,47.3,Medium
2025-04-25,P0066,Strawberry,58.4,High
2025-04-26,P0066,Strawberry,57.2,High
2025-04-27,P0066,Strawberry,59.6,High
2025-04-28,P0066,Strawberry,60.5,High
2025-04-29,P0066,Strawberry,59.1,High
2025-04-30,P0066,Strawberry,58.4,High
2025-05-01,P0066,Strawberry,59.6,High
2025-05-02,P0066,Strawberry,54.6,High
2025-05-03,P0066,Strawberry,46.7,Medium
2025-05-04,P0066,Strawberry,51.9,High
2025-05-05,P0066,Strawberry,51.1,High
2025-05-06,P0066,Strawberry,46.9,Medium
2025-05-07,P0066,Strawberry,45.8,Medium
2025-05-08,P0066,Strawberry,55,High
2025-05-09,P0066,Strawberry,49.5,Medium
2025-05-10,P0066,Strawberry,52.4,High
2025-05-11,P0066,Strawberry,57.1,High
2025-05-12,P0066,Strawberry,66.1,High
2025-05-13,P0066,Strawberry,64.2,High
2025-05-14,P0066,Strawberry,52.5,High
2025-05-15,P0066,Strawberry,58.2,High
2025-05-16,P0066,Strawberry,51.3,High
2025-05-17,P0066,Strawberry,60.2,High
2025-05-18,P0066,Strawberry,53.5,High
2025-05-19,P0066,Strawberry,50.5,High
2025-05-20,P0066,Strawberry,38.7,Medium
2025-05-21,P0066,Strawberry,41,Medium
2025-05-22,P0066,Strawberry,37.9,Medium
2025-05-23,P0066,Strawberry,31.2,Medium
2025-05-24,P0066,Strawberry,30.7,Medium
2025-05-25,P0066,Strawberry,36.4,Medium
2025-05-26,P0066,Strawberry,31.4,Medium
2025-05-27,P0066,Strawberry,34.1,Medium
2025-05-28,P0066,Strawberry,30.2,Medium
2025-05-29,P0066,Strawberry,44.1,Medium
2025-05-30,P0066,Strawberry,41.2,Medium
2025-05-31,P0066,Strawberry,31.7,Medium
2025-06-01,P0066,Strawberry,39.2,Medium
2025-06-02,P0066,Strawberry,30.6,Medium
2025-06-03,P0066,Strawberry,29.3,Medium
2025-06-04,P0066,Strawberry,32.8,Medium
2025-06-05,P0066,Strawberry,29.5,Medium
2025-06-06,P0066,Strawberry,30.3,Medium
2025-06-07,P0066,Strawberry,31.9,Medium
2025-06-08,P0066,Strawberry,33.5,Medium
2025-06-09,P0066,Strawberry,28,Medium
2025-06-10,P0066,Strawberry,26.4,Medium
2025-06-11,P0066,Strawberry,29.5,Medium
2025-06-12,P0066,Strawberry,40.6,Medium
2025-06-13,P0066,Strawberry,37.9,Medium
2025-06-14,P0066,Strawberry,27.1,Medium
2025-06-15,P0066,Strawberry,47.6,Medium
2025-06-16,P0066,Strawberry,59.8,High
2025-06-17,P0066,Strawberry,64.2,High
2025-06-18,P0066,Strawberry,77,Critical
2025-06-19,P0066,Strawberry,83.1,Critical
2025-06-20,P0066,Strawberry,72.3,High
2025-06-21,P0066,Strawberry,78.4,Critical
2025-06-22,P0066,Strawberry,80.1,Critical
2025-06-23,P0066,Strawberry,75.2,Critical
2025-06-24,P0066,Strawberry,67.6,High
2025-06-25,P0066,Strawberry,41.6,Medium
2025-06-26,P0066,Strawberry,43.8,Medium
2025-06-27,P0066,Strawberry,37.5,Medium
2025-06-28,P0066,Strawberry,38.9,Medium
2025-06-29,P0066,Strawberry,27.5,Medium
2025-06-30,P0066,Strawberry,24.7,Low
2025-07-01,P0066,Strawberry,27,Medium
2025-07-02,P0066,Strawberry,35.7,Medium
2025-07-03,P0066,Strawberry,37.1,Medium
2025-07-04,P0066,Strawberry,47.7,Medium
2025-07-05,P0066,Strawberry,36.3,Medium
2025-07-06,P0066,Strawberry,47.7,Medium
2025-07-07,P0066,Strawberry,50.5,High
2025-07-08,P0066,Strawberry,53.6,High
2025-07-09,P0066,Strawberry,40.4,Medium
2025-07-10,P0066,Strawberry,43.1,Medium
2025-07-11,P0066,Strawberry,46.2,Medium
2025-07-12,P0066,Strawberry,47.9,Medium
2025-07-13,P0066,Strawberry,49,Medium
2025-07-14,P0066,Strawberry,44.5,Medium
2025-07-15,P0066,Strawberry,43.3,Medium
2025-07-16,P0066,Strawberry,37.1,Medium
2025-07-17,P0066,Strawberry,39.6,Medium
2025-07-18,P0066,Strawberry,40.7,Medium
2025-07-19,P0066,Strawberry,52.7,High
2025-07-20,P0066,Strawberry,52.1,High
2025-07-21,P0066,Strawberry,61.1,High
2025-07-22,P0066,Strawberry,73.5,High
2025-07-23,P0066,Strawberry,72.3,High
2025-07-24,P0066,Strawberry,62.4,High
2025-07-25,P0066,Strawberry,53.7,High
2025-07-26,P0066,Strawberry,49.9,Medium
2025-07-27,P0066,Strawberry,53.1,High
2025-07-28,P0066,Strawberry,54.2,High
2025-07-29,P0066,Strawberry,38.4,Medium
2025-07-30,P0066,Strawberry,37.9,Medium
2025-07-31,P0066,Strawberry,29.5,Medium
2025-08-01,P0066,Strawberry,22.6,Low
2025-08-02,P0066,Strawberry,33.9,Medium
2025-08-03,P0066,Strawberry,36.1,Medium
2025-08-04,P0066,Strawberry,34.8,Medium
2025-08-05,P0066,Strawberry,26.6,Medium
2025-08-06,P0066,Strawberry,31.1,Medium
2025-08-07,P0066,Strawberry,36.6,Medium
2025-08-08,P0066,Strawberry,46.6,Medium
2025-08-09,P0066,Strawberry,50,High
2025-08-10,P0066,Strawberry,41.7,Medium
2025-08-11,P0066,Strawberry,56,High
2025-08-12,P0066,Strawberry,52.4,High
2025-08-13,P0066,Strawberry,51.5,High
2025-08-14,P0066,Strawberry,46.6,Medium
2025-08-15,P0066,Strawberry,51.9,High
2025-08-16,P0066,Strawberry,42.5,Medium
2025-08-17,P0066,Strawberry,39.2,Medium
2025-08-18,P0066,Strawberry,37,Medium
2025-08-19,P0066,Strawberry,31.7,Medium
2025-08-20,P0066,Strawberry,45.1,Medium
2025-08-21,P0066,Strawberry,38.6,Medium
2025-08-22,P0066,Strawberry,52.3,High
2025-08-23,P0066,Strawberry,35.7,Medium
2025-08-24,P0066,Strawberry,38.2,Medium
2025-08-25,P0066,Strawberry,44.8,Medium
2025-08-26,P0066,Strawberry,51.2,High
2025-08-27,P0066,Strawberry,39.6,Medium
2025-08-28,P0066,Strawberry,51.6,High
2025-08-29,P0066,Strawberry,40.5,Medium
2025-08-30,P0066,Strawberry,35.4,Medium
2025-08-31,P0066,Strawberry,44,Medium
2025-09-01,P0066,Strawberry,36.6,Medium
2025-09-02,P0066,Strawberry,32.9,Medium
2025-09-03,P0066,Strawberry,32,Medium
2025-09-04,P0066,Strawberry,32.3,Medium
2025-09-05,P0066,Strawberry,34.2,Medium
2025-09-06,P0066,Strawberry,31.4,Medium
2025-09-07,P0066,Strawberry,29.1,Medium
2025-09-08,P0066,Strawberry,35.1,Medium
2025-09-09,P0066,Strawberry,31,Medium
2025-09-10,P0066,Strawberry,26.9,Medium
2025-09-11,P0066,Strawberry,33.5,Medium
2025-09-12,P0066,Strawberry,32.2,Medium
2025-02-21,P0067,Strawberry,36,Medium
2025-02-22,P0067,Strawberry,38.7,Medium
2025-02-23,P0067,Strawberry,33.8,Medium
2025-02-24,P0067,Strawberry,39.6,Medium
2025-02-25,P0067,Strawberry,50,High
2025-02-26,P0067,Strawberry,50,High
2025-02-27,P0067,Strawberry,43.6,Medium
2025-02-28,P0067,Strawberry,50.7,High
2025-03-01,P0067,Strawberry,55.9,High
2025-03-02,P0067,Strawberry,63.7,High
2025-03-03,P0067,Strawberry,59.5,High
2025-03-04,P0067,Strawberry,56,High
2025-03-05,P0067,Strawberry,56.6,High
2025-03-06,P0067,Strawberry,68.8,High
2025-03-07,P0067,Strawberry,61.1,High
2025-03-08,P0067,Strawberry,65,High
2025-03-09,P0067,Strawberry,67.8,High
2025-03-10,P0067,Strawberry,64.6,High
2025-03-11,P0067,Strawberry,60.1,High
2025-03-12,P0067,Strawberry,62.5,High
2025-03-13,P0067,Strawberry,64.1,High
2025-03-14,P0067,Strawberry,65.2,High
2025-03-15,P0067,Strawberry,59,High
2025-03-16,P0067,Strawberry,58.3,High
2025-03-17,P0067,Strawberry,54.6,High
2025-03-18,P0067,Strawberry,48.3,Medium
2025-03-19,P0067,Strawberry,50.6,High
2025-03-20,P0067,Strawberry,47.9,Medium
2025-03-21,P0067,Strawberry,54.8,High
2025-03-22,P0067,Strawberry,57.8,High
2025-03-23,P0067,Strawberry,56.3,High
2025-03-24,P0067,Strawberry,59.5,High
2025-03-25,P0067,Strawberry,59.7,High
2025-03-26,P0067,Strawberry,64.6,High
2025-03-27,P0067,Strawberry,67.9,High
2025-03-28,P0067,Strawberry,58.6,High
2025-03-29,P0067,Strawberry,59.5,High
2025-03-30,P0067,Strawberry,53.9,High
2025-03-31,P0067,Strawberry,62.7,High
2025-04-01,P0067,Strawberry,63.2,High
2025-04-02,P0067,Strawberry,62.7,High
2025-04-03,P0067,Strawberry,65.5,High
2025-04-04,P0067,Strawberry,66.3,High
2025-04-05,P0067,Strawberry,62.4,High
2025-04-06,P0067,Strawberry,71.8,High
2025-04-07,P0067,Strawberry,71.4,High
2025-04-08,P0067,Strawberry,75.2,Critical
2025-04-09,P0067,Strawberry,71.3,High
2025-04-10,P0067,Strawberry,68.6,High
2025-04-11,P0067,Strawberry,71.9,High
2025-04-12,P0067,Strawberry,73.1,High
2025-04-13,P0067,Strawberry,67.9,High
2025-04-14,P0067,Strawberry,65.8,High
2025-04-15,P0067,Strawberry,67.9,High
2025-04-16,P0067,Strawberry,65.1,High
2025-04-17,P0067,Strawberry,64.7,High
2025-04-18,P0067,Strawberry,64.4,High
2025-04-19,P0067,Strawberry,67.4,High
2025-04-20,P0067,Strawberry,69.8,High
2025-04-21,P0067,Strawberry,66.5,High
2025-04-22,P0067,Strawberry,68.1,High
2025-04-23,P0067,Strawberry,59,High
2025-04-24,P0067,Strawberry,50.5,High
2025-04-25,P0067,Strawberry,61.3,High
2025-04-26,P0067,Strawberry,54.6,High
2025-04-27,P0067,Strawberry,57.1,High
2025-04-28,P0067,Strawberry,47.4,Medium
2025-04-29,P0067,Strawberry,55.4,High
2025-04-30,P0067,Strawberry,53,High
2025-05-01,P0067,Strawberry,56.4,High
2025-05-02,P0067,Strawberry,51.4,High
2025-05-03,P0067,Strawberry,52.7,High
2025-05-04,P0067,Strawberry,45,Medium
2025-05-05,P0067,Strawberry,73.4,High
2025-05-06,P0067,Strawberry,72,High
2025-05-07,P0067,Strawberry,64.7,High
2025-05-08,P0067,Strawberry,75.2,Critical
2025-05-09,P0067,Strawberry,78,Critical
2025-05-10,P0067,Strawberry,76.5,Critical
2025-05-11,P0067,Strawberry,84.9,Critical
2025-05-12,P0067,Strawberry,74.8,High
2025-05-13,P0067,Strawberry,72.3,High
2025-05-14,P0067,Strawberry,51.3,High
2025-05-15,P0067,Strawberry,59.3,High
2025-05-16,P0067,Strawberry,51.2,High
2025-05-17,P0067,Strawberry,47.8,Medium
2025-05-18,P0067,Strawberry,50.7,High
2025-05-19,P0067,Strawberry,44.3,Medium
2025-05-20,P0067,Strawberry,42.4,Medium
2025-05-21,P0067,Strawberry,50.2,High
2025-05-22,P0067,Strawberry,51.1,High
2025-05-23,P0067,Strawberry,58.5,High
2025-05-24,P0067,Strawberry,65,High
2025-05-25,P0067,Strawberry,53.9,High
2025-05-26,P0067,Strawberry,62.8,High
2025-05-27,P0067,Strawberry,58.7,High
2025-05-28,P0067,Strawberry,55.1,High
2025-05-29,P0067,Strawberry,60.2,High
2025-05-30,P0067,Strawberry,48.6,Medium
2025-05-31,P0067,Strawberry,63.1,High
2025-06-01,P0067,Strawberry,56.3,High
2025-06-02,P0067,Strawberry,53.9,High
2025-06-03,P0067,Strawberry,50.9,High
2025-06-04,P0067,Strawberry,49.9,Medium
2025-06-05,P0067,Strawberry,44.5,Medium
2025-06-06,P0067,Strawberry,51,High
2025-06-07,P0067,Strawberry,37.8,Medium
2025-06-08,P0067,Strawberry,35.7,Medium
2025-06-09,P0067,Strawberry,33.4,Medium
2025-06-10,P0067,Strawberry,32,Medium
2025-06-11,P0067,Strawberry,29.8,Medium
2025-06-12,P0067,Strawberry,28.9,Medium
2025-06-13,P0067,Strawberry,25.7,Medium
2025-06-14,P0067,Strawberry,23.6,Low
2025-06-15,P0067,Strawberry,34.5,Medium
2025-06-16,P0067,Strawberry,28.1,Medium
2025-06-17,P0067,Strawberry,45.9,Medium
2025-06-18,P0067,Strawberry,56.9,High
2025-06-19,P0067,Strawberry,56,High
2025-06-20,P0067,Strawberry,56.7,High
2025-06-21,P0067,Strawberry,59.9,High
2025-06-22,P0067,Strawberry,67.1,High
2025-06-23,P0067,Strawberry,58.5,High
2025-06-24,P0067,Strawberry,61.5,High
2025-06-25,P0067,Strawberry,58.2,High
2025-06-26,P0067,Strawberry,37.6,Medium
2025-06-27,P0067,Strawberry,48.7,Medium
2025-06-28,P0067,Strawberry,47,Medium
2025-06-29,P0067,Strawberry,46.4,Medium
2025-06-30,P0067,Strawberry,46.4,Medium
2025-07-01,P0067,Strawberry,55.1,High
2025-07-02,P0067,Strawberry,49.6,Medium
2025-07-03,P0067,Strawberry,56.7,High
2025-07-04,P0067,Strawberry,54.6,High
2025-07-05,P0067,Strawberry,54.8,High
2025-07-06,P0067,Strawberry,65.5,High
2025-07-07,P0067,Strawberry,47.5,Medium
2025-07-08,P0067,Strawberry,38,Medium
2025-07-09,P0067,Strawberry,45.5,Medium
2025-07-10,P0067,Strawberry,46.1,Medium
2025-07-11,P0067,Strawberry,41.5,Medium
2025-07-12,P0067,Strawberry,36.9,Medium
2025-07-13,P0067,Strawberry,32.7,Medium
2025-07-14,P0067,Strawberry,35,Medium
2025-07-15,P0067,Strawberry,51.4,High
2025-07-16,P0067,Strawberry,50,High
2025-07-17,P0067,Strawberry,55.4,High
2025-07-18,P0067,Strawberry,52.9,High
2025-07-19,P0067,Strawberry,61,High
2025-07-20,P0067,Strawberry,65.7,High
2025-07-21,P0067,Strawberry,65.5,High
2025-07-22,P0067,Strawberry,68.9,High
2025-07-23,P0067,Strawberry,66.2,High
2025-07-24,P0067,Strawberry,65.8,High
2025-07-25,P0067,Strawberry,57.9,High
2025-07-26,P0067,Strawberry,57.5,High
2025-07-27,P0067,Strawberry,45.8,Medium
2025-07-28,P0067,Strawberry,38.5,Medium
2025-07-29,P0067,Strawberry,34.5,Medium
2025-07-30,P0067,Strawberry,41.4,Medium
2025-07-31,P0067,Strawberry,57.9,High
2025-08-01,P0067,Strawberry,63.7,High
2025-08-02,P0067,Strawberry,60.3,High
2025-08-03,P0067,Strawberry,58.3,High
2025-08-04,P0067,Strawberry,61.2,High
2025-08-05,P0067,Strawberry,57.1,High
2025-08-06,P0067,Strawberry,64.9,High
2025-08-07,P0067,Strawberry,46.9,Medium
2025-08-08,P0067,Strawberry,39.6,Medium
2025-08-09,P0067,Strawberry,38.9,Medium
2025-08-10,P0067,Strawberry,46.7,Medium
2025-08-11,P0067,Strawberry,48,Medium
2025-08-12,P0067,Strawberry,52.4,High
2025-08-13,P0067,Strawberry,56.5,High
2025-08-14,P0067,Strawberry,52,High
2025-08-15,P0067,Strawberry,46.8,Medium
2025-08-16,P0067,Strawberry,45.2,Medium
2025-08-17,P0067,Strawberry,47.9,Medium
2025-08-18,P0067,Strawberry,45.2,Medium
2025-08-19,P0067,Strawberry,39.7,Medium
2025-08-20,P0067,Strawberry,43,Medium
2025-08-21,P0067,Strawberry,42.8,Medium
2025-08-22,P0067,Strawberry,46.5,Medium
2025-08-23,P0067,Strawberry,42.2,Medium
2025-08-24,P0067,Strawberry,44,Medium
2025-08-25,P0067,Strawberry,36.4,Medium
2025-08-26,P0067,Strawberry,36.3,Medium
2025-08-27,P0067,Strawberry,50.5,High
2025-08-28,P0067,Strawberry,51.7,High
2025-08-29,P0067,Strawberry,56.5,High
2025-08-30,P0067,Strawberry,46.8,Medium
2025-08-31,P0067,Strawberry,51,High
2025-09-01,P0067,Strawberry,42.4,Medium
2025-09-02,P0067,Strawberry,53.1,High
2025-09-03,P0067,Strawberry,33.7,Medium
2025-09-04,P0067,Strawberry,35.8,Medium
2025-09-05,P0067,Strawberry,37.3,Medium
2025-09-06,P0067,Strawberry,34.1,Medium
2025-09-07,P0067,Strawberry,40.2,Medium
2025-09-08,P0067,Strawberry,40.8,Medium
2025-09-09,P0067,Strawberry,47.4,Medium
2025-09-10,P0067,Strawberry,32.8,Medium
2025-09-11,P0067,Strawberry,42.7,Medium
2025-09-12,P0067,Strawberry,54.9,High
2025-02-21,P0068,Strawberry,8.1,Low
2025-02-22,P0068,Strawberry,12.2,Low
2025-02-23,P0068,Strawberry,25.1,Medium
2025-02-24,P0068,Strawberry,20.7,Low
2025-02-25,P0068,Strawberry,19.7,Low
2025-02-26,P0068,Strawberry,35.3,Medium
2025-02-27,P0068,Strawberry,26.9,Medium
2025-02-28,P0068,Strawberry,35.8,Medium
2025-03-01,P0068,Strawberry,45.1,Medium
2025-03-02,P0068,Strawberry,35.6,Medium
2025-03-03,P0068,Strawberry,42.4,Medium
2025-03-04,P0068,Strawberry,32.4,Medium
2025-03-05,P0068,Strawberry,32.9,Medium
2025-03-06,P0068,Strawberry,40.7,Medium
2025-03-07,P0068,Strawberry,40.1,Medium
2025-03-08,P0068,Strawberry,30.9,Medium
2025-03-09,P0068,Strawberry,35.7,Medium
2025-03-10,P0068,Strawberry,42,Medium
2025-03-11,P0068,Strawberry,36.9,Medium
2025-03-12,P0068,Strawberry,30.4,Medium
2025-03-13,P0068,Strawberry,37.8,Medium
2025-03-14,P0068,Strawberry,32.4,Medium
2025-03-15,P0068,Strawberry,37.5,Medium
2025-03-16,P0068,Strawberry,40.2,Medium
2025-03-17,P0068,Strawberry,39.8,Medium
2025-03-18,P0068,Strawberry,41.4,Medium
2025-03-19,P0068,Strawberry,46.5,Medium
2025-03-20,P0068,Strawberry,56.8,High
2025-03-21,P0068,Strawberry,44.4,Medium
2025-03-22,P0068,Strawberry,52.7,High
2025-03-23,P0068,Strawberry,59.3,High
2025-03-24,P0068,Strawberry,52,High
2025-03-25,P0068,Strawberry,54,High
2025-03-26,P0068,Strawberry,43.9,Medium
2025-03-27,P0068,Strawberry,44.7,Medium
2025-03-28,P0068,Strawberry,45.3,Medium
2025-03-29,P0068,Strawberry,46.6,Medium
2025-03-30,P0068,Strawberry,41.5,Medium
2025-03-31,P0068,Strawberry,37.6,Medium
2025-04-01,P0068,Strawberry,39.5,Medium
2025-04-02,P0068,Strawberry,37.3,Medium
2025-04-03,P0068,Strawberry,49,Medium
2025-04-04,P0068,Strawberry,48.6,Medium
2025-04-05,P0068,Strawberry,60.6,High
2025-04-06,P0068,Strawberry,59.3,High
2025-04-07,P0068,Strawberry,64.1,High
2025-04-08,P0068,Strawberry,60.4,High
2025-04-09,P0068,Strawberry,55.9,High
2025-04-10,P0068,Strawberry,55.1,High
2025-04-11,P0068,Strawberry,46.7,Medium
2025-04-12,P0068,Strawberry,49.2,Medium
2025-04-13,P0068,Strawberry,49.2,Medium
2025-04-14,P0068,Strawberry,49.9,Medium
2025-04-15,P0068,Strawberry,46.7,Medium
2025-04-16,P0068,Strawberry,43.4,Medium
2025-04-17,P0068,Strawberry,41.6,Medium
2025-04-18,P0068,Strawberry,52.8,High
2025-04-19,P0068,Strawberry,61.3,High
2025-04-20,P0068,Strawberry,53.9,High
2025-04-21,P0068,Strawberry,57.6,High
2025-04-22,P0068,Strawberry,59.9,High
2025-04-23,P0068,Strawberry,53.2,High
2025-04-24,P0068,Strawberry,55.4,High
2025-04-25,P0068,Strawberry,47.3,Medium
2025-04-26,P0068,Strawberry,55.3,High
2025-04-27,P0068,Strawberry,49.9,Medium
2025-04-28,P0068,Strawberry,52.1,High
2025-04-29,P0068,Strawberry,59.6,High
2025-04-30,P0068,Strawberry,56.4,High
2025-05-01,P0068,Strawberry,50.9,High
2025-05-02,P0068,Strawberry,54.3,High
2025-05-03,P0068,Strawberry,56.2,High
2025-05-04,P0068,Strawberry,58.4,High
2025-05-05,P0068,Strawberry,43.8,Medium
2025-05-06,P0068,Strawberry,47.1,Medium
2025-05-07,P0068,Strawberry,36.4,Medium
2025-05-08,P0068,Strawberry,48.3,Medium
2025-05-09,P0068,Strawberry,39.3,Medium
2025-05-10,P0068,Strawberry,45.4,Medium
2025-05-11,P0068,Strawberry,45.7,Medium
2025-05-12,P0068,Strawberry,40.4,Medium
2025-05-13,P0068,Strawberry,44.4,Medium
2025-05-14,P0068,Strawberry,41.2,Medium
2025-05-15,P0068,Strawberry,33.5,Medium
2025-05-16,P0068,Strawberry,40.6,Medium
2025-05-17,P0068,Strawberry,32.2,Medium
2025-05-18,P0068,Strawberry,37.1,Medium
2025-05-19,P0068,Strawberry,30.6,Medium
2025-05-20,P0068,Strawberry,33.1,Medium
2025-05-21,P0068,Strawberry,26.2,Medium
2025-05-22,P0068,Strawberry,29.2,Medium
2025-05-23,P0068,Strawberry,32.3,Medium
2025-05-24,P0068,Strawberry,36.5,Medium
2025-05-25,P0068,Strawberry,21.1,Low
2025-05-26,P0068,Strawberry,23.1,Low
2025-05-27,P0068,Strawberry,21.8,Low
2025-05-28,P0068,Strawberry,28.6,Medium
2025-05-29,P0068,Strawberry,20.9,Low
2025-05-30,P0068,Strawberry,13.7,Low
2025-05-31,P0068,Strawberry,21.5,Low
2025-06-01,P0068,Strawberry,25.2,Medium
2025-06-02,P0068,Strawberry,28,Medium
2025-06-03,P0068,Strawberry,28.7,Medium
2025-06-04,P0068,Strawberry,33.8,Medium
2025-06-05,P0068,Strawberry,33.8,Medium
2025-06-06,P0068,Strawberry,28.3,Medium
2025-06-07,P0068,Strawberry,25.8,Medium
2025-06-08,P0068,Strawberry,27.4,Medium
2025-06-09,P0068,Strawberry,27.6,Medium
2025-06-10,P0068,Strawberry,28.7,Medium
2025-06-11,P0068,Strawberry,14.3,Low
2025-06-12,P0068,Strawberry,14.1,Low
2025-06-13,P0068,Strawberry,14.1,Low
2025-06-14,P0068,Strawberry,16.9,Low
2025-06-15,P0068,Strawberry,24.1,Low
2025-06-16,P0068,Strawberry,24.1,Low
2025-06-17,P0068,Strawberry,24,Low
2025-06-18,P0068,Strawberry,36.4,Medium
2025-06-19,P0068,Strawberry,37.1,Medium
2025-06-20,P0068,Strawberry,22.5,Low
2025-06-21,P0068,Strawberry,27.9,Medium
2025-06-22,P0068,Strawberry,26.7,Medium
2025-06-23,P0068,Strawberry,35.7,Medium
2025-06-24,P0068,Strawberry,32.4,Medium
2025-06-25,P0068,Strawberry,36.7,Medium
2025-06-26,P0068,Strawberry,30.1,Medium
2025-06-27,P0068,Strawberry,32.3,Medium
2025-06-28,P0068,Strawberry,30.3,Medium
2025-06-29,P0068,Strawberry,34.3,Medium
2025-06-30,P0068,Strawberry,28.5,Medium
2025-07-01,P0068,Strawberry,35.4,Medium
2025-07-02,P0068,Strawberry,29,Medium
2025-07-03,P0068,Strawberry,23.6,Low
2025-07-04,P0068,Strawberry,29.8,Medium
2025-07-05,P0068,Strawberry,22.4,Low
2025-07-06,P0068,Strawberry,7,Low
2025-07-07,P0068,Strawberry,8.1,Low
2025-07-08,P0068,Strawberry,10.8,Low
2025-07-09,P0068,Strawberry,10.5,Low
2025-07-10,P0068,Strawberry,12.6,Low
2025-07-11,P0068,Strawberry,9.6,Low
2025-07-12,P0068,Strawberry,18.2,Low
2025-07-13,P0068,Strawberry,26.6,Medium
2025-07-14,P0068,Strawberry,32.6,Medium
2025-07-15,P0068,Strawberry,37.3,Medium
2025-07-16,P0068,Strawberry,31.2,Medium
2025-07-17,P0068,Strawberry,34.8,Medium
2025-07-18,P0068,Strawberry,35.2,Medium
2025-07-19,P0068,Strawberry,33.2,Medium
2025-07-20,P0068,Strawberry,19.8,Low
2025-07-21,P0068,Strawberry,45.4,Medium
2025-07-22,P0068,Strawberry,53.6,High
2025-07-23,P0068,Strawberry,52.3,High
2025-07-24,P0068,Strawberry,51.2,High
2025-07-25,P0068,Strawberry,54.2,High
2025-07-26,P0068,Strawberry,47.9,Medium
2025-07-27,P0068,Strawberry,49.5,Medium
2025-07-28,P0068,Strawberry,32.3,Medium
2025-07-29,P0068,Strawberry,26.5,Medium
2025-07-30,P0068,Strawberry,17.3,Low
2025-07-31,P0068,Strawberry,20.4,Low
2025-08-01,P0068,Strawberry,19.6,Low
2025-08-02,P0068,Strawberry,20.7,Low
2025-08-03,P0068,Strawberry,13.1,Low
2025-08-04,P0068,Strawberry,17,Low
2025-08-05,P0068,Strawberry,13.7,Low
2025-08-06,P0068,Strawberry,23.3,Low
2025-08-07,P0068,Strawberry,22.2,Low
2025-08-08,P0068,Strawberry,23.4,Low
2025-08-09,P0068,Strawberry,27.8,Medium
2025-08-10,P0068,Strawberry,32.9,Medium
2025-08-11,P0068,Strawberry,34.3,Medium
2025-08-12,P0068,Strawberry,44.8,Medium
2025-08-13,P0068,Strawberry,31.5,Medium
2025-08-14,P0068,Strawberry,30.7,Medium
2025-08-15,P0068,Strawberry,33.4,Medium
2025-08-16,P0068,Strawberry,30.4,Medium
2025-08-17,P0068,Strawberry,36.4,Medium
2025-08-18,P0068,Strawberry,31.2,Medium
2025-08-19,P0068,Strawberry,25.6,Medium
2025-08-20,P0068,Strawberry,20.8,Low
2025-08-21,P0068,Strawberry,28.3,Medium
2025-08-22,P0068,Strawberry,31.6,Medium
2025-08-23,P0068,Strawberry,30,Medium
2025-08-24,P0068,Strawberry,24.6,Low
2025-08-25,P0068,Strawberry,29,Medium
2025-08-26,P0068,Strawberry,39.8,Medium
2025-08-27,P0068,Strawberry,48.2,Medium
2025-08-28,P0068,Strawberry,45.8,Medium
2025-08-29,P0068,Strawberry,43,Medium
2025-08-30,P0068,Strawberry,37.9,Medium
2025-08-31,P0068,Strawberry,20.3,Low
2025-09-01,P0068,Strawberry,30.6,Medium
2025-09-02,P0068,Strawberry,14.1,Low
2025-09-03,P0068,Strawberry,22.6,Low
2025-09-04,P0068,Strawberry,14.8,Low
2025-09-05,P0068,Strawberry,14.6,Low
2025-09-06,P0068,Strawberry,13.1,Low
2025-09-07,P0068,Strawberry,12.7,Low
2025-09-08,P0068,Strawberry,22.5,Low
2025-09-09,P0068,Strawberry,22.4,Low
2025-09-10,P0068,Strawberry,22.9,Low
2025-09-11,P0068,Strawberry,14.3,Low
2025-09-12,P0068,Strawberry,16.3,Low
2025-02-21,P0069,Tomato,37.5,Medium
2025-02-22,P0069,Tomato,25,Medium
2025-02-23,P0069,Tomato,27.6,Medium
2025-02-24,P0069,Tomato,24.7,Low
2025-02-25,P0069,Tomato,34,Medium
2025-02-26,P0069,Tomato,34.5,Medium
2025-02-27,P0069,Tomato,32.9,Medium
2025-02-28,P0069,Tomato,42.5,Medium
2025-03-01,P0069,Tomato,51.6,High
2025-03-02,P0069,Tomato,65.7,High
2025-03-03,P0069,Tomato,62.9,High
2025-03-04,P0069,Tomato,44.9,Medium
2025-03-05,P0069,Tomato,55.4,High
2025-03-06,P0069,Tomato,57.8,High
2025-03-07,P0069,Tomato,61.2,High
2025-03-08,P0069,Tomato,65,High
2025-03-09,P0069,Tomato,49.8,Medium
2025-03-10,P0069,Tomato,50,High
2025-03-11,P0069,Tomato,54.4,High
2025-03-12,P0069,Tomato,60.6,High
2025-03-13,P0069,Tomato,55.3,High
2025-03-14,P0069,Tomato,53,High
2025-03-15,P0069,Tomato,63.2,High
2025-03-16,P0069,Tomato,64.8,High
2025-03-17,P0069,Tomato,67.7,High
2025-03-18,P0069,Tomato,55.8,High
2025-03-19,P0069,Tomato,50.9,High
2025-03-20,P0069,Tomato,63.2,High
2025-03-21,P0069,Tomato,61.5,High
2025-03-22,P0069,Tomato,65.5,High
2025-03-23,P0069,Tomato,58.5,High
2025-03-24,P0069,Tomato,47.7,Medium
2025-03-25,P0069,Tomato,71.5,High
2025-03-26,P0069,Tomato,61.9,High
2025-03-27,P0069,Tomato,60.7,High
2025-03-28,P0069,Tomato,65.9,High
2025-03-29,P0069,Tomato,60.3,High
2025-03-30,P0069,Tomato,65.1,High
2025-03-31,P0069,Tomato,63.2,High
2025-04-01,P0069,Tomato,48.2,Medium
2025-04-02,P0069,Tomato,47.6,Medium
2025-04-03,P0069,Tomato,51.8,High
2025-04-04,P0069,Tomato,46.8,Medium
2025-04-05,P0069,Tomato,55.8,High
2025-04-06,P0069,Tomato,61.8,High
2025-04-07,P0069,Tomato,60.7,High
2025-04-08,P0069,Tomato,65.5,High
2025-04-09,P0069,Tomato,64,High
2025-04-10,P0069,Tomato,67.8,High
2025-04-11,P0069,Tomato,65.4,High
2025-04-12,P0069,Tomato,64.1,High
2025-04-13,P0069,Tomato,67.5,High
2025-04-14,P0069,Tomato,65.4,High
2025-04-15,P0069,Tomato,60.8,High
2025-04-16,P0069,Tomato,59.4,High
2025-04-17,P0069,Tomato,52.1,High
2025-04-18,P0069,Tomato,54.8,High
2025-04-19,P0069,Tomato,51,High
2025-04-20,P0069,Tomato,49,Medium
2025-04-21,P0069,Tomato,41.1,Medium
2025-04-22,P0069,Tomato,45.4,Medium
2025-04-23,P0069,Tomato,45.2,Medium
2025-04-24,P0069,Tomato,45.7,Medium
2025-04-25,P0069,Tomato,49.4,Medium
2025-04-26,P0069,Tomato,52.4,High
2025-04-27,P0069,Tomato,55.3,High
2025-04-28,P0069,Tomato,55.1,High
2025-04-29,P0069,Tomato,49.3,Medium
2025-04-30,P0069,Tomato,57.3,High
2025-05-01,P0069,Tomato,49.6,Medium
2025-05-02,P0069,Tomato,55.6,High
2025-05-03,P0069,Tomato,48.8,Medium
2025-05-04,P0069,Tomato,52.2,High
2025-05-05,P0069,Tomato,46.8,Medium
2025-05-06,P0069,Tomato,42.7,Medium
2025-05-07,P0069,Tomato,54.8,High
2025-05-08,P0069,Tomato,42,Medium
2025-05-09,P0069,Tomato,57.7,High
2025-05-10,P0069,Tomato,62.5,High
2025-05-11,P0069,Tomato,63.3,High
2025-05-12,P0069,Tomato,73.6,High
2025-05-13,P0069,Tomato,65.6,High
2025-05-14,P0069,Tomato,60.9,High
2025-05-15,P0069,Tomato,47.9,Medium
2025-05-16,P0069,Tomato,44.3,Medium
2025-05-17,P0069,Tomato,47.8,Medium
2025-05-18,P0069,Tomato,56,High
2025-05-19,P0069,Tomato,52,High
2025-05-20,P0069,Tomato,49.3,Medium
2025-05-21,P0069,Tomato,51.7,High
2025-05-22,P0069,Tomato,43.8,Medium
2025-05-23,P0069,Tomato,41.5,Medium
2025-05-24,P0069,Tomato,36.8,Medium
2025-05-25,P0069,Tomato,24,Low
2025-05-26,P0069,Tomato,36.4,Medium
2025-05-27,P0069,Tomato,39.2,Medium
2025-05-28,P0069,Tomato,45.6,Medium
2025-05-29,P0069,Tomato,48.3,Medium
2025-05-30,P0069,Tomato,32.4,Medium
2025-05-31,P0069,Tomato,45.5,Medium
2025-06-01,P0069,Tomato,45.3,Medium
2025-06-02,P0069,Tomato,47.2,Medium
2025-06-03,P0069,Tomato,46.1,Medium
2025-06-04,P0069,Tomato,34.1,Medium
2025-06-05,P0069,Tomato,37.9,Medium
2025-06-06,P0069,Tomato,35.9,Medium
2025-06-07,P0069,Tomato,38.9,Medium
2025-06-08,P0069,Tomato,30,Medium
2025-06-09,P0069,Tomato,36.7,Medium
2025-06-10,P0069,Tomato,26.9,Medium
2025-06-11,P0069,Tomato,37,Medium
2025-06-12,P0069,Tomato,26,Medium
2025-06-13,P0069,Tomato,40.8,Medium
2025-06-14,P0069,Tomato,31.6,Medium
2025-06-15,P0069,Tomato,26.4,Medium
2025-06-16,P0069,Tomato,40.7,Medium
2025-06-17,P0069,Tomato,56.7,High
2025-06-18,P0069,Tomato,56.1,High
2025-06-19,P0069,Tomato,36,Medium
2025-06-20,P0069,Tomato,34.1,Medium
2025-06-21,P0069,Tomato,48.1,Medium
2025-06-22,P0069,Tomato,42,Medium
2025-06-23,P0069,Tomato,46.8,Medium
2025-06-24,P0069,Tomato,44.5,Medium
2025-06-25,P0069,Tomato,38.7,Medium
2025-06-26,P0069,Tomato,37.4,Medium
2025-06-27,P0069,Tomato,39.9,Medium
2025-06-28,P0069,Tomato,39.4,Medium
2025-06-29,P0069,Tomato,44.6,Medium
2025-06-30,P0069,Tomato,35.4,Medium
2025-07-01,P0069,Tomato,32.6,Medium
2025-07-02,P0069,Tomato,32.5,Medium
2025-07-03,P0069,Tomato,25.6,Medium
2025-07-04,P0069,Tomato,28,Medium
2025-07-05,P0069,Tomato,28.5,Medium
2025-07-06,P0069,Tomato,34.6,Medium
2025-07-07,P0069,Tomato,29.7,Medium
2025-07-08,P0069,Tomato,35.9,Medium
2025-07-09,P0069,Tomato,50.7,High
2025-07-10,P0069,Tomato,53,High
2025-07-11,P0069,Tomato,50,High
2025-07-12,P0069,Tomato,42.7,Medium
2025-07-13,P0069,Tomato,42.2,Medium
2025-07-14,P0069,Tomato,37.6,Medium
2025-07-15,P0069,Tomato,42.4,Medium
2025-07-16,P0069,Tomato,39.7,Medium
2025-07-17,P0069,Tomato,33.8,Medium
2025-07-18,P0069,Tomato,29.4,Medium
2025-07-19,P0069,Tomato,33.5,Medium
2025-07-20,P0069,Tomato,44.7,Medium
2025-07-21,P0069,Tomato,42.4,Medium
2025-07-22,P0069,Tomato,44.7,Medium
2025-07-23,P0069,Tomato,46.4,Medium
2025-07-24,P0069,Tomato,48.7,Medium
2025-07-25,P0069,Tomato,36.3,Medium
2025-07-26,P0069,Tomato,44.5,Medium
2025-07-27,P0069,Tomato,38.9,Medium
2025-07-28,P0069,Tomato,39.2,Medium
2025-07-29,P0069,Tomato,45.8,Medium
2025-07-30,P0069,Tomato,44.4,Medium
2025-07-31,P0069,Tomato,52.3,High
2025-08-01,P0069,Tomato,50.9,High
2025-08-02,P0069,Tomato,50.5,High
2025-08-03,P0069,Tomato,54.1,High
2025-08-04,P0069,Tomato,58.8,High
2025-08-05,P0069,Tomato,47.8,Medium
2025-08-06,P0069,Tomato,56.7,High
2025-08-07,P0069,Tomato,32.3,Medium
2025-08-08,P0069,Tomato,43.2,Medium
2025-08-09,P0069,Tomato,44.1,Medium
2025-08-10,P0069,Tomato,52.4,High
2025-08-11,P0069,Tomato,46.1,Medium
2025-08-12,P0069,Tomato,28.8,Medium
2025-08-13,P0069,Tomato,41.8,Medium
2025-08-14,P0069,Tomato,47.9,Medium
2025-08-15,P0069,Tomato,37.3,Medium
2025-08-16,P0069,Tomato,36.9,Medium
2025-08-17,P0069,Tomato,36.6,Medium
2025-08-18,P0069,Tomato,35,Medium
2025-08-19,P0069,Tomato,35.5,Medium
2025-08-20,P0069,Tomato,31,Medium
2025-08-21,P0069,Tomato,27.4,Medium
2025-08-22,P0069,Tomato,29.7,Medium
2025-08-23,P0069,Tomato,37.9,Medium
2025-08-24,P0069,Tomato,22.4,Low
2025-08-25,P0069,Tomato,21.4,Low
2025-08-26,P0069,Tomato,34.7,Medium
2025-08-27,P0069,Tomato,38,Medium
2025-08-28,P0069,Tomato,36.1,Medium
2025-08-29,P0069,Tomato,40.4,Medium
2025-08-30,P0069,Tomato,54,High
2025-08-31,P0069,Tomato,55,High
2025-09-01,P0069,Tomato,48.6,Medium
2025-09-02,P0069,Tomato,59.5,High
2025-09-03,P0069,Tomato,51.9,High
2025-09-04,P0069,Tomato,46.9,Medium
2025-09-05,P0069,Tomato,56.4,High
2025-09-06,P0069,Tomato,41.1,Medium
2025-09-07,P0069,Tomato,26.3,Medium
2025-09-08,P0069,Tomato,23.8,Low
2025-09-09,P0069,Tomato,24.6,Low
2025-09-10,P0069,Tomato,35.5,Medium
2025-09-11,P0069,Tomato,29.4,Medium
2025-09-12,P0069,Tomato,33.5,Medium
2025-02-21,P0070,Tomato,29.4,Medium
2025-02-22,P0070,Tomato,27,Medium
2025-02-23,P0070,Tomato,28.8,Medium
2025-02-24,P0070,Tomato,43.5,Medium
2025-02-25,P0070,Tomato,45,Medium
2025-02-26,P0070,Tomato,52,High
2025-02-27,P0070,Tomato,52.1,High
2025-02-28,P0070,Tomato,44.2,Medium
2025-03-01,P0070,Tomato,53.6,High
2025-03-02,P0070,Tomato,63.7,High
2025-03-03,P0070,Tomato,77.6,Critical
2025-03-04,P0070,Tomato,68.2,High
2025-03-05,P0070,Tomato,70.6,High
2025-03-06,P0070,Tomato,71.2,High
2025-03-07,P0070,Tomato,59.8,High
2025-03-08,P0070,Tomato,54.4,High
2025-03-09,P0070,Tomato,48.3,Medium
2025-03-10,P0070,Tomato,46.9,Medium
2025-03-11,P0070,Tomato,40.2,Medium
2025-03-12,P0070,Tomato,48.1,Medium
2025-03-13,P0070,Tomato,49.3,Medium
2025-03-14,P0070,Tomato,46.6,Medium
2025-03-15,P0070,Tomato,48.1,Medium
2025-03-16,P0070,Tomato,58.3,High
2025-03-17,P0070,Tomato,60.2,High
2025-03-18,P0070,Tomato,61.7,High
2025-03-19,P0070,Tomato,66.4,High
2025-03-20,P0070,Tomato,56.1,High
2025-03-21,P0070,Tomato,59.5,High
2025-03-22,P0070,Tomato,60,High
2025-03-23,P0070,Tomato,53.6,High
2025-03-24,P0070,Tomato,60.7,High
2025-03-25,P0070,Tomato,60,High
2025-03-26,P0070,Tomato,58.2,High
2025-03-27,P0070,Tomato,60.6,High
2025-03-28,P0070,Tomato,63.4,High
2025-03-29,P0070,Tomato,60.4,High
2025-03-30,P0070,Tomato,60.3,High
2025-03-31,P0070,Tomato,62.3,High
2025-04-01,P0070,Tomato,58.9,High
2025-04-02,P0070,Tomato,58.9,High
2025-04-03,P0070,Tomato,57.4,High
2025-04-04,P0070,Tomato,59.3,High
2025-04-05,P0070,Tomato,66.4,High
2025-04-06,P0070,Tomato,77.3,Critical
2025-04-07,P0070,Tomato,71.7,High
2025-04-08,P0070,Tomato,64.2,High
2025-04-09,P0070,Tomato,62.8,High
2025-04-10,P0070,Tomato,60.5,High
2025-04-11,P0070,Tomato,64,High
2025-04-12,P0070,Tomato,59.8,High
2025-04-13,P0070,Tomato,54.6,High
2025-04-14,P0070,Tomato,54.2,High
2025-04-15,P0070,Tomato,56,High
2025-04-16,P0070,Tomato,50.5,High
2025-04-17,P0070,Tomato,48.2,Medium
2025-04-18,P0070,Tomato,47.1,Medium
2025-04-19,P0070,Tomato,48.9,Medium
2025-04-20,P0070,Tomato,49.7,Medium
2025-04-21,P0070,Tomato,48.3,Medium
2025-04-22,P0070,Tomato,60.9,High
2025-04-23,P0070,Tomato,65.4,High
2025-04-24,P0070,Tomato,65.7,High
2025-04-25,P0070,Tomato,63.3,High
2025-04-26,P0070,Tomato,50.3,High
2025-04-27,P0070,Tomato,57,High
2025-04-28,P0070,Tomato,61.7,High
2025-04-29,P0070,Tomato,52.4,High
2025-04-30,P0070,Tomato,55,High
2025-05-01,P0070,Tomato,53.9,High
2025-05-02,P0070,Tomato,47.3,Medium
2025-05-03,P0070,Tomato,48.4,Medium
2025-05-04,P0070,Tomato,45.7,Medium
2025-05-05,P0070,Tomato,47.6,Medium
2025-05-06,P0070,Tomato,46.6,Medium
2025-05-07,P0070,Tomato,47.8,Medium
2025-05-08,P0070,Tomato,40.3,Medium
2025-05-09,P0070,Tomato,63.4,High
2025-05-10,P0070,Tomato,70.9,High
2025-05-11,P0070,Tomato,81.4,Critical
2025-05-12,P0070,Tomato,89.7,Critical
2025-05-13,P0070,Tomato,86,Critical
2025-05-14,P0070,Tomato,82.9,Critical
2025-05-15,P0070,Tomato,79.7,Critical
2025-05-16,P0070,Tomato,67.3,High
2025-05-17,P0070,Tomato,53,High
2025-05-18,P0070,Tomato,52.7,High
2025-05-19,P0070,Tomato,40.7,Medium
2025-05-20,P0070,Tomato,39.6,Medium
2025-05-21,P0070,Tomato,40.6,Medium
2025-05-22,P0070,Tomato,44.8,Medium
2025-05-23,P0070,Tomato,41.6,Medium
2025-05-24,P0070,Tomato,39.5,Medium
2025-05-25,P0070,Tomato,40.1,Medium
2025-05-26,P0070,Tomato,46.4,Medium
2025-05-27,P0070,Tomato,47.2,Medium
2025-05-28,P0070,Tomato,45.2,Medium
2025-05-29,P0070,Tomato,37.6,Medium
2025-05-30,P0070,Tomato,49.6,Medium
2025-05-31,P0070,Tomato,44.1,Medium
2025-06-01,P0070,Tomato,56.1,High
2025-06-02,P0070,Tomato,47.1,Medium
2025-06-03,P0070,Tomato,50.7,High
2025-06-04,P0070,Tomato,54.3,High
2025-06-05,P0070,Tomato,44.6,Medium
2025-06-06,P0070,Tomato,46.4,Medium
2025-06-07,P0070,Tomato,42.9,Medium
2025-06-08,P0070,Tomato,39,Medium
2025-06-09,P0070,Tomato,43.5,Medium
2025-06-10,P0070,Tomato,46,Medium
2025-06-11,P0070,Tomato,48.6,Medium
2025-06-12,P0070,Tomato,47.4,Medium
2025-06-13,P0070,Tomato,50,High
2025-06-14,P0070,Tomato,45.9,Medium
2025-06-15,P0070,Tomato,36.3,Medium
2025-06-16,P0070,Tomato,51.1,High
2025-06-17,P0070,Tomato,58.6,High
2025-06-18,P0070,Tomato,50.8,High
2025-06-19,P0070,Tomato,48.3,Medium
2025-06-20,P0070,Tomato,41.1,Medium
2025-06-21,P0070,Tomato,32.3,Medium
2025-06-22,P0070,Tomato,46.1,Medium
2025-06-23,P0070,Tomato,41.1,Medium
2025-06-24,P0070,Tomato,40.9,Medium
2025-06-25,P0070,Tomato,36.6,Medium
2025-06-26,P0070,Tomato,31.3,Medium
2025-06-27,P0070,Tomato,32.9,Medium
2025-06-28,P0070,Tomato,33.3,Medium
2025-06-29,P0070,Tomato,31.4,Medium
2025-06-30,P0070,Tomato,41.4,Medium
2025-07-01,P0070,Tomato,31.6,Medium
2025-07-02,P0070,Tomato,43.2,Medium
2025-07-03,P0070,Tomato,42.9,Medium
2025-07-04,P0070,Tomato,36.3,Medium
2025-07-05,P0070,Tomato,34.7,Medium
2025-07-06,P0070,Tomato,35.5,Medium
2025-07-07,P0070,Tomato,46.7,Medium
2025-07-08,P0070,Tomato,43.6,Medium
2025-07-09,P0070,Tomato,37.9,Medium
2025-07-10,P0070,Tomato,44,Medium
2025-07-11,P0070,Tomato,37,Medium
2025-07-12,P0070,Tomato,40.1,Medium
2025-07-13,P0070,Tomato,36,Medium
2025-07-14,P0070,Tomato,30.8,Medium
2025-07-15,P0070,Tomato,34.8,Medium
2025-07-16,P0070,Tomato,38.7,Medium
2025-07-17,P0070,Tomato,42.1,Medium
2025-07-18,P0070,Tomato,40.3,Medium
2025-07-19,P0070,Tomato,33.3,Medium
2025-07-20,P0070,Tomato,46,Medium
2025-07-21,P0070,Tomato,43.4,Medium
2025-07-22,P0070,Tomato,45.6,Medium
2025-07-23,P0070,Tomato,52.3,High
2025-07-24,P0070,Tomato,45.1,Medium
2025-07-25,P0070,Tomato,38.5,Medium
2025-07-26,P0070,Tomato,39.8,Medium
2025-07-27,P0070,Tomato,46.7,Medium
2025-07-28,P0070,Tomato,44.5,Medium
2025-07-29,P0070,Tomato,45.1,Medium
2025-07-30,P0070,Tomato,41.1,Medium
2025-07-31,P0070,Tomato,39.6,Medium
2025-08-01,P0070,Tomato,36.8,Medium
2025-08-02,P0070,Tomato,51.4,High
2025-08-03,P0070,Tomato,59.8,High
2025-08-04,P0070,Tomato,57.2,High
2025-08-05,P0070,Tomato,53.8,High
2025-08-06,P0070,Tomato,61.4,High
2025-08-07,P0070,Tomato,58.7,High
2025-08-08,P0070,Tomato,64.6,High
2025-08-09,P0070,Tomato,52,High
2025-08-10,P0070,Tomato,59.5,High
2025-08-11,P0070,Tomato,49.8,Medium
2025-08-12,P0070,Tomato,42.9,Medium
2025-08-13,P0070,Tomato,31.2,Medium
2025-08-14,P0070,Tomato,32.1,Medium
2025-08-15,P0070,Tomato,26.3,Medium
2025-08-16,P0070,Tomato,40.8,Medium
2025-08-17,P0070,Tomato,37.5,Medium
2025-08-18,P0070,Tomato,36.4,Medium
2025-08-19,P0070,Tomato,31.9,Medium
2025-08-20,P0070,Tomato,33.2,Medium
2025-08-21,P0070,Tomato,32.6,Medium
2025-08-22,P0070,Tomato,28.4,Medium
2025-08-23,P0070,Tomato,15.7,Low
2025-08-24,P0070,Tomato,31.4,Medium
2025-08-25,P0070,Tomato,26.6,Medium
2025-08-26,P0070,Tomato,42.3,Medium
2025-08-27,P0070,Tomato,41.7,Medium
2025-08-28,P0070,Tomato,47.7,Medium
2025-08-29,P0070,Tomato,47.2,Medium
2025-08-30,P0070,Tomato,56.2,High
2025-08-31,P0070,Tomato,46.5,Medium
2025-09-01,P0070,Tomato,43,Medium
2025-09-02,P0070,Tomato,39.6,Medium
2025-09-03,P0070,Tomato,33.4,Medium
2025-09-04,P0070,Tomato,39,Medium
2025-09-05,P0070,Tomato,34,Medium
2025-09-06,P0070,Tomato,34.4,Medium
2025-09-07,P0070,Tomato,37.5,Medium
2025-09-08,P0070,Tomato,34.6,Medium
2025-09-09,P0070,Tomato,35.6,Medium
2025-09-10,P0070,Tomato,34.8,Medium
2025-09-11,P0070,Tomato,35.6,Medium
2025-09-12,P0070,Tomato,43.6,Medium
2025-02-21,P0071,Strawberry,24,Low
2025-02-22,P0071,Strawberry,28.7,Medium
2025-02-23,P0071,Strawberry,19.9,Low
2025-02-24,P0071,Strawberry,21.4,Low
2025-02-25,P0071,Strawberry,23.3,Low
2025-02-26,P0071,Strawberry,39.3,Medium
2025-02-27,P0071,Strawberry,40.4,Medium
2025-02-28,P0071,Strawberry,47.3,Medium
2025-03-01,P0071,Strawberry,53.6,High
2025-03-02,P0071,Strawberry,50.6,High
2025-03-03,P0071,Strawberry,57,High
2025-03-04,P0071,Strawberry,43.8,Medium
2025-03-05,P0071,Strawberry,35.1,Medium
2025-03-06,P0071,Strawberry,40.7,Medium
2025-03-07,P0071,Strawberry,57.5,High
2025-03-08,P0071,Strawberry,53.1,High
2025-03-09,P0071,Strawberry,54.9,High
2025-03-10,P0071,Strawberry,49,Medium
2025-03-11,P0071,Strawberry,43.3,Medium
2025-03-12,P0071,Strawberry,45.6,Medium
2025-03-13,P0071,Strawberry,52.9,High
2025-03-14,P0071,Strawberry,31.2,Medium
2025-03-15,P0071,Strawberry,38.3,Medium
2025-03-16,P0071,Strawberry,37.2,Medium
2025-03-17,P0071,Strawberry,48,Medium
2025-03-18,P0071,Strawberry,46.6,Medium
2025-03-19,P0071,Strawberry,47.1,Medium
2025-03-20,P0071,Strawberry,45.5,Medium
2025-03-21,P0071,Strawberry,43.7,Medium
2025-03-22,P0071,Strawberry,45.8,Medium
2025-03-23,P0071,Strawberry,31.4,Medium
2025-03-24,P0071,Strawberry,35.1,Medium
2025-03-25,P0071,Strawberry,35.5,Medium
2025-03-26,P0071,Strawberry,30.9,Medium
2025-03-27,P0071,Strawberry,21.9,Low
2025-03-28,P0071,Strawberry,30.1,Medium
2025-03-29,P0071,Strawberry,32.9,Medium
2025-03-30,P0071,Strawberry,23.3,Low
2025-03-31,P0071,Strawberry,33.6,Medium
2025-04-01,P0071,Strawberry,36.2,Medium
2025-04-02,P0071,Strawberry,41.6,Medium
2025-04-03,P0071,Strawberry,40.5,Medium
2025-04-04,P0071,Strawberry,48.6,Medium
2025-04-05,P0071,Strawberry,49.7,Medium
2025-04-06,P0071,Strawberry,55.2,High
2025-04-07,P0071,Strawberry,64.6,High
2025-04-08,P0071,Strawberry,61.7,High
2025-04-09,P0071,Strawberry,54.5,High
2025-04-10,P0071,Strawberry,55.9,High
2025-04-11,P0071,Strawberry,57.1,High
2025-04-12,P0071,Strawberry,57.2,High
2025-04-13,P0071,Strawberry,51.2,High
2025-04-14,P0071,Strawberry,43.1,Medium
2025-04-15,P0071,Strawberry,37,Medium
2025-04-16,P0071,Strawberry,34.9,Medium
2025-04-17,P0071,Strawberry,41.9,Medium
2025-04-18,P0071,Strawberry,40.9,Medium
2025-04-19,P0071,Strawberry,57.1,High
2025-04-20,P0071,Strawberry,51.2,High
2025-04-21,P0071,Strawberry,52.5,High
2025-04-22,P0071,Strawberry,55.7,High
2025-04-23,P0071,Strawberry,53.1,High
2025-04-24,P0071,Strawberry,58.2,High
2025-04-25,P0071,Strawberry,55.4,High
2025-04-26,P0071,Strawberry,35.2,Medium
2025-04-27,P0071,Strawberry,41.6,Medium
2025-04-28,P0071,Strawberry,35.3,Medium
2025-04-29,P0071,Strawberry,34,Medium
2025-04-30,P0071,Strawberry,47.3,Medium
2025-05-01,P0071,Strawberry,36.6,Medium
2025-05-02,P0071,Strawberry,40.2,Medium
2025-05-03,P0071,Strawberry,40.1,Medium
2025-05-04,P0071,Strawberry,40.8,Medium
2025-05-05,P0071,Strawberry,44.6,Medium
2025-05-06,P0071,Strawberry,50.5,High
2025-05-07,P0071,Strawberry,41.2,Medium
2025-05-08,P0071,Strawberry,43.5,Medium
2025-05-09,P0071,Strawberry,38.6,Medium
2025-05-10,P0071,Strawberry,36.2,Medium
2025-05-11,P0071,Strawberry,44.9,Medium
2025-05-12,P0071,Strawberry,46.3,Medium
2025-05-13,P0071,Strawberry,35.9,Medium
2025-05-14,P0071,Strawberry,22.5,Low
2025-05-15,P0071,Strawberry,24.1,Low
2025-05-16,P0071,Strawberry,26.7,Medium
2025-05-17,P0071,Strawberry,32.1,Medium
2025-05-18,P0071,Strawberry,32,Medium
2025-05-19,P0071,Strawberry,36.5,Medium
2025-05-20,P0071,Strawberry,29.5,Medium
2025-05-21,P0071,Strawberry,22,Low
2025-05-22,P0071,Strawberry,27.7,Medium
2025-05-23,P0071,Strawberry,31.1,Medium
2025-05-24,P0071,Strawberry,34.2,Medium
2025-05-25,P0071,Strawberry,27.1,Medium
2025-05-26,P0071,Strawberry,28,Medium
2025-05-27,P0071,Strawberry,21.9,Low
2025-05-28,P0071,Strawberry,34.1,Medium
2025-05-29,P0071,Strawberry,29,Medium
2025-05-30,P0071,Strawberry,33.2,Medium
2025-05-31,P0071,Strawberry,20,Low
2025-06-01,P0071,Strawberry,24.8,Low
2025-06-02,P0071,Strawberry,24.7,Low
2025-06-03,P0071,Strawberry,21.1,Low
2025-06-04,P0071,Strawberry,8.4,Low
2025-06-05,P0071,Strawberry,6.8,Low
2025-06-06,P0071,Strawberry,17.7,Low
2025-06-07,P0071,Strawberry,15.4,Low
2025-06-08,P0071,Strawberry,8.7,Low
2025-06-09,P0071,Strawberry,13.7,Low
2025-06-10,P0071,Strawberry,16.1,Low
2025-06-11,P0071,Strawberry,19.4,Low
2025-06-12,P0071,Strawberry,21.8,Low
2025-06-13,P0071,Strawberry,23.3,Low
2025-06-14,P0071,Strawberry,28.5,Medium
2025-06-15,P0071,Strawberry,31.5,Medium
2025-06-16,P0071,Strawberry,36.6,Medium
2025-06-17,P0071,Strawberry,38,Medium
2025-06-18,P0071,Strawberry,44.6,Medium
2025-06-19,P0071,Strawberry,31.1,Medium
2025-06-20,P0071,Strawberry,29.4,Medium
2025-06-21,P0071,Strawberry,25.7,Medium
2025-06-22,P0071,Strawberry,22.1,Low
2025-06-23,P0071,Strawberry,24.8,Low
2025-06-24,P0071,Strawberry,25.7,Medium
2025-06-25,P0071,Strawberry,15.3,Low
2025-06-26,P0071,Strawberry,18.3,Low
2025-06-27,P0071,Strawberry,28.9,Medium
2025-06-28,P0071,Strawberry,25.5,Medium
2025-06-29,P0071,Strawberry,19.6,Low
2025-06-30,P0071,Strawberry,24.2,Low
2025-07-01,P0071,Strawberry,29.3,Medium
2025-07-02,P0071,Strawberry,34.8,Medium
2025-07-03,P0071,Strawberry,35.8,Medium
2025-07-04,P0071,Strawberry,30.9,Medium
2025-07-05,P0071,Strawberry,29.8,Medium
2025-07-06,P0071,Strawberry,24.1,Low
2025-07-07,P0071,Strawberry,21.2,Low
2025-07-08,P0071,Strawberry,23.4,Low
2025-07-09,P0071,Strawberry,19.6,Low
2025-07-10,P0071,Strawberry,28.6,Medium
2025-07-11,P0071,Strawberry,24.8,Low
2025-07-12,P0071,Strawberry,26.5,Medium
2025-07-13,P0071,Strawberry,33.9,Medium
2025-07-14,P0071,Strawberry,32.8,Medium
2025-07-15,P0071,Strawberry,36.4,Medium
2025-07-16,P0071,Strawberry,37.1,Medium
2025-07-17,P0071,Strawberry,35,Medium
2025-07-18,P0071,Strawberry,21.6,Low
2025-07-19,P0071,Strawberry,31.1,Medium
2025-07-20,P0071,Strawberry,28.6,Medium
2025-07-21,P0071,Strawberry,18.1,Low
2025-07-22,P0071,Strawberry,19.6,Low
2025-07-23,P0071,Strawberry,34.9,Medium
2025-07-24,P0071,Strawberry,33.5,Medium
2025-07-25,P0071,Strawberry,35.5,Medium
2025-07-26,P0071,Strawberry,33.6,Medium
2025-07-27,P0071,Strawberry,31.7,Medium
2025-07-28,P0071,Strawberry,25.2,Medium
2025-07-29,P0071,Strawberry,31,Medium
2025-07-30,P0071,Strawberry,37.2,Medium
2025-07-31,P0071,Strawberry,34.1,Medium
2025-08-01,P0071,Strawberry,33,Medium
2025-08-02,P0071,Strawberry,19.4,Low
2025-08-03,P0071,Strawberry,19.5,Low
2025-08-04,P0071,Strawberry,18.9,Low
2025-08-05,P0071,Strawberry,27.5,Medium
2025-08-06,P0071,Strawberry,31,Medium
2025-08-07,P0071,Strawberry,15.9,Low
2025-08-08,P0071,Strawberry,31.2,Medium
2025-08-09,P0071,Strawberry,37.8,Medium
2025-08-10,P0071,Strawberry,31.1,Medium
2025-08-11,P0071,Strawberry,28.8,Medium
2025-08-12,P0071,Strawberry,37.7,Medium
2025-08-13,P0071,Strawberry,50.5,High
2025-08-14,P0071,Strawberry,32.8,Medium
2025-08-15,P0071,Strawberry,30.8,Medium
2025-08-16,P0071,Strawberry,24.6,Low
2025-08-17,P0071,Strawberry,21.3,Low
2025-08-18,P0071,Strawberry,19.2,Low
2025-08-19,P0071,Strawberry,15.6,Low
2025-08-20,P0071,Strawberry,11.1,Low
2025-08-21,P0071,Strawberry,9.2,Low
2025-08-22,P0071,Strawberry,9.8,Low
2025-08-23,P0071,Strawberry,16.5,Low
2025-08-24,P0071,Strawberry,25.3,Medium
2025-08-25,P0071,Strawberry,22.5,Low
2025-08-26,P0071,Strawberry,26.8,Medium
2025-08-27,P0071,Strawberry,33.4,Medium
2025-08-28,P0071,Strawberry,46.7,Medium
2025-08-29,P0071,Strawberry,41,Medium
2025-08-30,P0071,Strawberry,30.1,Medium
2025-08-31,P0071,Strawberry,22.1,Low
2025-09-01,P0071,Strawberry,41.7,Medium
2025-09-02,P0071,Strawberry,35.5,Medium
2025-09-03,P0071,Strawberry,45.1,Medium
2025-09-04,P0071,Strawberry,35.5,Medium
2025-09-05,P0071,Strawberry,34,Medium
2025-09-06,P0071,Strawberry,30.4,Medium
2025-09-07,P0071,Strawberry,30,Medium
2025-09-08,P0071,Strawberry,30.3,Medium
2025-09-09,P0071,Strawberry,7.4,Low
2025-09-10,P0071,Strawberry,0.1,Low
2025-09-11,P0071,Strawberry,0.9,Low
2025-09-12,P0071,Strawberry,6.7,Low
2025-02-21,P0072,Strawberry,44.3,Medium
2025-02-22,P0072,Strawberry,43.9,Medium
2025-02-23,P0072,Strawberry,48,Medium
2025-02-24,P0072,Strawberry,46.7,Medium
2025-02-25,P0072,Strawberry,47.2,Medium
2025-02-26,P0072,Strawberry,59.3,High
2025-02-27,P0072,Strawberry,58,High
2025-02-28,P0072,Strawberry,61.7,High
2025-03-01,P0072,Strawberry,65.9,High
2025-03-02,P0072,Strawberry,74.4,High
2025-03-03,P0072,Strawberry,67.7,High
2025-03-04,P0072,Strawberry,52,High
2025-03-05,P0072,Strawberry,53.8,High
2025-03-06,P0072,Strawberry,67.2,High
2025-03-07,P0072,Strawberry,57.4,High
2025-03-08,P0072,Strawberry,56.6,High
2025-03-09,P0072,Strawberry,62.4,High
2025-03-10,P0072,Strawberry,48.7,Medium
2025-03-11,P0072,Strawberry,48.3,Medium
2025-03-12,P0072,Strawberry,56.7,High
2025-03-13,P0072,Strawberry,47.4,Medium
2025-03-14,P0072,Strawberry,53.2,High
2025-03-15,P0072,Strawberry,49.3,Medium
2025-03-16,P0072,Strawberry,56.9,High
2025-03-17,P0072,Strawberry,56.9,High
2025-03-18,P0072,Strawberry,60.4,High
2025-03-19,P0072,Strawberry,64.9,High
2025-03-20,P0072,Strawberry,64.7,High
2025-03-21,P0072,Strawberry,58.8,High
2025-03-22,P0072,Strawberry,66.5,High
2025-03-23,P0072,Strawberry,62,High
2025-03-24,P0072,Strawberry,55.8,High
2025-03-25,P0072,Strawberry,59.4,High
2025-03-26,P0072,Strawberry,58.5,High
2025-03-27,P0072,Strawberry,48.1,Medium
2025-03-28,P0072,Strawberry,51,High
2025-03-29,P0072,Strawberry,56.3,High
2025-03-30,P0072,Strawberry,55.3,High
2025-03-31,P0072,Strawberry,49,Medium
2025-04-01,P0072,Strawberry,63,High
2025-04-02,P0072,Strawberry,52.3,High
2025-04-03,P0072,Strawberry,55.2,High
2025-04-04,P0072,Strawberry,56.5,High
2025-04-05,P0072,Strawberry,64.7,High
2025-04-06,P0072,Strawberry,62.4,High
2025-04-07,P0072,Strawberry,63.6,High
2025-04-08,P0072,Strawberry,62.3,High
2025-04-09,P0072,Strawberry,59.3,High
2025-04-10,P0072,Strawberry,71.6,High
2025-04-11,P0072,Strawberry,67.9,High
2025-04-12,P0072,Strawberry,64,High
2025-04-13,P0072,Strawberry,68.6,High
2025-04-14,P0072,Strawberry,68.7,High
2025-04-15,P0072,Strawberry,64.2,High
2025-04-16,P0072,Strawberry,64.9,High
2025-04-17,P0072,Strawberry,58.3,High
2025-04-18,P0072,Strawberry,55.9,High
2025-04-19,P0072,Strawberry,67.2,High
2025-04-20,P0072,Strawberry,72.4,High
2025-04-21,P0072,Strawberry,69.9,High
2025-04-22,P0072,Strawberry,67.8,High
2025-04-23,P0072,Strawberry,64.2,High
2025-04-24,P0072,Strawberry,66.9,High
2025-04-25,P0072,Strawberry,66.7,High
2025-04-26,P0072,Strawberry,60.2,High
2025-04-27,P0072,Strawberry,53.8,High
2025-04-28,P0072,Strawberry,54.3,High
2025-04-29,P0072,Strawberry,52.3,High
2025-04-30,P0072,Strawberry,47.8,Medium
2025-05-01,P0072,Strawberry,47.2,Medium
2025-05-02,P0072,Strawberry,36.2,Medium
2025-05-03,P0072,Strawberry,43.8,Medium
2025-05-04,P0072,Strawberry,38.1,Medium
2025-05-05,P0072,Strawberry,43.1,Medium
2025-05-06,P0072,Strawberry,47.6,Medium
2025-05-07,P0072,Strawberry,36.9,Medium
2025-05-08,P0072,Strawberry,37.4,Medium
2025-05-09,P0072,Strawberry,35.5,Medium
2025-05-10,P0072,Strawberry,39.2,Medium
2025-05-11,P0072,Strawberry,49.3,Medium
2025-05-12,P0072,Strawberry,57.8,High
2025-05-13,P0072,Strawberry,64.3,High
2025-05-14,P0072,Strawberry,53,High
2025-05-15,P0072,Strawberry,61.2,High
2025-05-16,P0072,Strawberry,56.7,High
2025-05-17,P0072,Strawberry,58,High
2025-05-18,P0072,Strawberry,59.8,High
2025-05-19,P0072,Strawberry,57,High
2025-05-20,P0072,Strawberry,59.8,High
2025-05-21,P0072,Strawberry,37.7,Medium
2025-05-22,P0072,Strawberry,41.4,Medium
2025-05-23,P0072,Strawberry,40.3,Medium
2025-05-24,P0072,Strawberry,32.8,Medium
2025-05-25,P0072,Strawberry,37.1,Medium
2025-05-26,P0072,Strawberry,36.8,Medium
2025-05-27,P0072,Strawberry,47.6,Medium
2025-05-28,P0072,Strawberry,39.1,Medium
2025-05-29,P0072,Strawberry,35.9,Medium
2025-05-30,P0072,Strawberry,31.1,Medium
2025-05-31,P0072,Strawberry,40.1,Medium
2025-06-01,P0072,Strawberry,33.5,Medium
2025-06-02,P0072,Strawberry,45.8,Medium
2025-06-03,P0072,Strawberry,45,Medium
2025-06-04,P0072,Strawberry,51.8,High
2025-06-05,P0072,Strawberry,52.6,High
2025-06-06,P0072,Strawberry,55.6,High
2025-06-07,P0072,Strawberry,55,High
2025-06-08,P0072,Strawberry,54.2,High
2025-06-09,P0072,Strawberry,45.3,Medium
2025-06-10,P0072,Strawberry,42.7,Medium
2025-06-11,P0072,Strawberry,36.7,Medium
2025-06-12,P0072,Strawberry,35.6,Medium
2025-06-13,P0072,Strawberry,33.4,Medium
2025-06-14,P0072,Strawberry,36,Medium
2025-06-15,P0072,Strawberry,40.4,Medium
2025-06-16,P0072,Strawberry,38.8,Medium
2025-06-17,P0072,Strawberry,58.6,High
2025-06-18,P0072,Strawberry,42.7,Medium
2025-06-19,P0072,Strawberry,43.9,Medium
2025-06-20,P0072,Strawberry,41.9,Medium
2025-06-21,P0072,Strawberry,38.7,Medium
2025-06-22,P0072,Strawberry,43.3,Medium
2025-06-23,P0072,Strawberry,40.7,Medium
2025-06-24,P0072,Strawberry,41.8,Medium
2025-06-25,P0072,Strawberry,37.3,Medium
2025-06-26,P0072,Strawberry,38.6,Medium
2025-06-27,P0072,Strawberry,35.4,Medium
2025-06-28,P0072,Strawberry,30.9,Medium
2025-06-29,P0072,Strawberry,27.1,Medium
2025-06-30,P0072,Strawberry,32.9,Medium
2025-07-01,P0072,Strawberry,38.4,Medium
2025-07-02,P0072,Strawberry,32.1,Medium
2025-07-03,P0072,Strawberry,42.8,Medium
2025-07-04,P0072,Strawberry,40.8,Medium
2025-07-05,P0072,Strawberry,40.7,Medium
2025-07-06,P0072,Strawberry,40,Medium
2025-07-07,P0072,Strawberry,47.6,Medium
2025-07-08,P0072,Strawberry,40,Medium
2025-07-09,P0072,Strawberry,40.9,Medium
2025-07-10,P0072,Strawberry,39.7,Medium
2025-07-11,P0072,Strawberry,34.7,Medium
2025-07-12,P0072,Strawberry,39.9,Medium
2025-07-13,P0072,Strawberry,32.3,Medium
2025-07-14,P0072,Strawberry,30.4,Medium
2025-07-15,P0072,Strawberry,30.8,Medium
2025-07-16,P0072,Strawberry,24.8,Low
2025-07-17,P0072,Strawberry,29.7,Medium
2025-07-18,P0072,Strawberry,22,Low
2025-07-19,P0072,Strawberry,23.8,Low
2025-07-20,P0072,Strawberry,24.8,Low
2025-07-21,P0072,Strawberry,37.4,Medium
2025-07-22,P0072,Strawberry,34.6,Medium
2025-07-23,P0072,Strawberry,44,Medium
2025-07-24,P0072,Strawberry,44,Medium
2025-07-25,P0072,Strawberry,38.8,Medium
2025-07-26,P0072,Strawberry,44.1,Medium
2025-07-27,P0072,Strawberry,37.5,Medium
2025-07-28,P0072,Strawberry,42,Medium
2025-07-29,P0072,Strawberry,37.4,Medium
2025-07-30,P0072,Strawberry,39.5,Medium
2025-07-31,P0072,Strawberry,37.8,Medium
2025-08-01,P0072,Strawberry,37.3,Medium
2025-08-02,P0072,Strawberry,33,Medium
2025-08-03,P0072,Strawberry,44,Medium
2025-08-04,P0072,Strawberry,45.8,Medium
2025-08-05,P0072,Strawberry,49.8,Medium
2025-08-06,P0072,Strawberry,54.4,High
2025-08-07,P0072,Strawberry,50.8,High
2025-08-08,P0072,Strawberry,53.8,High
2025-08-09,P0072,Strawberry,53.7,High
2025-08-10,P0072,Strawberry,44.7,Medium
2025-08-11,P0072,Strawberry,56.3,High
2025-08-12,P0072,Strawberry,56.8,High
2025-08-13,P0072,Strawberry,48.2,Medium
2025-08-14,P0072,Strawberry,46.7,Medium
2025-08-15,P0072,Strawberry,40.7,Medium
2025-08-16,P0072,Strawberry,35.9,Medium
2025-08-17,P0072,Strawberry,24.8,Low
2025-08-18,P0072,Strawberry,39.3,Medium
2025-08-19,P0072,Strawberry,42.1,Medium
2025-08-20,P0072,Strawberry,43.8,Medium
2025-08-21,P0072,Strawberry,48.6,Medium
2025-08-22,P0072,Strawberry,44.7,Medium
2025-08-23,P0072,Strawberry,50,High
2025-08-24,P0072,Strawberry,53.4,High
2025-08-25,P0072,Strawberry,60.2,High
2025-08-26,P0072,Strawberry,66.4,High
2025-08-27,P0072,Strawberry,70,High
2025-08-28,P0072,Strawberry,77.4,Critical
2025-08-29,P0072,Strawberry,61.7,High
2025-08-30,P0072,Strawberry,50,High
2025-08-31,P0072,Strawberry,42.9,Medium
2025-09-01,P0072,Strawberry,39.2,Medium
2025-09-02,P0072,Strawberry,34.5,Medium
2025-09-03,P0072,Strawberry,35.3,Medium
2025-09-04,P0072,Strawberry,37.9,Medium
2025-09-05,P0072,Strawberry,34.3,Medium
2025-09-06,P0072,Strawberry,31.1,Medium
2025-09-07,P0072,Strawberry,31.5,Medium
2025-09-08,P0072,Strawberry,29.8,Medium
2025-09-09,P0072,Strawberry,36.2,Medium
2025-09-10,P0072,Strawberry,24.2,Low
2025-09-11,P0072,Strawberry,22.4,Low
2025-09-12,P0072,Strawberry,30,Medium
2025-02-21,P0073,Pepper,29.1,Medium
2025-02-22,P0073,Pepper,30.3,Medium
2025-02-23,P0073,Pepper,25,Medium
2025-02-24,P0073,Pepper,26.1,Medium
2025-02-25,P0073,Pepper,38.6,Medium
2025-02-26,P0073,Pepper,33.3,Medium
2025-02-27,P0073,Pepper,40.1,Medium
2025-02-28,P0073,Pepper,38.3,Medium
2025-03-01,P0073,Pepper,37.6,Medium
2025-03-02,P0073,Pepper,55.3,High
2025-03-03,P0073,Pepper,44.3,Medium
2025-03-04,P0073,Pepper,44.1,Medium
2025-03-05,P0073,Pepper,47.5,Medium
2025-03-06,P0073,Pepper,48.2,Medium
2025-03-07,P0073,Pepper,51.2,High
2025-03-08,P0073,Pepper,34,Medium
2025-03-09,P0073,Pepper,29.3,Medium
2025-03-10,P0073,Pepper,46.7,Medium
2025-03-11,P0073,Pepper,44.6,Medium
2025-03-12,P0073,Pepper,40.1,Medium
2025-03-13,P0073,Pepper,40.2,Medium
2025-03-14,P0073,Pepper,40.9,Medium
2025-03-15,P0073,Pepper,38.8,Medium
2025-03-16,P0073,Pepper,43.9,Medium
2025-03-17,P0073,Pepper,41.2,Medium
2025-03-18,P0073,Pepper,46.7,Medium
2025-03-19,P0073,Pepper,55.7,High
2025-03-20,P0073,Pepper,58.9,High
2025-03-21,P0073,Pepper,63.3,High
2025-03-22,P0073,Pepper,67.5,High
2025-03-23,P0073,Pepper,66.8,High
2025-03-24,P0073,Pepper,63.7,High
2025-03-25,P0073,Pepper,65.7,High
2025-03-26,P0073,Pepper,55.7,High
2025-03-27,P0073,Pepper,42.2,Medium
2025-03-28,P0073,Pepper,41,Medium
2025-03-29,P0073,Pepper,46.3,Medium
2025-03-30,P0073,Pepper,50.9,High
2025-03-31,P0073,Pepper,59.1,High
2025-04-01,P0073,Pepper,59.9,High
2025-04-02,P0073,Pepper,56.8,High
2025-04-03,P0073,Pepper,62.6,High
2025-04-04,P0073,Pepper,67.6,High
2025-04-05,P0073,Pepper,68.2,High
2025-04-06,P0073,Pepper,70.4,High
2025-04-07,P0073,Pepper,64.5,High
2025-04-08,P0073,Pepper,70.5,High
2025-04-09,P0073,Pepper,65.4,High
2025-04-10,P0073,Pepper,65.9,High
2025-04-11,P0073,Pepper,65,High
2025-04-12,P0073,Pepper,78.2,Critical
2025-04-13,P0073,Pepper,71.6,High
2025-04-14,P0073,Pepper,69.6,High
2025-04-15,P0073,Pepper,60.4,High
2025-04-16,P0073,Pepper,64.3,High
2025-04-17,P0073,Pepper,62.8,High
2025-04-18,P0073,Pepper,64.8,High
2025-04-19,P0073,Pepper,45.9,Medium
2025-04-20,P0073,Pepper,55.1,High
2025-04-21,P0073,Pepper,55,High
2025-04-22,P0073,Pepper,49.8,Medium
2025-04-23,P0073,Pepper,47.4,Medium
2025-04-24,P0073,Pepper,40.4,Medium
2025-04-25,P0073,Pepper,36.9,Medium
2025-04-26,P0073,Pepper,39.7,Medium
2025-04-27,P0073,Pepper,48.3,Medium
2025-04-28,P0073,Pepper,47.1,Medium
2025-04-29,P0073,Pepper,44,Medium
2025-04-30,P0073,Pepper,44.9,Medium
2025-05-01,P0073,Pepper,44.1,Medium
2025-05-02,P0073,Pepper,46.7,Medium
2025-05-03,P0073,Pepper,51.6,High
2025-05-04,P0073,Pepper,54.2,High
2025-05-05,P0073,Pepper,54.6,High
2025-05-06,P0073,Pepper,53.6,High
2025-05-07,P0073,Pepper,55.1,High
2025-05-08,P0073,Pepper,57.4,High
2025-05-09,P0073,Pepper,63.1,High
2025-05-10,P0073,Pepper,60.4,High
2025-05-11,P0073,Pepper,56.6,High
2025-05-12,P0073,Pepper,64.2,High
2025-05-13,P0073,Pepper,55.6,High
2025-05-14,P0073,Pepper,48.7,Medium
2025-05-15,P0073,Pepper,42.2,Medium
2025-05-16,P0073,Pepper,37.6,Medium
2025-05-17,P0073,Pepper,42.2,Medium
2025-05-18,P0073,Pepper,29.3,Medium
2025-05-19,P0073,Pepper,24.5,Low
2025-05-20,P0073,Pepper,24.4,Low
2025-05-21,P0073,Pepper,28.1,Medium
2025-05-22,P0073,Pepper,21.3,Low
2025-05-23,P0073,Pepper,29.7,Medium
2025-05-24,P0073,Pepper,32.1,Medium
2025-05-25,P0073,Pepper,27.5,Medium
2025-05-26,P0073,Pepper,29,Medium
2025-05-27,P0073,Pepper,32.3,Medium
2025-05-28,P0073,Pepper,31.1,Medium
2025-05-29,P0073,Pepper,29.8,Medium
2025-05-30,P0073,Pepper,31,Medium
2025-05-31,P0073,Pepper,33.2,Medium
2025-06-01,P0073,Pepper,34.5,Medium
2025-06-02,P0073,Pepper,39.2,Medium
2025-06-03,P0073,Pepper,38.3,Medium
2025-06-04,P0073,Pepper,41.4,Medium
2025-06-05,P0073,Pepper,36.4,Medium
2025-06-06,P0073,Pepper,33.8,Medium
2025-06-07,P0073,Pepper,25.6,Medium
2025-06-08,P0073,Pepper,20.8,Low
2025-06-09,P0073,Pepper,22,Low
2025-06-10,P0073,Pepper,16.8,Low
2025-06-11,P0073,Pepper,19.7,Low
2025-06-12,P0073,Pepper,18.9,Low
2025-06-13,P0073,Pepper,16.3,Low
2025-06-14,P0073,Pepper,23.4,Low
2025-06-15,P0073,Pepper,26.5,Medium
2025-06-16,P0073,Pepper,23.5,Low
2025-06-17,P0073,Pepper,42.6,Medium
2025-06-18,P0073,Pepper,36.6,Medium
2025-06-19,P0073,Pepper,32.2,Medium
2025-06-20,P0073,Pepper,32.7,Medium
2025-06-21,P0073,Pepper,29.9,Medium
2025-06-22,P0073,Pepper,31.7,Medium
2025-06-23,P0073,Pepper,26.8,Medium
2025-06-24,P0073,Pepper,21.8,Low
2025-06-25,P0073,Pepper,19.2,Low
2025-06-26,P0073,Pepper,17.3,Low
2025-06-27,P0073,Pepper,18.2,Low
2025-06-28,P0073,Pepper,28.1,Medium
2025-06-29,P0073,Pepper,26.9,Medium
2025-06-30,P0073,Pepper,27.5,Medium
2025-07-01,P0073,Pepper,27.1,Medium
2025-07-02,P0073,Pepper,26.8,Medium
2025-07-03,P0073,Pepper,38.3,Medium
2025-07-04,P0073,Pepper,30.7,Medium
2025-07-05,P0073,Pepper,33.8,Medium
2025-07-06,P0073,Pepper,30,Medium
2025-07-07,P0073,Pepper,34.6,Medium
2025-07-08,P0073,Pepper,31.1,Medium
2025-07-09,P0073,Pepper,28.1,Medium
2025-07-10,P0073,Pepper,24.6,Low
2025-07-11,P0073,Pepper,26.7,Medium
2025-07-12,P0073,Pepper,13.4,Low
2025-07-13,P0073,Pepper,11.4,Low
2025-07-14,P0073,Pepper,14.3,Low
2025-07-15,P0073,Pepper,11.6,Low
2025-07-16,P0073,Pepper,8.2,Low
2025-07-17,P0073,Pepper,25.4,Medium
2025-07-18,P0073,Pepper,29.9,Medium
2025-07-19,P0073,Pepper,29.7,Medium
2025-07-20,P0073,Pepper,26.1,Medium
2025-07-21,P0073,Pepper,40.1,Medium
2025-07-22,P0073,Pepper,38.5,Medium
2025-07-23,P0073,Pepper,45,Medium
2025-07-24,P0073,Pepper,26.1,Medium
2025-07-25,P0073,Pepper,30,Medium
2025-07-26,P0073,Pepper,22.9,Low
2025-07-27,P0073,Pepper,22.2,Low
2025-07-28,P0073,Pepper,24.3,Low
2025-07-29,P0073,Pepper,28.3,Medium
2025-07-30,P0073,Pepper,25.8,Medium
2025-07-31,P0073,Pepper,20,Low
2025-08-01,P0073,Pepper,15,Low
2025-08-02,P0073,Pepper,14.3,Low
2025-08-03,P0073,Pepper,8.3,Low
2025-08-04,P0073,Pepper,17.8,Low
2025-08-05,P0073,Pepper,11.1,Low
2025-08-06,P0073,Pepper,18.9,Low
2025-08-07,P0073,Pepper,20.7,Low
2025-08-08,P0073,Pepper,32.5,Medium
2025-08-09,P0073,Pepper,33.8,Medium
2025-08-10,P0073,Pepper,31.7,Medium
2025-08-11,P0073,Pepper,24.9,Low
2025-08-12,P0073,Pepper,29.1,Medium
2025-08-13,P0073,Pepper,37.2,Medium
2025-08-14,P0073,Pepper,35.6,Medium
2025-08-15,P0073,Pepper,34.8,Medium
2025-08-16,P0073,Pepper,25.5,Medium
2025-08-17,P0073,Pepper,34.1,Medium
2025-08-18,P0073,Pepper,50,High
2025-08-19,P0073,Pepper,44.6,Medium
2025-08-20,P0073,Pepper,36,Medium
2025-08-21,P0073,Pepper,28.6,Medium
2025-08-22,P0073,Pepper,39.8,Medium
2025-08-23,P0073,Pepper,48.5,Medium
2025-08-24,P0073,Pepper,47.2,Medium
2025-08-25,P0073,Pepper,32.2,Medium
2025-08-26,P0073,Pepper,34.7,Medium
2025-08-27,P0073,Pepper,39.5,Medium
2025-08-28,P0073,Pepper,46,Medium
2025-08-29,P0073,Pepper,39.9,Medium
2025-08-30,P0073,Pepper,35.8,Medium
2025-08-31,P0073,Pepper,36.9,Medium
2025-09-01,P0073,Pepper,25,Medium
2025-09-02,P0073,Pepper,38.4,Medium
2025-09-03,P0073,Pepper,40.1,Medium
2025-09-04,P0073,Pepper,43.6,Medium
2025-09-05,P0073,Pepper,41.6,Medium
2025-09-06,P0073,Pepper,39.6,Medium
2025-09-07,P0073,Pepper,50.7,High
2025-09-08,P0073,Pepper,42.3,Medium
2025-09-09,P0073,Pepper,39.6,Medium
2025-09-10,P0073,Pepper,46.4,Medium
2025-09-11,P0073,Pepper,27,Medium
2025-09-12,P0073,Pepper,29.3,Medium
2025-02-21,P0074,Tomato,6.8,Low
2025-02-22,P0074,Tomato,17,Low
2025-02-23,P0074,Tomato,17,Low
2025-02-24,P0074,Tomato,25.4,Medium
2025-02-25,P0074,Tomato,19,Low
2025-02-26,P0074,Tomato,28.4,Medium
2025-02-27,P0074,Tomato,32.4,Medium
2025-02-28,P0074,Tomato,46.8,Medium
2025-03-01,P0074,Tomato,48.2,Medium
2025-03-02,P0074,Tomato,56.3,High
2025-03-03,P0074,Tomato,55.7,High
2025-03-04,P0074,Tomato,49.6,Medium
2025-03-05,P0074,Tomato,47.5,Medium
2025-03-06,P0074,Tomato,48.7,Medium
2025-03-07,P0074,Tomato,34.6,Medium
2025-03-08,P0074,Tomato,24.7,Low
2025-03-09,P0074,Tomato,35.8,Medium
2025-03-10,P0074,Tomato,37.5,Medium
2025-03-11,P0074,Tomato,40.7,Medium
2025-03-12,P0074,Tomato,43.2,Medium
2025-03-13,P0074,Tomato,41.8,Medium
2025-03-14,P0074,Tomato,39.7,Medium
2025-03-15,P0074,Tomato,48.6,Medium
2025-03-16,P0074,Tomato,41,Medium
2025-03-17,P0074,Tomato,42,Medium
2025-03-18,P0074,Tomato,42.8,Medium
2025-03-19,P0074,Tomato,43.8,Medium
2025-03-20,P0074,Tomato,63.1,High
2025-03-21,P0074,Tomato,62.9,High
2025-03-22,P0074,Tomato,60.6,High
2025-03-23,P0074,Tomato,54.7,High
2025-03-24,P0074,Tomato,56,High
2025-03-25,P0074,Tomato,61.1,High
2025-03-26,P0074,Tomato,49,Medium
2025-03-27,P0074,Tomato,40.2,Medium
2025-03-28,P0074,Tomato,37.2,Medium
2025-03-29,P0074,Tomato,37.8,Medium
2025-03-30,P0074,Tomato,43.2,Medium
2025-03-31,P0074,Tomato,45.6,Medium
2025-04-01,P0074,Tomato,49.2,Medium
2025-04-02,P0074,Tomato,46,Medium
2025-04-03,P0074,Tomato,32.3,Medium
2025-04-04,P0074,Tomato,46.8,Medium
2025-04-05,P0074,Tomato,58.6,High
2025-04-06,P0074,Tomato,65.3,High
2025-04-07,P0074,Tomato,55.9,High
2025-04-08,P0074,Tomato,50.9,High
2025-04-09,P0074,Tomato,50.4,High
2025-04-10,P0074,Tomato,49.3,Medium
2025-04-11,P0074,Tomato,52.9,High
2025-04-12,P0074,Tomato,47.8,Medium
2025-04-13,P0074,Tomato,47.5,Medium
2025-04-14,P0074,Tomato,47.3,Medium
2025-04-15,P0074,Tomato,53.2,High
2025-04-16,P0074,Tomato,53.9,High
2025-04-17,P0074,Tomato,65,High
2025-04-18,P0074,Tomato,60,High
2025-04-19,P0074,Tomato,59.2,High
2025-04-20,P0074,Tomato,57.2,High
2025-04-21,P0074,Tomato,65.3,High
2025-04-22,P0074,Tomato,65.4,High
2025-04-23,P0074,Tomato,63.7,High
2025-04-24,P0074,Tomato,49.9,Medium
2025-04-25,P0074,Tomato,46.1,Medium
2025-04-26,P0074,Tomato,57.4,High
2025-04-27,P0074,Tomato,49.4,Medium
2025-04-28,P0074,Tomato,47.3,Medium
2025-04-29,P0074,Tomato,47.3,Medium
2025-04-30,P0074,Tomato,57.3,High
2025-05-01,P0074,Tomato,58.2,High
2025-05-02,P0074,Tomato,60.6,High
2025-05-03,P0074,Tomato,47.4,Medium
2025-05-04,P0074,Tomato,53.4,High
2025-05-05,P0074,Tomato,46.8,Medium
2025-05-06,P0074,Tomato,37.1,Medium
2025-05-07,P0074,Tomato,22.4,Low
2025-05-08,P0074,Tomato,32.2,Medium
2025-05-09,P0074,Tomato,32.2,Medium
2025-05-10,P0074,Tomato,31.6,Medium
2025-05-11,P0074,Tomato,42.8,Medium
2025-05-12,P0074,Tomato,51.5,High
2025-05-13,P0074,Tomato,44.8,Medium
2025-05-14,P0074,Tomato,53.2,High
2025-05-15,P0074,Tomato,46.2,Medium
2025-05-16,P0074,Tomato,53.1,High
2025-05-17,P0074,Tomato,51.6,High
2025-05-18,P0074,Tomato,53.4,High
2025-05-19,P0074,Tomato,40.1,Medium
2025-05-20,P0074,Tomato,34.8,Medium
2025-05-21,P0074,Tomato,30.2,Medium
2025-05-22,P0074,Tomato,34.8,Medium
2025-05-23,P0074,Tomato,33.1,Medium
2025-05-24,P0074,Tomato,27.5,Medium
2025-05-25,P0074,Tomato,23.4,Low
2025-05-26,P0074,Tomato,23.8,Low
2025-05-27,P0074,Tomato,28.3,Medium
2025-05-28,P0074,Tomato,30.5,Medium
2025-05-29,P0074,Tomato,48.5,Medium
2025-05-30,P0074,Tomato,41.3,Medium
2025-05-31,P0074,Tomato,49.1,Medium
2025-06-01,P0074,Tomato,40.3,Medium
2025-06-02,P0074,Tomato,45,Medium
2025-06-03,P0074,Tomato,41.7,Medium
2025-06-04,P0074,Tomato,48.4,Medium
2025-06-05,P0074,Tomato,30.6,Medium
2025-06-06,P0074,Tomato,23.8,Low
2025-06-07,P0074,Tomato,15.5,Low
2025-06-08,P0074,Tomato,13.4,Low
2025-06-09,P0074,Tomato,16.4,Low
2025-06-10,P0074,Tomato,18.5,Low
2025-06-11,P0074,Tomato,17.8,Low
2025-06-12,P0074,Tomato,21.7,Low
2025-06-13,P0074,Tomato,19.2,Low
2025-06-14,P0074,Tomato,29.5,Medium
2025-06-15,P0074,Tomato,35.7,Medium
2025-06-16,P0074,Tomato,41.3,Medium
2025-06-17,P0074,Tomato,51.6,High
2025-06-18,P0074,Tomato,56.5,High
2025-06-19,P0074,Tomato,47.9,Medium
2025-06-20,P0074,Tomato,41.2,Medium
2025-06-21,P0074,Tomato,41.5,Medium
2025-06-22,P0074,Tomato,36.8,Medium
2025-06-23,P0074,Tomato,31.7,Medium
2025-06-24,P0074,Tomato,33.9,Medium
2025-06-25,P0074,Tomato,21.2,Low
2025-06-26,P0074,Tomato,15.9,Low
2025-06-27,P0074,Tomato,19.8,Low
2025-06-28,P0074,Tomato,15.4,Low
2025-06-29,P0074,Tomato,23,Low
2025-06-30,P0074,Tomato,29.7,Medium
2025-07-01,P0074,Tomato,34,Medium
2025-07-02,P0074,Tomato,36.6,Medium
2025-07-03,P0074,Tomato,50.2,High
2025-07-04,P0074,Tomato,40.5,Medium
2025-07-05,P0074,Tomato,35.6,Medium
2025-07-06,P0074,Tomato,34.5,Medium
2025-07-07,P0074,Tomato,45.3,Medium
2025-07-08,P0074,Tomato,37.9,Medium
2025-07-09,P0074,Tomato,47.2,Medium
2025-07-10,P0074,Tomato,38.9,Medium
2025-07-11,P0074,Tomato,26.7,Medium
2025-07-12,P0074,Tomato,24.8,Low
2025-07-13,P0074,Tomato,25.4,Medium
2025-07-14,P0074,Tomato,29.9,Medium
2025-07-15,P0074,Tomato,33.9,Medium
2025-07-16,P0074,Tomato,24.9,Low
2025-07-17,P0074,Tomato,21.7,Low
2025-07-18,P0074,Tomato,29.3,Medium
2025-07-19,P0074,Tomato,22.4,Low
2025-07-20,P0074,Tomato,20.9,Low
2025-07-21,P0074,Tomato,29.4,Medium
2025-07-22,P0074,Tomato,37,Medium
2025-07-23,P0074,Tomato,48.9,Medium
2025-07-24,P0074,Tomato,43.3,Medium
2025-07-25,P0074,Tomato,36.5,Medium
2025-07-26,P0074,Tomato,39,Medium
2025-07-27,P0074,Tomato,40.4,Medium
2025-07-28,P0074,Tomato,41.8,Medium
2025-07-29,P0074,Tomato,38,Medium
2025-07-30,P0074,Tomato,36.5,Medium
2025-07-31,P0074,Tomato,34.6,Medium
2025-08-01,P0074,Tomato,26.4,Medium
2025-08-02,P0074,Tomato,29.4,Medium
2025-08-03,P0074,Tomato,22.1,Low
2025-08-04,P0074,Tomato,16.9,Low
2025-08-05,P0074,Tomato,17.1,Low
2025-08-06,P0074,Tomato,5.3,Low
2025-08-07,P0074,Tomato,14.5,Low
2025-08-08,P0074,Tomato,24,Low
2025-08-09,P0074,Tomato,28.9,Medium
2025-08-10,P0074,Tomato,29.2,Medium
2025-08-11,P0074,Tomato,28.5,Medium
2025-08-12,P0074,Tomato,23.3,Low
2025-08-13,P0074,Tomato,37.4,Medium
2025-08-14,P0074,Tomato,37.1,Medium
2025-08-15,P0074,Tomato,36.3,Medium
2025-08-16,P0074,Tomato,37,Medium
2025-08-17,P0074,Tomato,28.3,Medium
2025-08-18,P0074,Tomato,29.9,Medium
2025-08-19,P0074,Tomato,32.8,Medium
2025-08-20,P0074,Tomato,23.5,Low
2025-08-21,P0074,Tomato,25.3,Medium
2025-08-22,P0074,Tomato,12.2,Low
2025-08-23,P0074,Tomato,12.8,Low
2025-08-24,P0074,Tomato,12.9,Low
2025-08-25,P0074,Tomato,9.1,Low
2025-08-26,P0074,Tomato,16,Low
2025-08-27,P0074,Tomato,21.8,Low
2025-08-28,P0074,Tomato,25.7,Medium
2025-08-29,P0074,Tomato,10.1,Low
2025-08-30,P0074,Tomato,16.7,Low
2025-08-31,P0074,Tomato,30.5,Medium
2025-09-01,P0074,Tomato,35.4,Medium
2025-09-02,P0074,Tomato,29.5,Medium
2025-09-03,P0074,Tomato,27.7,Medium
2025-09-04,P0074,Tomato,29.5,Medium
2025-09-05,P0074,Tomato,32.9,Medium
2025-09-06,P0074,Tomato,32.6,Medium
2025-09-07,P0074,Tomato,26.7,Medium
2025-09-08,P0074,Tomato,17.8,Low
2025-09-09,P0074,Tomato,19.3,Low
2025-09-10,P0074,Tomato,17.7,Low
2025-09-11,P0074,Tomato,14.5,Low
2025-09-12,P0074,Tomato,27.7,Medium
2025-02-21,P0075,Tomato,26.1,Medium
2025-02-22,P0075,Tomato,36.1,Medium
2025-02-23,P0075,Tomato,34.5,Medium
2025-02-24,P0075,Tomato,41.5,Medium
2025-02-25,P0075,Tomato,45,Medium
2025-02-26,P0075,Tomato,47.4,Medium
2025-02-27,P0075,Tomato,44.4,Medium
2025-02-28,P0075,Tomato,55.3,High
2025-03-01,P0075,Tomato,38.8,Medium
2025-03-02,P0075,Tomato,56,High
2025-03-03,P0075,Tomato,52.7,High
2025-03-04,P0075,Tomato,51.8,High
2025-03-05,P0075,Tomato,49.7,Medium
2025-03-06,P0075,Tomato,54.2,High
2025-03-07,P0075,Tomato,33.4,Medium
2025-03-08,P0075,Tomato,40.2,Medium
2025-03-09,P0075,Tomato,46.8,Medium
2025-03-10,P0075,Tomato,45.9,Medium
2025-03-11,P0075,Tomato,51.5,High
2025-03-12,P0075,Tomato,41.8,Medium
2025-03-13,P0075,Tomato,46.4,Medium
2025-03-14,P0075,Tomato,49.5,Medium
2025-03-15,P0075,Tomato,57.1,High
2025-03-16,P0075,Tomato,61.6,High
2025-03-17,P0075,Tomato,61.2,High
2025-03-18,P0075,Tomato,45.6,Medium
2025-03-19,P0075,Tomato,40.9,Medium
2025-03-20,P0075,Tomato,54,High
2025-03-21,P0075,Tomato,56.8,High
2025-03-22,P0075,Tomato,52,High
2025-03-23,P0075,Tomato,52.5,High
2025-03-24,P0075,Tomato,54.2,High
2025-03-25,P0075,Tomato,52.1,High
2025-03-26,P0075,Tomato,57.1,High
2025-03-27,P0075,Tomato,60.3,High
2025-03-28,P0075,Tomato,52.1,High
2025-03-29,P0075,Tomato,50.7,High
2025-03-30,P0075,Tomato,50.4,High
2025-03-31,P0075,Tomato,51.8,High
2025-04-01,P0075,Tomato,52.9,High
2025-04-02,P0075,Tomato,54.5,High
2025-04-03,P0075,Tomato,45.5,Medium
2025-04-04,P0075,Tomato,53.5,High
2025-04-05,P0075,Tomato,60.4,High
2025-04-06,P0075,Tomato,68.6,High
2025-04-07,P0075,Tomato,64.4,High
2025-04-08,P0075,Tomato,65.8,High
2025-04-09,P0075,Tomato,62.5,High
2025-04-10,P0075,Tomato,65.5,High
2025-04-11,P0075,Tomato,65.9,High
2025-04-12,P0075,Tomato,62.1,High
2025-04-13,P0075,Tomato,56.8,High
2025-04-14,P0075,Tomato,65.3,High
2025-04-15,P0075,Tomato,64.8,High
2025-04-16,P0075,Tomato,63.3,High
2025-04-17,P0075,Tomato,46.5,Medium
2025-04-18,P0075,Tomato,63.8,High
2025-04-19,P0075,Tomato,61.4,High
2025-04-20,P0075,Tomato,61.5,High
2025-04-21,P0075,Tomato,53.5,High
2025-04-22,P0075,Tomato,54.9,High
2025-04-23,P0075,Tomato,45.2,Medium
2025-04-24,P0075,Tomato,49.5,Medium
2025-04-25,P0075,Tomato,33.2,Medium
2025-04-26,P0075,Tomato,38,Medium
2025-04-27,P0075,Tomato,31.3,Medium
2025-04-28,P0075,Tomato,35.7,Medium
2025-04-29,P0075,Tomato,30.6,Medium
2025-04-30,P0075,Tomato,33.4,Medium
2025-05-01,P0075,Tomato,29.3,Medium
2025-05-02,P0075,Tomato,21.7,Low
2025-05-03,P0075,Tomato,45.5,Medium
2025-05-04,P0075,Tomato,48,Medium
2025-05-05,P0075,Tomato,50,High
2025-05-06,P0075,Tomato,53.2,High
2025-05-07,P0075,Tomato,44.6,Medium
2025-05-08,P0075,Tomato,43.5,Medium
2025-05-09,P0075,Tomato,43.9,Medium
2025-05-10,P0075,Tomato,58.7,High
2025-05-11,P0075,Tomato,51.7,High
2025-05-12,P0075,Tomato,54.3,High
2025-05-13,P0075,Tomato,43.9,Medium
2025-05-14,P0075,Tomato,54,High
2025-05-15,P0075,Tomato,55.6,High
2025-05-16,P0075,Tomato,49.4,Medium
2025-05-17,P0075,Tomato,43.3,Medium
2025-05-18,P0075,Tomato,41,Medium
2025-05-19,P0075,Tomato,35.9,Medium
2025-05-20,P0075,Tomato,31.3,Medium
2025-05-21,P0075,Tomato,29.1,Medium
2025-05-22,P0075,Tomato,30.9,Medium
2025-05-23,P0075,Tomato,23.3,Low
2025-05-24,P0075,Tomato,31,Medium
2025-05-25,P0075,Tomato,22.4,Low
2025-05-26,P0075,Tomato,20.4,Low
2025-05-27,P0075,Tomato,16.7,Low
2025-05-28,P0075,Tomato,17,Low
2025-05-29,P0075,Tomato,35,Medium
2025-05-30,P0075,Tomato,22.7,Low
2025-05-31,P0075,Tomato,22,Low
2025-06-01,P0075,Tomato,28.3,Medium
2025-06-02,P0075,Tomato,28.1,Medium
2025-06-03,P0075,Tomato,31.1,Medium
2025-06-04,P0075,Tomato,38.2,Medium
2025-06-05,P0075,Tomato,29.3,Medium
2025-06-06,P0075,Tomato,24.9,Low
2025-06-07,P0075,Tomato,27.6,Medium
2025-06-08,P0075,Tomato,21.4,Low
2025-06-09,P0075,Tomato,22,Low
2025-06-10,P0075,Tomato,18.5,Low
2025-06-11,P0075,Tomato,23.1,Low
2025-06-12,P0075,Tomato,19.8,Low
2025-06-13,P0075,Tomato,26.5,Medium
2025-06-14,P0075,Tomato,27.5,Medium
2025-06-15,P0075,Tomato,29.9,Medium
2025-06-16,P0075,Tomato,31.8,Medium
2025-06-17,P0075,Tomato,44.9,Medium
2025-06-18,P0075,Tomato,37.2,Medium
2025-06-19,P0075,Tomato,35.1,Medium
2025-06-20,P0075,Tomato,30.2,Medium
2025-06-21,P0075,Tomato,30.6,Medium
2025-06-22,P0075,Tomato,27.5,Medium
2025-06-23,P0075,Tomato,23.5,Low
2025-06-24,P0075,Tomato,18.2,Low
2025-06-25,P0075,Tomato,11.3,Low
2025-06-26,P0075,Tomato,12.1,Low
2025-06-27,P0075,Tomato,11.2,Low
2025-06-28,P0075,Tomato,9.5,Low
2025-06-29,P0075,Tomato,7,Low
2025-06-30,P0075,Tomato,13.9,Low
2025-07-01,P0075,Tomato,16.4,Low
2025-07-02,P0075,Tomato,18.1,Low
2025-07-03,P0075,Tomato,18.2,Low
2025-07-04,P0075,Tomato,18.2,Low
2025-07-05,P0075,Tomato,26.4,Medium
2025-07-06,P0075,Tomato,26.7,Medium
2025-07-07,P0075,Tomato,33.6,Medium
2025-07-08,P0075,Tomato,31.8,Medium
2025-07-09,P0075,Tomato,31.4,Medium
2025-07-10,P0075,Tomato,34.1,Medium
2025-07-11,P0075,Tomato,27.6,Medium
2025-07-12,P0075,Tomato,23,Low
2025-07-13,P0075,Tomato,19.2,Low
2025-07-14,P0075,Tomato,17.8,Low
2025-07-15,P0075,Tomato,15.5,Low
2025-07-16,P0075,Tomato,16.7,Low
2025-07-17,P0075,Tomato,12,Low
2025-07-18,P0075,Tomato,16.1,Low
2025-07-19,P0075,Tomato,4.3,Low
2025-07-20,P0075,Tomato,23.1,Low
2025-07-21,P0075,Tomato,24.4,Low
2025-07-22,P0075,Tomato,35.7,Medium
2025-07-23,P0075,Tomato,60.9,High
2025-07-24,P0075,Tomato,62.2,High
2025-07-25,P0075,Tomato,48.4,Medium
2025-07-26,P0075,Tomato,44.9,Medium
2025-07-27,P0075,Tomato,42.9,Medium
2025-07-28,P0075,Tomato,43.4,Medium
2025-07-29,P0075,Tomato,38.6,Medium
2025-07-30,P0075,Tomato,35.4,Medium
2025-07-31,P0075,Tomato,32.7,Medium
2025-08-01,P0075,Tomato,24.4,Low
2025-08-02,P0075,Tomato,27.1,Medium
2025-08-03,P0075,Tomato,30.9,Medium
2025-08-04,P0075,Tomato,34.9,Medium
2025-08-05,P0075,Tomato,32.1,Medium
2025-08-06,P0075,Tomato,24.8,Low
2025-08-07,P0075,Tomato,17.9,Low
2025-08-08,P0075,Tomato,25.4,Medium
2025-08-09,P0075,Tomato,36.5,Medium
2025-08-10,P0075,Tomato,35.7,Medium
2025-08-11,P0075,Tomato,31.4,Medium
2025-08-12,P0075,Tomato,30.7,Medium
2025-08-13,P0075,Tomato,21.9,Low
2025-08-14,P0075,Tomato,30.8,Medium
2025-08-15,P0075,Tomato,44.7,Medium
2025-08-16,P0075,Tomato,39,Medium
2025-08-17,P0075,Tomato,35.4,Medium
2025-08-18,P0075,Tomato,26.8,Medium
2025-08-19,P0075,Tomato,22.4,Low
2025-08-20,P0075,Tomato,14.7,Low
2025-08-21,P0075,Tomato,6.6,Low
2025-08-22,P0075,Tomato,16.4,Low
2025-08-23,P0075,Tomato,13.6,Low
2025-08-24,P0075,Tomato,11.9,Low
2025-08-25,P0075,Tomato,15.3,Low
2025-08-26,P0075,Tomato,20.8,Low
2025-08-27,P0075,Tomato,22.9,Low
2025-08-28,P0075,Tomato,39.6,Medium
2025-08-29,P0075,Tomato,33.7,Medium
2025-08-30,P0075,Tomato,33.7,Medium
2025-08-31,P0075,Tomato,29,Medium
2025-09-01,P0075,Tomato,33,Medium
2025-09-02,P0075,Tomato,33.2,Medium
2025-09-03,P0075,Tomato,27.6,Medium
2025-09-04,P0075,Tomato,40.5,Medium
2025-09-05,P0075,Tomato,42.3,Medium
2025-09-06,P0075,Tomato,27.3,Medium
2025-09-07,P0075,Tomato,39.6,Medium
2025-09-08,P0075,Tomato,37.8,Medium
2025-09-09,P0075,Tomato,35.9,Medium
2025-09-10,P0075,Tomato,37.6,Medium
2025-09-11,P0075,Tomato,32.5,Medium
2025-09-12,P0075,Tomato,27.6,Medium
2025-02-21,P0076,Strawberry,26.7,Medium
2025-02-22,P0076,Strawberry,31.1,Medium
2025-02-23,P0076,Strawberry,29.6,Medium
2025-02-24,P0076,Strawberry,32.1,Medium
2025-02-25,P0076,Strawberry,43.3,Medium
2025-02-26,P0076,Strawberry,40.5,Medium
2025-02-27,P0076,Strawberry,41.2,Medium
2025-02-28,P0076,Strawberry,45.1,Medium
2025-03-01,P0076,Strawberry,55,High
2025-03-02,P0076,Strawberry,59.3,High
2025-03-03,P0076,Strawberry,56.9,High
2025-03-04,P0076,Strawberry,34.6,Medium
2025-03-05,P0076,Strawberry,36.2,Medium
2025-03-06,P0076,Strawberry,41.9,Medium
2025-03-07,P0076,Strawberry,41.7,Medium
2025-03-08,P0076,Strawberry,42.6,Medium
2025-03-09,P0076,Strawberry,48.2,Medium
2025-03-10,P0076,Strawberry,58.3,High
2025-03-11,P0076,Strawberry,57.1,High
2025-03-12,P0076,Strawberry,57.5,High
2025-03-13,P0076,Strawberry,51.8,High
2025-03-14,P0076,Strawberry,56.9,High
2025-03-15,P0076,Strawberry,59.3,High
2025-03-16,P0076,Strawberry,58.3,High
2025-03-17,P0076,Strawberry,52,High
2025-03-18,P0076,Strawberry,57.3,High
2025-03-19,P0076,Strawberry,58,High
2025-03-20,P0076,Strawberry,60.5,High
2025-03-21,P0076,Strawberry,57.6,High
2025-03-22,P0076,Strawberry,47.8,Medium
2025-03-23,P0076,Strawberry,45,Medium
2025-03-24,P0076,Strawberry,46.8,Medium
2025-03-25,P0076,Strawberry,62,High
2025-03-26,P0076,Strawberry,54.8,High
2025-03-27,P0076,Strawberry,58.7,High
2025-03-28,P0076,Strawberry,54.2,High
2025-03-29,P0076,Strawberry,64.6,High
2025-03-30,P0076,Strawberry,59.4,High
2025-03-31,P0076,Strawberry,57.6,High
2025-04-01,P0076,Strawberry,53.6,High
2025-04-02,P0076,Strawberry,58.9,High
2025-04-03,P0076,Strawberry,54.6,High
2025-04-04,P0076,Strawberry,59.7,High
2025-04-05,P0076,Strawberry,63.1,High
2025-04-06,P0076,Strawberry,70.1,High
2025-04-07,P0076,Strawberry,67.5,High
2025-04-08,P0076,Strawberry,66.4,High
2025-04-09,P0076,Strawberry,54.4,High
2025-04-10,P0076,Strawberry,64.4,High
2025-04-11,P0076,Strawberry,60,High
2025-04-12,P0076,Strawberry,56.7,High
2025-04-13,P0076,Strawberry,53.9,High
2025-04-14,P0076,Strawberry,48,Medium
2025-04-15,P0076,Strawberry,56,High
2025-04-16,P0076,Strawberry,59.5,High
2025-04-17,P0076,Strawberry,53.9,High
2025-04-18,P0076,Strawberry,60.6,High
2025-04-19,P0076,Strawberry,61,High
2025-04-20,P0076,Strawberry,63.4,High
2025-04-21,P0076,Strawberry,64.1,High
2025-04-22,P0076,Strawberry,59.7,High
2025-04-23,P0076,Strawberry,44.6,Medium
2025-04-24,P0076,Strawberry,49.8,Medium
2025-04-25,P0076,Strawberry,53.8,High
2025-04-26,P0076,Strawberry,49.7,Medium
2025-04-27,P0076,Strawberry,52.7,High
2025-04-28,P0076,Strawberry,52.8,High
2025-04-29,P0076,Strawberry,47.8,Medium
2025-04-30,P0076,Strawberry,56,High
2025-05-01,P0076,Strawberry,57,High
2025-05-02,P0076,Strawberry,57.2,High
2025-05-03,P0076,Strawberry,53.3,High
2025-05-04,P0076,Strawberry,63.4,High
2025-05-05,P0076,Strawberry,56.8,High
2025-05-06,P0076,Strawberry,49.7,Medium
2025-05-07,P0076,Strawberry,42.7,Medium
2025-05-08,P0076,Strawberry,48.9,Medium
2025-05-09,P0076,Strawberry,47.8,Medium
2025-05-10,P0076,Strawberry,45.6,Medium
2025-05-11,P0076,Strawberry,52.8,High
2025-05-12,P0076,Strawberry,52.3,High
2025-05-13,P0076,Strawberry,48.7,Medium
2025-05-14,P0076,Strawberry,46.6,Medium
2025-05-15,P0076,Strawberry,42.9,Medium
2025-05-16,P0076,Strawberry,44.2,Medium
2025-05-17,P0076,Strawberry,41.9,Medium
2025-05-18,P0076,Strawberry,40.4,Medium
2025-05-19,P0076,Strawberry,45.1,Medium
2025-05-20,P0076,Strawberry,41.2,Medium
2025-05-21,P0076,Strawberry,42.7,Medium
2025-05-22,P0076,Strawberry,33.6,Medium
2025-05-23,P0076,Strawberry,39.7,Medium
2025-05-24,P0076,Strawberry,49.6,Medium
2025-05-25,P0076,Strawberry,41.6,Medium
2025-05-26,P0076,Strawberry,41.4,Medium
2025-05-27,P0076,Strawberry,40,Medium
2025-05-28,P0076,Strawberry,36.8,Medium
2025-05-29,P0076,Strawberry,39.6,Medium
2025-05-30,P0076,Strawberry,47.8,Medium
2025-05-31,P0076,Strawberry,47.3,Medium
2025-06-01,P0076,Strawberry,41.4,Medium
2025-06-02,P0076,Strawberry,44.3,Medium
2025-06-03,P0076,Strawberry,43.8,Medium
2025-06-04,P0076,Strawberry,44.4,Medium
2025-06-05,P0076,Strawberry,40.8,Medium
2025-06-06,P0076,Strawberry,42.3,Medium
2025-06-07,P0076,Strawberry,44.4,Medium
2025-06-08,P0076,Strawberry,42.3,Medium
2025-06-09,P0076,Strawberry,46.9,Medium
2025-06-10,P0076,Strawberry,34.9,Medium
2025-06-11,P0076,Strawberry,34.5,Medium
2025-06-12,P0076,Strawberry,28.5,Medium
2025-06-13,P0076,Strawberry,36.7,Medium
2025-06-14,P0076,Strawberry,47.8,Medium
2025-06-15,P0076,Strawberry,40.8,Medium
2025-06-16,P0076,Strawberry,52.3,High
2025-06-17,P0076,Strawberry,60.5,High
2025-06-18,P0076,Strawberry,57.3,High
2025-06-19,P0076,Strawberry,62.8,High
2025-06-20,P0076,Strawberry,62.9,High
2025-06-21,P0076,Strawberry,56,High
2025-06-22,P0076,Strawberry,57.2,High
2025-06-23,P0076,Strawberry,42.7,Medium
2025-06-24,P0076,Strawberry,36.1,Medium
2025-06-25,P0076,Strawberry,33.1,Medium
2025-06-26,P0076,Strawberry,28,Medium
2025-06-27,P0076,Strawberry,32.6,Medium
2025-06-28,P0076,Strawberry,31.1,Medium
2025-06-29,P0076,Strawberry,31.8,Medium
2025-06-30,P0076,Strawberry,33.7,Medium
2025-07-01,P0076,Strawberry,43.9,Medium
2025-07-02,P0076,Strawberry,56,High
2025-07-03,P0076,Strawberry,50.4,High
2025-07-04,P0076,Strawberry,48.7,Medium
2025-07-05,P0076,Strawberry,43.8,Medium
2025-07-06,P0076,Strawberry,49.3,Medium
2025-07-07,P0076,Strawberry,37,Medium
2025-07-08,P0076,Strawberry,23.7,Low
2025-07-09,P0076,Strawberry,27.1,Medium
2025-07-10,P0076,Strawberry,33.8,Medium
2025-07-11,P0076,Strawberry,22.6,Low
2025-07-12,P0076,Strawberry,33.2,Medium
2025-07-13,P0076,Strawberry,34.9,Medium
2025-07-14,P0076,Strawberry,30.3,Medium
2025-07-15,P0076,Strawberry,30,Medium
2025-07-16,P0076,Strawberry,33,Medium
2025-07-17,P0076,Strawberry,25.8,Medium
2025-07-18,P0076,Strawberry,37.5,Medium
2025-07-19,P0076,Strawberry,31.5,Medium
2025-07-20,P0076,Strawberry,50.8,High
2025-07-21,P0076,Strawberry,50,High
2025-07-22,P0076,Strawberry,62.4,High
2025-07-23,P0076,Strawberry,67.2,High
2025-07-24,P0076,Strawberry,61.2,High
2025-07-25,P0076,Strawberry,51.5,High
2025-07-26,P0076,Strawberry,46.3,Medium
2025-07-27,P0076,Strawberry,42,Medium
2025-07-28,P0076,Strawberry,28.3,Medium
2025-07-29,P0076,Strawberry,35.1,Medium
2025-07-30,P0076,Strawberry,27.7,Medium
2025-07-31,P0076,Strawberry,25.2,Medium
2025-08-01,P0076,Strawberry,27.6,Medium
2025-08-02,P0076,Strawberry,25.7,Medium
2025-08-03,P0076,Strawberry,29.4,Medium
2025-08-04,P0076,Strawberry,29.8,Medium
2025-08-05,P0076,Strawberry,23.5,Low
2025-08-06,P0076,Strawberry,21.3,Low
2025-08-07,P0076,Strawberry,19,Low
2025-08-08,P0076,Strawberry,32.2,Medium
2025-08-09,P0076,Strawberry,30.8,Medium
2025-08-10,P0076,Strawberry,17.2,Low
2025-08-11,P0076,Strawberry,15.6,Low
2025-08-12,P0076,Strawberry,20.9,Low
2025-08-13,P0076,Strawberry,20.2,Low
2025-08-14,P0076,Strawberry,22.8,Low
2025-08-15,P0076,Strawberry,27.2,Medium
2025-08-16,P0076,Strawberry,26.8,Medium
2025-08-17,P0076,Strawberry,24.8,Low
2025-08-18,P0076,Strawberry,32.5,Medium
2025-08-19,P0076,Strawberry,31.2,Medium
2025-08-20,P0076,Strawberry,27.3,Medium
2025-08-21,P0076,Strawberry,32.6,Medium
2025-08-22,P0076,Strawberry,31.2,Medium
2025-08-23,P0076,Strawberry,39.1,Medium
2025-08-24,P0076,Strawberry,34.7,Medium
2025-08-25,P0076,Strawberry,45.8,Medium
2025-08-26,P0076,Strawberry,47.4,Medium
2025-08-27,P0076,Strawberry,56.3,High
2025-08-28,P0076,Strawberry,45.2,Medium
2025-08-29,P0076,Strawberry,42.9,Medium
2025-08-30,P0076,Strawberry,39.2,Medium
2025-08-31,P0076,Strawberry,31.4,Medium
2025-09-01,P0076,Strawberry,39.5,Medium
2025-09-02,P0076,Strawberry,40.9,Medium
2025-09-03,P0076,Strawberry,37.3,Medium
2025-09-04,P0076,Strawberry,26.1,Medium
2025-09-05,P0076,Strawberry,23,Low
2025-09-06,P0076,Strawberry,21.2,Low
2025-09-07,P0076,Strawberry,22.3,Low
2025-09-08,P0076,Strawberry,22.4,Low
2025-09-09,P0076,Strawberry,25.5,Medium
2025-09-10,P0076,Strawberry,21,Low
2025-09-11,P0076,Strawberry,24.9,Low
2025-09-12,P0076,Strawberry,32.5,Medium
2025-02-21,P0077,Strawberry,31.2,Medium
2025-02-22,P0077,Strawberry,31.7,Medium
2025-02-23,P0077,Strawberry,31.5,Medium
2025-02-24,P0077,Strawberry,21.5,Low
2025-02-25,P0077,Strawberry,20.8,Low
2025-02-26,P0077,Strawberry,26.3,Medium
2025-02-27,P0077,Strawberry,29.5,Medium
2025-02-28,P0077,Strawberry,24.2,Low
2025-03-01,P0077,Strawberry,39.8,Medium
2025-03-02,P0077,Strawberry,45.8,Medium
2025-03-03,P0077,Strawberry,55.3,High
2025-03-04,P0077,Strawberry,43.7,Medium
2025-03-05,P0077,Strawberry,47.4,Medium
2025-03-06,P0077,Strawberry,49.5,Medium
2025-03-07,P0077,Strawberry,52,High
2025-03-08,P0077,Strawberry,52.2,High
2025-03-09,P0077,Strawberry,47,Medium
2025-03-10,P0077,Strawberry,42.3,Medium
2025-03-11,P0077,Strawberry,46,Medium
2025-03-12,P0077,Strawberry,40.6,Medium
2025-03-13,P0077,Strawberry,36.4,Medium
2025-03-14,P0077,Strawberry,39.4,Medium
2025-03-15,P0077,Strawberry,43.9,Medium
2025-03-16,P0077,Strawberry,55.1,High
2025-03-17,P0077,Strawberry,54.9,High
2025-03-18,P0077,Strawberry,55.6,High
2025-03-19,P0077,Strawberry,56.6,High
2025-03-20,P0077,Strawberry,54.1,High
2025-03-21,P0077,Strawberry,58.6,High
2025-03-22,P0077,Strawberry,67.5,High
2025-03-23,P0077,Strawberry,61.5,High
2025-03-24,P0077,Strawberry,62.1,High
2025-03-25,P0077,Strawberry,62,High
2025-03-26,P0077,Strawberry,60.6,High
2025-03-27,P0077,Strawberry,54.1,High
2025-03-28,P0077,Strawberry,49.6,Medium
2025-03-29,P0077,Strawberry,51.3,High
2025-03-30,P0077,Strawberry,52.9,High
2025-03-31,P0077,Strawberry,54.3,High
2025-04-01,P0077,Strawberry,52.6,High
2025-04-02,P0077,Strawberry,51.5,High
2025-04-03,P0077,Strawberry,53.6,High
2025-04-04,P0077,Strawberry,56,High
2025-04-05,P0077,Strawberry,53,High
2025-04-06,P0077,Strawberry,60.4,High
2025-04-07,P0077,Strawberry,68.1,High
2025-04-08,P0077,Strawberry,60.1,High
2025-04-09,P0077,Strawberry,64.2,High
2025-04-10,P0077,Strawberry,53.6,High
2025-04-11,P0077,Strawberry,64.2,High
2025-04-12,P0077,Strawberry,65.9,High
2025-04-13,P0077,Strawberry,64.3,High
2025-04-14,P0077,Strawberry,61.7,High
2025-04-15,P0077,Strawberry,58.5,High
2025-04-16,P0077,Strawberry,57.9,High
2025-04-17,P0077,Strawberry,60.4,High
2025-04-18,P0077,Strawberry,52.6,High
2025-04-19,P0077,Strawberry,54.6,High
2025-04-20,P0077,Strawberry,56,High
2025-04-21,P0077,Strawberry,48.6,Medium
2025-04-22,P0077,Strawberry,48.9,Medium
2025-04-23,P0077,Strawberry,44.1,Medium
2025-04-24,P0077,Strawberry,39,Medium
2025-04-25,P0077,Strawberry,40.1,Medium
2025-04-26,P0077,Strawberry,40.8,Medium
2025-04-27,P0077,Strawberry,44.3,Medium
2025-04-28,P0077,Strawberry,35.7,Medium
2025-04-29,P0077,Strawberry,38.4,Medium
2025-04-30,P0077,Strawberry,39.8,Medium
2025-05-01,P0077,Strawberry,45.4,Medium
2025-05-02,P0077,Strawberry,53.5,High
2025-05-03,P0077,Strawberry,51.7,High
2025-05-04,P0077,Strawberry,51.3,High
2025-05-05,P0077,Strawberry,47.8,Medium
2025-05-06,P0077,Strawberry,52.8,High
2025-05-07,P0077,Strawberry,43,Medium
2025-05-08,P0077,Strawberry,49.8,Medium
2025-05-09,P0077,Strawberry,39.4,Medium
2025-05-10,P0077,Strawberry,46,Medium
2025-05-11,P0077,Strawberry,52.5,High
2025-05-12,P0077,Strawberry,73.2,High
2025-05-13,P0077,Strawberry,72.1,High
2025-05-14,P0077,Strawberry,74.4,High
2025-05-15,P0077,Strawberry,68.8,High
2025-05-16,P0077,Strawberry,65,High
2025-05-17,P0077,Strawberry,70.8,High
2025-05-18,P0077,Strawberry,63,High
2025-05-19,P0077,Strawberry,59.2,High
2025-05-20,P0077,Strawberry,59.8,High
2025-05-21,P0077,Strawberry,58.8,High
2025-05-22,P0077,Strawberry,33.9,Medium
2025-05-23,P0077,Strawberry,41.5,Medium
2025-05-24,P0077,Strawberry,28.6,Medium
2025-05-25,P0077,Strawberry,34.2,Medium
2025-05-26,P0077,Strawberry,37.2,Medium
2025-05-27,P0077,Strawberry,33.7,Medium
2025-05-28,P0077,Strawberry,27.4,Medium
2025-05-29,P0077,Strawberry,50,High
2025-05-30,P0077,Strawberry,43.4,Medium
2025-05-31,P0077,Strawberry,42.1,Medium
2025-06-01,P0077,Strawberry,28.2,Medium
2025-06-02,P0077,Strawberry,33.1,Medium
2025-06-03,P0077,Strawberry,30.6,Medium
2025-06-04,P0077,Strawberry,26,Medium
2025-06-05,P0077,Strawberry,23.1,Low
2025-06-06,P0077,Strawberry,23.6,Low
2025-06-07,P0077,Strawberry,24.2,Low
2025-06-08,P0077,Strawberry,18.6,Low
2025-06-09,P0077,Strawberry,18.9,Low
2025-06-10,P0077,Strawberry,24,Low
2025-06-11,P0077,Strawberry,23.7,Low
2025-06-12,P0077,Strawberry,18,Low
2025-06-13,P0077,Strawberry,28.7,Medium
2025-06-14,P0077,Strawberry,23.3,Low
2025-06-15,P0077,Strawberry,39.4,Medium
2025-06-16,P0077,Strawberry,34,Medium
2025-06-17,P0077,Strawberry,50.7,High
2025-06-18,P0077,Strawberry,41.8,Medium
2025-06-19,P0077,Strawberry,35.3,Medium
2025-06-20,P0077,Strawberry,27.9,Medium
2025-06-21,P0077,Strawberry,25.5,Medium
2025-06-22,P0077,Strawberry,28.3,Medium
2025-06-23,P0077,Strawberry,26.1,Medium
2025-06-24,P0077,Strawberry,21,Low
2025-06-25,P0077,Strawberry,14.7,Low
2025-06-26,P0077,Strawberry,16.1,Low
2025-06-27,P0077,Strawberry,12.8,Low
2025-06-28,P0077,Strawberry,10,Low
2025-06-29,P0077,Strawberry,12.5,Low
2025-06-30,P0077,Strawberry,17.6,Low
2025-07-01,P0077,Strawberry,19.6,Low
2025-07-02,P0077,Strawberry,19.9,Low
2025-07-03,P0077,Strawberry,28.5,Medium
2025-07-04,P0077,Strawberry,26.2,Medium
2025-07-05,P0077,Strawberry,29.6,Medium
2025-07-06,P0077,Strawberry,39.6,Medium
2025-07-07,P0077,Strawberry,36.3,Medium
2025-07-08,P0077,Strawberry,32.5,Medium
2025-07-09,P0077,Strawberry,31.4,Medium
2025-07-10,P0077,Strawberry,23.8,Low
2025-07-11,P0077,Strawberry,24.5,Low
2025-07-12,P0077,Strawberry,25.9,Medium
2025-07-13,P0077,Strawberry,23.5,Low
2025-07-14,P0077,Strawberry,31.5,Medium
2025-07-15,P0077,Strawberry,32.6,Medium
2025-07-16,P0077,Strawberry,29.4,Medium
2025-07-17,P0077,Strawberry,26.5,Medium
2025-07-18,P0077,Strawberry,28.3,Medium
2025-07-19,P0077,Strawberry,29.4,Medium
2025-07-20,P0077,Strawberry,31.3,Medium
2025-07-21,P0077,Strawberry,27,Medium
2025-07-22,P0077,Strawberry,28.5,Medium
2025-07-23,P0077,Strawberry,35.7,Medium
2025-07-24,P0077,Strawberry,39,Medium
2025-07-25,P0077,Strawberry,36.8,Medium
2025-07-26,P0077,Strawberry,30.3,Medium
2025-07-27,P0077,Strawberry,33,Medium
2025-07-28,P0077,Strawberry,34.6,Medium
2025-07-29,P0077,Strawberry,34.2,Medium
2025-07-30,P0077,Strawberry,33.1,Medium
2025-07-31,P0077,Strawberry,39.2,Medium
2025-08-01,P0077,Strawberry,38.3,Medium
2025-08-02,P0077,Strawberry,33.9,Medium
2025-08-03,P0077,Strawberry,30.9,Medium
2025-08-04,P0077,Strawberry,30.8,Medium
2025-08-05,P0077,Strawberry,28.5,Medium
2025-08-06,P0077,Strawberry,24.9,Low
2025-08-07,P0077,Strawberry,18.9,Low
2025-08-08,P0077,Strawberry,8.6,Low
2025-08-09,P0077,Strawberry,24.8,Low
2025-08-10,P0077,Strawberry,20.8,Low
2025-08-11,P0077,Strawberry,18.5,Low
2025-08-12,P0077,Strawberry,20,Low
2025-08-13,P0077,Strawberry,24.1,Low
2025-08-14,P0077,Strawberry,25.2,Medium
2025-08-15,P0077,Strawberry,25.4,Medium
2025-08-16,P0077,Strawberry,26.1,Medium
2025-08-17,P0077,Strawberry,25,Medium
2025-08-18,P0077,Strawberry,23.2,Low
2025-08-19,P0077,Strawberry,16.8,Low
2025-08-20,P0077,Strawberry,14.2,Low
2025-08-21,P0077,Strawberry,16.5,Low
2025-08-22,P0077,Strawberry,14.5,Low
2025-08-23,P0077,Strawberry,15.4,Low
2025-08-24,P0077,Strawberry,19.6,Low
2025-08-25,P0077,Strawberry,18.3,Low
2025-08-26,P0077,Strawberry,24.5,Low
2025-08-27,P0077,Strawberry,30.6,Medium
2025-08-28,P0077,Strawberry,40.4,Medium
2025-08-29,P0077,Strawberry,40.3,Medium
2025-08-30,P0077,Strawberry,41.9,Medium
2025-08-31,P0077,Strawberry,39.5,Medium
2025-09-01,P0077,Strawberry,39.5,Medium
2025-09-02,P0077,Strawberry,40.3,Medium
2025-09-03,P0077,Strawberry,37,Medium
2025-09-04,P0077,Strawberry,35,Medium
2025-09-05,P0077,Strawberry,35.1,Medium
2025-09-06,P0077,Strawberry,35.8,Medium
2025-09-07,P0077,Strawberry,27.2,Medium
2025-09-08,P0077,Strawberry,26.7,Medium
2025-09-09,P0077,Strawberry,29.3,Medium
2025-09-10,P0077,Strawberry,31.9,Medium
2025-09-11,P0077,Strawberry,33,Medium
2025-09-12,P0077,Strawberry,34.1,Medium
2025-02-21,P0078,Strawberry,25.5,Medium
2025-02-22,P0078,Strawberry,41.4,Medium
2025-02-23,P0078,Strawberry,27.6,Medium
2025-02-24,P0078,Strawberry,28.9,Medium
2025-02-25,P0078,Strawberry,35.4,Medium
2025-02-26,P0078,Strawberry,28.6,Medium
2025-02-27,P0078,Strawberry,33.5,Medium
2025-02-28,P0078,Strawberry,47.5,Medium
2025-03-01,P0078,Strawberry,64.3,High
2025-03-02,P0078,Strawberry,64.6,High
2025-03-03,P0078,Strawberry,59,High
2025-03-04,P0078,Strawberry,55.4,High
2025-03-05,P0078,Strawberry,55.9,High
2025-03-06,P0078,Strawberry,52.5,High
2025-03-07,P0078,Strawberry,51.5,High
2025-03-08,P0078,Strawberry,53.7,High
2025-03-09,P0078,Strawberry,50.1,High
2025-03-10,P0078,Strawberry,51.7,High
2025-03-11,P0078,Strawberry,40.6,Medium
2025-03-12,P0078,Strawberry,45.5,Medium
2025-03-13,P0078,Strawberry,46.3,Medium
2025-03-14,P0078,Strawberry,48.7,Medium
2025-03-15,P0078,Strawberry,48.2,Medium
2025-03-16,P0078,Strawberry,46,Medium
2025-03-17,P0078,Strawberry,35.4,Medium
2025-03-18,P0078,Strawberry,53.1,High
2025-03-19,P0078,Strawberry,49.4,Medium
2025-03-20,P0078,Strawberry,49.1,Medium
2025-03-21,P0078,Strawberry,59.5,High
2025-03-22,P0078,Strawberry,51.6,High
2025-03-23,P0078,Strawberry,63.9,High
2025-03-24,P0078,Strawberry,61.9,High
2025-03-25,P0078,Strawberry,53.4,High
2025-03-26,P0078,Strawberry,59.9,High
2025-03-27,P0078,Strawberry,59.7,High
2025-03-28,P0078,Strawberry,61.6,High
2025-03-29,P0078,Strawberry,52.5,High
2025-03-30,P0078,Strawberry,46.9,Medium
2025-03-31,P0078,Strawberry,39.4,Medium
2025-04-01,P0078,Strawberry,45.8,Medium
2025-04-02,P0078,Strawberry,49.4,Medium
2025-04-03,P0078,Strawberry,60,High
2025-04-04,P0078,Strawberry,57.5,High
2025-04-05,P0078,Strawberry,69.5,High
2025-04-06,P0078,Strawberry,78.2,Critical
2025-04-07,P0078,Strawberry,73.9,High
2025-04-08,P0078,Strawberry,78.4,Critical
2025-04-09,P0078,Strawberry,71.1,High
2025-04-10,P0078,Strawberry,61.6,High
2025-04-11,P0078,Strawberry,69.3,High
2025-04-12,P0078,Strawberry,57.9,High
2025-04-13,P0078,Strawberry,64.4,High
2025-04-14,P0078,Strawberry,67.9,High
2025-04-15,P0078,Strawberry,58.4,High
2025-04-16,P0078,Strawberry,64.4,High
2025-04-17,P0078,Strawberry,53,High
2025-04-18,P0078,Strawberry,54.1,High
2025-04-19,P0078,Strawberry,56.7,High
2025-04-20,P0078,Strawberry,58.4,High
2025-04-21,P0078,Strawberry,54.1,High
2025-04-22,P0078,Strawberry,57.6,High
2025-04-23,P0078,Strawberry,56.5,High
2025-04-24,P0078,Strawberry,61.6,High
2025-04-25,P0078,Strawberry,60.9,High
2025-04-26,P0078,Strawberry,58,High
2025-04-27,P0078,Strawberry,54.9,High
2025-04-28,P0078,Strawberry,56.1,High
2025-04-29,P0078,Strawberry,51.7,High
2025-04-30,P0078,Strawberry,52.9,High
2025-05-01,P0078,Strawberry,47.3,Medium
2025-05-02,P0078,Strawberry,55,High
2025-05-03,P0078,Strawberry,55,High
2025-05-04,P0078,Strawberry,58,High
2025-05-05,P0078,Strawberry,67.4,High
2025-05-06,P0078,Strawberry,56.9,High
2025-05-07,P0078,Strawberry,59,High
2025-05-08,P0078,Strawberry,51.7,High
2025-05-09,P0078,Strawberry,45.7,Medium
2025-05-10,P0078,Strawberry,52.4,High
2025-05-11,P0078,Strawberry,63.1,High
2025-05-12,P0078,Strawberry,63.5,High
2025-05-13,P0078,Strawberry,68.6,High
2025-05-14,P0078,Strawberry,62.8,High
2025-05-15,P0078,Strawberry,63.9,High
2025-05-16,P0078,Strawberry,61.5,High
2025-05-17,P0078,Strawberry,52.8,High
2025-05-18,P0078,Strawberry,61,High
2025-05-19,P0078,Strawberry,51.7,High
2025-05-20,P0078,Strawberry,53,High
2025-05-21,P0078,Strawberry,51.2,High
2025-05-22,P0078,Strawberry,59.6,High
2025-05-23,P0078,Strawberry,49.2,Medium
2025-05-24,P0078,Strawberry,50.6,High
2025-05-25,P0078,Strawberry,37.1,Medium
2025-05-26,P0078,Strawberry,34.7,Medium
2025-05-27,P0078,Strawberry,31.8,Medium
2025-05-28,P0078,Strawberry,33.7,Medium
2025-05-29,P0078,Strawberry,35.8,Medium
2025-05-30,P0078,Strawberry,23.1,Low
2025-05-31,P0078,Strawberry,28.2,Medium
2025-06-01,P0078,Strawberry,37.9,Medium
2025-06-02,P0078,Strawberry,30.7,Medium
2025-06-03,P0078,Strawberry,33.1,Medium
2025-06-04,P0078,Strawberry,39.8,Medium
2025-06-05,P0078,Strawberry,48.4,Medium
2025-06-06,P0078,Strawberry,37.4,Medium
2025-06-07,P0078,Strawberry,51.6,High
2025-06-08,P0078,Strawberry,44.9,Medium
2025-06-09,P0078,Strawberry,42.8,Medium
2025-06-10,P0078,Strawberry,41.3,Medium
2025-06-11,P0078,Strawberry,42.5,Medium
2025-06-12,P0078,Strawberry,38,Medium
2025-06-13,P0078,Strawberry,36.4,Medium
2025-06-14,P0078,Strawberry,31.3,Medium
2025-06-15,P0078,Strawberry,44.1,Medium
2025-06-16,P0078,Strawberry,49.1,Medium
2025-06-17,P0078,Strawberry,51.7,High
2025-06-18,P0078,Strawberry,51.4,High
2025-06-19,P0078,Strawberry,57.5,High
2025-06-20,P0078,Strawberry,50.3,High
2025-06-21,P0078,Strawberry,51.8,High
2025-06-22,P0078,Strawberry,51.1,High
2025-06-23,P0078,Strawberry,44.9,Medium
2025-06-24,P0078,Strawberry,35.1,Medium
2025-06-25,P0078,Strawberry,34.4,Medium
2025-06-26,P0078,Strawberry,36.4,Medium
2025-06-27,P0078,Strawberry,40.7,Medium
2025-06-28,P0078,Strawberry,44.3,Medium
2025-06-29,P0078,Strawberry,46.8,Medium
2025-06-30,P0078,Strawberry,40.9,Medium
2025-07-01,P0078,Strawberry,42.3,Medium
2025-07-02,P0078,Strawberry,51.7,High
2025-07-03,P0078,Strawberry,54.7,High
2025-07-04,P0078,Strawberry,51,High
2025-07-05,P0078,Strawberry,47.2,Medium
2025-07-06,P0078,Strawberry,57.9,High
2025-07-07,P0078,Strawberry,48,Medium
2025-07-08,P0078,Strawberry,41.1,Medium
2025-07-09,P0078,Strawberry,49.6,Medium
2025-07-10,P0078,Strawberry,40.3,Medium
2025-07-11,P0078,Strawberry,38.6,Medium
2025-07-12,P0078,Strawberry,40.8,Medium
2025-07-13,P0078,Strawberry,41.7,Medium
2025-07-14,P0078,Strawberry,32.6,Medium
2025-07-15,P0078,Strawberry,42.4,Medium
2025-07-16,P0078,Strawberry,39.7,Medium
2025-07-17,P0078,Strawberry,44.7,Medium
2025-07-18,P0078,Strawberry,44.5,Medium
2025-07-19,P0078,Strawberry,47.5,Medium
2025-07-20,P0078,Strawberry,45.6,Medium
2025-07-21,P0078,Strawberry,51.4,High
2025-07-22,P0078,Strawberry,52,High
2025-07-23,P0078,Strawberry,53.7,High
2025-07-24,P0078,Strawberry,49.3,Medium
2025-07-25,P0078,Strawberry,41.9,Medium
2025-07-26,P0078,Strawberry,34.8,Medium
2025-07-27,P0078,Strawberry,37.6,Medium
2025-07-28,P0078,Strawberry,39.9,Medium
2025-07-29,P0078,Strawberry,37.4,Medium
2025-07-30,P0078,Strawberry,34.9,Medium
2025-07-31,P0078,Strawberry,30.4,Medium
2025-08-01,P0078,Strawberry,27.9,Medium
2025-08-02,P0078,Strawberry,23.9,Low
2025-08-03,P0078,Strawberry,19.3,Low
2025-08-04,P0078,Strawberry,31.4,Medium
2025-08-05,P0078,Strawberry,31.1,Medium
2025-08-06,P0078,Strawberry,29.5,Medium
2025-08-07,P0078,Strawberry,34.3,Medium
2025-08-08,P0078,Strawberry,41.5,Medium
2025-08-09,P0078,Strawberry,45.7,Medium
2025-08-10,P0078,Strawberry,50.5,High
2025-08-11,P0078,Strawberry,36.3,Medium
2025-08-12,P0078,Strawberry,34.8,Medium
2025-08-13,P0078,Strawberry,45.3,Medium
2025-08-14,P0078,Strawberry,36,Medium
2025-08-15,P0078,Strawberry,26.9,Medium
2025-08-16,P0078,Strawberry,27.4,Medium
2025-08-17,P0078,Strawberry,49.7,Medium
2025-08-18,P0078,Strawberry,35.4,Medium
2025-08-19,P0078,Strawberry,34.2,Medium
2025-08-20,P0078,Strawberry,39.3,Medium
2025-08-21,P0078,Strawberry,34.9,Medium
2025-08-22,P0078,Strawberry,37.1,Medium
2025-08-23,P0078,Strawberry,31.1,Medium
2025-08-24,P0078,Strawberry,32.1,Medium
2025-08-25,P0078,Strawberry,28.6,Medium
2025-08-26,P0078,Strawberry,30.9,Medium
2025-08-27,P0078,Strawberry,37.8,Medium
2025-08-28,P0078,Strawberry,39.4,Medium
2025-08-29,P0078,Strawberry,48.9,Medium
2025-08-30,P0078,Strawberry,41.7,Medium
2025-08-31,P0078,Strawberry,40.4,Medium
2025-09-01,P0078,Strawberry,35.3,Medium
2025-09-02,P0078,Strawberry,54.6,High
2025-09-03,P0078,Strawberry,51.5,High
2025-09-04,P0078,Strawberry,53.5,High
2025-09-05,P0078,Strawberry,51.6,High
2025-09-06,P0078,Strawberry,55,High
2025-09-07,P0078,Strawberry,47.2,Medium
2025-09-08,P0078,Strawberry,45.6,Medium
2025-09-09,P0078,Strawberry,44.5,Medium
2025-09-10,P0078,Strawberry,42.9,Medium
2025-09-11,P0078,Strawberry,39.4,Medium
2025-09-12,P0078,Strawberry,40.6,Medium
2025-02-21,P0079,Strawberry,5.1,Low
2025-02-22,P0079,Strawberry,4.4,Low
2025-02-23,P0079,Strawberry,24.5,Low
2025-02-24,P0079,Strawberry,25.4,Medium
2025-02-25,P0079,Strawberry,32.7,Medium
2025-02-26,P0079,Strawberry,29.6,Medium
2025-02-27,P0079,Strawberry,36.8,Medium
2025-02-28,P0079,Strawberry,43,Medium
2025-03-01,P0079,Strawberry,45.1,Medium
2025-03-02,P0079,Strawberry,59.5,High
2025-03-03,P0079,Strawberry,61.8,High
2025-03-04,P0079,Strawberry,56.7,High
2025-03-05,P0079,Strawberry,50.3,High
2025-03-06,P0079,Strawberry,42.1,Medium
2025-03-07,P0079,Strawberry,49.8,Medium
2025-03-08,P0079,Strawberry,48.2,Medium
2025-03-09,P0079,Strawberry,48.9,Medium
2025-03-10,P0079,Strawberry,51.3,High
2025-03-11,P0079,Strawberry,46.7,Medium
2025-03-12,P0079,Strawberry,43.3,Medium
2025-03-13,P0079,Strawberry,48.3,Medium
2025-03-14,P0079,Strawberry,50.4,High
2025-03-15,P0079,Strawberry,45.8,Medium
2025-03-16,P0079,Strawberry,34.7,Medium
2025-03-17,P0079,Strawberry,39.6,Medium
2025-03-18,P0079,Strawberry,39.2,Medium
2025-03-19,P0079,Strawberry,38.6,Medium
2025-03-20,P0079,Strawberry,39.8,Medium
2025-03-21,P0079,Strawberry,39.5,Medium
2025-03-22,P0079,Strawberry,47.8,Medium
2025-03-23,P0079,Strawberry,43.9,Medium
2025-03-24,P0079,Strawberry,36.2,Medium
2025-03-25,P0079,Strawberry,44.9,Medium
2025-03-26,P0079,Strawberry,44.6,Medium
2025-03-27,P0079,Strawberry,33,Medium
2025-03-28,P0079,Strawberry,34.6,Medium
2025-03-29,P0079,Strawberry,36.5,Medium
2025-03-30,P0079,Strawberry,42.2,Medium
2025-03-31,P0079,Strawberry,41.1,Medium
2025-04-01,P0079,Strawberry,44.3,Medium
2025-04-02,P0079,Strawberry,50.6,High
2025-04-03,P0079,Strawberry,55,High
2025-04-04,P0079,Strawberry,62.4,High
2025-04-05,P0079,Strawberry,65.3,High
2025-04-06,P0079,Strawberry,63.8,High
2025-04-07,P0079,Strawberry,65.9,High
2025-04-08,P0079,Strawberry,62.3,High
2025-04-09,P0079,Strawberry,60.7,High
2025-04-10,P0079,Strawberry,64,High
2025-04-11,P0079,Strawberry,63.8,High
2025-04-12,P0079,Strawberry,48.5,Medium
2025-04-13,P0079,Strawberry,56.1,High
2025-04-14,P0079,Strawberry,52.9,High
2025-04-15,P0079,Strawberry,51.9,High
2025-04-16,P0079,Strawberry,52.2,High
2025-04-17,P0079,Strawberry,40.6,Medium
2025-04-18,P0079,Strawberry,41.4,Medium
2025-04-19,P0079,Strawberry,44,Medium
2025-04-20,P0079,Strawberry,48.3,Medium
2025-04-21,P0079,Strawberry,48.1,Medium
2025-04-22,P0079,Strawberry,45.4,Medium
2025-04-23,P0079,Strawberry,43.6,Medium
2025-04-24,P0079,Strawberry,41.2,Medium
2025-04-25,P0079,Strawberry,34.4,Medium
2025-04-26,P0079,Strawberry,36.4,Medium
2025-04-27,P0079,Strawberry,38.1,Medium
2025-04-28,P0079,Strawberry,37.2,Medium
2025-04-29,P0079,Strawberry,38,Medium
2025-04-30,P0079,Strawberry,34.7,Medium
2025-05-01,P0079,Strawberry,38.2,Medium
2025-05-02,P0079,Strawberry,35.1,Medium
2025-05-03,P0079,Strawberry,33.7,Medium
2025-05-04,P0079,Strawberry,44.3,Medium
2025-05-05,P0079,Strawberry,45.8,Medium
2025-05-06,P0079,Strawberry,44,Medium
2025-05-07,P0079,Strawberry,42.3,Medium
2025-05-08,P0079,Strawberry,31.7,Medium
2025-05-09,P0079,Strawberry,35.7,Medium
2025-05-10,P0079,Strawberry,43.7,Medium
2025-05-11,P0079,Strawberry,51.5,High
2025-05-12,P0079,Strawberry,57.8,High
2025-05-13,P0079,Strawberry,55.4,High
2025-05-14,P0079,Strawberry,50.8,High
2025-05-15,P0079,Strawberry,39.5,Medium
2025-05-16,P0079,Strawberry,39.2,Medium
2025-05-17,P0079,Strawberry,38.9,Medium
2025-05-18,P0079,Strawberry,34.8,Medium
2025-05-19,P0079,Strawberry,22.1,Low
2025-05-20,P0079,Strawberry,23,Low
2025-05-21,P0079,Strawberry,26.2,Medium
2025-05-22,P0079,Strawberry,21.9,Low
2025-05-23,P0079,Strawberry,24,Low
2025-05-24,P0079,Strawberry,22.9,Low
2025-05-25,P0079,Strawberry,24.5,Low
2025-05-26,P0079,Strawberry,20.1,Low
2025-05-27,P0079,Strawberry,22,Low
2025-05-28,P0079,Strawberry,34.5,Medium
2025-05-29,P0079,Strawberry,30.3,Medium
2025-05-30,P0079,Strawberry,29.6,Medium
2025-05-31,P0079,Strawberry,17.7,Low
2025-06-01,P0079,Strawberry,24.4,Low
2025-06-02,P0079,Strawberry,26.1,Medium
2025-06-03,P0079,Strawberry,20.8,Low
2025-06-04,P0079,Strawberry,20.4,Low
2025-06-05,P0079,Strawberry,14.9,Low
2025-06-06,P0079,Strawberry,10,Low
2025-06-07,P0079,Strawberry,12.6,Low
2025-06-08,P0079,Strawberry,14.9,Low
2025-06-09,P0079,Strawberry,9.3,Low
2025-06-10,P0079,Strawberry,19.8,Low
2025-06-11,P0079,Strawberry,22,Low
2025-06-12,P0079,Strawberry,19.9,Low
2025-06-13,P0079,Strawberry,35.3,Medium
2025-06-14,P0079,Strawberry,35.2,Medium
2025-06-15,P0079,Strawberry,56,High
2025-06-16,P0079,Strawberry,54.5,High
2025-06-17,P0079,Strawberry,66.1,High
2025-06-18,P0079,Strawberry,59.6,High
2025-06-19,P0079,Strawberry,60,High
2025-06-20,P0079,Strawberry,38.7,Medium
2025-06-21,P0079,Strawberry,37.1,Medium
2025-06-22,P0079,Strawberry,35.1,Medium
2025-06-23,P0079,Strawberry,24.1,Low
2025-06-24,P0079,Strawberry,21.6,Low
2025-06-25,P0079,Strawberry,21.6,Low
2025-06-26,P0079,Strawberry,17.7,Low
2025-06-27,P0079,Strawberry,15.2,Low
2025-06-28,P0079,Strawberry,19.9,Low
2025-06-29,P0079,Strawberry,18.8,Low
2025-06-30,P0079,Strawberry,14.8,Low
2025-07-01,P0079,Strawberry,11.4,Low
2025-07-02,P0079,Strawberry,14.8,Low
2025-07-03,P0079,Strawberry,17.8,Low
2025-07-04,P0079,Strawberry,7.9,Low
2025-07-05,P0079,Strawberry,10.7,Low
2025-07-06,P0079,Strawberry,24.1,Low
2025-07-07,P0079,Strawberry,23.5,Low
2025-07-08,P0079,Strawberry,16.6,Low
2025-07-09,P0079,Strawberry,17.5,Low
2025-07-10,P0079,Strawberry,16.7,Low
2025-07-11,P0079,Strawberry,26.7,Medium
2025-07-12,P0079,Strawberry,24.9,Low
2025-07-13,P0079,Strawberry,26.4,Medium
2025-07-14,P0079,Strawberry,27.6,Medium
2025-07-15,P0079,Strawberry,22.6,Low
2025-07-16,P0079,Strawberry,20.1,Low
2025-07-17,P0079,Strawberry,24.4,Low
2025-07-18,P0079,Strawberry,20.3,Low
2025-07-19,P0079,Strawberry,18,Low
2025-07-20,P0079,Strawberry,17.8,Low
2025-07-21,P0079,Strawberry,21.9,Low
2025-07-22,P0079,Strawberry,33.4,Medium
2025-07-23,P0079,Strawberry,41.4,Medium
2025-07-24,P0079,Strawberry,31.8,Medium
2025-07-25,P0079,Strawberry,35.2,Medium
2025-07-26,P0079,Strawberry,39.3,Medium
2025-07-27,P0079,Strawberry,39.6,Medium
2025-07-28,P0079,Strawberry,38.9,Medium
2025-07-29,P0079,Strawberry,31.3,Medium
2025-07-30,P0079,Strawberry,38.3,Medium
2025-07-31,P0079,Strawberry,37.6,Medium
2025-08-01,P0079,Strawberry,33.1,Medium
2025-08-02,P0079,Strawberry,33.7,Medium
2025-08-03,P0079,Strawberry,37.5,Medium
2025-08-04,P0079,Strawberry,32.1,Medium
2025-08-05,P0079,Strawberry,27.4,Medium
2025-08-06,P0079,Strawberry,38,Medium
2025-08-07,P0079,Strawberry,38.8,Medium
2025-08-08,P0079,Strawberry,32.3,Medium
2025-08-09,P0079,Strawberry,32.1,Medium
2025-08-10,P0079,Strawberry,36,Medium
2025-08-11,P0079,Strawberry,38.2,Medium
2025-08-12,P0079,Strawberry,32,Medium
2025-08-13,P0079,Strawberry,32.3,Medium
2025-08-14,P0079,Strawberry,19.8,Low
2025-08-15,P0079,Strawberry,18.9,Low
2025-08-16,P0079,Strawberry,26.9,Medium
2025-08-17,P0079,Strawberry,26.6,Medium
2025-08-18,P0079,Strawberry,19.5,Low
2025-08-19,P0079,Strawberry,16.9,Low
2025-08-20,P0079,Strawberry,20.8,Low
2025-08-21,P0079,Strawberry,20.6,Low
2025-08-22,P0079,Strawberry,22.6,Low
2025-08-23,P0079,Strawberry,31.1,Medium
2025-08-24,P0079,Strawberry,15.6,Low
2025-08-25,P0079,Strawberry,31.9,Medium
2025-08-26,P0079,Strawberry,34.9,Medium
2025-08-27,P0079,Strawberry,36.2,Medium
2025-08-28,P0079,Strawberry,34.7,Medium
2025-08-29,P0079,Strawberry,35.9,Medium
2025-08-30,P0079,Strawberry,30.4,Medium
2025-08-31,P0079,Strawberry,24.3,Low
2025-09-01,P0079,Strawberry,33.7,Medium
2025-09-02,P0079,Strawberry,19.5,Low
2025-09-03,P0079,Strawberry,16,Low
2025-09-04,P0079,Strawberry,20.6,Low
2025-09-05,P0079,Strawberry,18.3,Low
2025-09-06,P0079,Strawberry,15.6,Low
2025-09-07,P0079,Strawberry,26.5,Medium
2025-09-08,P0079,Strawberry,27.8,Medium
2025-09-09,P0079,Strawberry,23.7,Low
2025-09-10,P0079,Strawberry,27.9,Medium
2025-09-11,P0079,Strawberry,24.1,Low
2025-09-12,P0079,Strawberry,34.6,Medium
2025-02-21,P0080,Strawberry,40.4,Medium
2025-02-22,P0080,Strawberry,37.1,Medium
2025-02-23,P0080,Strawberry,40.7,Medium
2025-02-24,P0080,Strawberry,29.1,Medium
2025-02-25,P0080,Strawberry,41.1,Medium
2025-02-26,P0080,Strawberry,38.5,Medium
2025-02-27,P0080,Strawberry,48.3,Medium
2025-02-28,P0080,Strawberry,53.6,High
2025-03-01,P0080,Strawberry,56.7,High
2025-03-02,P0080,Strawberry,63,High
2025-03-03,P0080,Strawberry,61,High
2025-03-04,P0080,Strawberry,48.9,Medium
2025-03-05,P0080,Strawberry,50.8,High
2025-03-06,P0080,Strawberry,52.4,High
2025-03-07,P0080,Strawberry,35.8,Medium
2025-03-08,P0080,Strawberry,40.6,Medium
2025-03-09,P0080,Strawberry,42.1,Medium
2025-03-10,P0080,Strawberry,46.7,Medium
2025-03-11,P0080,Strawberry,36.8,Medium
2025-03-12,P0080,Strawberry,50.5,High
2025-03-13,P0080,Strawberry,46.5,Medium
2025-03-14,P0080,Strawberry,41,Medium
2025-03-15,P0080,Strawberry,53.7,High
2025-03-16,P0080,Strawberry,58.4,High
2025-03-17,P0080,Strawberry,61.1,High
2025-03-18,P0080,Strawberry,60.6,High
2025-03-19,P0080,Strawberry,56.8,High
2025-03-20,P0080,Strawberry,56.4,High
2025-03-21,P0080,Strawberry,65.5,High
2025-03-22,P0080,Strawberry,63.7,High
2025-03-23,P0080,Strawberry,67.6,High
2025-03-24,P0080,Strawberry,67.6,High
2025-03-25,P0080,Strawberry,67.5,High
2025-03-26,P0080,Strawberry,62.1,High
2025-03-27,P0080,Strawberry,65.1,High
2025-03-28,P0080,Strawberry,66.4,High
2025-03-29,P0080,Strawberry,60.4,High
2025-03-30,P0080,Strawberry,54.1,High
2025-03-31,P0080,Strawberry,57.7,High
2025-04-01,P0080,Strawberry,49.1,Medium
2025-04-02,P0080,Strawberry,52.2,High
2025-04-03,P0080,Strawberry,49.1,Medium
2025-04-04,P0080,Strawberry,54.4,High
2025-04-05,P0080,Strawberry,60.4,High
2025-04-06,P0080,Strawberry,62,High
2025-04-07,P0080,Strawberry,63.7,High
2025-04-08,P0080,Strawberry,59.5,High
2025-04-09,P0080,Strawberry,55.6,High
2025-04-10,P0080,Strawberry,60.5,High
2025-04-11,P0080,Strawberry,45.6,Medium
2025-04-12,P0080,Strawberry,54.9,High
2025-04-13,P0080,Strawberry,50.2,High
2025-04-14,P0080,Strawberry,36.7,Medium
2025-04-15,P0080,Strawberry,44.6,Medium
2025-04-16,P0080,Strawberry,46,Medium
2025-04-17,P0080,Strawberry,40.5,Medium
2025-04-18,P0080,Strawberry,41.2,Medium
2025-04-19,P0080,Strawberry,36.3,Medium
2025-04-20,P0080,Strawberry,51.2,High
2025-04-21,P0080,Strawberry,47.7,Medium
2025-04-22,P0080,Strawberry,48.5,Medium
2025-04-23,P0080,Strawberry,57.2,High
2025-04-24,P0080,Strawberry,68.5,High
2025-04-25,P0080,Strawberry,66.8,High
2025-04-26,P0080,Strawberry,66.8,High
2025-04-27,P0080,Strawberry,76.5,Critical
2025-04-28,P0080,Strawberry,69.3,High
2025-04-29,P0080,Strawberry,55.2,High
2025-04-30,P0080,Strawberry,54.7,High
2025-05-01,P0080,Strawberry,42.7,Medium
2025-05-02,P0080,Strawberry,38,Medium
2025-05-03,P0080,Strawberry,41.7,Medium
2025-05-04,P0080,Strawberry,39.8,Medium
2025-05-05,P0080,Strawberry,39.9,Medium
2025-05-06,P0080,Strawberry,40.2,Medium
2025-05-07,P0080,Strawberry,39.9,Medium
2025-05-08,P0080,Strawberry,41.6,Medium
2025-05-09,P0080,Strawberry,45.3,Medium
2025-05-10,P0080,Strawberry,45.7,Medium
2025-05-11,P0080,Strawberry,53.8,High
2025-05-12,P0080,Strawberry,65.5,High
2025-05-13,P0080,Strawberry,64.8,High
2025-05-14,P0080,Strawberry,64.1,High
2025-05-15,P0080,Strawberry,45.6,Medium
2025-05-16,P0080,Strawberry,41.1,Medium
2025-05-17,P0080,Strawberry,43,Medium
2025-05-18,P0080,Strawberry,46.2,Medium
2025-05-19,P0080,Strawberry,46.3,Medium
2025-05-20,P0080,Strawberry,48,Medium
2025-05-21,P0080,Strawberry,37.9,Medium
2025-05-22,P0080,Strawberry,29.4,Medium
2025-05-23,P0080,Strawberry,29.9,Medium
2025-05-24,P0080,Strawberry,36.2,Medium
2025-05-25,P0080,Strawberry,36.7,Medium
2025-05-26,P0080,Strawberry,45.1,Medium
2025-05-27,P0080,Strawberry,44.4,Medium
2025-05-28,P0080,Strawberry,41.9,Medium
2025-05-29,P0080,Strawberry,51.7,High
2025-05-30,P0080,Strawberry,42,Medium
2025-05-31,P0080,Strawberry,45.6,Medium
2025-06-01,P0080,Strawberry,43.5,Medium
2025-06-02,P0080,Strawberry,35.1,Medium
2025-06-03,P0080,Strawberry,25,Medium
2025-06-04,P0080,Strawberry,23.7,Low
2025-06-05,P0080,Strawberry,32.6,Medium
2025-06-06,P0080,Strawberry,33.4,Medium
2025-06-07,P0080,Strawberry,39,Medium
2025-06-08,P0080,Strawberry,38.7,Medium
2025-06-09,P0080,Strawberry,38.9,Medium
2025-06-10,P0080,Strawberry,51.6,High
2025-06-11,P0080,Strawberry,47.4,Medium
2025-06-12,P0080,Strawberry,49.6,Medium
2025-06-13,P0080,Strawberry,52.4,High
2025-06-14,P0080,Strawberry,51.9,High
2025-06-15,P0080,Strawberry,63.8,High
2025-06-16,P0080,Strawberry,70.1,High
2025-06-17,P0080,Strawberry,78.2,Critical
2025-06-18,P0080,Strawberry,69.4,High
2025-06-19,P0080,Strawberry,70.8,High
2025-06-20,P0080,Strawberry,69.4,High
2025-06-21,P0080,Strawberry,60.1,High
2025-06-22,P0080,Strawberry,55.5,High
2025-06-23,P0080,Strawberry,51.5,High
2025-06-24,P0080,Strawberry,42.3,Medium
2025-06-25,P0080,Strawberry,38.2,Medium
2025-06-26,P0080,Strawberry,29.4,Medium
2025-06-27,P0080,Strawberry,24.7,Low
2025-06-28,P0080,Strawberry,23,Low
2025-06-29,P0080,Strawberry,25,Medium
2025-06-30,P0080,Strawberry,23.3,Low
2025-07-01,P0080,Strawberry,17.3,Low
2025-07-02,P0080,Strawberry,31.2,Medium
2025-07-03,P0080,Strawberry,26.9,Medium
2025-07-04,P0080,Strawberry,36.5,Medium
2025-07-05,P0080,Strawberry,44,Medium
2025-07-06,P0080,Strawberry,45.7,Medium
2025-07-07,P0080,Strawberry,35.6,Medium
2025-07-08,P0080,Strawberry,30.5,Medium
2025-07-09,P0080,Strawberry,40.1,Medium
2025-07-10,P0080,Strawberry,28.9,Medium
2025-07-11,P0080,Strawberry,34.2,Medium
2025-07-12,P0080,Strawberry,20.8,Low
2025-07-13,P0080,Strawberry,18.1,Low
2025-07-14,P0080,Strawberry,17,Low
2025-07-15,P0080,Strawberry,27.7,Medium
2025-07-16,P0080,Strawberry,31.6,Medium
2025-07-17,P0080,Strawberry,35.3,Medium
2025-07-18,P0080,Strawberry,39.5,Medium
2025-07-19,P0080,Strawberry,41.7,Medium
2025-07-20,P0080,Strawberry,42.7,Medium
2025-07-21,P0080,Strawberry,55.3,High
2025-07-22,P0080,Strawberry,50.2,High
2025-07-23,P0080,Strawberry,44.4,Medium
2025-07-24,P0080,Strawberry,51.7,High
2025-07-25,P0080,Strawberry,43.3,Medium
2025-07-26,P0080,Strawberry,49.5,Medium
2025-07-27,P0080,Strawberry,51.3,High
2025-07-28,P0080,Strawberry,51.6,High
2025-07-29,P0080,Strawberry,48.7,Medium
2025-07-30,P0080,Strawberry,52.4,High
2025-07-31,P0080,Strawberry,43.3,Medium
2025-08-01,P0080,Strawberry,39.1,Medium
2025-08-02,P0080,Strawberry,38.9,Medium
2025-08-03,P0080,Strawberry,31.9,Medium
2025-08-04,P0080,Strawberry,37.6,Medium
2025-08-05,P0080,Strawberry,44.2,Medium
2025-08-06,P0080,Strawberry,24.2,Low
2025-08-07,P0080,Strawberry,33.4,Medium
2025-08-08,P0080,Strawberry,31.9,Medium
2025-08-09,P0080,Strawberry,31.8,Medium
2025-08-10,P0080,Strawberry,36,Medium
2025-08-11,P0080,Strawberry,37.2,Medium
2025-08-12,P0080,Strawberry,43.7,Medium
2025-08-13,P0080,Strawberry,29.8,Medium
2025-08-14,P0080,Strawberry,28.7,Medium
2025-08-15,P0080,Strawberry,30.9,Medium
2025-08-16,P0080,Strawberry,25.7,Medium
2025-08-17,P0080,Strawberry,31.4,Medium
2025-08-18,P0080,Strawberry,30.9,Medium
2025-08-19,P0080,Strawberry,30.8,Medium
2025-08-20,P0080,Strawberry,30,Medium
2025-08-21,P0080,Strawberry,31,Medium
2025-08-22,P0080,Strawberry,28.1,Medium
2025-08-23,P0080,Strawberry,36.5,Medium
2025-08-24,P0080,Strawberry,34.2,Medium
2025-08-25,P0080,Strawberry,29.2,Medium
2025-08-26,P0080,Strawberry,50.6,High
2025-08-27,P0080,Strawberry,54.2,High
2025-08-28,P0080,Strawberry,59.9,High
2025-08-29,P0080,Strawberry,50.8,High
2025-08-30,P0080,Strawberry,55.4,High
2025-08-31,P0080,Strawberry,55.6,High
2025-09-01,P0080,Strawberry,48.6,Medium
2025-09-02,P0080,Strawberry,41.1,Medium
2025-09-03,P0080,Strawberry,40.5,Medium
2025-09-04,P0080,Strawberry,32.1,Medium
2025-09-05,P0080,Strawberry,28.6,Medium
2025-09-06,P0080,Strawberry,28.8,Medium
2025-09-07,P0080,Strawberry,30.6,Medium
2025-09-08,P0080,Strawberry,21.7,Low
2025-09-09,P0080,Strawberry,17.3,Low
2025-09-10,P0080,Strawberry,29.1,Medium
2025-09-11,P0080,Strawberry,24.8,Low
2025-09-12,P0080,Strawberry,29.2,Medium
2025-02-21,P0081,Strawberry,21,Low
2025-02-22,P0081,Strawberry,23.2,Low
2025-02-23,P0081,Strawberry,31.2,Medium
2025-02-24,P0081,Strawberry,35,Medium
2025-02-25,P0081,Strawberry,42.9,Medium
2025-02-26,P0081,Strawberry,37.6,Medium
2025-02-27,P0081,Strawberry,42.3,Medium
2025-02-28,P0081,Strawberry,47.9,Medium
2025-03-01,P0081,Strawberry,44.1,Medium
2025-03-02,P0081,Strawberry,53.1,High
2025-03-03,P0081,Strawberry,57.2,High
2025-03-04,P0081,Strawberry,56.4,High
2025-03-05,P0081,Strawberry,55,High
2025-03-06,P0081,Strawberry,53.9,High
2025-03-07,P0081,Strawberry,45.7,Medium
2025-03-08,P0081,Strawberry,52.3,High
2025-03-09,P0081,Strawberry,50.4,High
2025-03-10,P0081,Strawberry,50.2,High
2025-03-11,P0081,Strawberry,52.8,High
2025-03-12,P0081,Strawberry,50.3,High
2025-03-13,P0081,Strawberry,51.9,High
2025-03-14,P0081,Strawberry,52.5,High
2025-03-15,P0081,Strawberry,46.1,Medium
2025-03-16,P0081,Strawberry,47.9,Medium
2025-03-17,P0081,Strawberry,45.9,Medium
2025-03-18,P0081,Strawberry,45.5,Medium
2025-03-19,P0081,Strawberry,53.4,High
2025-03-20,P0081,Strawberry,54.7,High
2025-03-21,P0081,Strawberry,52.1,High
2025-03-22,P0081,Strawberry,55.1,High
2025-03-23,P0081,Strawberry,41.8,Medium
2025-03-24,P0081,Strawberry,47.9,Medium
2025-03-25,P0081,Strawberry,39.5,Medium
2025-03-26,P0081,Strawberry,49.2,Medium
2025-03-27,P0081,Strawberry,43.2,Medium
2025-03-28,P0081,Strawberry,40.5,Medium
2025-03-29,P0081,Strawberry,32.9,Medium
2025-03-30,P0081,Strawberry,33.2,Medium
2025-03-31,P0081,Strawberry,40.5,Medium
2025-04-01,P0081,Strawberry,41.2,Medium
2025-04-02,P0081,Strawberry,39,Medium
2025-04-03,P0081,Strawberry,40.7,Medium
2025-04-04,P0081,Strawberry,47,Medium
2025-04-05,P0081,Strawberry,46.6,Medium
2025-04-06,P0081,Strawberry,48.1,Medium
2025-04-07,P0081,Strawberry,48.2,Medium
2025-04-08,P0081,Strawberry,43.3,Medium
2025-04-09,P0081,Strawberry,42.2,Medium
2025-04-10,P0081,Strawberry,44.5,Medium
2025-04-11,P0081,Strawberry,42.9,Medium
2025-04-12,P0081,Strawberry,37,Medium
2025-04-13,P0081,Strawberry,19.4,Low
2025-04-14,P0081,Strawberry,24.1,Low
2025-04-15,P0081,Strawberry,28.2,Medium
2025-04-16,P0081,Strawberry,27.6,Medium
2025-04-17,P0081,Strawberry,23.5,Low
2025-04-18,P0081,Strawberry,27.5,Medium
2025-04-19,P0081,Strawberry,27.2,Medium
2025-04-20,P0081,Strawberry,32.5,Medium
2025-04-21,P0081,Strawberry,42,Medium
2025-04-22,P0081,Strawberry,52.2,High
2025-04-23,P0081,Strawberry,55.8,High
2025-04-24,P0081,Strawberry,54.9,High
2025-04-25,P0081,Strawberry,52.6,High
2025-04-26,P0081,Strawberry,60.6,High
2025-04-27,P0081,Strawberry,58.5,High
2025-04-28,P0081,Strawberry,56.4,High
2025-04-29,P0081,Strawberry,32.7,Medium
2025-04-30,P0081,Strawberry,21.8,Low
2025-05-01,P0081,Strawberry,18.7,Low
2025-05-02,P0081,Strawberry,17,Low
2025-05-03,P0081,Strawberry,25.7,Medium
2025-05-04,P0081,Strawberry,24.8,Low
2025-05-05,P0081,Strawberry,25.4,Medium
2025-05-06,P0081,Strawberry,20.3,Low
2025-05-07,P0081,Strawberry,18.9,Low
2025-05-08,P0081,Strawberry,23.5,Low
2025-05-09,P0081,Strawberry,36.8,Medium
2025-05-10,P0081,Strawberry,34.3,Medium
2025-05-11,P0081,Strawberry,43.3,Medium
2025-05-12,P0081,Strawberry,56,High
2025-05-13,P0081,Strawberry,53.5,High
2025-05-14,P0081,Strawberry,47.4,Medium
2025-05-15,P0081,Strawberry,36.4,Medium
2025-05-16,P0081,Strawberry,40.1,Medium
2025-05-17,P0081,Strawberry,40.1,Medium
2025-05-18,P0081,Strawberry,42.2,Medium
2025-05-19,P0081,Strawberry,35.2,Medium
2025-05-20,P0081,Strawberry,29.6,Medium
2025-05-21,P0081,Strawberry,25.2,Medium
2025-05-22,P0081,Strawberry,17.1,Low
2025-05-23,P0081,Strawberry,14.6,Low
2025-05-24,P0081,Strawberry,11.3,Low
2025-05-25,P0081,Strawberry,21.3,Low
2025-05-26,P0081,Strawberry,31.6,Medium
2025-05-27,P0081,Strawberry,27.9,Medium
2025-05-28,P0081,Strawberry,39,Medium
2025-05-29,P0081,Strawberry,36.7,Medium
2025-05-30,P0081,Strawberry,47,Medium
2025-05-31,P0081,Strawberry,45,Medium
2025-06-01,P0081,Strawberry,46.6,Medium
2025-06-02,P0081,Strawberry,32.3,Medium
2025-06-03,P0081,Strawberry,36.5,Medium
2025-06-04,P0081,Strawberry,36.1,Medium
2025-06-05,P0081,Strawberry,37.4,Medium
2025-06-06,P0081,Strawberry,27.5,Medium
2025-06-07,P0081,Strawberry,18.6,Low
2025-06-08,P0081,Strawberry,21.4,Low
2025-06-09,P0081,Strawberry,22.8,Low
2025-06-10,P0081,Strawberry,22.4,Low
2025-06-11,P0081,Strawberry,25.6,Medium
2025-06-12,P0081,Strawberry,24.9,Low
2025-06-13,P0081,Strawberry,26.5,Medium
2025-06-14,P0081,Strawberry,26.5,Medium
2025-06-15,P0081,Strawberry,33.1,Medium
2025-06-16,P0081,Strawberry,45.7,Medium
2025-06-17,P0081,Strawberry,41.6,Medium
2025-06-18,P0081,Strawberry,40.2,Medium
2025-06-19,P0081,Strawberry,33.3,Medium
2025-06-20,P0081,Strawberry,41.3,Medium
2025-06-21,P0081,Strawberry,36.6,Medium
2025-06-22,P0081,Strawberry,40.2,Medium
2025-06-23,P0081,Strawberry,36.8,Medium
2025-06-24,P0081,Strawberry,29.6,Medium
2025-06-25,P0081,Strawberry,31.9,Medium
2025-06-26,P0081,Strawberry,34.1,Medium
2025-06-27,P0081,Strawberry,38.7,Medium
2025-06-28,P0081,Strawberry,18.8,Low
2025-06-29,P0081,Strawberry,21.6,Low
2025-06-30,P0081,Strawberry,21.2,Low
2025-07-01,P0081,Strawberry,32.8,Medium
2025-07-02,P0081,Strawberry,23.5,Low
2025-07-03,P0081,Strawberry,21.4,Low
2025-07-04,P0081,Strawberry,25.5,Medium
2025-07-05,P0081,Strawberry,23.8,Low
2025-07-06,P0081,Strawberry,26.5,Medium
2025-07-07,P0081,Strawberry,22.4,Low
2025-07-08,P0081,Strawberry,26.4,Medium
2025-07-09,P0081,Strawberry,19.8,Low
2025-07-10,P0081,Strawberry,19.7,Low
2025-07-11,P0081,Strawberry,21.3,Low
2025-07-12,P0081,Strawberry,20.3,Low
2025-07-13,P0081,Strawberry,23.8,Low
2025-07-14,P0081,Strawberry,22.7,Low
2025-07-15,P0081,Strawberry,21.2,Low
2025-07-16,P0081,Strawberry,20.7,Low
2025-07-17,P0081,Strawberry,24.4,Low
2025-07-18,P0081,Strawberry,20.2,Low
2025-07-19,P0081,Strawberry,29.8,Medium
2025-07-20,P0081,Strawberry,37,Medium
2025-07-21,P0081,Strawberry,37.5,Medium
2025-07-22,P0081,Strawberry,50.9,High
2025-07-23,P0081,Strawberry,56.8,High
2025-07-24,P0081,Strawberry,59.9,High
2025-07-25,P0081,Strawberry,47.2,Medium
2025-07-26,P0081,Strawberry,49.7,Medium
2025-07-27,P0081,Strawberry,35.9,Medium
2025-07-28,P0081,Strawberry,34.9,Medium
2025-07-29,P0081,Strawberry,40.2,Medium
2025-07-30,P0081,Strawberry,33.1,Medium
2025-07-31,P0081,Strawberry,30.4,Medium
2025-08-01,P0081,Strawberry,35.3,Medium
2025-08-02,P0081,Strawberry,35.3,Medium
2025-08-03,P0081,Strawberry,28.1,Medium
2025-08-04,P0081,Strawberry,28,Medium
2025-08-05,P0081,Strawberry,20.2,Low
2025-08-06,P0081,Strawberry,16.2,Low
2025-08-07,P0081,Strawberry,29.1,Medium
2025-08-08,P0081,Strawberry,30.1,Medium
2025-08-09,P0081,Strawberry,28.5,Medium
2025-08-10,P0081,Strawberry,21.3,Low
2025-08-11,P0081,Strawberry,28.1,Medium
2025-08-12,P0081,Strawberry,34.9,Medium
2025-08-13,P0081,Strawberry,22.2,Low
2025-08-14,P0081,Strawberry,26.1,Medium
2025-08-15,P0081,Strawberry,29,Medium
2025-08-16,P0081,Strawberry,28.1,Medium
2025-08-17,P0081,Strawberry,29.3,Medium
2025-08-18,P0081,Strawberry,19.3,Low
2025-08-19,P0081,Strawberry,20.9,Low
2025-08-20,P0081,Strawberry,22,Low
2025-08-21,P0081,Strawberry,17.2,Low
2025-08-22,P0081,Strawberry,28.3,Medium
2025-08-23,P0081,Strawberry,31,Medium
2025-08-24,P0081,Strawberry,22.7,Low
2025-08-25,P0081,Strawberry,22.5,Low
2025-08-26,P0081,Strawberry,26.6,Medium
2025-08-27,P0081,Strawberry,33.4,Medium
2025-08-28,P0081,Strawberry,42.9,Medium
2025-08-29,P0081,Strawberry,35,Medium
2025-08-30,P0081,Strawberry,37.5,Medium
2025-08-31,P0081,Strawberry,30.9,Medium
2025-09-01,P0081,Strawberry,32.1,Medium
2025-09-02,P0081,Strawberry,31.3,Medium
2025-09-03,P0081,Strawberry,28,Medium
2025-09-04,P0081,Strawberry,34.7,Medium
2025-09-05,P0081,Strawberry,32.8,Medium
2025-09-06,P0081,Strawberry,42.5,Medium
2025-09-07,P0081,Strawberry,35.9,Medium
2025-09-08,P0081,Strawberry,31.2,Medium
2025-09-09,P0081,Strawberry,31.8,Medium
2025-09-10,P0081,Strawberry,29.8,Medium
2025-09-11,P0081,Strawberry,29.5,Medium
2025-09-12,P0081,Strawberry,38.2,Medium
2025-02-21,P0082,Strawberry,22.4,Low
2025-02-22,P0082,Strawberry,30.8,Medium
2025-02-23,P0082,Strawberry,23.6,Low
2025-02-24,P0082,Strawberry,35.1,Medium
2025-02-25,P0082,Strawberry,29.6,Medium
2025-02-26,P0082,Strawberry,42,Medium
2025-02-27,P0082,Strawberry,36.9,Medium
2025-02-28,P0082,Strawberry,49.2,Medium
2025-03-01,P0082,Strawberry,55.6,High
2025-03-02,P0082,Strawberry,66.8,High
2025-03-03,P0082,Strawberry,58.9,High
2025-03-04,P0082,Strawberry,52.9,High
2025-03-05,P0082,Strawberry,64.6,High
2025-03-06,P0082,Strawberry,57.8,High
2025-03-07,P0082,Strawberry,58.6,High
2025-03-08,P0082,Strawberry,61.3,High
2025-03-09,P0082,Strawberry,39.6,Medium
2025-03-10,P0082,Strawberry,40.2,Medium
2025-03-11,P0082,Strawberry,48.7,Medium
2025-03-12,P0082,Strawberry,41.6,Medium
2025-03-13,P0082,Strawberry,53,High
2025-03-14,P0082,Strawberry,51.6,High
2025-03-15,P0082,Strawberry,50.7,High
2025-03-16,P0082,Strawberry,53.6,High
2025-03-17,P0082,Strawberry,55,High
2025-03-18,P0082,Strawberry,57.9,High
2025-03-19,P0082,Strawberry,56.7,High
2025-03-20,P0082,Strawberry,55,High
2025-03-21,P0082,Strawberry,56.3,High
2025-03-22,P0082,Strawberry,57.2,High
2025-03-23,P0082,Strawberry,55.2,High
2025-03-24,P0082,Strawberry,51,High
2025-03-25,P0082,Strawberry,62,High
2025-03-26,P0082,Strawberry,66.2,High
2025-03-27,P0082,Strawberry,68.4,High
2025-03-28,P0082,Strawberry,72.3,High
2025-03-29,P0082,Strawberry,69.6,High
2025-03-30,P0082,Strawberry,75.4,Critical
2025-03-31,P0082,Strawberry,70.9,High
2025-04-01,P0082,Strawberry,63.8,High
2025-04-02,P0082,Strawberry,75.5,Critical
2025-04-03,P0082,Strawberry,76.1,Critical
2025-04-04,P0082,Strawberry,75.1,Critical
2025-04-05,P0082,Strawberry,81.8,Critical
2025-04-06,P0082,Strawberry,81.1,Critical
2025-04-07,P0082,Strawberry,90.8,Critical
2025-04-08,P0082,Strawberry,87.9,Critical
2025-04-09,P0082,Strawberry,85.2,Critical
2025-04-10,P0082,Strawberry,81.7,Critical
2025-04-11,P0082,Strawberry,77.9,Critical
2025-04-12,P0082,Strawberry,74.9,High
2025-04-13,P0082,Strawberry,66.4,High
2025-04-14,P0082,Strawberry,61.7,High
2025-04-15,P0082,Strawberry,75.3,Critical
2025-04-16,P0082,Strawberry,77.6,Critical
2025-04-17,P0082,Strawberry,78.8,Critical
2025-04-18,P0082,Strawberry,90.8,Critical
2025-04-19,P0082,Strawberry,84.1,Critical
2025-04-20,P0082,Strawberry,81.7,Critical
2025-04-21,P0082,Strawberry,94.6,Critical
2025-04-22,P0082,Strawberry,84.9,Critical
2025-04-23,P0082,Strawberry,83.2,Critical
2025-04-24,P0082,Strawberry,80.5,Critical
2025-04-25,P0082,Strawberry,61.7,High
2025-04-26,P0082,Strawberry,71.9,High
2025-04-27,P0082,Strawberry,65.3,High
2025-04-28,P0082,Strawberry,48.4,Medium
2025-04-29,P0082,Strawberry,42.3,Medium
2025-04-30,P0082,Strawberry,49.7,Medium
2025-05-01,P0082,Strawberry,54.6,High
2025-05-02,P0082,Strawberry,55.9,High
2025-05-03,P0082,Strawberry,51.8,High
2025-05-04,P0082,Strawberry,48.9,Medium
2025-05-05,P0082,Strawberry,48.3,Medium
2025-05-06,P0082,Strawberry,41.2,Medium
2025-05-07,P0082,Strawberry,44.2,Medium
2025-05-08,P0082,Strawberry,41.9,Medium
2025-05-09,P0082,Strawberry,35.4,Medium
2025-05-10,P0082,Strawberry,43.7,Medium
2025-05-11,P0082,Strawberry,49.7,Medium
2025-05-12,P0082,Strawberry,54.6,High
2025-05-13,P0082,Strawberry,54.3,High
2025-05-14,P0082,Strawberry,56.1,High
2025-05-15,P0082,Strawberry,54.1,High
2025-05-16,P0082,Strawberry,58.4,High
2025-05-17,P0082,Strawberry,58.7,High
2025-05-18,P0082,Strawberry,48.7,Medium
2025-05-19,P0082,Strawberry,41.5,Medium
2025-05-20,P0082,Strawberry,45.5,Medium
2025-05-21,P0082,Strawberry,45.1,Medium
2025-05-22,P0082,Strawberry,44.7,Medium
2025-05-23,P0082,Strawberry,49.6,Medium
2025-05-24,P0082,Strawberry,38,Medium
2025-05-25,P0082,Strawberry,37.5,Medium
2025-05-26,P0082,Strawberry,42.8,Medium
2025-05-27,P0082,Strawberry,40.8,Medium
2025-05-28,P0082,Strawberry,36.9,Medium
2025-05-29,P0082,Strawberry,43.4,Medium
2025-05-30,P0082,Strawberry,49.3,Medium
2025-05-31,P0082,Strawberry,47.3,Medium
2025-06-01,P0082,Strawberry,44.3,Medium
2025-06-02,P0082,Strawberry,54.3,High
2025-06-03,P0082,Strawberry,55.6,High
2025-06-04,P0082,Strawberry,47.5,Medium
2025-06-05,P0082,Strawberry,43.8,Medium
2025-06-06,P0082,Strawberry,45.7,Medium
2025-06-07,P0082,Strawberry,47.3,Medium
2025-06-08,P0082,Strawberry,44.4,Medium
2025-06-09,P0082,Strawberry,43.1,Medium
2025-06-10,P0082,Strawberry,41.9,Medium
2025-06-11,P0082,Strawberry,38.2,Medium
2025-06-12,P0082,Strawberry,37.8,Medium
2025-06-13,P0082,Strawberry,39.3,Medium
2025-06-14,P0082,Strawberry,28,Medium
2025-06-15,P0082,Strawberry,60.5,High
2025-06-16,P0082,Strawberry,63.8,High
2025-06-17,P0082,Strawberry,78.9,Critical
2025-06-18,P0082,Strawberry,70.6,High
2025-06-19,P0082,Strawberry,74.8,High
2025-06-20,P0082,Strawberry,60.2,High
2025-06-21,P0082,Strawberry,53.3,High
2025-06-22,P0082,Strawberry,43.3,Medium
2025-06-23,P0082,Strawberry,43,Medium
2025-06-24,P0082,Strawberry,44.6,Medium
2025-06-25,P0082,Strawberry,34.5,Medium
2025-06-26,P0082,Strawberry,36.3,Medium
2025-06-27,P0082,Strawberry,28.1,Medium
2025-06-28,P0082,Strawberry,32.4,Medium
2025-06-29,P0082,Strawberry,27.2,Medium
2025-06-30,P0082,Strawberry,29.2,Medium
2025-07-01,P0082,Strawberry,36.8,Medium
2025-07-02,P0082,Strawberry,23.2,Low
2025-07-03,P0082,Strawberry,34.2,Medium
2025-07-04,P0082,Strawberry,34,Medium
2025-07-05,P0082,Strawberry,35.6,Medium
2025-07-06,P0082,Strawberry,37.6,Medium
2025-07-07,P0082,Strawberry,47.1,Medium
2025-07-08,P0082,Strawberry,42,Medium
2025-07-09,P0082,Strawberry,39.8,Medium
2025-07-10,P0082,Strawberry,31.8,Medium
2025-07-11,P0082,Strawberry,34.6,Medium
2025-07-12,P0082,Strawberry,34.2,Medium
2025-07-13,P0082,Strawberry,36.2,Medium
2025-07-14,P0082,Strawberry,49.6,Medium
2025-07-15,P0082,Strawberry,48.9,Medium
2025-07-16,P0082,Strawberry,45.7,Medium
2025-07-17,P0082,Strawberry,52.3,High
2025-07-18,P0082,Strawberry,42.9,Medium
2025-07-19,P0082,Strawberry,39.3,Medium
2025-07-20,P0082,Strawberry,48.1,Medium
2025-07-21,P0082,Strawberry,44.4,Medium
2025-07-22,P0082,Strawberry,53.2,High
2025-07-23,P0082,Strawberry,53.8,High
2025-07-24,P0082,Strawberry,53.7,High
2025-07-25,P0082,Strawberry,39.7,Medium
2025-07-26,P0082,Strawberry,44.5,Medium
2025-07-27,P0082,Strawberry,36.9,Medium
2025-07-28,P0082,Strawberry,30.8,Medium
2025-07-29,P0082,Strawberry,31.8,Medium
2025-07-30,P0082,Strawberry,29.4,Medium
2025-07-31,P0082,Strawberry,27,Medium
2025-08-01,P0082,Strawberry,31.8,Medium
2025-08-02,P0082,Strawberry,29.6,Medium
2025-08-03,P0082,Strawberry,31.5,Medium
2025-08-04,P0082,Strawberry,38.1,Medium
2025-08-05,P0082,Strawberry,40.4,Medium
2025-08-06,P0082,Strawberry,51.5,High
2025-08-07,P0082,Strawberry,49.6,Medium
2025-08-08,P0082,Strawberry,59.2,High
2025-08-09,P0082,Strawberry,64.1,High
2025-08-10,P0082,Strawberry,61.7,High
2025-08-11,P0082,Strawberry,66.5,High
2025-08-12,P0082,Strawberry,61.1,High
2025-08-13,P0082,Strawberry,55,High
2025-08-14,P0082,Strawberry,49.2,Medium
2025-08-15,P0082,Strawberry,56.9,High
2025-08-16,P0082,Strawberry,53,High
2025-08-17,P0082,Strawberry,48.5,Medium
2025-08-18,P0082,Strawberry,46.2,Medium
2025-08-19,P0082,Strawberry,46,Medium
2025-08-20,P0082,Strawberry,42.1,Medium
2025-08-21,P0082,Strawberry,35.2,Medium
2025-08-22,P0082,Strawberry,32.9,Medium
2025-08-23,P0082,Strawberry,31,Medium
2025-08-24,P0082,Strawberry,36,Medium
2025-08-25,P0082,Strawberry,24.5,Low
2025-08-26,P0082,Strawberry,38.9,Medium
2025-08-27,P0082,Strawberry,35.8,Medium
2025-08-28,P0082,Strawberry,49.7,Medium
2025-08-29,P0082,Strawberry,44,Medium
2025-08-30,P0082,Strawberry,38.8,Medium
2025-08-31,P0082,Strawberry,34.9,Medium
2025-09-01,P0082,Strawberry,32.3,Medium
2025-09-02,P0082,Strawberry,37.2,Medium
2025-09-03,P0082,Strawberry,34,Medium
2025-09-04,P0082,Strawberry,32.5,Medium
2025-09-05,P0082,Strawberry,34.5,Medium
2025-09-06,P0082,Strawberry,27.1,Medium
2025-09-07,P0082,Strawberry,34.3,Medium
2025-09-08,P0082,Strawberry,34.3,Medium
2025-09-09,P0082,Strawberry,34,Medium
2025-09-10,P0082,Strawberry,30.8,Medium
2025-09-11,P0082,Strawberry,28.9,Medium
2025-09-12,P0082,Strawberry,25.2,Medium
2025-02-21,P0083,Tomato,35.8,Medium
2025-02-22,P0083,Tomato,47.8,Medium
2025-02-23,P0083,Tomato,39.9,Medium
2025-02-24,P0083,Tomato,31.4,Medium
2025-02-25,P0083,Tomato,34.5,Medium
2025-02-26,P0083,Tomato,38.6,Medium
2025-02-27,P0083,Tomato,49,Medium
2025-02-28,P0083,Tomato,50.7,High
2025-03-01,P0083,Tomato,57.4,High
2025-03-02,P0083,Tomato,60.5,High
2025-03-03,P0083,Tomato,50.1,High
2025-03-04,P0083,Tomato,55,High
2025-03-05,P0083,Tomato,50.1,High
2025-03-06,P0083,Tomato,61.3,High
2025-03-07,P0083,Tomato,56.8,High
2025-03-08,P0083,Tomato,56.9,High
2025-03-09,P0083,Tomato,51.2,High
2025-03-10,P0083,Tomato,53.3,High
2025-03-11,P0083,Tomato,52.5,High
2025-03-12,P0083,Tomato,62.5,High
2025-03-13,P0083,Tomato,37.5,Medium
2025-03-14,P0083,Tomato,42.1,Medium
2025-03-15,P0083,Tomato,36.2,Medium
2025-03-16,P0083,Tomato,47.8,Medium
2025-03-17,P0083,Tomato,46.6,Medium
2025-03-18,P0083,Tomato,44.4,Medium
2025-03-19,P0083,Tomato,48.2,Medium
2025-03-20,P0083,Tomato,48.3,Medium
2025-03-21,P0083,Tomato,51.3,High
2025-03-22,P0083,Tomato,57.5,High
2025-03-23,P0083,Tomato,57.2,High
2025-03-24,P0083,Tomato,54,High
2025-03-25,P0083,Tomato,50.9,High
2025-03-26,P0083,Tomato,53.3,High
2025-03-27,P0083,Tomato,52.4,High
2025-03-28,P0083,Tomato,52.6,High
2025-03-29,P0083,Tomato,57.4,High
2025-03-30,P0083,Tomato,52.5,High
2025-03-31,P0083,Tomato,56.3,High
2025-04-01,P0083,Tomato,57.9,High
2025-04-02,P0083,Tomato,53,High
2025-04-03,P0083,Tomato,52.1,High
2025-04-04,P0083,Tomato,49,Medium
2025-04-05,P0083,Tomato,58.4,High
2025-04-06,P0083,Tomato,73.9,High
2025-04-07,P0083,Tomato,75.6,Critical
2025-04-08,P0083,Tomato,73.7,High
2025-04-09,P0083,Tomato,71.7,High
2025-04-10,P0083,Tomato,65.8,High
2025-04-11,P0083,Tomato,69.3,High
2025-04-12,P0083,Tomato,63.2,High
2025-04-13,P0083,Tomato,58.7,High
2025-04-14,P0083,Tomato,48.9,Medium
2025-04-15,P0083,Tomato,54.9,High
2025-04-16,P0083,Tomato,55.1,High
2025-04-17,P0083,Tomato,56.7,High
2025-04-18,P0083,Tomato,59.3,High
2025-04-19,P0083,Tomato,61.2,High
2025-04-20,P0083,Tomato,61,High
2025-04-21,P0083,Tomato,58.9,High
2025-04-22,P0083,Tomato,55.7,High
2025-04-23,P0083,Tomato,55.5,High
2025-04-24,P0083,Tomato,60,High
2025-04-25,P0083,Tomato,56.4,High
2025-04-26,P0083,Tomato,54,High
2025-04-27,P0083,Tomato,49.6,Medium
2025-04-28,P0083,Tomato,49.9,Medium
2025-04-29,P0083,Tomato,55.5,High
2025-04-30,P0083,Tomato,52.4,High
2025-05-01,P0083,Tomato,44.9,Medium
2025-05-02,P0083,Tomato,42.7,Medium
2025-05-03,P0083,Tomato,45.2,Medium
2025-05-04,P0083,Tomato,53.6,High
2025-05-05,P0083,Tomato,48.5,Medium
2025-05-06,P0083,Tomato,41.9,Medium
2025-05-07,P0083,Tomato,46.5,Medium
2025-05-08,P0083,Tomato,41.4,Medium
2025-05-09,P0083,Tomato,44.6,Medium
2025-05-10,P0083,Tomato,45.4,Medium
2025-05-11,P0083,Tomato,52.1,High
2025-05-12,P0083,Tomato,51.9,High
2025-05-13,P0083,Tomato,52.5,High
2025-05-14,P0083,Tomato,51.7,High
2025-05-15,P0083,Tomato,45.3,Medium
2025-05-16,P0083,Tomato,46,Medium
2025-05-17,P0083,Tomato,39.9,Medium
2025-05-18,P0083,Tomato,40.5,Medium
2025-05-19,P0083,Tomato,37,Medium
2025-05-20,P0083,Tomato,43.1,Medium
2025-05-21,P0083,Tomato,45.1,Medium
2025-05-22,P0083,Tomato,46.3,Medium
2025-05-23,P0083,Tomato,41.3,Medium
2025-05-24,P0083,Tomato,53.1,High
2025-05-25,P0083,Tomato,50,High
2025-05-26,P0083,Tomato,49.5,Medium
2025-05-27,P0083,Tomato,52.9,High
2025-05-28,P0083,Tomato,49.6,Medium
2025-05-29,P0083,Tomato,45.7,Medium
2025-05-30,P0083,Tomato,53.2,High
2025-05-31,P0083,Tomato,49.5,Medium
2025-06-01,P0083,Tomato,46.9,Medium
2025-06-02,P0083,Tomato,52.1,High
2025-06-03,P0083,Tomato,50.6,High
2025-06-04,P0083,Tomato,38.1,Medium
2025-06-05,P0083,Tomato,45.4,Medium
2025-06-06,P0083,Tomato,25.8,Medium
2025-06-07,P0083,Tomato,21.4,Low
2025-06-08,P0083,Tomato,23.2,Low
2025-06-09,P0083,Tomato,28.8,Medium
2025-06-10,P0083,Tomato,28.9,Medium
2025-06-11,P0083,Tomato,35.5,Medium
2025-06-12,P0083,Tomato,28,Medium
2025-06-13,P0083,Tomato,37.1,Medium
2025-06-14,P0083,Tomato,40.4,Medium
2025-06-15,P0083,Tomato,39.8,Medium
2025-06-16,P0083,Tomato,51.4,High
2025-06-17,P0083,Tomato,64.6,High
2025-06-18,P0083,Tomato,60.3,High
2025-06-19,P0083,Tomato,45.9,Medium
2025-06-20,P0083,Tomato,43,Medium
2025-06-21,P0083,Tomato,29.9,Medium
2025-06-22,P0083,Tomato,43.4,Medium
2025-06-23,P0083,Tomato,42.6,Medium
2025-06-24,P0083,Tomato,44.3,Medium
2025-06-25,P0083,Tomato,40.4,Medium
2025-06-26,P0083,Tomato,39.7,Medium
2025-06-27,P0083,Tomato,40.2,Medium
2025-06-28,P0083,Tomato,53.4,High
2025-06-29,P0083,Tomato,55.1,High
2025-06-30,P0083,Tomato,42.9,Medium
2025-07-01,P0083,Tomato,53.2,High
2025-07-02,P0083,Tomato,38.3,Medium
2025-07-03,P0083,Tomato,30.5,Medium
2025-07-04,P0083,Tomato,41.5,Medium
2025-07-05,P0083,Tomato,41.8,Medium
2025-07-06,P0083,Tomato,26.6,Medium
2025-07-07,P0083,Tomato,34.7,Medium
2025-07-08,P0083,Tomato,43.4,Medium
2025-07-09,P0083,Tomato,46.5,Medium
2025-07-10,P0083,Tomato,43.1,Medium
2025-07-11,P0083,Tomato,44.9,Medium
2025-07-12,P0083,Tomato,47,Medium
2025-07-13,P0083,Tomato,33,Medium
2025-07-14,P0083,Tomato,33.5,Medium
2025-07-15,P0083,Tomato,18.9,Low
2025-07-16,P0083,Tomato,19.4,Low
2025-07-17,P0083,Tomato,23.7,Low
2025-07-18,P0083,Tomato,27.8,Medium
2025-07-19,P0083,Tomato,25,Medium
2025-07-20,P0083,Tomato,36.8,Medium
2025-07-21,P0083,Tomato,36.4,Medium
2025-07-22,P0083,Tomato,46.1,Medium
2025-07-23,P0083,Tomato,45.7,Medium
2025-07-24,P0083,Tomato,52.4,High
2025-07-25,P0083,Tomato,58.7,High
2025-07-26,P0083,Tomato,58.9,High
2025-07-27,P0083,Tomato,60.2,High
2025-07-28,P0083,Tomato,51.2,High
2025-07-29,P0083,Tomato,54,High
2025-07-30,P0083,Tomato,46.4,Medium
2025-07-31,P0083,Tomato,48.3,Medium
2025-08-01,P0083,Tomato,33.5,Medium
2025-08-02,P0083,Tomato,33.6,Medium
2025-08-03,P0083,Tomato,26.8,Medium
2025-08-04,P0083,Tomato,42.2,Medium
2025-08-05,P0083,Tomato,29.8,Medium
2025-08-06,P0083,Tomato,29.1,Medium
2025-08-07,P0083,Tomato,33,Medium
2025-08-08,P0083,Tomato,41.4,Medium
2025-08-09,P0083,Tomato,40.7,Medium
2025-08-10,P0083,Tomato,49,Medium
2025-08-11,P0083,Tomato,49.7,Medium
2025-08-12,P0083,Tomato,35.7,Medium
2025-08-13,P0083,Tomato,43.5,Medium
2025-08-14,P0083,Tomato,44.6,Medium
2025-08-15,P0083,Tomato,31.5,Medium
2025-08-16,P0083,Tomato,30,Medium
2025-08-17,P0083,Tomato,35,Medium
2025-08-18,P0083,Tomato,28.2,Medium
2025-08-19,P0083,Tomato,25.5,Medium
2025-08-20,P0083,Tomato,21.6,Low
2025-08-21,P0083,Tomato,20.1,Low
2025-08-22,P0083,Tomato,18.5,Low
2025-08-23,P0083,Tomato,31.5,Medium
2025-08-24,P0083,Tomato,21.1,Low
2025-08-25,P0083,Tomato,24.6,Low
2025-08-26,P0083,Tomato,28.5,Medium
2025-08-27,P0083,Tomato,31,Medium
2025-08-28,P0083,Tomato,38.3,Medium
2025-08-29,P0083,Tomato,37,Medium
2025-08-30,P0083,Tomato,35.9,Medium
2025-08-31,P0083,Tomato,30.3,Medium
2025-09-01,P0083,Tomato,40.7,Medium
2025-09-02,P0083,Tomato,31.8,Medium
2025-09-03,P0083,Tomato,39.2,Medium
2025-09-04,P0083,Tomato,37.8,Medium
2025-09-05,P0083,Tomato,32,Medium
2025-09-06,P0083,Tomato,28.3,Medium
2025-09-07,P0083,Tomato,13.1,Low
2025-09-08,P0083,Tomato,16.8,Low
2025-09-09,P0083,Tomato,12.7,Low
2025-09-10,P0083,Tomato,24.7,Low
2025-09-11,P0083,Tomato,24.8,Low
2025-09-12,P0083,Tomato,17.6,Low
2025-02-21,P0084,Strawberry,45.6,Medium
2025-02-22,P0084,Strawberry,51.2,High
2025-02-23,P0084,Strawberry,50.7,High
2025-02-24,P0084,Strawberry,41.1,Medium
2025-02-25,P0084,Strawberry,45.1,Medium
2025-02-26,P0084,Strawberry,47.8,Medium
2025-02-27,P0084,Strawberry,40,Medium
2025-02-28,P0084,Strawberry,44.2,Medium
2025-03-01,P0084,Strawberry,57,High
2025-03-02,P0084,Strawberry,49.2,Medium
2025-03-03,P0084,Strawberry,41,Medium
2025-03-04,P0084,Strawberry,41.3,Medium
2025-03-05,P0084,Strawberry,40.3,Medium
2025-03-06,P0084,Strawberry,45.3,Medium
2025-03-07,P0084,Strawberry,50,High
2025-03-08,P0084,Strawberry,52.8,High
2025-03-09,P0084,Strawberry,46.9,Medium
2025-03-10,P0084,Strawberry,46.9,Medium
2025-03-11,P0084,Strawberry,42.1,Medium
2025-03-12,P0084,Strawberry,46.1,Medium
2025-03-13,P0084,Strawberry,44.1,Medium
2025-03-14,P0084,Strawberry,40.5,Medium
2025-03-15,P0084,Strawberry,50.2,High
2025-03-16,P0084,Strawberry,39.5,Medium
2025-03-17,P0084,Strawberry,41.4,Medium
2025-03-18,P0084,Strawberry,39.7,Medium
2025-03-19,P0084,Strawberry,48.5,Medium
2025-03-20,P0084,Strawberry,41.4,Medium
2025-03-21,P0084,Strawberry,51.7,High
2025-03-22,P0084,Strawberry,47,Medium
2025-03-23,P0084,Strawberry,52.1,High
2025-03-24,P0084,Strawberry,42.2,Medium
2025-03-25,P0084,Strawberry,55.3,High
2025-03-26,P0084,Strawberry,46.2,Medium
2025-03-27,P0084,Strawberry,39.9,Medium
2025-03-28,P0084,Strawberry,45.9,Medium
2025-03-29,P0084,Strawberry,42.8,Medium
2025-03-30,P0084,Strawberry,40.7,Medium
2025-03-31,P0084,Strawberry,47,Medium
2025-04-01,P0084,Strawberry,52.7,High
2025-04-02,P0084,Strawberry,58.5,High
2025-04-03,P0084,Strawberry,60.3,High
2025-04-04,P0084,Strawberry,60,High
2025-04-05,P0084,Strawberry,69.5,High
2025-04-06,P0084,Strawberry,79.8,Critical
2025-04-07,P0084,Strawberry,79.7,Critical
2025-04-08,P0084,Strawberry,72.6,High
2025-04-09,P0084,Strawberry,72.7,High
2025-04-10,P0084,Strawberry,73.3,High
2025-04-11,P0084,Strawberry,76.6,Critical
2025-04-12,P0084,Strawberry,60.2,High
2025-04-13,P0084,Strawberry,70,High
2025-04-14,P0084,Strawberry,37,Medium
2025-04-15,P0084,Strawberry,44.7,Medium
2025-04-16,P0084,Strawberry,53.6,High
2025-04-17,P0084,Strawberry,62.3,High
2025-04-18,P0084,Strawberry,52.6,High
2025-04-19,P0084,Strawberry,57.2,High
2025-04-20,P0084,Strawberry,59,High
2025-04-21,P0084,Strawberry,59.1,High
2025-04-22,P0084,Strawberry,56.8,High
2025-04-23,P0084,Strawberry,58.6,High
2025-04-24,P0084,Strawberry,56.3,High
2025-04-25,P0084,Strawberry,55.9,High
2025-04-26,P0084,Strawberry,55,High
2025-04-27,P0084,Strawberry,62.1,High
2025-04-28,P0084,Strawberry,44.1,Medium
2025-04-29,P0084,Strawberry,54.5,High
2025-04-30,P0084,Strawberry,55.5,High
2025-05-01,P0084,Strawberry,56.7,High
2025-05-02,P0084,Strawberry,54,High
2025-05-03,P0084,Strawberry,49.7,Medium
2025-05-04,P0084,Strawberry,47.4,Medium
2025-05-05,P0084,Strawberry,42.7,Medium
2025-05-06,P0084,Strawberry,42.8,Medium
2025-05-07,P0084,Strawberry,47,Medium
2025-05-08,P0084,Strawberry,46.2,Medium
2025-05-09,P0084,Strawberry,45,Medium
2025-05-10,P0084,Strawberry,47.9,Medium
2025-05-11,P0084,Strawberry,49.2,Medium
2025-05-12,P0084,Strawberry,59.7,High
2025-05-13,P0084,Strawberry,56.9,High
2025-05-14,P0084,Strawberry,61.1,High
2025-05-15,P0084,Strawberry,50.1,High
2025-05-16,P0084,Strawberry,51,High
2025-05-17,P0084,Strawberry,54.7,High
2025-05-18,P0084,Strawberry,42.3,Medium
2025-05-19,P0084,Strawberry,44,Medium
2025-05-20,P0084,Strawberry,54.5,High
2025-05-21,P0084,Strawberry,51.9,High
2025-05-22,P0084,Strawberry,40.7,Medium
2025-05-23,P0084,Strawberry,39.1,Medium
2025-05-24,P0084,Strawberry,41.6,Medium
2025-05-25,P0084,Strawberry,37.6,Medium
2025-05-26,P0084,Strawberry,44.7,Medium
2025-05-27,P0084,Strawberry,30.8,Medium
2025-05-28,P0084,Strawberry,20.1,Low
2025-05-29,P0084,Strawberry,25.1,Medium
2025-05-30,P0084,Strawberry,28.3,Medium
2025-05-31,P0084,Strawberry,33.1,Medium
2025-06-01,P0084,Strawberry,27.2,Medium
2025-06-02,P0084,Strawberry,28.6,Medium
2025-06-03,P0084,Strawberry,22.1,Low
2025-06-04,P0084,Strawberry,25.1,Medium
2025-06-05,P0084,Strawberry,18.9,Low
2025-06-06,P0084,Strawberry,33,Medium
2025-06-07,P0084,Strawberry,21.6,Low
2025-06-08,P0084,Strawberry,24.4,Low
2025-06-09,P0084,Strawberry,27.5,Medium
2025-06-10,P0084,Strawberry,25.3,Medium
2025-06-11,P0084,Strawberry,19.6,Low
2025-06-12,P0084,Strawberry,22.1,Low
2025-06-13,P0084,Strawberry,25.8,Medium
2025-06-14,P0084,Strawberry,22,Low
2025-06-15,P0084,Strawberry,28.4,Medium
2025-06-16,P0084,Strawberry,45.1,Medium
2025-06-17,P0084,Strawberry,44.8,Medium
2025-06-18,P0084,Strawberry,39.7,Medium
2025-06-19,P0084,Strawberry,36.8,Medium
2025-06-20,P0084,Strawberry,40.4,Medium
2025-06-21,P0084,Strawberry,46.4,Medium
2025-06-22,P0084,Strawberry,36.2,Medium
2025-06-23,P0084,Strawberry,40.6,Medium
2025-06-24,P0084,Strawberry,39.5,Medium
2025-06-25,P0084,Strawberry,31.7,Medium
2025-06-26,P0084,Strawberry,38.2,Medium
2025-06-27,P0084,Strawberry,32,Medium
2025-06-28,P0084,Strawberry,29.8,Medium
2025-06-29,P0084,Strawberry,26.1,Medium
2025-06-30,P0084,Strawberry,21.2,Low
2025-07-01,P0084,Strawberry,30.4,Medium
2025-07-02,P0084,Strawberry,35.7,Medium
2025-07-03,P0084,Strawberry,32.7,Medium
2025-07-04,P0084,Strawberry,28.6,Medium
2025-07-05,P0084,Strawberry,38.4,Medium
2025-07-06,P0084,Strawberry,43.1,Medium
2025-07-07,P0084,Strawberry,38.8,Medium
2025-07-08,P0084,Strawberry,39.5,Medium
2025-07-09,P0084,Strawberry,37.5,Medium
2025-07-10,P0084,Strawberry,37.9,Medium
2025-07-11,P0084,Strawberry,38.3,Medium
2025-07-12,P0084,Strawberry,37.6,Medium
2025-07-13,P0084,Strawberry,34,Medium
2025-07-14,P0084,Strawberry,33.7,Medium
2025-07-15,P0084,Strawberry,33.3,Medium
2025-07-16,P0084,Strawberry,30.9,Medium
2025-07-17,P0084,Strawberry,19,Low
2025-07-18,P0084,Strawberry,20.8,Low
2025-07-19,P0084,Strawberry,32.8,Medium
2025-07-20,P0084,Strawberry,30,Medium
2025-07-21,P0084,Strawberry,39.8,Medium
2025-07-22,P0084,Strawberry,44.1,Medium
2025-07-23,P0084,Strawberry,42.7,Medium
2025-07-24,P0084,Strawberry,46.2,Medium
2025-07-25,P0084,Strawberry,28.7,Medium
2025-07-26,P0084,Strawberry,25.9,Medium
2025-07-27,P0084,Strawberry,37.6,Medium
2025-07-28,P0084,Strawberry,39.9,Medium
2025-07-29,P0084,Strawberry,29.7,Medium
2025-07-30,P0084,Strawberry,26.8,Medium
2025-07-31,P0084,Strawberry,26.8,Medium
2025-08-01,P0084,Strawberry,25.5,Medium
2025-08-02,P0084,Strawberry,29.2,Medium
2025-08-03,P0084,Strawberry,25.7,Medium
2025-08-04,P0084,Strawberry,22.2,Low
2025-08-05,P0084,Strawberry,17.7,Low
2025-08-06,P0084,Strawberry,36.2,Medium
2025-08-07,P0084,Strawberry,32.8,Medium
2025-08-08,P0084,Strawberry,32.5,Medium
2025-08-09,P0084,Strawberry,37.1,Medium
2025-08-10,P0084,Strawberry,32.9,Medium
2025-08-11,P0084,Strawberry,34,Medium
2025-08-12,P0084,Strawberry,42.4,Medium
2025-08-13,P0084,Strawberry,35.1,Medium
2025-08-14,P0084,Strawberry,28,Medium
2025-08-15,P0084,Strawberry,29,Medium
2025-08-16,P0084,Strawberry,33.5,Medium
2025-08-17,P0084,Strawberry,38,Medium
2025-08-18,P0084,Strawberry,29.3,Medium
2025-08-19,P0084,Strawberry,29.3,Medium
2025-08-20,P0084,Strawberry,23.5,Low
2025-08-21,P0084,Strawberry,34.7,Medium
2025-08-22,P0084,Strawberry,36.9,Medium
2025-08-23,P0084,Strawberry,38.8,Medium
2025-08-24,P0084,Strawberry,39.9,Medium
2025-08-25,P0084,Strawberry,42.9,Medium
2025-08-26,P0084,Strawberry,54.8,High
2025-08-27,P0084,Strawberry,62.9,High
2025-08-28,P0084,Strawberry,65.3,High
2025-08-29,P0084,Strawberry,54.8,High
2025-08-30,P0084,Strawberry,55.7,High
2025-08-31,P0084,Strawberry,46.5,Medium
2025-09-01,P0084,Strawberry,51.7,High
2025-09-02,P0084,Strawberry,36.6,Medium
2025-09-03,P0084,Strawberry,30.7,Medium
2025-09-04,P0084,Strawberry,34,Medium
2025-09-05,P0084,Strawberry,28.8,Medium
2025-09-06,P0084,Strawberry,8.7,Low
2025-09-07,P0084,Strawberry,10.6,Low
2025-09-08,P0084,Strawberry,26.2,Medium
2025-09-09,P0084,Strawberry,29.6,Medium
2025-09-10,P0084,Strawberry,31.7,Medium
2025-09-11,P0084,Strawberry,35.2,Medium
2025-09-12,P0084,Strawberry,38.9,Medium
2025-02-21,P0085,Cucumber,22.2,Low
2025-02-22,P0085,Cucumber,27.8,Medium
2025-02-23,P0085,Cucumber,22.5,Low
2025-02-24,P0085,Cucumber,28.6,Medium
2025-02-25,P0085,Cucumber,32.8,Medium
2025-02-26,P0085,Cucumber,31.3,Medium
2025-02-27,P0085,Cucumber,44.2,Medium
2025-02-28,P0085,Cucumber,42.9,Medium
2025-03-01,P0085,Cucumber,51.1,High
2025-03-02,P0085,Cucumber,50.9,High
2025-03-03,P0085,Cucumber,63.9,High
2025-03-04,P0085,Cucumber,47.7,Medium
2025-03-05,P0085,Cucumber,57.9,High
2025-03-06,P0085,Cucumber,59.7,High
2025-03-07,P0085,Cucumber,58.5,High
2025-03-08,P0085,Cucumber,59.9,High
2025-03-09,P0085,Cucumber,56.7,High
2025-03-10,P0085,Cucumber,52.8,High
2025-03-11,P0085,Cucumber,41.9,Medium
2025-03-12,P0085,Cucumber,39.6,Medium
2025-03-13,P0085,Cucumber,44.5,Medium
2025-03-14,P0085,Cucumber,43.6,Medium
2025-03-15,P0085,Cucumber,55.8,High
2025-03-16,P0085,Cucumber,65.9,High
2025-03-17,P0085,Cucumber,49.2,Medium
2025-03-18,P0085,Cucumber,58.6,High
2025-03-19,P0085,Cucumber,64.3,High
2025-03-20,P0085,Cucumber,68,High
2025-03-21,P0085,Cucumber,73.2,High
2025-03-22,P0085,Cucumber,67.3,High
2025-03-23,P0085,Cucumber,54.2,High
2025-03-24,P0085,Cucumber,47.3,Medium
2025-03-25,P0085,Cucumber,49.5,Medium
2025-03-26,P0085,Cucumber,52.4,High
2025-03-27,P0085,Cucumber,57.1,High
2025-03-28,P0085,Cucumber,40.2,Medium
2025-03-29,P0085,Cucumber,42.1,Medium
2025-03-30,P0085,Cucumber,40.3,Medium
2025-03-31,P0085,Cucumber,44.7,Medium
2025-04-01,P0085,Cucumber,52.8,High
2025-04-02,P0085,Cucumber,53.1,High
2025-04-03,P0085,Cucumber,53.8,High
2025-04-04,P0085,Cucumber,57.3,High
2025-04-05,P0085,Cucumber,67.5,High
2025-04-06,P0085,Cucumber,71.5,High
2025-04-07,P0085,Cucumber,68.5,High
2025-04-08,P0085,Cucumber,71.1,High
2025-04-09,P0085,Cucumber,60.2,High
2025-04-10,P0085,Cucumber,63.2,High
2025-04-11,P0085,Cucumber,63.5,High
2025-04-12,P0085,Cucumber,54.9,High
2025-04-13,P0085,Cucumber,54.7,High
2025-04-14,P0085,Cucumber,47.8,Medium
2025-04-15,P0085,Cucumber,43.9,Medium
2025-04-16,P0085,Cucumber,49.7,Medium
2025-04-17,P0085,Cucumber,51.6,High
2025-04-18,P0085,Cucumber,52.3,High
2025-04-19,P0085,Cucumber,47.7,Medium
2025-04-20,P0085,Cucumber,48.8,Medium
2025-04-21,P0085,Cucumber,49.6,Medium
2025-04-22,P0085,Cucumber,44.8,Medium
2025-04-23,P0085,Cucumber,46,Medium
2025-04-24,P0085,Cucumber,41.1,Medium
2025-04-25,P0085,Cucumber,40.6,Medium
2025-04-26,P0085,Cucumber,36.1,Medium
2025-04-27,P0085,Cucumber,37.5,Medium
2025-04-28,P0085,Cucumber,35.3,Medium
2025-04-29,P0085,Cucumber,37,Medium
2025-04-30,P0085,Cucumber,30.6,Medium
2025-05-01,P0085,Cucumber,35.2,Medium
2025-05-02,P0085,Cucumber,32.4,Medium
2025-05-03,P0085,Cucumber,37,Medium
2025-05-04,P0085,Cucumber,30.6,Medium
2025-05-05,P0085,Cucumber,41.5,Medium
2025-05-06,P0085,Cucumber,39.5,Medium
2025-05-07,P0085,Cucumber,42.8,Medium
2025-05-08,P0085,Cucumber,50.3,High
2025-05-09,P0085,Cucumber,44.4,Medium
2025-05-10,P0085,Cucumber,55.1,High
2025-05-11,P0085,Cucumber,51.8,High
2025-05-12,P0085,Cucumber,56.6,High
2025-05-13,P0085,Cucumber,64.3,High
2025-05-14,P0085,Cucumber,43.9,Medium
2025-05-15,P0085,Cucumber,43.8,Medium
2025-05-16,P0085,Cucumber,42.8,Medium
2025-05-17,P0085,Cucumber,32.3,Medium
2025-05-18,P0085,Cucumber,40.3,Medium
2025-05-19,P0085,Cucumber,39,Medium
2025-05-20,P0085,Cucumber,32.3,Medium
2025-05-21,P0085,Cucumber,36.1,Medium
2025-05-22,P0085,Cucumber,40.9,Medium
2025-05-23,P0085,Cucumber,31.4,Medium
2025-05-24,P0085,Cucumber,28.1,Medium
2025-05-25,P0085,Cucumber,23.7,Low
2025-05-26,P0085,Cucumber,24.5,Low
2025-05-27,P0085,Cucumber,33.5,Medium
2025-05-28,P0085,Cucumber,33.1,Medium
2025-05-29,P0085,Cucumber,31.3,Medium
2025-05-30,P0085,Cucumber,36,Medium
2025-05-31,P0085,Cucumber,41.3,Medium
2025-06-01,P0085,Cucumber,48,Medium
2025-06-02,P0085,Cucumber,37.9,Medium
2025-06-03,P0085,Cucumber,39,Medium
2025-06-04,P0085,Cucumber,33.2,Medium
2025-06-05,P0085,Cucumber,28.4,Medium
2025-06-06,P0085,Cucumber,30.5,Medium
2025-06-07,P0085,Cucumber,25,Medium
2025-06-08,P0085,Cucumber,23,Low
2025-06-09,P0085,Cucumber,22.8,Low
2025-06-10,P0085,Cucumber,25,Medium
2025-06-11,P0085,Cucumber,19.2,Low
2025-06-12,P0085,Cucumber,20.5,Low
2025-06-13,P0085,Cucumber,23.1,Low
2025-06-14,P0085,Cucumber,41.3,Medium
2025-06-15,P0085,Cucumber,44.9,Medium
2025-06-16,P0085,Cucumber,54.9,High
2025-06-17,P0085,Cucumber,54,High
2025-06-18,P0085,Cucumber,51.7,High
2025-06-19,P0085,Cucumber,51.7,High
2025-06-20,P0085,Cucumber,43.3,Medium
2025-06-21,P0085,Cucumber,31.3,Medium
2025-06-22,P0085,Cucumber,21.3,Low
2025-06-23,P0085,Cucumber,30.3,Medium
2025-06-24,P0085,Cucumber,33.3,Medium
2025-06-25,P0085,Cucumber,29.8,Medium
2025-06-26,P0085,Cucumber,28.9,Medium
2025-06-27,P0085,Cucumber,26.8,Medium
2025-06-28,P0085,Cucumber,22.3,Low
2025-06-29,P0085,Cucumber,24.2,Low
2025-06-30,P0085,Cucumber,22.7,Low
2025-07-01,P0085,Cucumber,27.1,Medium
2025-07-02,P0085,Cucumber,20.2,Low
2025-07-03,P0085,Cucumber,20.4,Low
2025-07-04,P0085,Cucumber,36,Medium
2025-07-05,P0085,Cucumber,39.4,Medium
2025-07-06,P0085,Cucumber,40.8,Medium
2025-07-07,P0085,Cucumber,41.7,Medium
2025-07-08,P0085,Cucumber,26.4,Medium
2025-07-09,P0085,Cucumber,30.9,Medium
2025-07-10,P0085,Cucumber,24.8,Low
2025-07-11,P0085,Cucumber,22.2,Low
2025-07-12,P0085,Cucumber,12.5,Low
2025-07-13,P0085,Cucumber,17.8,Low
2025-07-14,P0085,Cucumber,17.2,Low
2025-07-15,P0085,Cucumber,13.6,Low
2025-07-16,P0085,Cucumber,14.6,Low
2025-07-17,P0085,Cucumber,14.1,Low
2025-07-18,P0085,Cucumber,16.4,Low
2025-07-19,P0085,Cucumber,17.3,Low
2025-07-20,P0085,Cucumber,10.6,Low
2025-07-21,P0085,Cucumber,19.5,Low
2025-07-22,P0085,Cucumber,23.3,Low
2025-07-23,P0085,Cucumber,33.9,Medium
2025-07-24,P0085,Cucumber,31.8,Medium
2025-07-25,P0085,Cucumber,30.3,Medium
2025-07-26,P0085,Cucumber,46.5,Medium
2025-07-27,P0085,Cucumber,42.2,Medium
2025-07-28,P0085,Cucumber,41.3,Medium
2025-07-29,P0085,Cucumber,41,Medium
2025-07-30,P0085,Cucumber,43,Medium
2025-07-31,P0085,Cucumber,33.4,Medium
2025-08-01,P0085,Cucumber,32.6,Medium
2025-08-02,P0085,Cucumber,20.4,Low
2025-08-03,P0085,Cucumber,20.2,Low
2025-08-04,P0085,Cucumber,21.4,Low
2025-08-05,P0085,Cucumber,23.4,Low
2025-08-06,P0085,Cucumber,22.4,Low
2025-08-07,P0085,Cucumber,28.6,Medium
2025-08-08,P0085,Cucumber,23.6,Low
2025-08-09,P0085,Cucumber,21.1,Low
2025-08-10,P0085,Cucumber,34.7,Medium
2025-08-11,P0085,Cucumber,30.9,Medium
2025-08-12,P0085,Cucumber,36.7,Medium
2025-08-13,P0085,Cucumber,39.3,Medium
2025-08-14,P0085,Cucumber,37.3,Medium
2025-08-15,P0085,Cucumber,26,Medium
2025-08-16,P0085,Cucumber,25.3,Medium
2025-08-17,P0085,Cucumber,33.3,Medium
2025-08-18,P0085,Cucumber,27.3,Medium
2025-08-19,P0085,Cucumber,23.5,Low
2025-08-20,P0085,Cucumber,17.6,Low
2025-08-21,P0085,Cucumber,8.8,Low
2025-08-22,P0085,Cucumber,11.5,Low
2025-08-23,P0085,Cucumber,18,Low
2025-08-24,P0085,Cucumber,24.2,Low
2025-08-25,P0085,Cucumber,24.8,Low
2025-08-26,P0085,Cucumber,35.2,Medium
2025-08-27,P0085,Cucumber,41.9,Medium
2025-08-28,P0085,Cucumber,48.7,Medium
2025-08-29,P0085,Cucumber,43.4,Medium
2025-08-30,P0085,Cucumber,39.3,Medium
2025-08-31,P0085,Cucumber,61.9,High
2025-09-01,P0085,Cucumber,48.8,Medium
2025-09-02,P0085,Cucumber,46.3,Medium
2025-09-03,P0085,Cucumber,44.6,Medium
2025-09-04,P0085,Cucumber,39.4,Medium
2025-09-05,P0085,Cucumber,22.5,Low
2025-09-06,P0085,Cucumber,16.3,Low
2025-09-07,P0085,Cucumber,9.4,Low
2025-09-08,P0085,Cucumber,2.7,Low
2025-09-09,P0085,Cucumber,5.9,Low
2025-09-10,P0085,Cucumber,13.8,Low
2025-09-11,P0085,Cucumber,23,Low
2025-09-12,P0085,Cucumber,19.8,Low
2025-02-21,P0086,Strawberry,28.6,Medium
2025-02-22,P0086,Strawberry,27.2,Medium
2025-02-23,P0086,Strawberry,30.5,Medium
2025-02-24,P0086,Strawberry,36.9,Medium
2025-02-25,P0086,Strawberry,43.1,Medium
2025-02-26,P0086,Strawberry,26.5,Medium
2025-02-27,P0086,Strawberry,38.9,Medium
2025-02-28,P0086,Strawberry,47.2,Medium
2025-03-01,P0086,Strawberry,46,Medium
2025-03-02,P0086,Strawberry,54.3,High
2025-03-03,P0086,Strawberry,55,High
2025-03-04,P0086,Strawberry,51,High
2025-03-05,P0086,Strawberry,45.4,Medium
2025-03-06,P0086,Strawberry,40.6,Medium
2025-03-07,P0086,Strawberry,47.6,Medium
2025-03-08,P0086,Strawberry,38.9,Medium
2025-03-09,P0086,Strawberry,36.8,Medium
2025-03-10,P0086,Strawberry,30.2,Medium
2025-03-11,P0086,Strawberry,35,Medium
2025-03-12,P0086,Strawberry,31.2,Medium
2025-03-13,P0086,Strawberry,20.9,Low
2025-03-14,P0086,Strawberry,32.4,Medium
2025-03-15,P0086,Strawberry,19.8,Low
2025-03-16,P0086,Strawberry,24,Low
2025-03-17,P0086,Strawberry,31.8,Medium
2025-03-18,P0086,Strawberry,38.5,Medium
2025-03-19,P0086,Strawberry,37.1,Medium
2025-03-20,P0086,Strawberry,38.7,Medium
2025-03-21,P0086,Strawberry,43.3,Medium
2025-03-22,P0086,Strawberry,40.4,Medium
2025-03-23,P0086,Strawberry,45.6,Medium
2025-03-24,P0086,Strawberry,50.2,High
2025-03-25,P0086,Strawberry,43.6,Medium
2025-03-26,P0086,Strawberry,47.2,Medium
2025-03-27,P0086,Strawberry,49.1,Medium
2025-03-28,P0086,Strawberry,49.2,Medium
2025-03-29,P0086,Strawberry,36.2,Medium
2025-03-30,P0086,Strawberry,43.5,Medium
2025-03-31,P0086,Strawberry,36.3,Medium
2025-04-01,P0086,Strawberry,37.3,Medium
2025-04-02,P0086,Strawberry,43.1,Medium
2025-04-03,P0086,Strawberry,36.9,Medium
2025-04-04,P0086,Strawberry,42.1,Medium
2025-04-05,P0086,Strawberry,47.8,Medium
2025-04-06,P0086,Strawberry,62.5,High
2025-04-07,P0086,Strawberry,57.9,High
2025-04-08,P0086,Strawberry,55.3,High
2025-04-09,P0086,Strawberry,55.9,High
2025-04-10,P0086,Strawberry,50,High
2025-04-11,P0086,Strawberry,51,High
2025-04-12,P0086,Strawberry,57.4,High
2025-04-13,P0086,Strawberry,55.6,High
2025-04-14,P0086,Strawberry,53.7,High
2025-04-15,P0086,Strawberry,56.6,High
2025-04-16,P0086,Strawberry,59.5,High
2025-04-17,P0086,Strawberry,60.1,High
2025-04-18,P0086,Strawberry,63.3,High
2025-04-19,P0086,Strawberry,60.2,High
2025-04-20,P0086,Strawberry,56.4,High
2025-04-21,P0086,Strawberry,56.5,High
2025-04-22,P0086,Strawberry,44.1,Medium
2025-04-23,P0086,Strawberry,50.4,High
2025-04-24,P0086,Strawberry,55.7,High
2025-04-25,P0086,Strawberry,47.8,Medium
2025-04-26,P0086,Strawberry,56.5,High
2025-04-27,P0086,Strawberry,52.5,High
2025-04-28,P0086,Strawberry,57.3,High
2025-04-29,P0086,Strawberry,48.8,Medium
2025-04-30,P0086,Strawberry,52.2,High
2025-05-01,P0086,Strawberry,47.2,Medium
2025-05-02,P0086,Strawberry,49.3,Medium
2025-05-03,P0086,Strawberry,50.2,High
2025-05-04,P0086,Strawberry,52.7,High
2025-05-05,P0086,Strawberry,56,High
2025-05-06,P0086,Strawberry,51.8,High
2025-05-07,P0086,Strawberry,50.9,High
2025-05-08,P0086,Strawberry,55.4,High
2025-05-09,P0086,Strawberry,58.6,High
2025-05-10,P0086,Strawberry,46.6,Medium
2025-05-11,P0086,Strawberry,46.6,Medium
2025-05-12,P0086,Strawberry,49.2,Medium
2025-05-13,P0086,Strawberry,50,High
2025-05-14,P0086,Strawberry,50.6,High
2025-05-15,P0086,Strawberry,39.7,Medium
2025-05-16,P0086,Strawberry,39.3,Medium
2025-05-17,P0086,Strawberry,31.9,Medium
2025-05-18,P0086,Strawberry,32.8,Medium
2025-05-19,P0086,Strawberry,30.5,Medium
2025-05-20,P0086,Strawberry,24.2,Low
2025-05-21,P0086,Strawberry,27.9,Medium
2025-05-22,P0086,Strawberry,25.8,Medium
2025-05-23,P0086,Strawberry,25,Medium
2025-05-24,P0086,Strawberry,25.6,Medium
2025-05-25,P0086,Strawberry,23.6,Low
2025-05-26,P0086,Strawberry,26.5,Medium
2025-05-27,P0086,Strawberry,24,Low
2025-05-28,P0086,Strawberry,27.5,Medium
2025-05-29,P0086,Strawberry,22.5,Low
2025-05-30,P0086,Strawberry,29.9,Medium
2025-05-31,P0086,Strawberry,40.1,Medium
2025-06-01,P0086,Strawberry,29.8,Medium
2025-06-02,P0086,Strawberry,27.5,Medium
2025-06-03,P0086,Strawberry,35.8,Medium
2025-06-04,P0086,Strawberry,30.1,Medium
2025-06-05,P0086,Strawberry,33.1,Medium
2025-06-06,P0086,Strawberry,25.2,Medium
2025-06-07,P0086,Strawberry,28.3,Medium
2025-06-08,P0086,Strawberry,31.1,Medium
2025-06-09,P0086,Strawberry,31.7,Medium
2025-06-10,P0086,Strawberry,21.9,Low
2025-06-11,P0086,Strawberry,25.7,Medium
2025-06-12,P0086,Strawberry,34.7,Medium
2025-06-13,P0086,Strawberry,25.1,Medium
2025-06-14,P0086,Strawberry,33.7,Medium
2025-06-15,P0086,Strawberry,34.4,Medium
2025-06-16,P0086,Strawberry,41.4,Medium
2025-06-17,P0086,Strawberry,56.5,High
2025-06-18,P0086,Strawberry,48.1,Medium
2025-06-19,P0086,Strawberry,49.8,Medium
2025-06-20,P0086,Strawberry,42.7,Medium
2025-06-21,P0086,Strawberry,42.9,Medium
2025-06-22,P0086,Strawberry,28.6,Medium
2025-06-23,P0086,Strawberry,27.7,Medium
2025-06-24,P0086,Strawberry,25.7,Medium
2025-06-25,P0086,Strawberry,21.4,Low
2025-06-26,P0086,Strawberry,20.8,Low
2025-06-27,P0086,Strawberry,17,Low
2025-06-28,P0086,Strawberry,20.3,Low
2025-06-29,P0086,Strawberry,18.5,Low
2025-06-30,P0086,Strawberry,16.8,Low
2025-07-01,P0086,Strawberry,27.4,Medium
2025-07-02,P0086,Strawberry,19.5,Low
2025-07-03,P0086,Strawberry,32.7,Medium
2025-07-04,P0086,Strawberry,18.2,Low
2025-07-05,P0086,Strawberry,21.6,Low
2025-07-06,P0086,Strawberry,26,Medium
2025-07-07,P0086,Strawberry,22.7,Low
2025-07-08,P0086,Strawberry,21.3,Low
2025-07-09,P0086,Strawberry,24,Low
2025-07-10,P0086,Strawberry,25.5,Medium
2025-07-11,P0086,Strawberry,23.1,Low
2025-07-12,P0086,Strawberry,25.7,Medium
2025-07-13,P0086,Strawberry,21.1,Low
2025-07-14,P0086,Strawberry,18.3,Low
2025-07-15,P0086,Strawberry,23,Low
2025-07-16,P0086,Strawberry,13.4,Low
2025-07-17,P0086,Strawberry,14.2,Low
2025-07-18,P0086,Strawberry,18.2,Low
2025-07-19,P0086,Strawberry,19,Low
2025-07-20,P0086,Strawberry,14.9,Low
2025-07-21,P0086,Strawberry,34.1,Medium
2025-07-22,P0086,Strawberry,36.7,Medium
2025-07-23,P0086,Strawberry,38.4,Medium
2025-07-24,P0086,Strawberry,47.9,Medium
2025-07-25,P0086,Strawberry,40.8,Medium
2025-07-26,P0086,Strawberry,33.1,Medium
2025-07-27,P0086,Strawberry,36.4,Medium
2025-07-28,P0086,Strawberry,26.5,Medium
2025-07-29,P0086,Strawberry,34,Medium
2025-07-30,P0086,Strawberry,29.1,Medium
2025-07-31,P0086,Strawberry,33.9,Medium
2025-08-01,P0086,Strawberry,28.6,Medium
2025-08-02,P0086,Strawberry,21.6,Low
2025-08-03,P0086,Strawberry,25.3,Medium
2025-08-04,P0086,Strawberry,22.9,Low
2025-08-05,P0086,Strawberry,13.2,Low
2025-08-06,P0086,Strawberry,18.2,Low
2025-08-07,P0086,Strawberry,21.9,Low
2025-08-08,P0086,Strawberry,24.7,Low
2025-08-09,P0086,Strawberry,18.5,Low
2025-08-10,P0086,Strawberry,22.7,Low
2025-08-11,P0086,Strawberry,17.6,Low
2025-08-12,P0086,Strawberry,17.6,Low
2025-08-13,P0086,Strawberry,23,Low
2025-08-14,P0086,Strawberry,25.3,Medium
2025-08-15,P0086,Strawberry,24.1,Low
2025-08-16,P0086,Strawberry,22.4,Low
2025-08-17,P0086,Strawberry,15.4,Low
2025-08-18,P0086,Strawberry,14.6,Low
2025-08-19,P0086,Strawberry,16.5,Low
2025-08-20,P0086,Strawberry,10.5,Low
2025-08-21,P0086,Strawberry,5.5,Low
2025-08-22,P0086,Strawberry,2,Low
2025-08-23,P0086,Strawberry,4.3,Low
2025-08-24,P0086,Strawberry,6,Low
2025-08-25,P0086,Strawberry,11.6,Low
2025-08-26,P0086,Strawberry,18.2,Low
2025-08-27,P0086,Strawberry,33.6,Medium
2025-08-28,P0086,Strawberry,31.9,Medium
2025-08-29,P0086,Strawberry,38.4,Medium
2025-08-30,P0086,Strawberry,35.9,Medium
2025-08-31,P0086,Strawberry,39.7,Medium
2025-09-01,P0086,Strawberry,31.5,Medium
2025-09-02,P0086,Strawberry,31.4,Medium
2025-09-03,P0086,Strawberry,24.5,Low
2025-09-04,P0086,Strawberry,23.2,Low
2025-09-05,P0086,Strawberry,26.4,Medium
2025-09-06,P0086,Strawberry,18.5,Low
2025-09-07,P0086,Strawberry,11.5,Low
2025-09-08,P0086,Strawberry,13,Low
2025-09-09,P0086,Strawberry,14.5,Low
2025-09-10,P0086,Strawberry,10.8,Low
2025-09-11,P0086,Strawberry,13.5,Low
2025-09-12,P0086,Strawberry,18.3,Low
2025-02-21,P0087,Strawberry,32.1,Medium
2025-02-22,P0087,Strawberry,39.8,Medium
2025-02-23,P0087,Strawberry,47.3,Medium
2025-02-24,P0087,Strawberry,53.2,High
2025-02-25,P0087,Strawberry,61,High
2025-02-26,P0087,Strawberry,61.1,High
2025-02-27,P0087,Strawberry,61.9,High
2025-02-28,P0087,Strawberry,70.9,High
2025-03-01,P0087,Strawberry,72.3,High
2025-03-02,P0087,Strawberry,70.4,High
2025-03-03,P0087,Strawberry,66.5,High
2025-03-04,P0087,Strawberry,75.5,Critical
2025-03-05,P0087,Strawberry,69.9,High
2025-03-06,P0087,Strawberry,63,High
2025-03-07,P0087,Strawberry,64.9,High
2025-03-08,P0087,Strawberry,61.4,High
2025-03-09,P0087,Strawberry,57,High
2025-03-10,P0087,Strawberry,79,Critical
2025-03-11,P0087,Strawberry,68.4,High
2025-03-12,P0087,Strawberry,69.8,High
2025-03-13,P0087,Strawberry,59.9,High
2025-03-14,P0087,Strawberry,71.5,High
2025-03-15,P0087,Strawberry,69.8,High
2025-03-16,P0087,Strawberry,75.2,Critical
2025-03-17,P0087,Strawberry,55.1,High
2025-03-18,P0087,Strawberry,65.1,High
2025-03-19,P0087,Strawberry,68.1,High
2025-03-20,P0087,Strawberry,65.4,High
2025-03-21,P0087,Strawberry,67.4,High
2025-03-22,P0087,Strawberry,67.4,High
2025-03-23,P0087,Strawberry,72.7,High
2025-03-24,P0087,Strawberry,77.5,Critical
2025-03-25,P0087,Strawberry,77.5,Critical
2025-03-26,P0087,Strawberry,79.5,Critical
2025-03-27,P0087,Strawberry,78.2,Critical
2025-03-28,P0087,Strawberry,77.4,Critical
2025-03-29,P0087,Strawberry,75.1,Critical
2025-03-30,P0087,Strawberry,67.8,High
2025-03-31,P0087,Strawberry,60,High
2025-04-01,P0087,Strawberry,64.8,High
2025-04-02,P0087,Strawberry,64.5,High
2025-04-03,P0087,Strawberry,66.6,High
2025-04-04,P0087,Strawberry,72.4,High
2025-04-05,P0087,Strawberry,68.7,High
2025-04-06,P0087,Strawberry,72.7,High
2025-04-07,P0087,Strawberry,67.1,High
2025-04-08,P0087,Strawberry,67.3,High
2025-04-09,P0087,Strawberry,66,High
2025-04-10,P0087,Strawberry,59,High
2025-04-11,P0087,Strawberry,59.3,High
2025-04-12,P0087,Strawberry,65.6,High
2025-04-13,P0087,Strawberry,61,High
2025-04-14,P0087,Strawberry,55.9,High
2025-04-15,P0087,Strawberry,58.9,High
2025-04-16,P0087,Strawberry,54,High
2025-04-17,P0087,Strawberry,53.8,High
2025-04-18,P0087,Strawberry,57.7,High
2025-04-19,P0087,Strawberry,54.9,High
2025-04-20,P0087,Strawberry,50.2,High
2025-04-21,P0087,Strawberry,55.2,High
2025-04-22,P0087,Strawberry,53.7,High
2025-04-23,P0087,Strawberry,57.1,High
2025-04-24,P0087,Strawberry,56.1,High
2025-04-25,P0087,Strawberry,62.8,High
2025-04-26,P0087,Strawberry,63.9,High
2025-04-27,P0087,Strawberry,56.2,High
2025-04-28,P0087,Strawberry,66.8,High
2025-04-29,P0087,Strawberry,73.4,High
2025-04-30,P0087,Strawberry,70.2,High
2025-05-01,P0087,Strawberry,64.4,High
2025-05-02,P0087,Strawberry,56.7,High
2025-05-03,P0087,Strawberry,62.1,High
2025-05-04,P0087,Strawberry,61.9,High
2025-05-05,P0087,Strawberry,58,High
2025-05-06,P0087,Strawberry,47.9,Medium
2025-05-07,P0087,Strawberry,45,Medium
2025-05-08,P0087,Strawberry,52.9,High
2025-05-09,P0087,Strawberry,56,High
2025-05-10,P0087,Strawberry,44.8,Medium
2025-05-11,P0087,Strawberry,57.6,High
2025-05-12,P0087,Strawberry,64.9,High
2025-05-13,P0087,Strawberry,64.2,High
2025-05-14,P0087,Strawberry,64.4,High
2025-05-15,P0087,Strawberry,65.1,High
2025-05-16,P0087,Strawberry,59.4,High
2025-05-17,P0087,Strawberry,58.9,High
2025-05-18,P0087,Strawberry,46.6,Medium
2025-05-19,P0087,Strawberry,40.6,Medium
2025-05-20,P0087,Strawberry,37.1,Medium
2025-05-21,P0087,Strawberry,47.3,Medium
2025-05-22,P0087,Strawberry,45.2,Medium
2025-05-23,P0087,Strawberry,49.2,Medium
2025-05-24,P0087,Strawberry,55.1,High
2025-05-25,P0087,Strawberry,48.5,Medium
2025-05-26,P0087,Strawberry,53.8,High
2025-05-27,P0087,Strawberry,68.4,High
2025-05-28,P0087,Strawberry,54,High
2025-05-29,P0087,Strawberry,42.6,Medium
2025-05-30,P0087,Strawberry,40.6,Medium
2025-05-31,P0087,Strawberry,44.8,Medium
2025-06-01,P0087,Strawberry,51.9,High
2025-06-02,P0087,Strawberry,48.4,Medium
2025-06-03,P0087,Strawberry,43.5,Medium
2025-06-04,P0087,Strawberry,48.5,Medium
2025-06-05,P0087,Strawberry,48.9,Medium
2025-06-06,P0087,Strawberry,51.3,High
2025-06-07,P0087,Strawberry,44.1,Medium
2025-06-08,P0087,Strawberry,46.7,Medium
2025-06-09,P0087,Strawberry,43,Medium
2025-06-10,P0087,Strawberry,36.5,Medium
2025-06-11,P0087,Strawberry,30.3,Medium
2025-06-12,P0087,Strawberry,34,Medium
2025-06-13,P0087,Strawberry,46.3,Medium
2025-06-14,P0087,Strawberry,51.3,High
2025-06-15,P0087,Strawberry,57.7,High
2025-06-16,P0087,Strawberry,54.7,High
2025-06-17,P0087,Strawberry,68.7,High
2025-06-18,P0087,Strawberry,70.4,High
2025-06-19,P0087,Strawberry,60.5,High
2025-06-20,P0087,Strawberry,51.3,High
2025-06-21,P0087,Strawberry,52.3,High
2025-06-22,P0087,Strawberry,48,Medium
2025-06-23,P0087,Strawberry,49.5,Medium
2025-06-24,P0087,Strawberry,49.6,Medium
2025-06-25,P0087,Strawberry,46.2,Medium
2025-06-26,P0087,Strawberry,40.9,Medium
2025-06-27,P0087,Strawberry,42.1,Medium
2025-06-28,P0087,Strawberry,43.3,Medium
2025-06-29,P0087,Strawberry,43.8,Medium
2025-06-30,P0087,Strawberry,46.3,Medium
2025-07-01,P0087,Strawberry,58,High
2025-07-02,P0087,Strawberry,55.7,High
2025-07-03,P0087,Strawberry,64.8,High
2025-07-04,P0087,Strawberry,58.8,High
2025-07-05,P0087,Strawberry,53.5,High
2025-07-06,P0087,Strawberry,64.6,High
2025-07-07,P0087,Strawberry,55.3,High
2025-07-08,P0087,Strawberry,45.5,Medium
2025-07-09,P0087,Strawberry,40.8,Medium
2025-07-10,P0087,Strawberry,38,Medium
2025-07-11,P0087,Strawberry,37.3,Medium
2025-07-12,P0087,Strawberry,37,Medium
2025-07-13,P0087,Strawberry,32.2,Medium
2025-07-14,P0087,Strawberry,32.5,Medium
2025-07-15,P0087,Strawberry,40.4,Medium
2025-07-16,P0087,Strawberry,40.1,Medium
2025-07-17,P0087,Strawberry,41.1,Medium
2025-07-18,P0087,Strawberry,41.6,Medium
2025-07-19,P0087,Strawberry,41.6,Medium
2025-07-20,P0087,Strawberry,49,Medium
2025-07-21,P0087,Strawberry,42.9,Medium
2025-07-22,P0087,Strawberry,56.2,High
2025-07-23,P0087,Strawberry,52.5,High
2025-07-24,P0087,Strawberry,44.5,Medium
2025-07-25,P0087,Strawberry,40.6,Medium
2025-07-26,P0087,Strawberry,59.6,High
2025-07-27,P0087,Strawberry,49.1,Medium
2025-07-28,P0087,Strawberry,48,Medium
2025-07-29,P0087,Strawberry,43.7,Medium
2025-07-30,P0087,Strawberry,44.5,Medium
2025-07-31,P0087,Strawberry,35.5,Medium
2025-08-01,P0087,Strawberry,33.7,Medium
2025-08-02,P0087,Strawberry,27.4,Medium
2025-08-03,P0087,Strawberry,26.3,Medium
2025-08-04,P0087,Strawberry,28.6,Medium
2025-08-05,P0087,Strawberry,35.8,Medium
2025-08-06,P0087,Strawberry,38.8,Medium
2025-08-07,P0087,Strawberry,42,Medium
2025-08-08,P0087,Strawberry,50.4,High
2025-08-09,P0087,Strawberry,49.6,Medium
2025-08-10,P0087,Strawberry,58.7,High
2025-08-11,P0087,Strawberry,59.7,High
2025-08-12,P0087,Strawberry,49.3,Medium
2025-08-13,P0087,Strawberry,57.8,High
2025-08-14,P0087,Strawberry,42.6,Medium
2025-08-15,P0087,Strawberry,43.6,Medium
2025-08-16,P0087,Strawberry,34.1,Medium
2025-08-17,P0087,Strawberry,40.8,Medium
2025-08-18,P0087,Strawberry,44.3,Medium
2025-08-19,P0087,Strawberry,48,Medium
2025-08-20,P0087,Strawberry,50.9,High
2025-08-21,P0087,Strawberry,42.1,Medium
2025-08-22,P0087,Strawberry,41.9,Medium
2025-08-23,P0087,Strawberry,43.2,Medium
2025-08-24,P0087,Strawberry,45.7,Medium
2025-08-25,P0087,Strawberry,46.1,Medium
2025-08-26,P0087,Strawberry,58.7,High
2025-08-27,P0087,Strawberry,68,High
2025-08-28,P0087,Strawberry,55.7,High
2025-08-29,P0087,Strawberry,70.4,High
2025-08-30,P0087,Strawberry,70.8,High
2025-08-31,P0087,Strawberry,54.2,High
2025-09-01,P0087,Strawberry,70.2,High
2025-09-02,P0087,Strawberry,63.6,High
2025-09-03,P0087,Strawberry,60.3,High
2025-09-04,P0087,Strawberry,44.1,Medium
2025-09-05,P0087,Strawberry,44.4,Medium
2025-09-06,P0087,Strawberry,36.8,Medium
2025-09-07,P0087,Strawberry,34.3,Medium
2025-09-08,P0087,Strawberry,29.5,Medium
2025-09-09,P0087,Strawberry,34.2,Medium
2025-09-10,P0087,Strawberry,32.4,Medium
2025-09-11,P0087,Strawberry,39.2,Medium
2025-09-12,P0087,Strawberry,44.7,Medium
2025-02-21,P0088,Strawberry,22.7,Low
2025-02-22,P0088,Strawberry,23.3,Low
2025-02-23,P0088,Strawberry,21.5,Low
2025-02-24,P0088,Strawberry,18.4,Low
2025-02-25,P0088,Strawberry,41.2,Medium
2025-02-26,P0088,Strawberry,37.1,Medium
2025-02-27,P0088,Strawberry,53.3,High
2025-02-28,P0088,Strawberry,54.4,High
2025-03-01,P0088,Strawberry,65.2,High
2025-03-02,P0088,Strawberry,54.6,High
2025-03-03,P0088,Strawberry,46.5,Medium
2025-03-04,P0088,Strawberry,50.2,High
2025-03-05,P0088,Strawberry,40.5,Medium
2025-03-06,P0088,Strawberry,43.5,Medium
2025-03-07,P0088,Strawberry,47.6,Medium
2025-03-08,P0088,Strawberry,43.4,Medium
2025-03-09,P0088,Strawberry,40.8,Medium
2025-03-10,P0088,Strawberry,46.5,Medium
2025-03-11,P0088,Strawberry,43.3,Medium
2025-03-12,P0088,Strawberry,52,High
2025-03-13,P0088,Strawberry,52,High
2025-03-14,P0088,Strawberry,48.9,Medium
2025-03-15,P0088,Strawberry,57.2,High
2025-03-16,P0088,Strawberry,51.4,High
2025-03-17,P0088,Strawberry,52.8,High
2025-03-18,P0088,Strawberry,42.6,Medium
2025-03-19,P0088,Strawberry,50.4,High
2025-03-20,P0088,Strawberry,43.4,Medium
2025-03-21,P0088,Strawberry,49.1,Medium
2025-03-22,P0088,Strawberry,54,High
2025-03-23,P0088,Strawberry,61.4,High
2025-03-24,P0088,Strawberry,57,High
2025-03-25,P0088,Strawberry,58,High
2025-03-26,P0088,Strawberry,64.4,High
2025-03-27,P0088,Strawberry,54.7,High
2025-03-28,P0088,Strawberry,57.8,High
2025-03-29,P0088,Strawberry,47.3,Medium
2025-03-30,P0088,Strawberry,43.7,Medium
2025-03-31,P0088,Strawberry,44.8,Medium
2025-04-01,P0088,Strawberry,46.1,Medium
2025-04-02,P0088,Strawberry,52.2,High
2025-04-03,P0088,Strawberry,50.6,High
2025-04-04,P0088,Strawberry,53,High
2025-04-05,P0088,Strawberry,61.7,High
2025-04-06,P0088,Strawberry,66.2,High
2025-04-07,P0088,Strawberry,61.1,High
2025-04-08,P0088,Strawberry,56.3,High
2025-04-09,P0088,Strawberry,45.2,Medium
2025-04-10,P0088,Strawberry,36.2,Medium
2025-04-11,P0088,Strawberry,41,Medium
2025-04-12,P0088,Strawberry,42.2,Medium
2025-04-13,P0088,Strawberry,38.9,Medium
2025-04-14,P0088,Strawberry,36.5,Medium
2025-04-15,P0088,Strawberry,31.9,Medium
2025-04-16,P0088,Strawberry,50.4,High
2025-04-17,P0088,Strawberry,50.5,High
2025-04-18,P0088,Strawberry,52.7,High
2025-04-19,P0088,Strawberry,56.1,High
2025-04-20,P0088,Strawberry,57.5,High
2025-04-21,P0088,Strawberry,58.7,High
2025-04-22,P0088,Strawberry,55.9,High
2025-04-23,P0088,Strawberry,49.9,Medium
2025-04-24,P0088,Strawberry,34.6,Medium
2025-04-25,P0088,Strawberry,38.8,Medium
2025-04-26,P0088,Strawberry,45.6,Medium
2025-04-27,P0088,Strawberry,58.5,High
2025-04-28,P0088,Strawberry,53.5,High
2025-04-29,P0088,Strawberry,57.5,High
2025-04-30,P0088,Strawberry,53.3,High
2025-05-01,P0088,Strawberry,49.8,Medium
2025-05-02,P0088,Strawberry,53.1,High
2025-05-03,P0088,Strawberry,52.8,High
2025-05-04,P0088,Strawberry,46.5,Medium
2025-05-05,P0088,Strawberry,45.4,Medium
2025-05-06,P0088,Strawberry,40,Medium
2025-05-07,P0088,Strawberry,49.5,Medium
2025-05-08,P0088,Strawberry,42.3,Medium
2025-05-09,P0088,Strawberry,51.2,High
2025-05-10,P0088,Strawberry,54.1,High
2025-05-11,P0088,Strawberry,56,High
2025-05-12,P0088,Strawberry,66.9,High
2025-05-13,P0088,Strawberry,67,High
2025-05-14,P0088,Strawberry,62.8,High
2025-05-15,P0088,Strawberry,51.2,High
2025-05-16,P0088,Strawberry,41.2,Medium
2025-05-17,P0088,Strawberry,39.7,Medium
2025-05-18,P0088,Strawberry,48.8,Medium
2025-05-19,P0088,Strawberry,50.3,High
2025-05-20,P0088,Strawberry,37.4,Medium
2025-05-21,P0088,Strawberry,40,Medium
2025-05-22,P0088,Strawberry,39.7,Medium
2025-05-23,P0088,Strawberry,32.3,Medium
2025-05-24,P0088,Strawberry,35.9,Medium
2025-05-25,P0088,Strawberry,31.8,Medium
2025-05-26,P0088,Strawberry,30.5,Medium
2025-05-27,P0088,Strawberry,25.2,Medium
2025-05-28,P0088,Strawberry,19,Low
2025-05-29,P0088,Strawberry,21,Low
2025-05-30,P0088,Strawberry,21.1,Low
2025-05-31,P0088,Strawberry,20.7,Low
2025-06-01,P0088,Strawberry,19.1,Low
2025-06-02,P0088,Strawberry,19.1,Low
2025-06-03,P0088,Strawberry,16.2,Low
2025-06-04,P0088,Strawberry,18.6,Low
2025-06-05,P0088,Strawberry,24.1,Low
2025-06-06,P0088,Strawberry,20.3,Low
2025-06-07,P0088,Strawberry,23.3,Low
2025-06-08,P0088,Strawberry,27.1,Medium
2025-06-09,P0088,Strawberry,23.8,Low
2025-06-10,P0088,Strawberry,25.2,Medium
2025-06-11,P0088,Strawberry,21.5,Low
2025-06-12,P0088,Strawberry,22.3,Low
2025-06-13,P0088,Strawberry,30.1,Medium
2025-06-14,P0088,Strawberry,21.6,Low
2025-06-15,P0088,Strawberry,50.8,High
2025-06-16,P0088,Strawberry,48.5,Medium
2025-06-17,P0088,Strawberry,58.9,High
2025-06-18,P0088,Strawberry,44.9,Medium
2025-06-19,P0088,Strawberry,51,High
2025-06-20,P0088,Strawberry,45,Medium
2025-06-21,P0088,Strawberry,47.7,Medium
2025-06-22,P0088,Strawberry,29.9,Medium
2025-06-23,P0088,Strawberry,20.2,Low
2025-06-24,P0088,Strawberry,25.4,Medium
2025-06-25,P0088,Strawberry,19.1,Low
2025-06-26,P0088,Strawberry,22,Low
2025-06-27,P0088,Strawberry,20.1,Low
2025-06-28,P0088,Strawberry,25,Medium
2025-06-29,P0088,Strawberry,24.1,Low
2025-06-30,P0088,Strawberry,23.8,Low
2025-07-01,P0088,Strawberry,18.3,Low
2025-07-02,P0088,Strawberry,26.7,Medium
2025-07-03,P0088,Strawberry,37.4,Medium
2025-07-04,P0088,Strawberry,26.8,Medium
2025-07-05,P0088,Strawberry,30.3,Medium
2025-07-06,P0088,Strawberry,25,Medium
2025-07-07,P0088,Strawberry,27.9,Medium
2025-07-08,P0088,Strawberry,35.9,Medium
2025-07-09,P0088,Strawberry,27.6,Medium
2025-07-10,P0088,Strawberry,19.6,Low
2025-07-11,P0088,Strawberry,11.7,Low
2025-07-12,P0088,Strawberry,10.6,Low
2025-07-13,P0088,Strawberry,24.7,Low
2025-07-14,P0088,Strawberry,15.2,Low
2025-07-15,P0088,Strawberry,11.9,Low
2025-07-16,P0088,Strawberry,11.8,Low
2025-07-17,P0088,Strawberry,22.6,Low
2025-07-18,P0088,Strawberry,21.6,Low
2025-07-19,P0088,Strawberry,27.7,Medium
2025-07-20,P0088,Strawberry,36.4,Medium
2025-07-21,P0088,Strawberry,35,Medium
2025-07-22,P0088,Strawberry,46.4,Medium
2025-07-23,P0088,Strawberry,54.3,High
2025-07-24,P0088,Strawberry,40,Medium
2025-07-25,P0088,Strawberry,40.7,Medium
2025-07-26,P0088,Strawberry,33.5,Medium
2025-07-27,P0088,Strawberry,36.1,Medium
2025-07-28,P0088,Strawberry,25.6,Medium
2025-07-29,P0088,Strawberry,23.8,Low
2025-07-30,P0088,Strawberry,22.1,Low
2025-07-31,P0088,Strawberry,14.5,Low
2025-08-01,P0088,Strawberry,24.3,Low
2025-08-02,P0088,Strawberry,29.6,Medium
2025-08-03,P0088,Strawberry,34.2,Medium
2025-08-04,P0088,Strawberry,29.8,Medium
2025-08-05,P0088,Strawberry,29.6,Medium
2025-08-06,P0088,Strawberry,36.4,Medium
2025-08-07,P0088,Strawberry,33.1,Medium
2025-08-08,P0088,Strawberry,30.2,Medium
2025-08-09,P0088,Strawberry,13.9,Low
2025-08-10,P0088,Strawberry,12.7,Low
2025-08-11,P0088,Strawberry,21.5,Low
2025-08-12,P0088,Strawberry,18,Low
2025-08-13,P0088,Strawberry,8.7,Low
2025-08-14,P0088,Strawberry,11.5,Low
2025-08-15,P0088,Strawberry,13.1,Low
2025-08-16,P0088,Strawberry,2.5,Low
2025-08-17,P0088,Strawberry,13.8,Low
2025-08-18,P0088,Strawberry,15.1,Low
2025-08-19,P0088,Strawberry,9.9,Low
2025-08-20,P0088,Strawberry,14.9,Low
2025-08-21,P0088,Strawberry,20.4,Low
2025-08-22,P0088,Strawberry,15.9,Low
2025-08-23,P0088,Strawberry,25.8,Medium
2025-08-24,P0088,Strawberry,16,Low
2025-08-25,P0088,Strawberry,19.4,Low
2025-08-26,P0088,Strawberry,32.2,Medium
2025-08-27,P0088,Strawberry,38.1,Medium
2025-08-28,P0088,Strawberry,38.2,Medium
2025-08-29,P0088,Strawberry,36.7,Medium
2025-08-30,P0088,Strawberry,41.2,Medium
2025-08-31,P0088,Strawberry,38.6,Medium
2025-09-01,P0088,Strawberry,42.1,Medium
2025-09-02,P0088,Strawberry,41.8,Medium
2025-09-03,P0088,Strawberry,40.6,Medium
2025-09-04,P0088,Strawberry,33.9,Medium
2025-09-05,P0088,Strawberry,34.7,Medium
2025-09-06,P0088,Strawberry,25.8,Medium
2025-09-07,P0088,Strawberry,21.4,Low
2025-09-08,P0088,Strawberry,17,Low
2025-09-09,P0088,Strawberry,20.5,Low
2025-09-10,P0088,Strawberry,21.7,Low
2025-09-11,P0088,Strawberry,18.9,Low
2025-09-12,P0088,Strawberry,28.4,Medium
2025-02-21,P0089,Cucumber,23.7,Low
2025-02-22,P0089,Cucumber,25.5,Medium
2025-02-23,P0089,Cucumber,36.8,Medium
2025-02-24,P0089,Cucumber,39.8,Medium
2025-02-25,P0089,Cucumber,42.7,Medium
2025-02-26,P0089,Cucumber,40.7,Medium
2025-02-27,P0089,Cucumber,51.7,High
2025-02-28,P0089,Cucumber,58.6,High
2025-03-01,P0089,Cucumber,65.2,High
2025-03-02,P0089,Cucumber,53.7,High
2025-03-03,P0089,Cucumber,41.1,Medium
2025-03-04,P0089,Cucumber,51.4,High
2025-03-05,P0089,Cucumber,55.9,High
2025-03-06,P0089,Cucumber,61.5,High
2025-03-07,P0089,Cucumber,65.2,High
2025-03-08,P0089,Cucumber,63.5,High
2025-03-09,P0089,Cucumber,56.6,High
2025-03-10,P0089,Cucumber,49.7,Medium
2025-03-11,P0089,Cucumber,43.4,Medium
2025-03-12,P0089,Cucumber,42.7,Medium
2025-03-13,P0089,Cucumber,34.8,Medium
2025-03-14,P0089,Cucumber,43.7,Medium
2025-03-15,P0089,Cucumber,46,Medium
2025-03-16,P0089,Cucumber,46.8,Medium
2025-03-17,P0089,Cucumber,61.5,High
2025-03-18,P0089,Cucumber,64.5,High
2025-03-19,P0089,Cucumber,62.3,High
2025-03-20,P0089,Cucumber,66.9,High
2025-03-21,P0089,Cucumber,55.4,High
2025-03-22,P0089,Cucumber,56.7,High
2025-03-23,P0089,Cucumber,47.1,Medium
2025-03-24,P0089,Cucumber,44.4,Medium
2025-03-25,P0089,Cucumber,62.6,High
2025-03-26,P0089,Cucumber,64.1,High
2025-03-27,P0089,Cucumber,60.4,High
2025-03-28,P0089,Cucumber,59.1,High
2025-03-29,P0089,Cucumber,65.1,High
2025-03-30,P0089,Cucumber,64.7,High
2025-03-31,P0089,Cucumber,70.8,High
2025-04-01,P0089,Cucumber,61.3,High
2025-04-02,P0089,Cucumber,55,High
2025-04-03,P0089,Cucumber,57.3,High
2025-04-04,P0089,Cucumber,63.4,High
2025-04-05,P0089,Cucumber,65.7,High
2025-04-06,P0089,Cucumber,54.7,High
2025-04-07,P0089,Cucumber,46.6,Medium
2025-04-08,P0089,Cucumber,55.6,High
2025-04-09,P0089,Cucumber,49.6,Medium
2025-04-10,P0089,Cucumber,56.6,High
2025-04-11,P0089,Cucumber,55.5,High
2025-04-12,P0089,Cucumber,54.5,High
2025-04-13,P0089,Cucumber,54.3,High
2025-04-14,P0089,Cucumber,54.6,High
2025-04-15,P0089,Cucumber,49.6,Medium
2025-04-16,P0089,Cucumber,49.7,Medium
2025-04-17,P0089,Cucumber,45.2,Medium
2025-04-18,P0089,Cucumber,45,Medium
2025-04-19,P0089,Cucumber,34.7,Medium
2025-04-20,P0089,Cucumber,35.7,Medium
2025-04-21,P0089,Cucumber,38.6,Medium
2025-04-22,P0089,Cucumber,47.8,Medium
2025-04-23,P0089,Cucumber,47.9,Medium
2025-04-24,P0089,Cucumber,52.1,High
2025-04-25,P0089,Cucumber,63,High
2025-04-26,P0089,Cucumber,65.2,High
2025-04-27,P0089,Cucumber,59.9,High
2025-04-28,P0089,Cucumber,55.8,High
2025-04-29,P0089,Cucumber,53,High
2025-04-30,P0089,Cucumber,54.3,High
2025-05-01,P0089,Cucumber,50.4,High
2025-05-02,P0089,Cucumber,49.4,Medium
2025-05-03,P0089,Cucumber,46.5,Medium
2025-05-04,P0089,Cucumber,50.9,High
2025-05-05,P0089,Cucumber,46.1,Medium
2025-05-06,P0089,Cucumber,43.2,Medium
2025-05-07,P0089,Cucumber,41.9,Medium
2025-05-08,P0089,Cucumber,37.7,Medium
2025-05-09,P0089,Cucumber,44.6,Medium
2025-05-10,P0089,Cucumber,46.1,Medium
2025-05-11,P0089,Cucumber,53,High
2025-05-12,P0089,Cucumber,52.6,High
2025-05-13,P0089,Cucumber,50.7,High
2025-05-14,P0089,Cucumber,63.1,High
2025-05-15,P0089,Cucumber,54.7,High
2025-05-16,P0089,Cucumber,56,High
2025-05-17,P0089,Cucumber,55.6,High
2025-05-18,P0089,Cucumber,52.1,High
2025-05-19,P0089,Cucumber,39.9,Medium
2025-05-20,P0089,Cucumber,37.8,Medium
2025-05-21,P0089,Cucumber,20.7,Low
2025-05-22,P0089,Cucumber,23,Low
2025-05-23,P0089,Cucumber,24.6,Low
2025-05-24,P0089,Cucumber,34.9,Medium
2025-05-25,P0089,Cucumber,28.6,Medium
2025-05-26,P0089,Cucumber,28.9,Medium
2025-05-27,P0089,Cucumber,37.9,Medium
2025-05-28,P0089,Cucumber,30.8,Medium
2025-05-29,P0089,Cucumber,40.7,Medium
2025-05-30,P0089,Cucumber,30.9,Medium
2025-05-31,P0089,Cucumber,34,Medium
2025-06-01,P0089,Cucumber,34.5,Medium
2025-06-02,P0089,Cucumber,25.2,Medium
2025-06-03,P0089,Cucumber,29.1,Medium
2025-06-04,P0089,Cucumber,28.9,Medium
2025-06-05,P0089,Cucumber,30.5,Medium
2025-06-06,P0089,Cucumber,35.4,Medium
2025-06-07,P0089,Cucumber,27.6,Medium
2025-06-08,P0089,Cucumber,22.5,Low
2025-06-09,P0089,Cucumber,35.4,Medium
2025-06-10,P0089,Cucumber,41.7,Medium
2025-06-11,P0089,Cucumber,36.5,Medium
2025-06-12,P0089,Cucumber,40.5,Medium
2025-06-13,P0089,Cucumber,31,Medium
2025-06-14,P0089,Cucumber,30.5,Medium
2025-06-15,P0089,Cucumber,39,Medium
2025-06-16,P0089,Cucumber,37.6,Medium
2025-06-17,P0089,Cucumber,42.3,Medium
2025-06-18,P0089,Cucumber,33.1,Medium
2025-06-19,P0089,Cucumber,44.1,Medium
2025-06-20,P0089,Cucumber,41.6,Medium
2025-06-21,P0089,Cucumber,38.4,Medium
2025-06-22,P0089,Cucumber,41.8,Medium
2025-06-23,P0089,Cucumber,42.7,Medium
2025-06-24,P0089,Cucumber,44.7,Medium
2025-06-25,P0089,Cucumber,33.4,Medium
2025-06-26,P0089,Cucumber,18.1,Low
2025-06-27,P0089,Cucumber,18.6,Low
2025-06-28,P0089,Cucumber,22.4,Low
2025-06-29,P0089,Cucumber,33.9,Medium
2025-06-30,P0089,Cucumber,29.6,Medium
2025-07-01,P0089,Cucumber,27.6,Medium
2025-07-02,P0089,Cucumber,38.3,Medium
2025-07-03,P0089,Cucumber,36.8,Medium
2025-07-04,P0089,Cucumber,46,Medium
2025-07-05,P0089,Cucumber,50,High
2025-07-06,P0089,Cucumber,37.8,Medium
2025-07-07,P0089,Cucumber,36.4,Medium
2025-07-08,P0089,Cucumber,38.9,Medium
2025-07-09,P0089,Cucumber,29.5,Medium
2025-07-10,P0089,Cucumber,25.7,Medium
2025-07-11,P0089,Cucumber,24.1,Low
2025-07-12,P0089,Cucumber,33.3,Medium
2025-07-13,P0089,Cucumber,27.3,Medium
2025-07-14,P0089,Cucumber,19.1,Low
2025-07-15,P0089,Cucumber,18.7,Low
2025-07-16,P0089,Cucumber,25,Medium
2025-07-17,P0089,Cucumber,19.6,Low
2025-07-18,P0089,Cucumber,25.4,Medium
2025-07-19,P0089,Cucumber,20.4,Low
2025-07-20,P0089,Cucumber,19.9,Low
2025-07-21,P0089,Cucumber,21.3,Low
2025-07-22,P0089,Cucumber,25.2,Medium
2025-07-23,P0089,Cucumber,28.8,Medium
2025-07-24,P0089,Cucumber,35.1,Medium
2025-07-25,P0089,Cucumber,23.4,Low
2025-07-26,P0089,Cucumber,26.2,Medium
2025-07-27,P0089,Cucumber,25.4,Medium
2025-07-28,P0089,Cucumber,27.5,Medium
2025-07-29,P0089,Cucumber,33.6,Medium
2025-07-30,P0089,Cucumber,29.4,Medium
2025-07-31,P0089,Cucumber,28.1,Medium
2025-08-01,P0089,Cucumber,35,Medium
2025-08-02,P0089,Cucumber,39.5,Medium
2025-08-03,P0089,Cucumber,34.5,Medium
2025-08-04,P0089,Cucumber,36.5,Medium
2025-08-05,P0089,Cucumber,36.1,Medium
2025-08-06,P0089,Cucumber,31.7,Medium
2025-08-07,P0089,Cucumber,34.4,Medium
2025-08-08,P0089,Cucumber,28.9,Medium
2025-08-09,P0089,Cucumber,37.4,Medium
2025-08-10,P0089,Cucumber,17.9,Low
2025-08-11,P0089,Cucumber,26.6,Medium
2025-08-12,P0089,Cucumber,29.7,Medium
2025-08-13,P0089,Cucumber,37.8,Medium
2025-08-14,P0089,Cucumber,26.7,Medium
2025-08-15,P0089,Cucumber,29.6,Medium
2025-08-16,P0089,Cucumber,29.6,Medium
2025-08-17,P0089,Cucumber,26.5,Medium
2025-08-18,P0089,Cucumber,28,Medium
2025-08-19,P0089,Cucumber,27.7,Medium
2025-08-20,P0089,Cucumber,26.3,Medium
2025-08-21,P0089,Cucumber,26.5,Medium
2025-08-22,P0089,Cucumber,32.8,Medium
2025-08-23,P0089,Cucumber,29.7,Medium
2025-08-24,P0089,Cucumber,29.5,Medium
2025-08-25,P0089,Cucumber,29.9,Medium
2025-08-26,P0089,Cucumber,43.3,Medium
2025-08-27,P0089,Cucumber,48.6,Medium
2025-08-28,P0089,Cucumber,52.5,High
2025-08-29,P0089,Cucumber,41.5,Medium
2025-08-30,P0089,Cucumber,39.9,Medium
2025-08-31,P0089,Cucumber,42.1,Medium
2025-09-01,P0089,Cucumber,42.1,Medium
2025-09-02,P0089,Cucumber,38.8,Medium
2025-09-03,P0089,Cucumber,37,Medium
2025-09-04,P0089,Cucumber,31.2,Medium
2025-09-05,P0089,Cucumber,30.2,Medium
2025-09-06,P0089,Cucumber,26,Medium
2025-09-07,P0089,Cucumber,34.9,Medium
2025-09-08,P0089,Cucumber,25,Medium
2025-09-09,P0089,Cucumber,20.9,Low
2025-09-10,P0089,Cucumber,20.3,Low
2025-09-11,P0089,Cucumber,26.8,Medium
2025-09-12,P0089,Cucumber,33.7,Medium
2025-02-21,P0090,Strawberry,22.3,Low
2025-02-22,P0090,Strawberry,23.7,Low
2025-02-23,P0090,Strawberry,21,Low
2025-02-24,P0090,Strawberry,13.9,Low
2025-02-25,P0090,Strawberry,24.1,Low
2025-02-26,P0090,Strawberry,21.1,Low
2025-02-27,P0090,Strawberry,18.7,Low
2025-02-28,P0090,Strawberry,29.9,Medium
2025-03-01,P0090,Strawberry,49.8,Medium
2025-03-02,P0090,Strawberry,52.8,High
2025-03-03,P0090,Strawberry,33.3,Medium
2025-03-04,P0090,Strawberry,31.9,Medium
2025-03-05,P0090,Strawberry,37.8,Medium
2025-03-06,P0090,Strawberry,50.2,High
2025-03-07,P0090,Strawberry,52.5,High
2025-03-08,P0090,Strawberry,46.7,Medium
2025-03-09,P0090,Strawberry,44.4,Medium
2025-03-10,P0090,Strawberry,39.3,Medium
2025-03-11,P0090,Strawberry,43,Medium
2025-03-12,P0090,Strawberry,47.9,Medium
2025-03-13,P0090,Strawberry,48.2,Medium
2025-03-14,P0090,Strawberry,55.2,High
2025-03-15,P0090,Strawberry,65.1,High
2025-03-16,P0090,Strawberry,61.2,High
2025-03-17,P0090,Strawberry,61.2,High
2025-03-18,P0090,Strawberry,65.8,High
2025-03-19,P0090,Strawberry,62.7,High
2025-03-20,P0090,Strawberry,58.5,High
2025-03-21,P0090,Strawberry,55.3,High
2025-03-22,P0090,Strawberry,35.8,Medium
2025-03-23,P0090,Strawberry,48.9,Medium
2025-03-24,P0090,Strawberry,44.7,Medium
2025-03-25,P0090,Strawberry,40.1,Medium
2025-03-26,P0090,Strawberry,36.9,Medium
2025-03-27,P0090,Strawberry,37.7,Medium
2025-03-28,P0090,Strawberry,29.9,Medium
2025-03-29,P0090,Strawberry,36.9,Medium
2025-03-30,P0090,Strawberry,34.9,Medium
2025-03-31,P0090,Strawberry,39.6,Medium
2025-04-01,P0090,Strawberry,40.9,Medium
2025-04-02,P0090,Strawberry,45.9,Medium
2025-04-03,P0090,Strawberry,48.2,Medium
2025-04-04,P0090,Strawberry,64.5,High
2025-04-05,P0090,Strawberry,70.1,High
2025-04-06,P0090,Strawberry,74.9,High
2025-04-07,P0090,Strawberry,67.7,High
2025-04-08,P0090,Strawberry,60.4,High
2025-04-09,P0090,Strawberry,57.1,High
2025-04-10,P0090,Strawberry,60.8,High
2025-04-11,P0090,Strawberry,48.9,Medium
2025-04-12,P0090,Strawberry,47.5,Medium
2025-04-13,P0090,Strawberry,40.7,Medium
2025-04-14,P0090,Strawberry,41.4,Medium
2025-04-15,P0090,Strawberry,40.8,Medium
2025-04-16,P0090,Strawberry,41.2,Medium
2025-04-17,P0090,Strawberry,37.8,Medium
2025-04-18,P0090,Strawberry,42.6,Medium
2025-04-19,P0090,Strawberry,41.6,Medium
2025-04-20,P0090,Strawberry,43.8,Medium
2025-04-21,P0090,Strawberry,37.7,Medium
2025-04-22,P0090,Strawberry,40.9,Medium
2025-04-23,P0090,Strawberry,41.8,Medium
2025-04-24,P0090,Strawberry,45.4,Medium
2025-04-25,P0090,Strawberry,51,High
2025-04-26,P0090,Strawberry,41.2,Medium
2025-04-27,P0090,Strawberry,43.3,Medium
2025-04-28,P0090,Strawberry,45.6,Medium
2025-04-29,P0090,Strawberry,48.5,Medium
2025-04-30,P0090,Strawberry,40,Medium
2025-05-01,P0090,Strawberry,39.5,Medium
2025-05-02,P0090,Strawberry,34.4,Medium
2025-05-03,P0090,Strawberry,29.3,Medium
2025-05-04,P0090,Strawberry,39.2,Medium
2025-05-05,P0090,Strawberry,28.6,Medium
2025-05-06,P0090,Strawberry,50,High
2025-05-07,P0090,Strawberry,44.3,Medium
2025-05-08,P0090,Strawberry,48.3,Medium
2025-05-09,P0090,Strawberry,60.2,High
2025-05-10,P0090,Strawberry,49,Medium
2025-05-11,P0090,Strawberry,47.9,Medium
2025-05-12,P0090,Strawberry,46.7,Medium
2025-05-13,P0090,Strawberry,52.3,High
2025-05-14,P0090,Strawberry,53.1,High
2025-05-15,P0090,Strawberry,32.4,Medium
2025-05-16,P0090,Strawberry,29.5,Medium
2025-05-17,P0090,Strawberry,21.4,Low
2025-05-18,P0090,Strawberry,32,Medium
2025-05-19,P0090,Strawberry,28.6,Medium
2025-05-20,P0090,Strawberry,30.7,Medium
2025-05-21,P0090,Strawberry,40.4,Medium
2025-05-22,P0090,Strawberry,44.9,Medium
2025-05-23,P0090,Strawberry,40.6,Medium
2025-05-24,P0090,Strawberry,45.2,Medium
2025-05-25,P0090,Strawberry,38.7,Medium
2025-05-26,P0090,Strawberry,36.7,Medium
2025-05-27,P0090,Strawberry,35.7,Medium
2025-05-28,P0090,Strawberry,31.3,Medium
2025-05-29,P0090,Strawberry,44.6,Medium
2025-05-30,P0090,Strawberry,39.5,Medium
2025-05-31,P0090,Strawberry,31.4,Medium
2025-06-01,P0090,Strawberry,30.9,Medium
2025-06-02,P0090,Strawberry,18.4,Low
2025-06-03,P0090,Strawberry,27.8,Medium
2025-06-04,P0090,Strawberry,23.8,Low
2025-06-05,P0090,Strawberry,17.7,Low
2025-06-06,P0090,Strawberry,8.9,Low
2025-06-07,P0090,Strawberry,6.9,Low
2025-06-08,P0090,Strawberry,6.1,Low
2025-06-09,P0090,Strawberry,2.7,Low
2025-06-10,P0090,Strawberry,5.8,Low
2025-06-11,P0090,Strawberry,3.5,Low
2025-06-12,P0090,Strawberry,17,Low
2025-06-13,P0090,Strawberry,15.5,Low
2025-06-14,P0090,Strawberry,19.1,Low
2025-06-15,P0090,Strawberry,27.6,Medium
2025-06-16,P0090,Strawberry,40.3,Medium
2025-06-17,P0090,Strawberry,45.5,Medium
2025-06-18,P0090,Strawberry,42.8,Medium
2025-06-19,P0090,Strawberry,26.8,Medium
2025-06-20,P0090,Strawberry,33.5,Medium
2025-06-21,P0090,Strawberry,33.2,Medium
2025-06-22,P0090,Strawberry,30.2,Medium
2025-06-23,P0090,Strawberry,39,Medium
2025-06-24,P0090,Strawberry,20.3,Low
2025-06-25,P0090,Strawberry,14.6,Low
2025-06-26,P0090,Strawberry,16,Low
2025-06-27,P0090,Strawberry,18.8,Low
2025-06-28,P0090,Strawberry,20.4,Low
2025-06-29,P0090,Strawberry,21.8,Low
2025-06-30,P0090,Strawberry,21.2,Low
2025-07-01,P0090,Strawberry,23.9,Low
2025-07-02,P0090,Strawberry,38.2,Medium
2025-07-03,P0090,Strawberry,31.6,Medium
2025-07-04,P0090,Strawberry,32.1,Medium
2025-07-05,P0090,Strawberry,32.4,Medium
2025-07-06,P0090,Strawberry,39.7,Medium
2025-07-07,P0090,Strawberry,39.1,Medium
2025-07-08,P0090,Strawberry,24.9,Low
2025-07-09,P0090,Strawberry,20.3,Low
2025-07-10,P0090,Strawberry,18.8,Low
2025-07-11,P0090,Strawberry,18.2,Low
2025-07-12,P0090,Strawberry,13.2,Low
2025-07-13,P0090,Strawberry,13.7,Low
2025-07-14,P0090,Strawberry,13.6,Low
2025-07-15,P0090,Strawberry,18.2,Low
2025-07-16,P0090,Strawberry,19.7,Low
2025-07-17,P0090,Strawberry,27.7,Medium
2025-07-18,P0090,Strawberry,35.2,Medium
2025-07-19,P0090,Strawberry,37.1,Medium
2025-07-20,P0090,Strawberry,33.5,Medium
2025-07-21,P0090,Strawberry,46.4,Medium
2025-07-22,P0090,Strawberry,46.1,Medium
2025-07-23,P0090,Strawberry,57.9,High
2025-07-24,P0090,Strawberry,50.1,High
2025-07-25,P0090,Strawberry,44,Medium
2025-07-26,P0090,Strawberry,41.5,Medium
2025-07-27,P0090,Strawberry,43,Medium
2025-07-28,P0090,Strawberry,39.7,Medium
2025-07-29,P0090,Strawberry,33.3,Medium
2025-07-30,P0090,Strawberry,35.9,Medium
2025-07-31,P0090,Strawberry,35.2,Medium
2025-08-01,P0090,Strawberry,31,Medium
2025-08-02,P0090,Strawberry,26.9,Medium
2025-08-03,P0090,Strawberry,25.5,Medium
2025-08-04,P0090,Strawberry,27.8,Medium
2025-08-05,P0090,Strawberry,26.6,Medium
2025-08-06,P0090,Strawberry,14.8,Low
2025-08-07,P0090,Strawberry,25.8,Medium
2025-08-08,P0090,Strawberry,24.9,Low
2025-08-09,P0090,Strawberry,32,Medium
2025-08-10,P0090,Strawberry,31.2,Medium
2025-08-11,P0090,Strawberry,29.8,Medium
2025-08-12,P0090,Strawberry,33.5,Medium
2025-08-13,P0090,Strawberry,36.5,Medium
2025-08-14,P0090,Strawberry,44.5,Medium
2025-08-15,P0090,Strawberry,33.4,Medium
2025-08-16,P0090,Strawberry,32.8,Medium
2025-08-17,P0090,Strawberry,30.1,Medium
2025-08-18,P0090,Strawberry,38.8,Medium
2025-08-19,P0090,Strawberry,32.6,Medium
2025-08-20,P0090,Strawberry,26.3,Medium
2025-08-21,P0090,Strawberry,15.7,Low
2025-08-22,P0090,Strawberry,14,Low
2025-08-23,P0090,Strawberry,13.6,Low
2025-08-24,P0090,Strawberry,21.9,Low
2025-08-25,P0090,Strawberry,19.1,Low
2025-08-26,P0090,Strawberry,21,Low
2025-08-27,P0090,Strawberry,23.3,Low
2025-08-28,P0090,Strawberry,32.3,Medium
2025-08-29,P0090,Strawberry,32.9,Medium
2025-08-30,P0090,Strawberry,31.7,Medium
2025-08-31,P0090,Strawberry,25.7,Medium
2025-09-01,P0090,Strawberry,38.5,Medium
2025-09-02,P0090,Strawberry,29.2,Medium
2025-09-03,P0090,Strawberry,31,Medium
2025-09-04,P0090,Strawberry,33.7,Medium
2025-09-05,P0090,Strawberry,33.9,Medium
2025-09-06,P0090,Strawberry,26,Medium
2025-09-07,P0090,Strawberry,22.8,Low
2025-09-08,P0090,Strawberry,19.9,Low
2025-09-09,P0090,Strawberry,24.8,Low
2025-09-10,P0090,Strawberry,21.6,Low
2025-09-11,P0090,Strawberry,23.7,Low
2025-09-12,P0090,Strawberry,29.4,Medium
2025-02-21,P0091,Strawberry,31.3,Medium
2025-02-22,P0091,Strawberry,27.3,Medium
2025-02-23,P0091,Strawberry,27.5,Medium
2025-02-24,P0091,Strawberry,30.1,Medium
2025-02-25,P0091,Strawberry,22.6,Low
2025-02-26,P0091,Strawberry,35.9,Medium
2025-02-27,P0091,Strawberry,30.2,Medium
2025-02-28,P0091,Strawberry,36.7,Medium
2025-03-01,P0091,Strawberry,37.2,Medium
2025-03-02,P0091,Strawberry,32.5,Medium
2025-03-03,P0091,Strawberry,37.6,Medium
2025-03-04,P0091,Strawberry,42.5,Medium
2025-03-05,P0091,Strawberry,31.3,Medium
2025-03-06,P0091,Strawberry,41.3,Medium
2025-03-07,P0091,Strawberry,39.5,Medium
2025-03-08,P0091,Strawberry,45.6,Medium
2025-03-09,P0091,Strawberry,43.3,Medium
2025-03-10,P0091,Strawberry,49.9,Medium
2025-03-11,P0091,Strawberry,39.5,Medium
2025-03-12,P0091,Strawberry,50.1,High
2025-03-13,P0091,Strawberry,50.8,High
2025-03-14,P0091,Strawberry,44.7,Medium
2025-03-15,P0091,Strawberry,45.2,Medium
2025-03-16,P0091,Strawberry,43,Medium
2025-03-17,P0091,Strawberry,45.8,Medium
2025-03-18,P0091,Strawberry,39,Medium
2025-03-19,P0091,Strawberry,39.5,Medium
2025-03-20,P0091,Strawberry,43.1,Medium
2025-03-21,P0091,Strawberry,40.7,Medium
2025-03-22,P0091,Strawberry,41.9,Medium
2025-03-23,P0091,Strawberry,45.1,Medium
2025-03-24,P0091,Strawberry,46.9,Medium
2025-03-25,P0091,Strawberry,34.7,Medium
2025-03-26,P0091,Strawberry,40.7,Medium
2025-03-27,P0091,Strawberry,54.1,High
2025-03-28,P0091,Strawberry,50,High
2025-03-29,P0091,Strawberry,50.4,High
2025-03-30,P0091,Strawberry,40.5,Medium
2025-03-31,P0091,Strawberry,51.1,High
2025-04-01,P0091,Strawberry,55,High
2025-04-02,P0091,Strawberry,53.8,High
2025-04-03,P0091,Strawberry,45.2,Medium
2025-04-04,P0091,Strawberry,50.7,High
2025-04-05,P0091,Strawberry,64.5,High
2025-04-06,P0091,Strawberry,66.6,High
2025-04-07,P0091,Strawberry,68,High
2025-04-08,P0091,Strawberry,66.8,High
2025-04-09,P0091,Strawberry,59.1,High
2025-04-10,P0091,Strawberry,59.4,High
2025-04-11,P0091,Strawberry,63.9,High
2025-04-12,P0091,Strawberry,59.5,High
2025-04-13,P0091,Strawberry,53.4,High
2025-04-14,P0091,Strawberry,47.3,Medium
2025-04-15,P0091,Strawberry,46.8,Medium
2025-04-16,P0091,Strawberry,45.6,Medium
2025-04-17,P0091,Strawberry,50.4,High
2025-04-18,P0091,Strawberry,47.3,Medium
2025-04-19,P0091,Strawberry,41.5,Medium
2025-04-20,P0091,Strawberry,46.2,Medium
2025-04-21,P0091,Strawberry,44.9,Medium
2025-04-22,P0091,Strawberry,48.1,Medium
2025-04-23,P0091,Strawberry,48.5,Medium
2025-04-24,P0091,Strawberry,45.7,Medium
2025-04-25,P0091,Strawberry,45.1,Medium
2025-04-26,P0091,Strawberry,50.2,High
2025-04-27,P0091,Strawberry,55,High
2025-04-28,P0091,Strawberry,51.2,High
2025-04-29,P0091,Strawberry,56.7,High
2025-04-30,P0091,Strawberry,59.3,High
2025-05-01,P0091,Strawberry,47.3,Medium
2025-05-02,P0091,Strawberry,62.2,High
2025-05-03,P0091,Strawberry,62.6,High
2025-05-04,P0091,Strawberry,53.4,High
2025-05-05,P0091,Strawberry,51.6,High
2025-05-06,P0091,Strawberry,52.2,High
2025-05-07,P0091,Strawberry,55.7,High
2025-05-08,P0091,Strawberry,38.9,Medium
2025-05-09,P0091,Strawberry,43.5,Medium
2025-05-10,P0091,Strawberry,50.9,High
2025-05-11,P0091,Strawberry,57.6,High
2025-05-12,P0091,Strawberry,55,High
2025-05-13,P0091,Strawberry,48.7,Medium
2025-05-14,P0091,Strawberry,42.4,Medium
2025-05-15,P0091,Strawberry,35.6,Medium
2025-05-16,P0091,Strawberry,33.1,Medium
2025-05-17,P0091,Strawberry,27.7,Medium
2025-05-18,P0091,Strawberry,34.9,Medium
2025-05-19,P0091,Strawberry,27.5,Medium
2025-05-20,P0091,Strawberry,32.6,Medium
2025-05-21,P0091,Strawberry,24.3,Low
2025-05-22,P0091,Strawberry,24.4,Low
2025-05-23,P0091,Strawberry,21.5,Low
2025-05-24,P0091,Strawberry,21.8,Low
2025-05-25,P0091,Strawberry,15.1,Low
2025-05-26,P0091,Strawberry,26.6,Medium
2025-05-27,P0091,Strawberry,16.4,Low
2025-05-28,P0091,Strawberry,29.3,Medium
2025-05-29,P0091,Strawberry,31.2,Medium
2025-05-30,P0091,Strawberry,26.9,Medium
2025-05-31,P0091,Strawberry,36.7,Medium
2025-06-01,P0091,Strawberry,41,Medium
2025-06-02,P0091,Strawberry,35.6,Medium
2025-06-03,P0091,Strawberry,39.5,Medium
2025-06-04,P0091,Strawberry,31.3,Medium
2025-06-05,P0091,Strawberry,25.4,Medium
2025-06-06,P0091,Strawberry,24.6,Low
2025-06-07,P0091,Strawberry,32.7,Medium
2025-06-08,P0091,Strawberry,29.1,Medium
2025-06-09,P0091,Strawberry,20.6,Low
2025-06-10,P0091,Strawberry,23.1,Low
2025-06-11,P0091,Strawberry,20.4,Low
2025-06-12,P0091,Strawberry,21.7,Low
2025-06-13,P0091,Strawberry,30.4,Medium
2025-06-14,P0091,Strawberry,24.1,Low
2025-06-15,P0091,Strawberry,19.2,Low
2025-06-16,P0091,Strawberry,18.3,Low
2025-06-17,P0091,Strawberry,32.1,Medium
2025-06-18,P0091,Strawberry,34.1,Medium
2025-06-19,P0091,Strawberry,27.8,Medium
2025-06-20,P0091,Strawberry,27.3,Medium
2025-06-21,P0091,Strawberry,27.9,Medium
2025-06-22,P0091,Strawberry,42,Medium
2025-06-23,P0091,Strawberry,45.9,Medium
2025-06-24,P0091,Strawberry,44,Medium
2025-06-25,P0091,Strawberry,41.8,Medium
2025-06-26,P0091,Strawberry,37,Medium
2025-06-27,P0091,Strawberry,43,Medium
2025-06-28,P0091,Strawberry,43.9,Medium
2025-06-29,P0091,Strawberry,30.6,Medium
2025-06-30,P0091,Strawberry,27.6,Medium
2025-07-01,P0091,Strawberry,31.2,Medium
2025-07-02,P0091,Strawberry,29.1,Medium
2025-07-03,P0091,Strawberry,44.8,Medium
2025-07-04,P0091,Strawberry,43.7,Medium
2025-07-05,P0091,Strawberry,44.5,Medium
2025-07-06,P0091,Strawberry,44.8,Medium
2025-07-07,P0091,Strawberry,40.4,Medium
2025-07-08,P0091,Strawberry,46.2,Medium
2025-07-09,P0091,Strawberry,45.6,Medium
2025-07-10,P0091,Strawberry,36.9,Medium
2025-07-11,P0091,Strawberry,36.6,Medium
2025-07-12,P0091,Strawberry,26.6,Medium
2025-07-13,P0091,Strawberry,33.1,Medium
2025-07-14,P0091,Strawberry,30.9,Medium
2025-07-15,P0091,Strawberry,34,Medium
2025-07-16,P0091,Strawberry,23.1,Low
2025-07-17,P0091,Strawberry,24,Low
2025-07-18,P0091,Strawberry,27.2,Medium
2025-07-19,P0091,Strawberry,25.5,Medium
2025-07-20,P0091,Strawberry,22.1,Low
2025-07-21,P0091,Strawberry,26.5,Medium
2025-07-22,P0091,Strawberry,40.1,Medium
2025-07-23,P0091,Strawberry,51.9,High
2025-07-24,P0091,Strawberry,42.2,Medium
2025-07-25,P0091,Strawberry,35.4,Medium
2025-07-26,P0091,Strawberry,41.7,Medium
2025-07-27,P0091,Strawberry,33.7,Medium
2025-07-28,P0091,Strawberry,28.4,Medium
2025-07-29,P0091,Strawberry,27.7,Medium
2025-07-30,P0091,Strawberry,21.5,Low
2025-07-31,P0091,Strawberry,24.4,Low
2025-08-01,P0091,Strawberry,20.5,Low
2025-08-02,P0091,Strawberry,18.5,Low
2025-08-03,P0091,Strawberry,18,Low
2025-08-04,P0091,Strawberry,18.6,Low
2025-08-05,P0091,Strawberry,28.6,Medium
2025-08-06,P0091,Strawberry,21.3,Low
2025-08-07,P0091,Strawberry,24.4,Low
2025-08-08,P0091,Strawberry,23.8,Low
2025-08-09,P0091,Strawberry,27.9,Medium
2025-08-10,P0091,Strawberry,28.8,Medium
2025-08-11,P0091,Strawberry,35.9,Medium
2025-08-12,P0091,Strawberry,19.4,Low
2025-08-13,P0091,Strawberry,27.8,Medium
2025-08-14,P0091,Strawberry,26.7,Medium
2025-08-15,P0091,Strawberry,27.6,Medium
2025-08-16,P0091,Strawberry,29.2,Medium
2025-08-17,P0091,Strawberry,28.5,Medium
2025-08-18,P0091,Strawberry,31.7,Medium
2025-08-19,P0091,Strawberry,24.5,Low
2025-08-20,P0091,Strawberry,22.8,Low
2025-08-21,P0091,Strawberry,22.5,Low
2025-08-22,P0091,Strawberry,29.2,Medium
2025-08-23,P0091,Strawberry,33.8,Medium
2025-08-24,P0091,Strawberry,35.1,Medium
2025-08-25,P0091,Strawberry,33.7,Medium
2025-08-26,P0091,Strawberry,43.8,Medium
2025-08-27,P0091,Strawberry,49.7,Medium
2025-08-28,P0091,Strawberry,58.3,High
2025-08-29,P0091,Strawberry,47.3,Medium
2025-08-30,P0091,Strawberry,47.4,Medium
2025-08-31,P0091,Strawberry,59.1,High
2025-09-01,P0091,Strawberry,51.1,High
2025-09-02,P0091,Strawberry,48.6,Medium
2025-09-03,P0091,Strawberry,27.5,Medium
2025-09-04,P0091,Strawberry,25.7,Medium
2025-09-05,P0091,Strawberry,24.9,Low
2025-09-06,P0091,Strawberry,21.8,Low
2025-09-07,P0091,Strawberry,23.8,Low
2025-09-08,P0091,Strawberry,28.5,Medium
2025-09-09,P0091,Strawberry,25.5,Medium
2025-09-10,P0091,Strawberry,44.3,Medium
2025-09-11,P0091,Strawberry,41.4,Medium
2025-09-12,P0091,Strawberry,43.4,Medium
2025-02-21,P0092,Tomato,10.3,Low
2025-02-22,P0092,Tomato,21.8,Low
2025-02-23,P0092,Tomato,14.6,Low
2025-02-24,P0092,Tomato,12.4,Low
2025-02-25,P0092,Tomato,21.9,Low
2025-02-26,P0092,Tomato,23.5,Low
2025-02-27,P0092,Tomato,23.6,Low
2025-02-28,P0092,Tomato,38.3,Medium
2025-03-01,P0092,Tomato,42,Medium
2025-03-02,P0092,Tomato,37.7,Medium
2025-03-03,P0092,Tomato,38.4,Medium
2025-03-04,P0092,Tomato,48,Medium
2025-03-05,P0092,Tomato,56.4,High
2025-03-06,P0092,Tomato,61.1,High
2025-03-07,P0092,Tomato,57,High
2025-03-08,P0092,Tomato,59.1,High
2025-03-09,P0092,Tomato,60.7,High
2025-03-10,P0092,Tomato,58.2,High
2025-03-11,P0092,Tomato,48.8,Medium
2025-03-12,P0092,Tomato,39.3,Medium
2025-03-13,P0092,Tomato,50.3,High
2025-03-14,P0092,Tomato,45.8,Medium
2025-03-15,P0092,Tomato,43.9,Medium
2025-03-16,P0092,Tomato,52.4,High
2025-03-17,P0092,Tomato,45.8,Medium
2025-03-18,P0092,Tomato,43.7,Medium
2025-03-19,P0092,Tomato,51.5,High
2025-03-20,P0092,Tomato,55.5,High
2025-03-21,P0092,Tomato,54.7,High
2025-03-22,P0092,Tomato,58.2,High
2025-03-23,P0092,Tomato,61.1,High
2025-03-24,P0092,Tomato,47,Medium
2025-03-25,P0092,Tomato,60,High
2025-03-26,P0092,Tomato,52.9,High
2025-03-27,P0092,Tomato,57.2,High
2025-03-28,P0092,Tomato,65.2,High
2025-03-29,P0092,Tomato,65.9,High
2025-03-30,P0092,Tomato,61.1,High
2025-03-31,P0092,Tomato,60.9,High
2025-04-01,P0092,Tomato,60,High
2025-04-02,P0092,Tomato,60.1,High
2025-04-03,P0092,Tomato,63.9,High
2025-04-04,P0092,Tomato,63.2,High
2025-04-05,P0092,Tomato,63.6,High
2025-04-06,P0092,Tomato,63.7,High
2025-04-07,P0092,Tomato,70,High
2025-04-08,P0092,Tomato,58.3,High
2025-04-09,P0092,Tomato,57.1,High
2025-04-10,P0092,Tomato,53,High
2025-04-11,P0092,Tomato,59.2,High
2025-04-12,P0092,Tomato,59.2,High
2025-04-13,P0092,Tomato,58.7,High
2025-04-14,P0092,Tomato,57,High
2025-04-15,P0092,Tomato,60.4,High
2025-04-16,P0092,Tomato,58.1,High
2025-04-17,P0092,Tomato,63.5,High
2025-04-18,P0092,Tomato,56.2,High
2025-04-19,P0092,Tomato,68.1,High
2025-04-20,P0092,Tomato,69.4,High
2025-04-21,P0092,Tomato,65.9,High
2025-04-22,P0092,Tomato,68.3,High
2025-04-23,P0092,Tomato,62,High
2025-04-24,P0092,Tomato,63.2,High
2025-04-25,P0092,Tomato,45.7,Medium
2025-04-26,P0092,Tomato,51.4,High
2025-04-27,P0092,Tomato,43.6,Medium
2025-04-28,P0092,Tomato,43.1,Medium
2025-04-29,P0092,Tomato,44.1,Medium
2025-04-30,P0092,Tomato,45,Medium
2025-05-01,P0092,Tomato,47.6,Medium
2025-05-02,P0092,Tomato,46.2,Medium
2025-05-03,P0092,Tomato,42.2,Medium
2025-05-04,P0092,Tomato,45.3,Medium
2025-05-05,P0092,Tomato,48.8,Medium
2025-05-06,P0092,Tomato,40.6,Medium
2025-05-07,P0092,Tomato,43.5,Medium
2025-05-08,P0092,Tomato,45.5,Medium
2025-05-09,P0092,Tomato,51.6,High
2025-05-10,P0092,Tomato,54.1,High
2025-05-11,P0092,Tomato,56.4,High
2025-05-12,P0092,Tomato,52.5,High
2025-05-13,P0092,Tomato,57.6,High
2025-05-14,P0092,Tomato,53.1,High
2025-05-15,P0092,Tomato,40.7,Medium
2025-05-16,P0092,Tomato,52.2,High
2025-05-17,P0092,Tomato,41.2,Medium
2025-05-18,P0092,Tomato,41.3,Medium
2025-05-19,P0092,Tomato,50,High
2025-05-20,P0092,Tomato,46.8,Medium
2025-05-21,P0092,Tomato,48.7,Medium
2025-05-22,P0092,Tomato,48.5,Medium
2025-05-23,P0092,Tomato,41.8,Medium
2025-05-24,P0092,Tomato,42.7,Medium
2025-05-25,P0092,Tomato,41.3,Medium
2025-05-26,P0092,Tomato,34.6,Medium
2025-05-27,P0092,Tomato,45.5,Medium
2025-05-28,P0092,Tomato,32.4,Medium
2025-05-29,P0092,Tomato,34.5,Medium
2025-05-30,P0092,Tomato,35.3,Medium
2025-05-31,P0092,Tomato,40.7,Medium
2025-06-01,P0092,Tomato,25,Medium
2025-06-02,P0092,Tomato,27.5,Medium
2025-06-03,P0092,Tomato,23.6,Low
2025-06-04,P0092,Tomato,16.7,Low
2025-06-05,P0092,Tomato,20.5,Low
2025-06-06,P0092,Tomato,19.4,Low
2025-06-07,P0092,Tomato,23.7,Low
2025-06-08,P0092,Tomato,18.3,Low
2025-06-09,P0092,Tomato,19.6,Low
2025-06-10,P0092,Tomato,14.7,Low
2025-06-11,P0092,Tomato,16.2,Low
2025-06-12,P0092,Tomato,17,Low
2025-06-13,P0092,Tomato,20.5,Low
2025-06-14,P0092,Tomato,28.4,Medium
2025-06-15,P0092,Tomato,31,Medium
2025-06-16,P0092,Tomato,28.3,Medium
2025-06-17,P0092,Tomato,36.9,Medium
2025-06-18,P0092,Tomato,31.2,Medium
2025-06-19,P0092,Tomato,33.6,Medium
2025-06-20,P0092,Tomato,29,Medium
2025-06-21,P0092,Tomato,34.6,Medium
2025-06-22,P0092,Tomato,35.3,Medium
2025-06-23,P0092,Tomato,38.7,Medium
2025-06-24,P0092,Tomato,35.8,Medium
2025-06-25,P0092,Tomato,33.3,Medium
2025-06-26,P0092,Tomato,24.3,Low
2025-06-27,P0092,Tomato,29,Medium
2025-06-28,P0092,Tomato,24.4,Low
2025-06-29,P0092,Tomato,21.5,Low
2025-06-30,P0092,Tomato,21.8,Low
2025-07-01,P0092,Tomato,22.9,Low
2025-07-02,P0092,Tomato,16.8,Low
2025-07-03,P0092,Tomato,26.4,Medium
2025-07-04,P0092,Tomato,19.9,Low
2025-07-05,P0092,Tomato,27.9,Medium
2025-07-06,P0092,Tomato,23.8,Low
2025-07-07,P0092,Tomato,24.2,Low
2025-07-08,P0092,Tomato,21.9,Low
2025-07-09,P0092,Tomato,19.8,Low
2025-07-10,P0092,Tomato,19.4,Low
2025-07-11,P0092,Tomato,19.9,Low
2025-07-12,P0092,Tomato,23.3,Low
2025-07-13,P0092,Tomato,21.9,Low
2025-07-14,P0092,Tomato,17.8,Low
2025-07-15,P0092,Tomato,20.6,Low
2025-07-16,P0092,Tomato,24,Low
2025-07-17,P0092,Tomato,26.2,Medium
2025-07-18,P0092,Tomato,22.5,Low
2025-07-19,P0092,Tomato,23.8,Low
2025-07-20,P0092,Tomato,28.7,Medium
2025-07-21,P0092,Tomato,35.3,Medium
2025-07-22,P0092,Tomato,38.5,Medium
2025-07-23,P0092,Tomato,46.3,Medium
2025-07-24,P0092,Tomato,45.8,Medium
2025-07-25,P0092,Tomato,42.1,Medium
2025-07-26,P0092,Tomato,40.4,Medium
2025-07-27,P0092,Tomato,34.8,Medium
2025-07-28,P0092,Tomato,29.1,Medium
2025-07-29,P0092,Tomato,31.8,Medium
2025-07-30,P0092,Tomato,29,Medium
2025-07-31,P0092,Tomato,28.5,Medium
2025-08-01,P0092,Tomato,31.8,Medium
2025-08-02,P0092,Tomato,31,Medium
2025-08-03,P0092,Tomato,27.8,Medium
2025-08-04,P0092,Tomato,26.4,Medium
2025-08-05,P0092,Tomato,26.4,Medium
2025-08-06,P0092,Tomato,24.3,Low
2025-08-07,P0092,Tomato,23.8,Low
2025-08-08,P0092,Tomato,16.6,Low
2025-08-09,P0092,Tomato,28.1,Medium
2025-08-10,P0092,Tomato,26.8,Medium
2025-08-11,P0092,Tomato,41.4,Medium
2025-08-12,P0092,Tomato,33.1,Medium
2025-08-13,P0092,Tomato,37.5,Medium
2025-08-14,P0092,Tomato,40.8,Medium
2025-08-15,P0092,Tomato,41.3,Medium
2025-08-16,P0092,Tomato,33.6,Medium
2025-08-17,P0092,Tomato,26,Medium
2025-08-18,P0092,Tomato,25.3,Medium
2025-08-19,P0092,Tomato,17.9,Low
2025-08-20,P0092,Tomato,22.3,Low
2025-08-21,P0092,Tomato,29.1,Medium
2025-08-22,P0092,Tomato,26.1,Medium
2025-08-23,P0092,Tomato,28.5,Medium
2025-08-24,P0092,Tomato,22.5,Low
2025-08-25,P0092,Tomato,21.6,Low
2025-08-26,P0092,Tomato,28.1,Medium
2025-08-27,P0092,Tomato,37,Medium
2025-08-28,P0092,Tomato,39.9,Medium
2025-08-29,P0092,Tomato,34.6,Medium
2025-08-30,P0092,Tomato,30.4,Medium
2025-08-31,P0092,Tomato,29.8,Medium
2025-09-01,P0092,Tomato,22.2,Low
2025-09-02,P0092,Tomato,19.2,Low
2025-09-03,P0092,Tomato,22.3,Low
2025-09-04,P0092,Tomato,29.7,Medium
2025-09-05,P0092,Tomato,22.1,Low
2025-09-06,P0092,Tomato,35.1,Medium
2025-09-07,P0092,Tomato,34.6,Medium
2025-09-08,P0092,Tomato,35,Medium
2025-09-09,P0092,Tomato,31.7,Medium
2025-09-10,P0092,Tomato,31.5,Medium
2025-09-11,P0092,Tomato,25.9,Medium
2025-09-12,P0092,Tomato,41,Medium
2025-02-21,P0093,Cucumber,36.3,Medium
2025-02-22,P0093,Cucumber,32.1,Medium
2025-02-23,P0093,Cucumber,34.8,Medium
2025-02-24,P0093,Cucumber,26.7,Medium
2025-02-25,P0093,Cucumber,28.6,Medium
2025-02-26,P0093,Cucumber,43.3,Medium
2025-02-27,P0093,Cucumber,45,Medium
2025-02-28,P0093,Cucumber,47.9,Medium
2025-03-01,P0093,Cucumber,55,High
2025-03-02,P0093,Cucumber,67.2,High
2025-03-03,P0093,Cucumber,54,High
2025-03-04,P0093,Cucumber,53.5,High
2025-03-05,P0093,Cucumber,50.4,High
2025-03-06,P0093,Cucumber,43.6,Medium
2025-03-07,P0093,Cucumber,58.5,High
2025-03-08,P0093,Cucumber,60.5,High
2025-03-09,P0093,Cucumber,57.4,High
2025-03-10,P0093,Cucumber,63.2,High
2025-03-11,P0093,Cucumber,55.4,High
2025-03-12,P0093,Cucumber,58.3,High
2025-03-13,P0093,Cucumber,59.7,High
2025-03-14,P0093,Cucumber,53.8,High
2025-03-15,P0093,Cucumber,45.6,Medium
2025-03-16,P0093,Cucumber,41.7,Medium
2025-03-17,P0093,Cucumber,46.1,Medium
2025-03-18,P0093,Cucumber,49.6,Medium
2025-03-19,P0093,Cucumber,54.7,High
2025-03-20,P0093,Cucumber,68.7,High
2025-03-21,P0093,Cucumber,72.3,High
2025-03-22,P0093,Cucumber,71.4,High
2025-03-23,P0093,Cucumber,69.6,High
2025-03-24,P0093,Cucumber,68,High
2025-03-25,P0093,Cucumber,62.2,High
2025-03-26,P0093,Cucumber,61,High
2025-03-27,P0093,Cucumber,47.4,Medium
2025-03-28,P0093,Cucumber,43.4,Medium
2025-03-29,P0093,Cucumber,45.4,Medium
2025-03-30,P0093,Cucumber,48.5,Medium
2025-03-31,P0093,Cucumber,46.3,Medium
2025-04-01,P0093,Cucumber,62.4,High
2025-04-02,P0093,Cucumber,62.1,High
2025-04-03,P0093,Cucumber,60.9,High
2025-04-04,P0093,Cucumber,63.6,High
2025-04-05,P0093,Cucumber,65.5,High
2025-04-06,P0093,Cucumber,72.8,High
2025-04-07,P0093,Cucumber,69.4,High
2025-04-08,P0093,Cucumber,62.7,High
2025-04-09,P0093,Cucumber,60.7,High
2025-04-10,P0093,Cucumber,60.9,High
2025-04-11,P0093,Cucumber,64,High
2025-04-12,P0093,Cucumber,64.7,High
2025-04-13,P0093,Cucumber,61.3,High
2025-04-14,P0093,Cucumber,71.9,High
2025-04-15,P0093,Cucumber,65.7,High
2025-04-16,P0093,Cucumber,62.1,High
2025-04-17,P0093,Cucumber,61.9,High
2025-04-18,P0093,Cucumber,57.7,High
2025-04-19,P0093,Cucumber,57.5,High
2025-04-20,P0093,Cucumber,62,High
2025-04-21,P0093,Cucumber,53.8,High
2025-04-22,P0093,Cucumber,51.1,High
2025-04-23,P0093,Cucumber,58.3,High
2025-04-24,P0093,Cucumber,61.6,High
2025-04-25,P0093,Cucumber,64.1,High
2025-04-26,P0093,Cucumber,63.3,High
2025-04-27,P0093,Cucumber,59.6,High
2025-04-28,P0093,Cucumber,60.8,High
2025-04-29,P0093,Cucumber,63.5,High
2025-04-30,P0093,Cucumber,62.5,High
2025-05-01,P0093,Cucumber,55.5,High
2025-05-02,P0093,Cucumber,55.5,High
2025-05-03,P0093,Cucumber,51.2,High
2025-05-04,P0093,Cucumber,54,High
2025-05-05,P0093,Cucumber,62,High
2025-05-06,P0093,Cucumber,62.9,High
2025-05-07,P0093,Cucumber,56.7,High
2025-05-08,P0093,Cucumber,60,High
2025-05-09,P0093,Cucumber,58.3,High
2025-05-10,P0093,Cucumber,60.1,High
2025-05-11,P0093,Cucumber,62.9,High
2025-05-12,P0093,Cucumber,59.3,High
2025-05-13,P0093,Cucumber,64.4,High
2025-05-14,P0093,Cucumber,52.2,High
2025-05-15,P0093,Cucumber,54.1,High
2025-05-16,P0093,Cucumber,41.5,Medium
2025-05-17,P0093,Cucumber,43.7,Medium
2025-05-18,P0093,Cucumber,41.6,Medium
2025-05-19,P0093,Cucumber,37.9,Medium
2025-05-20,P0093,Cucumber,36.9,Medium
2025-05-21,P0093,Cucumber,50.7,High
2025-05-22,P0093,Cucumber,44.3,Medium
2025-05-23,P0093,Cucumber,51.7,High
2025-05-24,P0093,Cucumber,50.3,High
2025-05-25,P0093,Cucumber,48.8,Medium
2025-05-26,P0093,Cucumber,41.7,Medium
2025-05-27,P0093,Cucumber,45.7,Medium
2025-05-28,P0093,Cucumber,42.3,Medium
2025-05-29,P0093,Cucumber,34,Medium
2025-05-30,P0093,Cucumber,34.9,Medium
2025-05-31,P0093,Cucumber,46.3,Medium
2025-06-01,P0093,Cucumber,36.7,Medium
2025-06-02,P0093,Cucumber,38.3,Medium
2025-06-03,P0093,Cucumber,43,Medium
2025-06-04,P0093,Cucumber,39.6,Medium
2025-06-05,P0093,Cucumber,40.4,Medium
2025-06-06,P0093,Cucumber,44.6,Medium
2025-06-07,P0093,Cucumber,32.2,Medium
2025-06-08,P0093,Cucumber,31.1,Medium
2025-06-09,P0093,Cucumber,27.7,Medium
2025-06-10,P0093,Cucumber,39.2,Medium
2025-06-11,P0093,Cucumber,30.5,Medium
2025-06-12,P0093,Cucumber,28.2,Medium
2025-06-13,P0093,Cucumber,33.4,Medium
2025-06-14,P0093,Cucumber,32,Medium
2025-06-15,P0093,Cucumber,38,Medium
2025-06-16,P0093,Cucumber,41.4,Medium
2025-06-17,P0093,Cucumber,50.4,High
2025-06-18,P0093,Cucumber,51.7,High
2025-06-19,P0093,Cucumber,50.4,High
2025-06-20,P0093,Cucumber,38.8,Medium
2025-06-21,P0093,Cucumber,41.6,Medium
2025-06-22,P0093,Cucumber,45,Medium
2025-06-23,P0093,Cucumber,41.4,Medium
2025-06-24,P0093,Cucumber,31.4,Medium
2025-06-25,P0093,Cucumber,32.9,Medium
2025-06-26,P0093,Cucumber,36.3,Medium
2025-06-27,P0093,Cucumber,31.3,Medium
2025-06-28,P0093,Cucumber,38.4,Medium
2025-06-29,P0093,Cucumber,36.2,Medium
2025-06-30,P0093,Cucumber,37.7,Medium
2025-07-01,P0093,Cucumber,40.6,Medium
2025-07-02,P0093,Cucumber,45.8,Medium
2025-07-03,P0093,Cucumber,40.9,Medium
2025-07-04,P0093,Cucumber,44.9,Medium
2025-07-05,P0093,Cucumber,31.8,Medium
2025-07-06,P0093,Cucumber,41.2,Medium
2025-07-07,P0093,Cucumber,29.7,Medium
2025-07-08,P0093,Cucumber,31.3,Medium
2025-07-09,P0093,Cucumber,28.3,Medium
2025-07-10,P0093,Cucumber,34.3,Medium
2025-07-11,P0093,Cucumber,34.8,Medium
2025-07-12,P0093,Cucumber,41.3,Medium
2025-07-13,P0093,Cucumber,41.3,Medium
2025-07-14,P0093,Cucumber,36.1,Medium
2025-07-15,P0093,Cucumber,41.8,Medium
2025-07-16,P0093,Cucumber,44.5,Medium
2025-07-17,P0093,Cucumber,40.6,Medium
2025-07-18,P0093,Cucumber,40.4,Medium
2025-07-19,P0093,Cucumber,36.7,Medium
2025-07-20,P0093,Cucumber,31.9,Medium
2025-07-21,P0093,Cucumber,41,Medium
2025-07-22,P0093,Cucumber,49,Medium
2025-07-23,P0093,Cucumber,49.6,Medium
2025-07-24,P0093,Cucumber,43.2,Medium
2025-07-25,P0093,Cucumber,44.8,Medium
2025-07-26,P0093,Cucumber,44.1,Medium
2025-07-27,P0093,Cucumber,42.2,Medium
2025-07-28,P0093,Cucumber,42,Medium
2025-07-29,P0093,Cucumber,36.4,Medium
2025-07-30,P0093,Cucumber,37.2,Medium
2025-07-31,P0093,Cucumber,32.4,Medium
2025-08-01,P0093,Cucumber,38.2,Medium
2025-08-02,P0093,Cucumber,32.8,Medium
2025-08-03,P0093,Cucumber,40.7,Medium
2025-08-04,P0093,Cucumber,40.2,Medium
2025-08-05,P0093,Cucumber,40.6,Medium
2025-08-06,P0093,Cucumber,38.8,Medium
2025-08-07,P0093,Cucumber,39.5,Medium
2025-08-08,P0093,Cucumber,41.5,Medium
2025-08-09,P0093,Cucumber,41.9,Medium
2025-08-10,P0093,Cucumber,43.9,Medium
2025-08-11,P0093,Cucumber,42.5,Medium
2025-08-12,P0093,Cucumber,41.6,Medium
2025-08-13,P0093,Cucumber,35.1,Medium
2025-08-14,P0093,Cucumber,36.1,Medium
2025-08-15,P0093,Cucumber,39.5,Medium
2025-08-16,P0093,Cucumber,34.9,Medium
2025-08-17,P0093,Cucumber,48.6,Medium
2025-08-18,P0093,Cucumber,41.3,Medium
2025-08-19,P0093,Cucumber,46.4,Medium
2025-08-20,P0093,Cucumber,43.2,Medium
2025-08-21,P0093,Cucumber,46.4,Medium
2025-08-22,P0093,Cucumber,39.4,Medium
2025-08-23,P0093,Cucumber,44.1,Medium
2025-08-24,P0093,Cucumber,42.2,Medium
2025-08-25,P0093,Cucumber,38.6,Medium
2025-08-26,P0093,Cucumber,44.4,Medium
2025-08-27,P0093,Cucumber,54.5,High
2025-08-28,P0093,Cucumber,56,High
2025-08-29,P0093,Cucumber,68.1,High
2025-08-30,P0093,Cucumber,59.4,High
2025-08-31,P0093,Cucumber,58.2,High
2025-09-01,P0093,Cucumber,57.2,High
2025-09-02,P0093,Cucumber,51.6,High
2025-09-03,P0093,Cucumber,53,High
2025-09-04,P0093,Cucumber,45.9,Medium
2025-09-05,P0093,Cucumber,49.5,Medium
2025-09-06,P0093,Cucumber,45.1,Medium
2025-09-07,P0093,Cucumber,43.6,Medium
2025-09-08,P0093,Cucumber,49.7,Medium
2025-09-09,P0093,Cucumber,36,Medium
2025-09-10,P0093,Cucumber,33.7,Medium
2025-09-11,P0093,Cucumber,47,Medium
2025-09-12,P0093,Cucumber,51.8,High
2025-02-21,P0094,Strawberry,53,High
2025-02-22,P0094,Strawberry,41.8,Medium
2025-02-23,P0094,Strawberry,45.1,Medium
2025-02-24,P0094,Strawberry,43.9,Medium
2025-02-25,P0094,Strawberry,53.7,High
2025-02-26,P0094,Strawberry,57.2,High
2025-02-27,P0094,Strawberry,54.7,High
2025-02-28,P0094,Strawberry,54,High
2025-03-01,P0094,Strawberry,51.1,High
2025-03-02,P0094,Strawberry,63.7,High
2025-03-03,P0094,Strawberry,58.9,High
2025-03-04,P0094,Strawberry,46,Medium
2025-03-05,P0094,Strawberry,50,High
2025-03-06,P0094,Strawberry,47.6,Medium
2025-03-07,P0094,Strawberry,40,Medium
2025-03-08,P0094,Strawberry,46.2,Medium
2025-03-09,P0094,Strawberry,64.3,High
2025-03-10,P0094,Strawberry,53.8,High
2025-03-11,P0094,Strawberry,61.8,High
2025-03-12,P0094,Strawberry,61.5,High
2025-03-13,P0094,Strawberry,65,High
2025-03-14,P0094,Strawberry,58.2,High
2025-03-15,P0094,Strawberry,59.8,High
2025-03-16,P0094,Strawberry,63.4,High
2025-03-17,P0094,Strawberry,61,High
2025-03-18,P0094,Strawberry,57.3,High
2025-03-19,P0094,Strawberry,63.1,High
2025-03-20,P0094,Strawberry,59.2,High
2025-03-21,P0094,Strawberry,56.8,High
2025-03-22,P0094,Strawberry,50.4,High
2025-03-23,P0094,Strawberry,57.1,High
2025-03-24,P0094,Strawberry,62.6,High
2025-03-25,P0094,Strawberry,57.8,High
2025-03-26,P0094,Strawberry,59.8,High
2025-03-27,P0094,Strawberry,57.5,High
2025-03-28,P0094,Strawberry,55.8,High
2025-03-29,P0094,Strawberry,48.1,Medium
2025-03-30,P0094,Strawberry,56.1,High
2025-03-31,P0094,Strawberry,55.6,High
2025-04-01,P0094,Strawberry,48.5,Medium
2025-04-02,P0094,Strawberry,50.5,High
2025-04-03,P0094,Strawberry,53.6,High
2025-04-04,P0094,Strawberry,60.4,High
2025-04-05,P0094,Strawberry,64.3,High
2025-04-06,P0094,Strawberry,62.2,High
2025-04-07,P0094,Strawberry,62.4,High
2025-04-08,P0094,Strawberry,62.9,High
2025-04-09,P0094,Strawberry,55.4,High
2025-04-10,P0094,Strawberry,64.6,High
2025-04-11,P0094,Strawberry,60.8,High
2025-04-12,P0094,Strawberry,73.2,High
2025-04-13,P0094,Strawberry,74.5,High
2025-04-14,P0094,Strawberry,76,Critical
2025-04-15,P0094,Strawberry,74.7,High
2025-04-16,P0094,Strawberry,76.2,Critical
2025-04-17,P0094,Strawberry,74.3,High
2025-04-18,P0094,Strawberry,66.2,High
2025-04-19,P0094,Strawberry,58.5,High
2025-04-20,P0094,Strawberry,59.2,High
2025-04-21,P0094,Strawberry,59.7,High
2025-04-22,P0094,Strawberry,70,High
2025-04-23,P0094,Strawberry,68.5,High
2025-04-24,P0094,Strawberry,64.4,High
2025-04-25,P0094,Strawberry,53.7,High
2025-04-26,P0094,Strawberry,57.3,High
2025-04-27,P0094,Strawberry,56,High
2025-04-28,P0094,Strawberry,58.2,High
2025-04-29,P0094,Strawberry,46.1,Medium
2025-04-30,P0094,Strawberry,42.9,Medium
2025-05-01,P0094,Strawberry,42.7,Medium
2025-05-02,P0094,Strawberry,44.8,Medium
2025-05-03,P0094,Strawberry,44.4,Medium
2025-05-04,P0094,Strawberry,47.1,Medium
2025-05-05,P0094,Strawberry,40.9,Medium
2025-05-06,P0094,Strawberry,44.6,Medium
2025-05-07,P0094,Strawberry,45.7,Medium
2025-05-08,P0094,Strawberry,52.5,High
2025-05-09,P0094,Strawberry,47.7,Medium
2025-05-10,P0094,Strawberry,63,High
2025-05-11,P0094,Strawberry,67.1,High
2025-05-12,P0094,Strawberry,63.1,High
2025-05-13,P0094,Strawberry,54.7,High
2025-05-14,P0094,Strawberry,56.8,High
2025-05-15,P0094,Strawberry,45.1,Medium
2025-05-16,P0094,Strawberry,44.1,Medium
2025-05-17,P0094,Strawberry,39.4,Medium
2025-05-18,P0094,Strawberry,35.8,Medium
2025-05-19,P0094,Strawberry,40.2,Medium
2025-05-20,P0094,Strawberry,38,Medium
2025-05-21,P0094,Strawberry,43.3,Medium
2025-05-22,P0094,Strawberry,37.5,Medium
2025-05-23,P0094,Strawberry,43.4,Medium
2025-05-24,P0094,Strawberry,36.6,Medium
2025-05-25,P0094,Strawberry,44.7,Medium
2025-05-26,P0094,Strawberry,32.5,Medium
2025-05-27,P0094,Strawberry,33.1,Medium
2025-05-28,P0094,Strawberry,34.2,Medium
2025-05-29,P0094,Strawberry,37.4,Medium
2025-05-30,P0094,Strawberry,42.9,Medium
2025-05-31,P0094,Strawberry,43.6,Medium
2025-06-01,P0094,Strawberry,44.2,Medium
2025-06-02,P0094,Strawberry,36.1,Medium
2025-06-03,P0094,Strawberry,43.7,Medium
2025-06-04,P0094,Strawberry,33.6,Medium
2025-06-05,P0094,Strawberry,30.7,Medium
2025-06-06,P0094,Strawberry,33,Medium
2025-06-07,P0094,Strawberry,43.8,Medium
2025-06-08,P0094,Strawberry,37.4,Medium
2025-06-09,P0094,Strawberry,24.5,Low
2025-06-10,P0094,Strawberry,24.7,Low
2025-06-11,P0094,Strawberry,26.8,Medium
2025-06-12,P0094,Strawberry,27.2,Medium
2025-06-13,P0094,Strawberry,34.2,Medium
2025-06-14,P0094,Strawberry,39.7,Medium
2025-06-15,P0094,Strawberry,41.2,Medium
2025-06-16,P0094,Strawberry,52.4,High
2025-06-17,P0094,Strawberry,53.8,High
2025-06-18,P0094,Strawberry,50.2,High
2025-06-19,P0094,Strawberry,56.2,High
2025-06-20,P0094,Strawberry,47.2,Medium
2025-06-21,P0094,Strawberry,46.5,Medium
2025-06-22,P0094,Strawberry,41.9,Medium
2025-06-23,P0094,Strawberry,39.5,Medium
2025-06-24,P0094,Strawberry,34.9,Medium
2025-06-25,P0094,Strawberry,40.5,Medium
2025-06-26,P0094,Strawberry,27.3,Medium
2025-06-27,P0094,Strawberry,31,Medium
2025-06-28,P0094,Strawberry,28.6,Medium
2025-06-29,P0094,Strawberry,31.4,Medium
2025-06-30,P0094,Strawberry,31.4,Medium
2025-07-01,P0094,Strawberry,29.8,Medium
2025-07-02,P0094,Strawberry,32.7,Medium
2025-07-03,P0094,Strawberry,40.8,Medium
2025-07-04,P0094,Strawberry,39.8,Medium
2025-07-05,P0094,Strawberry,32.4,Medium
2025-07-06,P0094,Strawberry,35.6,Medium
2025-07-07,P0094,Strawberry,39.1,Medium
2025-07-08,P0094,Strawberry,45,Medium
2025-07-09,P0094,Strawberry,34,Medium
2025-07-10,P0094,Strawberry,37.1,Medium
2025-07-11,P0094,Strawberry,36.4,Medium
2025-07-12,P0094,Strawberry,35.5,Medium
2025-07-13,P0094,Strawberry,33.6,Medium
2025-07-14,P0094,Strawberry,39.2,Medium
2025-07-15,P0094,Strawberry,42.4,Medium
2025-07-16,P0094,Strawberry,40.3,Medium
2025-07-17,P0094,Strawberry,44.5,Medium
2025-07-18,P0094,Strawberry,49,Medium
2025-07-19,P0094,Strawberry,48.6,Medium
2025-07-20,P0094,Strawberry,42.8,Medium
2025-07-21,P0094,Strawberry,45.7,Medium
2025-07-22,P0094,Strawberry,38.1,Medium
2025-07-23,P0094,Strawberry,49.1,Medium
2025-07-24,P0094,Strawberry,37.3,Medium
2025-07-25,P0094,Strawberry,49.2,Medium
2025-07-26,P0094,Strawberry,46.2,Medium
2025-07-27,P0094,Strawberry,48.7,Medium
2025-07-28,P0094,Strawberry,51.8,High
2025-07-29,P0094,Strawberry,49.6,Medium
2025-07-30,P0094,Strawberry,36.9,Medium
2025-07-31,P0094,Strawberry,38.2,Medium
2025-08-01,P0094,Strawberry,28.4,Medium
2025-08-02,P0094,Strawberry,36.4,Medium
2025-08-03,P0094,Strawberry,35.7,Medium
2025-08-04,P0094,Strawberry,39.3,Medium
2025-08-05,P0094,Strawberry,51,High
2025-08-06,P0094,Strawberry,42.3,Medium
2025-08-07,P0094,Strawberry,36.2,Medium
2025-08-08,P0094,Strawberry,40.4,Medium
2025-08-09,P0094,Strawberry,49.5,Medium
2025-08-10,P0094,Strawberry,47.4,Medium
2025-08-11,P0094,Strawberry,57,High
2025-08-12,P0094,Strawberry,49.1,Medium
2025-08-13,P0094,Strawberry,52.8,High
2025-08-14,P0094,Strawberry,44.6,Medium
2025-08-15,P0094,Strawberry,45.8,Medium
2025-08-16,P0094,Strawberry,36.3,Medium
2025-08-17,P0094,Strawberry,46.6,Medium
2025-08-18,P0094,Strawberry,53,High
2025-08-19,P0094,Strawberry,44.3,Medium
2025-08-20,P0094,Strawberry,41.2,Medium
2025-08-21,P0094,Strawberry,38.9,Medium
2025-08-22,P0094,Strawberry,37.2,Medium
2025-08-23,P0094,Strawberry,39.9,Medium
2025-08-24,P0094,Strawberry,40.8,Medium
2025-08-25,P0094,Strawberry,39.2,Medium
2025-08-26,P0094,Strawberry,41.7,Medium
2025-08-27,P0094,Strawberry,49.6,Medium
2025-08-28,P0094,Strawberry,55.6,High
2025-08-29,P0094,Strawberry,46,Medium
2025-08-30,P0094,Strawberry,51.2,High
2025-08-31,P0094,Strawberry,39.6,Medium
2025-09-01,P0094,Strawberry,47.9,Medium
2025-09-02,P0094,Strawberry,42.7,Medium
2025-09-03,P0094,Strawberry,40.7,Medium
2025-09-04,P0094,Strawberry,38,Medium
2025-09-05,P0094,Strawberry,35.6,Medium
2025-09-06,P0094,Strawberry,33,Medium
2025-09-07,P0094,Strawberry,40.7,Medium
2025-09-08,P0094,Strawberry,30.6,Medium
2025-09-09,P0094,Strawberry,30.8,Medium
2025-09-10,P0094,Strawberry,28.7,Medium
2025-09-11,P0094,Strawberry,34.9,Medium
2025-09-12,P0094,Strawberry,32.9,Medium
2025-02-21,P0095,Strawberry,18.1,Low
2025-02-22,P0095,Strawberry,16.7,Low
2025-02-23,P0095,Strawberry,15.6,Low
2025-02-24,P0095,Strawberry,27.5,Medium
2025-02-25,P0095,Strawberry,31,Medium
2025-02-26,P0095,Strawberry,25.9,Medium
2025-02-27,P0095,Strawberry,34.7,Medium
2025-02-28,P0095,Strawberry,31.2,Medium
2025-03-01,P0095,Strawberry,39,Medium
2025-03-02,P0095,Strawberry,44.1,Medium
2025-03-03,P0095,Strawberry,43,Medium
2025-03-04,P0095,Strawberry,32.2,Medium
2025-03-05,P0095,Strawberry,33.4,Medium
2025-03-06,P0095,Strawberry,32.3,Medium
2025-03-07,P0095,Strawberry,33.8,Medium
2025-03-08,P0095,Strawberry,34.9,Medium
2025-03-09,P0095,Strawberry,33.6,Medium
2025-03-10,P0095,Strawberry,28.8,Medium
2025-03-11,P0095,Strawberry,28.3,Medium
2025-03-12,P0095,Strawberry,38.1,Medium
2025-03-13,P0095,Strawberry,31.3,Medium
2025-03-14,P0095,Strawberry,34,Medium
2025-03-15,P0095,Strawberry,34.4,Medium
2025-03-16,P0095,Strawberry,41.6,Medium
2025-03-17,P0095,Strawberry,44,Medium
2025-03-18,P0095,Strawberry,34.3,Medium
2025-03-19,P0095,Strawberry,46,Medium
2025-03-20,P0095,Strawberry,38.9,Medium
2025-03-21,P0095,Strawberry,46.3,Medium
2025-03-22,P0095,Strawberry,51.8,High
2025-03-23,P0095,Strawberry,38.3,Medium
2025-03-24,P0095,Strawberry,31.6,Medium
2025-03-25,P0095,Strawberry,44.6,Medium
2025-03-26,P0095,Strawberry,53.1,High
2025-03-27,P0095,Strawberry,57.9,High
2025-03-28,P0095,Strawberry,55,High
2025-03-29,P0095,Strawberry,60.9,High
2025-03-30,P0095,Strawberry,58.3,High
2025-03-31,P0095,Strawberry,61.6,High
2025-04-01,P0095,Strawberry,55.7,High
2025-04-02,P0095,Strawberry,53.1,High
2025-04-03,P0095,Strawberry,50.6,High
2025-04-04,P0095,Strawberry,57.9,High
2025-04-05,P0095,Strawberry,51.3,High
2025-04-06,P0095,Strawberry,60,High
2025-04-07,P0095,Strawberry,52.5,High
2025-04-08,P0095,Strawberry,51.9,High
2025-04-09,P0095,Strawberry,48,Medium
2025-04-10,P0095,Strawberry,52.9,High
2025-04-11,P0095,Strawberry,48.2,Medium
2025-04-12,P0095,Strawberry,47.7,Medium
2025-04-13,P0095,Strawberry,50.6,High
2025-04-14,P0095,Strawberry,49.8,Medium
2025-04-15,P0095,Strawberry,51,High
2025-04-16,P0095,Strawberry,50.2,High
2025-04-17,P0095,Strawberry,47.1,Medium
2025-04-18,P0095,Strawberry,48.5,Medium
2025-04-19,P0095,Strawberry,55,High
2025-04-20,P0095,Strawberry,51.1,High
2025-04-21,P0095,Strawberry,57.6,High
2025-04-22,P0095,Strawberry,54.8,High
2025-04-23,P0095,Strawberry,51.8,High
2025-04-24,P0095,Strawberry,40.3,Medium
2025-04-25,P0095,Strawberry,42.1,Medium
2025-04-26,P0095,Strawberry,41.5,Medium
2025-04-27,P0095,Strawberry,43.3,Medium
2025-04-28,P0095,Strawberry,35.8,Medium
2025-04-29,P0095,Strawberry,40.5,Medium
2025-04-30,P0095,Strawberry,43.2,Medium
2025-05-01,P0095,Strawberry,42.3,Medium
2025-05-02,P0095,Strawberry,44.8,Medium
2025-05-03,P0095,Strawberry,44.3,Medium
2025-05-04,P0095,Strawberry,48.1,Medium
2025-05-05,P0095,Strawberry,47.4,Medium
2025-05-06,P0095,Strawberry,50,High
2025-05-07,P0095,Strawberry,61.2,High
2025-05-08,P0095,Strawberry,59.8,High
2025-05-09,P0095,Strawberry,55,High
2025-05-10,P0095,Strawberry,58.5,High
2025-05-11,P0095,Strawberry,65.1,High
2025-05-12,P0095,Strawberry,67.9,High
2025-05-13,P0095,Strawberry,66.5,High
2025-05-14,P0095,Strawberry,66.5,High
2025-05-15,P0095,Strawberry,53.2,High
2025-05-16,P0095,Strawberry,61.9,High
2025-05-17,P0095,Strawberry,55.8,High
2025-05-18,P0095,Strawberry,54.2,High
2025-05-19,P0095,Strawberry,51.2,High
2025-05-20,P0095,Strawberry,41.4,Medium
2025-05-21,P0095,Strawberry,44.7,Medium
2025-05-22,P0095,Strawberry,46.8,Medium
2025-05-23,P0095,Strawberry,36.3,Medium
2025-05-24,P0095,Strawberry,39,Medium
2025-05-25,P0095,Strawberry,42.7,Medium
2025-05-26,P0095,Strawberry,33.1,Medium
2025-05-27,P0095,Strawberry,33.7,Medium
2025-05-28,P0095,Strawberry,30.9,Medium
2025-05-29,P0095,Strawberry,31.2,Medium
2025-05-30,P0095,Strawberry,35.2,Medium
2025-05-31,P0095,Strawberry,30.6,Medium
2025-06-01,P0095,Strawberry,30.2,Medium
2025-06-02,P0095,Strawberry,27.6,Medium
2025-06-03,P0095,Strawberry,30.9,Medium
2025-06-04,P0095,Strawberry,25.8,Medium
2025-06-05,P0095,Strawberry,33,Medium
2025-06-06,P0095,Strawberry,31.6,Medium
2025-06-07,P0095,Strawberry,31.4,Medium
2025-06-08,P0095,Strawberry,32.7,Medium
2025-06-09,P0095,Strawberry,32.4,Medium
2025-06-10,P0095,Strawberry,33.5,Medium
2025-06-11,P0095,Strawberry,41,Medium
2025-06-12,P0095,Strawberry,36.9,Medium
2025-06-13,P0095,Strawberry,32.1,Medium
2025-06-14,P0095,Strawberry,25.8,Medium
2025-06-15,P0095,Strawberry,31.3,Medium
2025-06-16,P0095,Strawberry,33.3,Medium
2025-06-17,P0095,Strawberry,45.7,Medium
2025-06-18,P0095,Strawberry,36.2,Medium
2025-06-19,P0095,Strawberry,32.8,Medium
2025-06-20,P0095,Strawberry,34,Medium
2025-06-21,P0095,Strawberry,41.8,Medium
2025-06-22,P0095,Strawberry,37.5,Medium
2025-06-23,P0095,Strawberry,35.2,Medium
2025-06-24,P0095,Strawberry,35.6,Medium
2025-06-25,P0095,Strawberry,28.3,Medium
2025-06-26,P0095,Strawberry,21,Low
2025-06-27,P0095,Strawberry,23.4,Low
2025-06-28,P0095,Strawberry,20.2,Low
2025-06-29,P0095,Strawberry,20.2,Low
2025-06-30,P0095,Strawberry,17.6,Low
2025-07-01,P0095,Strawberry,19.1,Low
2025-07-02,P0095,Strawberry,22,Low
2025-07-03,P0095,Strawberry,28.3,Medium
2025-07-04,P0095,Strawberry,19.8,Low
2025-07-05,P0095,Strawberry,25.6,Medium
2025-07-06,P0095,Strawberry,30.4,Medium
2025-07-07,P0095,Strawberry,30.6,Medium
2025-07-08,P0095,Strawberry,29.8,Medium
2025-07-09,P0095,Strawberry,36.9,Medium
2025-07-10,P0095,Strawberry,33.4,Medium
2025-07-11,P0095,Strawberry,23.8,Low
2025-07-12,P0095,Strawberry,41.3,Medium
2025-07-13,P0095,Strawberry,43.5,Medium
2025-07-14,P0095,Strawberry,46.3,Medium
2025-07-15,P0095,Strawberry,43.8,Medium
2025-07-16,P0095,Strawberry,43.3,Medium
2025-07-17,P0095,Strawberry,38.8,Medium
2025-07-18,P0095,Strawberry,35.8,Medium
2025-07-19,P0095,Strawberry,33.3,Medium
2025-07-20,P0095,Strawberry,36.7,Medium
2025-07-21,P0095,Strawberry,40.7,Medium
2025-07-22,P0095,Strawberry,38.4,Medium
2025-07-23,P0095,Strawberry,48.8,Medium
2025-07-24,P0095,Strawberry,39.6,Medium
2025-07-25,P0095,Strawberry,43.3,Medium
2025-07-26,P0095,Strawberry,40.1,Medium
2025-07-27,P0095,Strawberry,36.2,Medium
2025-07-28,P0095,Strawberry,35.6,Medium
2025-07-29,P0095,Strawberry,30.7,Medium
2025-07-30,P0095,Strawberry,31.6,Medium
2025-07-31,P0095,Strawberry,29.9,Medium
2025-08-01,P0095,Strawberry,22.9,Low
2025-08-02,P0095,Strawberry,28.8,Medium
2025-08-03,P0095,Strawberry,17.9,Low
2025-08-04,P0095,Strawberry,22,Low
2025-08-05,P0095,Strawberry,27.5,Medium
2025-08-06,P0095,Strawberry,30.8,Medium
2025-08-07,P0095,Strawberry,30.5,Medium
2025-08-08,P0095,Strawberry,25.5,Medium
2025-08-09,P0095,Strawberry,26.7,Medium
2025-08-10,P0095,Strawberry,27.8,Medium
2025-08-11,P0095,Strawberry,23.4,Low
2025-08-12,P0095,Strawberry,29.4,Medium
2025-08-13,P0095,Strawberry,36.7,Medium
2025-08-14,P0095,Strawberry,31.8,Medium
2025-08-15,P0095,Strawberry,33.5,Medium
2025-08-16,P0095,Strawberry,32.2,Medium
2025-08-17,P0095,Strawberry,28.2,Medium
2025-08-18,P0095,Strawberry,28.2,Medium
2025-08-19,P0095,Strawberry,24.1,Low
2025-08-20,P0095,Strawberry,25.3,Medium
2025-08-21,P0095,Strawberry,26.4,Medium
2025-08-22,P0095,Strawberry,27.1,Medium
2025-08-23,P0095,Strawberry,26.1,Medium
2025-08-24,P0095,Strawberry,27.5,Medium
2025-08-25,P0095,Strawberry,25.8,Medium
2025-08-26,P0095,Strawberry,39.5,Medium
2025-08-27,P0095,Strawberry,42,Medium
2025-08-28,P0095,Strawberry,44.5,Medium
2025-08-29,P0095,Strawberry,43.7,Medium
2025-08-30,P0095,Strawberry,45.6,Medium
2025-08-31,P0095,Strawberry,45.8,Medium
2025-09-01,P0095,Strawberry,45,Medium
2025-09-02,P0095,Strawberry,51.5,High
2025-09-03,P0095,Strawberry,38.4,Medium
2025-09-04,P0095,Strawberry,34.9,Medium
2025-09-05,P0095,Strawberry,38.2,Medium
2025-09-06,P0095,Strawberry,48.7,Medium
2025-09-07,P0095,Strawberry,36.1,Medium
2025-09-08,P0095,Strawberry,39,Medium
2025-09-09,P0095,Strawberry,37.3,Medium
2025-09-10,P0095,Strawberry,36.5,Medium
2025-09-11,P0095,Strawberry,35.4,Medium
2025-09-12,P0095,Strawberry,34.7,Medium
2025-02-21,P0096,Tomato,18.7,Low
2025-02-22,P0096,Tomato,19,Low
2025-02-23,P0096,Tomato,18.4,Low
2025-02-24,P0096,Tomato,29.7,Medium
2025-02-25,P0096,Tomato,27.5,Medium
2025-02-26,P0096,Tomato,34.8,Medium
2025-02-27,P0096,Tomato,35.8,Medium
2025-02-28,P0096,Tomato,45.9,Medium
2025-03-01,P0096,Tomato,34.4,Medium
2025-03-02,P0096,Tomato,45.5,Medium
2025-03-03,P0096,Tomato,47.8,Medium
2025-03-04,P0096,Tomato,41.5,Medium
2025-03-05,P0096,Tomato,54.3,High
2025-03-06,P0096,Tomato,50.9,High
2025-03-07,P0096,Tomato,54.7,High
2025-03-08,P0096,Tomato,51.3,High
2025-03-09,P0096,Tomato,63.4,High
2025-03-10,P0096,Tomato,42.3,Medium
2025-03-11,P0096,Tomato,40.5,Medium
2025-03-12,P0096,Tomato,38.2,Medium
2025-03-13,P0096,Tomato,50.7,High
2025-03-14,P0096,Tomato,45.8,Medium
2025-03-15,P0096,Tomato,53.3,High
2025-03-16,P0096,Tomato,55.9,High
2025-03-17,P0096,Tomato,60.2,High
2025-03-18,P0096,Tomato,64.5,High
2025-03-19,P0096,Tomato,64.9,High
2025-03-20,P0096,Tomato,65.6,High
2025-03-21,P0096,Tomato,62.5,High
2025-03-22,P0096,Tomato,67.9,High
2025-03-23,P0096,Tomato,66.6,High
2025-03-24,P0096,Tomato,64.2,High
2025-03-25,P0096,Tomato,60.7,High
2025-03-26,P0096,Tomato,56.5,High
2025-03-27,P0096,Tomato,63.3,High
2025-03-28,P0096,Tomato,62.6,High
2025-03-29,P0096,Tomato,53.3,High
2025-03-30,P0096,Tomato,52.5,High
2025-03-31,P0096,Tomato,52.5,High
2025-04-01,P0096,Tomato,55.4,High
2025-04-02,P0096,Tomato,67.4,High
2025-04-03,P0096,Tomato,58.5,High
2025-04-04,P0096,Tomato,60.2,High
2025-04-05,P0096,Tomato,66.4,High
2025-04-06,P0096,Tomato,63.2,High
2025-04-07,P0096,Tomato,59.1,High
2025-04-08,P0096,Tomato,57.9,High
2025-04-09,P0096,Tomato,51,High
2025-04-10,P0096,Tomato,45.8,Medium
2025-04-11,P0096,Tomato,48.1,Medium
2025-04-12,P0096,Tomato,51.8,High
2025-04-13,P0096,Tomato,39.7,Medium
2025-04-14,P0096,Tomato,48.6,Medium
2025-04-15,P0096,Tomato,46,Medium
2025-04-16,P0096,Tomato,48.4,Medium
2025-04-17,P0096,Tomato,50.7,High
2025-04-18,P0096,Tomato,44,Medium
2025-04-19,P0096,Tomato,45.6,Medium
2025-04-20,P0096,Tomato,49.1,Medium
2025-04-21,P0096,Tomato,53.3,High
2025-04-22,P0096,Tomato,43.1,Medium
2025-04-23,P0096,Tomato,42.8,Medium
2025-04-24,P0096,Tomato,37.4,Medium
2025-04-25,P0096,Tomato,41.7,Medium
2025-04-26,P0096,Tomato,32.9,Medium
2025-04-27,P0096,Tomato,38.1,Medium
2025-04-28,P0096,Tomato,37.3,Medium
2025-04-29,P0096,Tomato,44.9,Medium
2025-04-30,P0096,Tomato,50.7,High
2025-05-01,P0096,Tomato,45.9,Medium
2025-05-02,P0096,Tomato,43.2,Medium
2025-05-03,P0096,Tomato,45.7,Medium
2025-05-04,P0096,Tomato,47.9,Medium
2025-05-05,P0096,Tomato,54.7,High
2025-05-06,P0096,Tomato,46.8,Medium
2025-05-07,P0096,Tomato,32.6,Medium
2025-05-08,P0096,Tomato,42.5,Medium
2025-05-09,P0096,Tomato,41,Medium
2025-05-10,P0096,Tomato,51.8,High
2025-05-11,P0096,Tomato,58.4,High
2025-05-12,P0096,Tomato,62.5,High
2025-05-13,P0096,Tomato,66.7,High
2025-05-14,P0096,Tomato,58,High
2025-05-15,P0096,Tomato,54,High
2025-05-16,P0096,Tomato,50.5,High
2025-05-17,P0096,Tomato,49.9,Medium
2025-05-18,P0096,Tomato,42.7,Medium
2025-05-19,P0096,Tomato,39.5,Medium
2025-05-20,P0096,Tomato,25.9,Medium
2025-05-21,P0096,Tomato,25.6,Medium
2025-05-22,P0096,Tomato,26.1,Medium
2025-05-23,P0096,Tomato,22.4,Low
2025-05-24,P0096,Tomato,15.1,Low
2025-05-25,P0096,Tomato,12.5,Low
2025-05-26,P0096,Tomato,14.6,Low
2025-05-27,P0096,Tomato,24,Low
2025-05-28,P0096,Tomato,27.8,Medium
2025-05-29,P0096,Tomato,32.3,Medium
2025-05-30,P0096,Tomato,26.3,Medium
2025-05-31,P0096,Tomato,23.2,Low
2025-06-01,P0096,Tomato,38.3,Medium
2025-06-02,P0096,Tomato,46.2,Medium
2025-06-03,P0096,Tomato,48.3,Medium
2025-06-04,P0096,Tomato,46.8,Medium
2025-06-05,P0096,Tomato,38.9,Medium
2025-06-06,P0096,Tomato,45.9,Medium
2025-06-07,P0096,Tomato,40.8,Medium
2025-06-08,P0096,Tomato,46.1,Medium
2025-06-09,P0096,Tomato,39.2,Medium
2025-06-10,P0096,Tomato,41.9,Medium
2025-06-11,P0096,Tomato,39.1,Medium
2025-06-12,P0096,Tomato,26.2,Medium
2025-06-13,P0096,Tomato,23.7,Low
2025-06-14,P0096,Tomato,30.4,Medium
2025-06-15,P0096,Tomato,31,Medium
2025-06-16,P0096,Tomato,28,Medium
2025-06-17,P0096,Tomato,39.3,Medium
2025-06-18,P0096,Tomato,28.7,Medium
2025-06-19,P0096,Tomato,20,Low
2025-06-20,P0096,Tomato,23.5,Low
2025-06-21,P0096,Tomato,36.3,Medium
2025-06-22,P0096,Tomato,26.2,Medium
2025-06-23,P0096,Tomato,27.3,Medium
2025-06-24,P0096,Tomato,29.4,Medium
2025-06-25,P0096,Tomato,19.2,Low
2025-06-26,P0096,Tomato,25.7,Medium
2025-06-27,P0096,Tomato,21.2,Low
2025-06-28,P0096,Tomato,27.3,Medium
2025-06-29,P0096,Tomato,29.1,Medium
2025-06-30,P0096,Tomato,24.1,Low
2025-07-01,P0096,Tomato,33.2,Medium
2025-07-02,P0096,Tomato,40.1,Medium
2025-07-03,P0096,Tomato,37.4,Medium
2025-07-04,P0096,Tomato,47.3,Medium
2025-07-05,P0096,Tomato,42.6,Medium
2025-07-06,P0096,Tomato,47.7,Medium
2025-07-07,P0096,Tomato,35.9,Medium
2025-07-08,P0096,Tomato,33.5,Medium
2025-07-09,P0096,Tomato,34.6,Medium
2025-07-10,P0096,Tomato,39,Medium
2025-07-11,P0096,Tomato,30,Medium
2025-07-12,P0096,Tomato,27.2,Medium
2025-07-13,P0096,Tomato,17.2,Low
2025-07-14,P0096,Tomato,12.8,Low
2025-07-15,P0096,Tomato,23.4,Low
2025-07-16,P0096,Tomato,18.4,Low
2025-07-17,P0096,Tomato,20.1,Low
2025-07-18,P0096,Tomato,22,Low
2025-07-19,P0096,Tomato,19.5,Low
2025-07-20,P0096,Tomato,25.4,Medium
2025-07-21,P0096,Tomato,39.3,Medium
2025-07-22,P0096,Tomato,32.1,Medium
2025-07-23,P0096,Tomato,38.3,Medium
2025-07-24,P0096,Tomato,32.5,Medium
2025-07-25,P0096,Tomato,26,Medium
2025-07-26,P0096,Tomato,21.9,Low
2025-07-27,P0096,Tomato,22.8,Low
2025-07-28,P0096,Tomato,20,Low
2025-07-29,P0096,Tomato,12.3,Low
2025-07-30,P0096,Tomato,11.2,Low
2025-07-31,P0096,Tomato,9.6,Low
2025-08-01,P0096,Tomato,10,Low
2025-08-02,P0096,Tomato,13.4,Low
2025-08-03,P0096,Tomato,20.1,Low
2025-08-04,P0096,Tomato,22.3,Low
2025-08-05,P0096,Tomato,20.9,Low
2025-08-06,P0096,Tomato,18.6,Low
2025-08-07,P0096,Tomato,19.9,Low
2025-08-08,P0096,Tomato,28,Medium
2025-08-09,P0096,Tomato,18.1,Low
2025-08-10,P0096,Tomato,28.7,Medium
2025-08-11,P0096,Tomato,30.6,Medium
2025-08-12,P0096,Tomato,17.7,Low
2025-08-13,P0096,Tomato,28.8,Medium
2025-08-14,P0096,Tomato,26.5,Medium
2025-08-15,P0096,Tomato,24.3,Low
2025-08-16,P0096,Tomato,21.6,Low
2025-08-17,P0096,Tomato,19.8,Low
2025-08-18,P0096,Tomato,18.7,Low
2025-08-19,P0096,Tomato,33.3,Medium
2025-08-20,P0096,Tomato,25.7,Medium
2025-08-21,P0096,Tomato,20.4,Low
2025-08-22,P0096,Tomato,23.9,Low
2025-08-23,P0096,Tomato,36.2,Medium
2025-08-24,P0096,Tomato,33.4,Medium
2025-08-25,P0096,Tomato,47.7,Medium
2025-08-26,P0096,Tomato,38.9,Medium
2025-08-27,P0096,Tomato,44.9,Medium
2025-08-28,P0096,Tomato,58.5,High
2025-08-29,P0096,Tomato,44.8,Medium
2025-08-30,P0096,Tomato,42.1,Medium
2025-08-31,P0096,Tomato,26.2,Medium
2025-09-01,P0096,Tomato,26,Medium
2025-09-02,P0096,Tomato,28.8,Medium
2025-09-03,P0096,Tomato,31.3,Medium
2025-09-04,P0096,Tomato,25.1,Medium
2025-09-05,P0096,Tomato,24.6,Low
2025-09-06,P0096,Tomato,27.4,Medium
2025-09-07,P0096,Tomato,29.6,Medium
2025-09-08,P0096,Tomato,31,Medium
2025-09-09,P0096,Tomato,36.5,Medium
2025-09-10,P0096,Tomato,23.3,Low
2025-09-11,P0096,Tomato,28.5,Medium
2025-09-12,P0096,Tomato,17.3,Low
2025-02-21,P0097,Strawberry,40,Medium
2025-02-22,P0097,Strawberry,34.1,Medium
2025-02-23,P0097,Strawberry,30.1,Medium
2025-02-24,P0097,Strawberry,41.8,Medium
2025-02-25,P0097,Strawberry,35.1,Medium
2025-02-26,P0097,Strawberry,29.8,Medium
2025-02-27,P0097,Strawberry,37.1,Medium
2025-02-28,P0097,Strawberry,32.2,Medium
2025-03-01,P0097,Strawberry,46.2,Medium
2025-03-02,P0097,Strawberry,51.9,High
2025-03-03,P0097,Strawberry,49,Medium
2025-03-04,P0097,Strawberry,51.7,High
2025-03-05,P0097,Strawberry,48.5,Medium
2025-03-06,P0097,Strawberry,43.1,Medium
2025-03-07,P0097,Strawberry,41.5,Medium
2025-03-08,P0097,Strawberry,40.6,Medium
2025-03-09,P0097,Strawberry,51.9,High
2025-03-10,P0097,Strawberry,44.7,Medium
2025-03-11,P0097,Strawberry,43.4,Medium
2025-03-12,P0097,Strawberry,39.7,Medium
2025-03-13,P0097,Strawberry,37.1,Medium
2025-03-14,P0097,Strawberry,36.5,Medium
2025-03-15,P0097,Strawberry,32.3,Medium
2025-03-16,P0097,Strawberry,40,Medium
2025-03-17,P0097,Strawberry,38,Medium
2025-03-18,P0097,Strawberry,44.3,Medium
2025-03-19,P0097,Strawberry,43,Medium
2025-03-20,P0097,Strawberry,39.7,Medium
2025-03-21,P0097,Strawberry,46,Medium
2025-03-22,P0097,Strawberry,47.6,Medium
2025-03-23,P0097,Strawberry,48.3,Medium
2025-03-24,P0097,Strawberry,48.3,Medium
2025-03-25,P0097,Strawberry,49.3,Medium
2025-03-26,P0097,Strawberry,41.1,Medium
2025-03-27,P0097,Strawberry,46.5,Medium
2025-03-28,P0097,Strawberry,49.4,Medium
2025-03-29,P0097,Strawberry,44.2,Medium
2025-03-30,P0097,Strawberry,47.4,Medium
2025-03-31,P0097,Strawberry,46.3,Medium
2025-04-01,P0097,Strawberry,47.1,Medium
2025-04-02,P0097,Strawberry,41.5,Medium
2025-04-03,P0097,Strawberry,43.5,Medium
2025-04-04,P0097,Strawberry,62.2,High
2025-04-05,P0097,Strawberry,57.9,High
2025-04-06,P0097,Strawberry,66.3,High
2025-04-07,P0097,Strawberry,57.5,High
2025-04-08,P0097,Strawberry,57.6,High
2025-04-09,P0097,Strawberry,61.4,High
2025-04-10,P0097,Strawberry,58,High
2025-04-11,P0097,Strawberry,57.9,High
2025-04-12,P0097,Strawberry,55.3,High
2025-04-13,P0097,Strawberry,55.7,High
2025-04-14,P0097,Strawberry,50.9,High
2025-04-15,P0097,Strawberry,53.5,High
2025-04-16,P0097,Strawberry,49.1,Medium
2025-04-17,P0097,Strawberry,53.7,High
2025-04-18,P0097,Strawberry,52.9,High
2025-04-19,P0097,Strawberry,51,High
2025-04-20,P0097,Strawberry,48.2,Medium
2025-04-21,P0097,Strawberry,52.5,High
2025-04-22,P0097,Strawberry,48.3,Medium
2025-04-23,P0097,Strawberry,41.1,Medium
2025-04-24,P0097,Strawberry,46.8,Medium
2025-04-25,P0097,Strawberry,37.5,Medium
2025-04-26,P0097,Strawberry,37,Medium
2025-04-27,P0097,Strawberry,40.4,Medium
2025-04-28,P0097,Strawberry,41,Medium
2025-04-29,P0097,Strawberry,36.4,Medium
2025-04-30,P0097,Strawberry,29.7,Medium
2025-05-01,P0097,Strawberry,28.1,Medium
2025-05-02,P0097,Strawberry,27.9,Medium
2025-05-03,P0097,Strawberry,32.7,Medium
2025-05-04,P0097,Strawberry,41.6,Medium
2025-05-05,P0097,Strawberry,43.3,Medium
2025-05-06,P0097,Strawberry,34.4,Medium
2025-05-07,P0097,Strawberry,39,Medium
2025-05-08,P0097,Strawberry,35.7,Medium
2025-05-09,P0097,Strawberry,28.3,Medium
2025-05-10,P0097,Strawberry,35.6,Medium
2025-05-11,P0097,Strawberry,38.1,Medium
2025-05-12,P0097,Strawberry,41.1,Medium
2025-05-13,P0097,Strawberry,39.3,Medium
2025-05-14,P0097,Strawberry,34,Medium
2025-05-15,P0097,Strawberry,43.1,Medium
2025-05-16,P0097,Strawberry,45.4,Medium
2025-05-17,P0097,Strawberry,34.1,Medium
2025-05-18,P0097,Strawberry,39.5,Medium
2025-05-19,P0097,Strawberry,44.2,Medium
2025-05-20,P0097,Strawberry,39.6,Medium
2025-05-21,P0097,Strawberry,38,Medium
2025-05-22,P0097,Strawberry,31.5,Medium
2025-05-23,P0097,Strawberry,39.1,Medium
2025-05-24,P0097,Strawberry,26.6,Medium
2025-05-25,P0097,Strawberry,21.8,Low
2025-05-26,P0097,Strawberry,30.7,Medium
2025-05-27,P0097,Strawberry,14.8,Low
2025-05-28,P0097,Strawberry,26.2,Medium
2025-05-29,P0097,Strawberry,27.8,Medium
2025-05-30,P0097,Strawberry,17.4,Low
2025-05-31,P0097,Strawberry,27.3,Medium
2025-06-01,P0097,Strawberry,32.5,Medium
2025-06-02,P0097,Strawberry,38.6,Medium
2025-06-03,P0097,Strawberry,32,Medium
2025-06-04,P0097,Strawberry,32.3,Medium
2025-06-05,P0097,Strawberry,22.5,Low
2025-06-06,P0097,Strawberry,19.1,Low
2025-06-07,P0097,Strawberry,32.3,Medium
2025-06-08,P0097,Strawberry,22.9,Low
2025-06-09,P0097,Strawberry,17.3,Low
2025-06-10,P0097,Strawberry,19.8,Low
2025-06-11,P0097,Strawberry,15.7,Low
2025-06-12,P0097,Strawberry,26.2,Medium
2025-06-13,P0097,Strawberry,41.8,Medium
2025-06-14,P0097,Strawberry,36.9,Medium
2025-06-15,P0097,Strawberry,33.6,Medium
2025-06-16,P0097,Strawberry,26.8,Medium
2025-06-17,P0097,Strawberry,49.3,Medium
2025-06-18,P0097,Strawberry,33.9,Medium
2025-06-19,P0097,Strawberry,43.2,Medium
2025-06-20,P0097,Strawberry,25.1,Medium
2025-06-21,P0097,Strawberry,21.5,Low
2025-06-22,P0097,Strawberry,22,Low
2025-06-23,P0097,Strawberry,22.9,Low
2025-06-24,P0097,Strawberry,28.3,Medium
2025-06-25,P0097,Strawberry,27,Medium
2025-06-26,P0097,Strawberry,26.7,Medium
2025-06-27,P0097,Strawberry,19.9,Low
2025-06-28,P0097,Strawberry,19.5,Low
2025-06-29,P0097,Strawberry,20.7,Low
2025-06-30,P0097,Strawberry,26.5,Medium
2025-07-01,P0097,Strawberry,21,Low
2025-07-02,P0097,Strawberry,23.4,Low
2025-07-03,P0097,Strawberry,12.7,Low
2025-07-04,P0097,Strawberry,25.1,Medium
2025-07-05,P0097,Strawberry,12.6,Low
2025-07-06,P0097,Strawberry,15.4,Low
2025-07-07,P0097,Strawberry,13.6,Low
2025-07-08,P0097,Strawberry,5,Low
2025-07-09,P0097,Strawberry,16.8,Low
2025-07-10,P0097,Strawberry,19.5,Low
2025-07-11,P0097,Strawberry,20.6,Low
2025-07-12,P0097,Strawberry,15.7,Low
2025-07-13,P0097,Strawberry,15.2,Low
2025-07-14,P0097,Strawberry,16.8,Low
2025-07-15,P0097,Strawberry,16.1,Low
2025-07-16,P0097,Strawberry,18.4,Low
2025-07-17,P0097,Strawberry,9.8,Low
2025-07-18,P0097,Strawberry,14.1,Low
2025-07-19,P0097,Strawberry,20.9,Low
2025-07-20,P0097,Strawberry,20,Low
2025-07-21,P0097,Strawberry,37.7,Medium
2025-07-22,P0097,Strawberry,48.9,Medium
2025-07-23,P0097,Strawberry,53.5,High
2025-07-24,P0097,Strawberry,38.8,Medium
2025-07-25,P0097,Strawberry,39.6,Medium
2025-07-26,P0097,Strawberry,33.2,Medium
2025-07-27,P0097,Strawberry,46,Medium
2025-07-28,P0097,Strawberry,35.6,Medium
2025-07-29,P0097,Strawberry,30.5,Medium
2025-07-30,P0097,Strawberry,16.8,Low
2025-07-31,P0097,Strawberry,24.9,Low
2025-08-01,P0097,Strawberry,20.5,Low
2025-08-02,P0097,Strawberry,24.2,Low
2025-08-03,P0097,Strawberry,21.5,Low
2025-08-04,P0097,Strawberry,24.4,Low
2025-08-05,P0097,Strawberry,29.3,Medium
2025-08-06,P0097,Strawberry,26.1,Medium
2025-08-07,P0097,Strawberry,24.7,Low
2025-08-08,P0097,Strawberry,26,Medium
2025-08-09,P0097,Strawberry,30.4,Medium
2025-08-10,P0097,Strawberry,26.3,Medium
2025-08-11,P0097,Strawberry,26.6,Medium
2025-08-12,P0097,Strawberry,25.5,Medium
2025-08-13,P0097,Strawberry,21.4,Low
2025-08-14,P0097,Strawberry,23.7,Low
2025-08-15,P0097,Strawberry,21.5,Low
2025-08-16,P0097,Strawberry,16.6,Low
2025-08-17,P0097,Strawberry,11.8,Low
2025-08-18,P0097,Strawberry,12.3,Low
2025-08-19,P0097,Strawberry,14.8,Low
2025-08-20,P0097,Strawberry,20.6,Low
2025-08-21,P0097,Strawberry,17.1,Low
2025-08-22,P0097,Strawberry,14,Low
2025-08-23,P0097,Strawberry,11.2,Low
2025-08-24,P0097,Strawberry,8.2,Low
2025-08-25,P0097,Strawberry,14.3,Low
2025-08-26,P0097,Strawberry,23.2,Low
2025-08-27,P0097,Strawberry,27.9,Medium
2025-08-28,P0097,Strawberry,38.3,Medium
2025-08-29,P0097,Strawberry,48.6,Medium
2025-08-30,P0097,Strawberry,50.3,High
2025-08-31,P0097,Strawberry,42.4,Medium
2025-09-01,P0097,Strawberry,51.1,High
2025-09-02,P0097,Strawberry,37.8,Medium
2025-09-03,P0097,Strawberry,34.2,Medium
2025-09-04,P0097,Strawberry,39.8,Medium
2025-09-05,P0097,Strawberry,22.5,Low
2025-09-06,P0097,Strawberry,33.5,Medium
2025-09-07,P0097,Strawberry,33.2,Medium
2025-09-08,P0097,Strawberry,41.5,Medium
2025-09-09,P0097,Strawberry,36.9,Medium
2025-09-10,P0097,Strawberry,41.7,Medium
2025-09-11,P0097,Strawberry,47,Medium
2025-09-12,P0097,Strawberry,48.4,Medium
2025-02-21,P0098,Strawberry,31,Medium
2025-02-22,P0098,Strawberry,30.8,Medium
2025-02-23,P0098,Strawberry,18.1,Low
2025-02-24,P0098,Strawberry,24.3,Low
2025-02-25,P0098,Strawberry,21.1,Low
2025-02-26,P0098,Strawberry,32.9,Medium
2025-02-27,P0098,Strawberry,34.1,Medium
2025-02-28,P0098,Strawberry,36,Medium
2025-03-01,P0098,Strawberry,50.9,High
2025-03-02,P0098,Strawberry,54,High
2025-03-03,P0098,Strawberry,62.7,High
2025-03-04,P0098,Strawberry,59.8,High
2025-03-05,P0098,Strawberry,48.1,Medium
2025-03-06,P0098,Strawberry,50.7,High
2025-03-07,P0098,Strawberry,45,Medium
2025-03-08,P0098,Strawberry,50,High
2025-03-09,P0098,Strawberry,38.5,Medium
2025-03-10,P0098,Strawberry,45,Medium
2025-03-11,P0098,Strawberry,37.3,Medium
2025-03-12,P0098,Strawberry,39.3,Medium
2025-03-13,P0098,Strawberry,49.3,Medium
2025-03-14,P0098,Strawberry,52.3,High
2025-03-15,P0098,Strawberry,61.2,High
2025-03-16,P0098,Strawberry,55,High
2025-03-17,P0098,Strawberry,59.9,High
2025-03-18,P0098,Strawberry,55,High
2025-03-19,P0098,Strawberry,59.7,High
2025-03-20,P0098,Strawberry,53.8,High
2025-03-21,P0098,Strawberry,49,Medium
2025-03-22,P0098,Strawberry,53.9,High
2025-03-23,P0098,Strawberry,58.9,High
2025-03-24,P0098,Strawberry,55.1,High
2025-03-25,P0098,Strawberry,53.8,High
2025-03-26,P0098,Strawberry,50.6,High
2025-03-27,P0098,Strawberry,55.5,High
2025-03-28,P0098,Strawberry,57.7,High
2025-03-29,P0098,Strawberry,53.2,High
2025-03-30,P0098,Strawberry,48.7,Medium
2025-03-31,P0098,Strawberry,46.8,Medium
2025-04-01,P0098,Strawberry,47.6,Medium
2025-04-02,P0098,Strawberry,50.6,High
2025-04-03,P0098,Strawberry,48,Medium
2025-04-04,P0098,Strawberry,55,High
2025-04-05,P0098,Strawberry,57.3,High
2025-04-06,P0098,Strawberry,64.4,High
2025-04-07,P0098,Strawberry,65.1,High
2025-04-08,P0098,Strawberry,74.4,High
2025-04-09,P0098,Strawberry,69.8,High
2025-04-10,P0098,Strawberry,71.1,High
2025-04-11,P0098,Strawberry,65.5,High
2025-04-12,P0098,Strawberry,72.5,High
2025-04-13,P0098,Strawberry,71.1,High
2025-04-14,P0098,Strawberry,69.4,High
2025-04-15,P0098,Strawberry,54.7,High
2025-04-16,P0098,Strawberry,39.5,Medium
2025-04-17,P0098,Strawberry,49.7,Medium
2025-04-18,P0098,Strawberry,52.2,High
2025-04-19,P0098,Strawberry,52.1,High
2025-04-20,P0098,Strawberry,45.8,Medium
2025-04-21,P0098,Strawberry,43.5,Medium
2025-04-22,P0098,Strawberry,47.5,Medium
2025-04-23,P0098,Strawberry,48,Medium
2025-04-24,P0098,Strawberry,48,Medium
2025-04-25,P0098,Strawberry,50.5,High
2025-04-26,P0098,Strawberry,48.8,Medium
2025-04-27,P0098,Strawberry,53.4,High
2025-04-28,P0098,Strawberry,46.7,Medium
2025-04-29,P0098,Strawberry,51.1,High
2025-04-30,P0098,Strawberry,55.7,High
2025-05-01,P0098,Strawberry,45.2,Medium
2025-05-02,P0098,Strawberry,52.5,High
2025-05-03,P0098,Strawberry,47.2,Medium
2025-05-04,P0098,Strawberry,58,High
2025-05-05,P0098,Strawberry,55.5,High
2025-05-06,P0098,Strawberry,58.1,High
2025-05-07,P0098,Strawberry,58.2,High
2025-05-08,P0098,Strawberry,59.1,High
2025-05-09,P0098,Strawberry,61,High
2025-05-10,P0098,Strawberry,58.8,High
2025-05-11,P0098,Strawberry,49.8,Medium
2025-05-12,P0098,Strawberry,57.5,High
2025-05-13,P0098,Strawberry,43.9,Medium
2025-05-14,P0098,Strawberry,48.3,Medium
2025-05-15,P0098,Strawberry,47,Medium
2025-05-16,P0098,Strawberry,46.4,Medium
2025-05-17,P0098,Strawberry,54.9,High
2025-05-18,P0098,Strawberry,49.1,Medium
2025-05-19,P0098,Strawberry,54.7,High
2025-05-20,P0098,Strawberry,39.1,Medium
2025-05-21,P0098,Strawberry,51.9,High
2025-05-22,P0098,Strawberry,44.9,Medium
2025-05-23,P0098,Strawberry,45,Medium
2025-05-24,P0098,Strawberry,41.8,Medium
2025-05-25,P0098,Strawberry,43.4,Medium
2025-05-26,P0098,Strawberry,38,Medium
2025-05-27,P0098,Strawberry,33.2,Medium
2025-05-28,P0098,Strawberry,28.6,Medium
2025-05-29,P0098,Strawberry,40.3,Medium
2025-05-30,P0098,Strawberry,32.3,Medium
2025-05-31,P0098,Strawberry,28,Medium
2025-06-01,P0098,Strawberry,26.7,Medium
2025-06-02,P0098,Strawberry,26,Medium
2025-06-03,P0098,Strawberry,20.8,Low
2025-06-04,P0098,Strawberry,17.8,Low
2025-06-05,P0098,Strawberry,21.8,Low
2025-06-06,P0098,Strawberry,30,Medium
2025-06-07,P0098,Strawberry,32.6,Medium
2025-06-08,P0098,Strawberry,29,Medium
2025-06-09,P0098,Strawberry,33,Medium
2025-06-10,P0098,Strawberry,36.4,Medium
2025-06-11,P0098,Strawberry,36.6,Medium
2025-06-12,P0098,Strawberry,37.7,Medium
2025-06-13,P0098,Strawberry,44.8,Medium
2025-06-14,P0098,Strawberry,44.3,Medium
2025-06-15,P0098,Strawberry,45.1,Medium
2025-06-16,P0098,Strawberry,52.2,High
2025-06-17,P0098,Strawberry,49.6,Medium
2025-06-18,P0098,Strawberry,54.7,High
2025-06-19,P0098,Strawberry,47.1,Medium
2025-06-20,P0098,Strawberry,41.4,Medium
2025-06-21,P0098,Strawberry,43.9,Medium
2025-06-22,P0098,Strawberry,49.8,Medium
2025-06-23,P0098,Strawberry,50.8,High
2025-06-24,P0098,Strawberry,61.5,High
2025-06-25,P0098,Strawberry,47,Medium
2025-06-26,P0098,Strawberry,43.8,Medium
2025-06-27,P0098,Strawberry,45.7,Medium
2025-06-28,P0098,Strawberry,50.6,High
2025-06-29,P0098,Strawberry,39.2,Medium
2025-06-30,P0098,Strawberry,43.4,Medium
2025-07-01,P0098,Strawberry,48.3,Medium
2025-07-02,P0098,Strawberry,39.7,Medium
2025-07-03,P0098,Strawberry,35.3,Medium
2025-07-04,P0098,Strawberry,38.5,Medium
2025-07-05,P0098,Strawberry,33.7,Medium
2025-07-06,P0098,Strawberry,27.7,Medium
2025-07-07,P0098,Strawberry,32.1,Medium
2025-07-08,P0098,Strawberry,30.5,Medium
2025-07-09,P0098,Strawberry,21.4,Low
2025-07-10,P0098,Strawberry,23.2,Low
2025-07-11,P0098,Strawberry,19.9,Low
2025-07-12,P0098,Strawberry,25.3,Medium
2025-07-13,P0098,Strawberry,29.1,Medium
2025-07-14,P0098,Strawberry,27.9,Medium
2025-07-15,P0098,Strawberry,38.5,Medium
2025-07-16,P0098,Strawberry,51.3,High
2025-07-17,P0098,Strawberry,46.5,Medium
2025-07-18,P0098,Strawberry,48.8,Medium
2025-07-19,P0098,Strawberry,50.8,High
2025-07-20,P0098,Strawberry,58.4,High
2025-07-21,P0098,Strawberry,55.5,High
2025-07-22,P0098,Strawberry,57.1,High
2025-07-23,P0098,Strawberry,62.3,High
2025-07-24,P0098,Strawberry,57,High
2025-07-25,P0098,Strawberry,70.1,High
2025-07-26,P0098,Strawberry,62.9,High
2025-07-27,P0098,Strawberry,56.9,High
2025-07-28,P0098,Strawberry,63,High
2025-07-29,P0098,Strawberry,55.8,High
2025-07-30,P0098,Strawberry,48.7,Medium
2025-07-31,P0098,Strawberry,39.6,Medium
2025-08-01,P0098,Strawberry,31.1,Medium
2025-08-02,P0098,Strawberry,31,Medium
2025-08-03,P0098,Strawberry,34.4,Medium
2025-08-04,P0098,Strawberry,25.5,Medium
2025-08-05,P0098,Strawberry,23,Low
2025-08-06,P0098,Strawberry,30.1,Medium
2025-08-07,P0098,Strawberry,43.7,Medium
2025-08-08,P0098,Strawberry,36.4,Medium
2025-08-09,P0098,Strawberry,50,High
2025-08-10,P0098,Strawberry,41.2,Medium
2025-08-11,P0098,Strawberry,45.2,Medium
2025-08-12,P0098,Strawberry,42.3,Medium
2025-08-13,P0098,Strawberry,44.9,Medium
2025-08-14,P0098,Strawberry,48.1,Medium
2025-08-15,P0098,Strawberry,33.7,Medium
2025-08-16,P0098,Strawberry,42,Medium
2025-08-17,P0098,Strawberry,41.9,Medium
2025-08-18,P0098,Strawberry,43.4,Medium
2025-08-19,P0098,Strawberry,36.7,Medium
2025-08-20,P0098,Strawberry,35.5,Medium
2025-08-21,P0098,Strawberry,30.6,Medium
2025-08-22,P0098,Strawberry,32.2,Medium
2025-08-23,P0098,Strawberry,29.3,Medium
2025-08-24,P0098,Strawberry,18.7,Low
2025-08-25,P0098,Strawberry,18.5,Low
2025-08-26,P0098,Strawberry,29,Medium
2025-08-27,P0098,Strawberry,39.1,Medium
2025-08-28,P0098,Strawberry,48.8,Medium
2025-08-29,P0098,Strawberry,47.8,Medium
2025-08-30,P0098,Strawberry,33.9,Medium
2025-08-31,P0098,Strawberry,37.6,Medium
2025-09-01,P0098,Strawberry,44.8,Medium
2025-09-02,P0098,Strawberry,39.7,Medium
2025-09-03,P0098,Strawberry,44.4,Medium
2025-09-04,P0098,Strawberry,42.3,Medium
2025-09-05,P0098,Strawberry,38.6,Medium
2025-09-06,P0098,Strawberry,26,Medium
2025-09-07,P0098,Strawberry,25.9,Medium
2025-09-08,P0098,Strawberry,24.9,Low
2025-09-09,P0098,Strawberry,27.2,Medium
2025-09-10,P0098,Strawberry,39.6,Medium
2025-09-11,P0098,Strawberry,31.5,Medium
2025-09-12,P0098,Strawberry,40.6,Medium
2025-02-21,P0099,Strawberry,24.5,Low
2025-02-22,P0099,Strawberry,23.5,Low
2025-02-23,P0099,Strawberry,33.7,Medium
2025-02-24,P0099,Strawberry,42.5,Medium
2025-02-25,P0099,Strawberry,40.7,Medium
2025-02-26,P0099,Strawberry,38.3,Medium
2025-02-27,P0099,Strawberry,42.8,Medium
2025-02-28,P0099,Strawberry,56.9,High
2025-03-01,P0099,Strawberry,60.3,High
2025-03-02,P0099,Strawberry,62.3,High
2025-03-03,P0099,Strawberry,62.1,High
2025-03-04,P0099,Strawberry,60.4,High
2025-03-05,P0099,Strawberry,48.9,Medium
2025-03-06,P0099,Strawberry,53.2,High
2025-03-07,P0099,Strawberry,43.6,Medium
2025-03-08,P0099,Strawberry,41.6,Medium
2025-03-09,P0099,Strawberry,45.4,Medium
2025-03-10,P0099,Strawberry,48.2,Medium
2025-03-11,P0099,Strawberry,38.7,Medium
2025-03-12,P0099,Strawberry,37.6,Medium
2025-03-13,P0099,Strawberry,32.8,Medium
2025-03-14,P0099,Strawberry,39.1,Medium
2025-03-15,P0099,Strawberry,42.8,Medium
2025-03-16,P0099,Strawberry,44.5,Medium
2025-03-17,P0099,Strawberry,43.6,Medium
2025-03-18,P0099,Strawberry,40.7,Medium
2025-03-19,P0099,Strawberry,37.7,Medium
2025-03-20,P0099,Strawberry,41.8,Medium
2025-03-21,P0099,Strawberry,53.3,High
2025-03-22,P0099,Strawberry,43.7,Medium
2025-03-23,P0099,Strawberry,52.5,High
2025-03-24,P0099,Strawberry,39.4,Medium
2025-03-25,P0099,Strawberry,51.1,High
2025-03-26,P0099,Strawberry,45,Medium
2025-03-27,P0099,Strawberry,48.8,Medium
2025-03-28,P0099,Strawberry,52.7,High
2025-03-29,P0099,Strawberry,50.5,High
2025-03-30,P0099,Strawberry,36.2,Medium
2025-03-31,P0099,Strawberry,46.1,Medium
2025-04-01,P0099,Strawberry,49.2,Medium
2025-04-02,P0099,Strawberry,51.1,High
2025-04-03,P0099,Strawberry,44.2,Medium
2025-04-04,P0099,Strawberry,51.2,High
2025-04-05,P0099,Strawberry,55.2,High
2025-04-06,P0099,Strawberry,67.1,High
2025-04-07,P0099,Strawberry,59.2,High
2025-04-08,P0099,Strawberry,50.7,High
2025-04-09,P0099,Strawberry,51.9,High
2025-04-10,P0099,Strawberry,55.7,High
2025-04-11,P0099,Strawberry,55.3,High
2025-04-12,P0099,Strawberry,53.3,High
2025-04-13,P0099,Strawberry,56.2,High
2025-04-14,P0099,Strawberry,52.3,High
2025-04-15,P0099,Strawberry,52.4,High
2025-04-16,P0099,Strawberry,55.2,High
2025-04-17,P0099,Strawberry,50,High
2025-04-18,P0099,Strawberry,50.3,High
2025-04-19,P0099,Strawberry,46.4,Medium
2025-04-20,P0099,Strawberry,27.6,Medium
2025-04-21,P0099,Strawberry,32.6,Medium
2025-04-22,P0099,Strawberry,46.4,Medium
2025-04-23,P0099,Strawberry,45.5,Medium
2025-04-24,P0099,Strawberry,40.8,Medium
2025-04-25,P0099,Strawberry,37.8,Medium
2025-04-26,P0099,Strawberry,42,Medium
2025-04-27,P0099,Strawberry,33,Medium
2025-04-28,P0099,Strawberry,35.8,Medium
2025-04-29,P0099,Strawberry,34.7,Medium
2025-04-30,P0099,Strawberry,35.4,Medium
2025-05-01,P0099,Strawberry,36.2,Medium
2025-05-02,P0099,Strawberry,36.9,Medium
2025-05-03,P0099,Strawberry,39.9,Medium
2025-05-04,P0099,Strawberry,38,Medium
2025-05-05,P0099,Strawberry,40.9,Medium
2025-05-06,P0099,Strawberry,43.4,Medium
2025-05-07,P0099,Strawberry,42.2,Medium
2025-05-08,P0099,Strawberry,37.7,Medium
2025-05-09,P0099,Strawberry,44.4,Medium
2025-05-10,P0099,Strawberry,52.9,High
2025-05-11,P0099,Strawberry,50.2,High
2025-05-12,P0099,Strawberry,60.9,High
2025-05-13,P0099,Strawberry,65.1,High
2025-05-14,P0099,Strawberry,62,High
2025-05-15,P0099,Strawberry,40.8,Medium
2025-05-16,P0099,Strawberry,43.3,Medium
2025-05-17,P0099,Strawberry,42.8,Medium
2025-05-18,P0099,Strawberry,45.2,Medium
2025-05-19,P0099,Strawberry,33.5,Medium
2025-05-20,P0099,Strawberry,41,Medium
2025-05-21,P0099,Strawberry,41,Medium
2025-05-22,P0099,Strawberry,31.4,Medium
2025-05-23,P0099,Strawberry,31.1,Medium
2025-05-24,P0099,Strawberry,25.7,Medium
2025-05-25,P0099,Strawberry,20.8,Low
2025-05-26,P0099,Strawberry,26.6,Medium
2025-05-27,P0099,Strawberry,12.6,Low
2025-05-28,P0099,Strawberry,19.1,Low
2025-05-29,P0099,Strawberry,29.6,Medium
2025-05-30,P0099,Strawberry,36.1,Medium
2025-05-31,P0099,Strawberry,35.8,Medium
2025-06-01,P0099,Strawberry,41.6,Medium
2025-06-02,P0099,Strawberry,49.9,Medium
2025-06-03,P0099,Strawberry,39.7,Medium
2025-06-04,P0099,Strawberry,40.8,Medium
2025-06-05,P0099,Strawberry,34.7,Medium
2025-06-06,P0099,Strawberry,41.7,Medium
2025-06-07,P0099,Strawberry,33.4,Medium
2025-06-08,P0099,Strawberry,25.5,Medium
2025-06-09,P0099,Strawberry,31.7,Medium
2025-06-10,P0099,Strawberry,32,Medium
2025-06-11,P0099,Strawberry,42.3,Medium
2025-06-12,P0099,Strawberry,42.5,Medium
2025-06-13,P0099,Strawberry,37.7,Medium
2025-06-14,P0099,Strawberry,48.1,Medium
2025-06-15,P0099,Strawberry,42,Medium
2025-06-16,P0099,Strawberry,41.3,Medium
2025-06-17,P0099,Strawberry,49.9,Medium
2025-06-18,P0099,Strawberry,42.5,Medium
2025-06-19,P0099,Strawberry,35.1,Medium
2025-06-20,P0099,Strawberry,34.6,Medium
2025-06-21,P0099,Strawberry,37.3,Medium
2025-06-22,P0099,Strawberry,37.5,Medium
2025-06-23,P0099,Strawberry,42.8,Medium
2025-06-24,P0099,Strawberry,35.3,Medium
2025-06-25,P0099,Strawberry,31.2,Medium
2025-06-26,P0099,Strawberry,25.4,Medium
2025-06-27,P0099,Strawberry,23.8,Low
2025-06-28,P0099,Strawberry,12.1,Low
2025-06-29,P0099,Strawberry,14.2,Low
2025-06-30,P0099,Strawberry,23.6,Low
2025-07-01,P0099,Strawberry,26.1,Medium
2025-07-02,P0099,Strawberry,24,Low
2025-07-03,P0099,Strawberry,41.7,Medium
2025-07-04,P0099,Strawberry,40,Medium
2025-07-05,P0099,Strawberry,41,Medium
2025-07-06,P0099,Strawberry,36.4,Medium
2025-07-07,P0099,Strawberry,47,Medium
2025-07-08,P0099,Strawberry,41.1,Medium
2025-07-09,P0099,Strawberry,42.7,Medium
2025-07-10,P0099,Strawberry,38.2,Medium
2025-07-11,P0099,Strawberry,34.5,Medium
2025-07-12,P0099,Strawberry,25.7,Medium
2025-07-13,P0099,Strawberry,24.2,Low
2025-07-14,P0099,Strawberry,29.2,Medium
2025-07-15,P0099,Strawberry,23.7,Low
2025-07-16,P0099,Strawberry,26.6,Medium
2025-07-17,P0099,Strawberry,26.2,Medium
2025-07-18,P0099,Strawberry,30.1,Medium
2025-07-19,P0099,Strawberry,36.8,Medium
2025-07-20,P0099,Strawberry,26.1,Medium
2025-07-21,P0099,Strawberry,35.2,Medium
2025-07-22,P0099,Strawberry,31.3,Medium
2025-07-23,P0099,Strawberry,47,Medium
2025-07-24,P0099,Strawberry,38.2,Medium
2025-07-25,P0099,Strawberry,35.4,Medium
2025-07-26,P0099,Strawberry,27.7,Medium
2025-07-27,P0099,Strawberry,26.5,Medium
2025-07-28,P0099,Strawberry,30,Medium
2025-07-29,P0099,Strawberry,28.5,Medium
2025-07-30,P0099,Strawberry,27.5,Medium
2025-07-31,P0099,Strawberry,21,Low
2025-08-01,P0099,Strawberry,17.9,Low
2025-08-02,P0099,Strawberry,19.6,Low
2025-08-03,P0099,Strawberry,23.9,Low
2025-08-04,P0099,Strawberry,18.9,Low
2025-08-05,P0099,Strawberry,36.9,Medium
2025-08-06,P0099,Strawberry,28.9,Medium
2025-08-07,P0099,Strawberry,28.3,Medium
2025-08-08,P0099,Strawberry,30.1,Medium
2025-08-09,P0099,Strawberry,22.7,Low
2025-08-10,P0099,Strawberry,34.2,Medium
2025-08-11,P0099,Strawberry,33.1,Medium
2025-08-12,P0099,Strawberry,19.5,Low
2025-08-13,P0099,Strawberry,23.8,Low
2025-08-14,P0099,Strawberry,29,Medium
2025-08-15,P0099,Strawberry,17.8,Low
2025-08-16,P0099,Strawberry,23.8,Low
2025-08-17,P0099,Strawberry,36.5,Medium
2025-08-18,P0099,Strawberry,34.4,Medium
2025-08-19,P0099,Strawberry,39,Medium
2025-08-20,P0099,Strawberry,29.7,Medium
2025-08-21,P0099,Strawberry,32.3,Medium
2025-08-22,P0099,Strawberry,25.7,Medium
2025-08-23,P0099,Strawberry,31.9,Medium
2025-08-24,P0099,Strawberry,34.4,Medium
2025-08-25,P0099,Strawberry,34.2,Medium
2025-08-26,P0099,Strawberry,44.1,Medium
2025-08-27,P0099,Strawberry,38.7,Medium
2025-08-28,P0099,Strawberry,46.1,Medium
2025-08-29,P0099,Strawberry,35.2,Medium
2025-08-30,P0099,Strawberry,30.8,Medium
2025-08-31,P0099,Strawberry,34,Medium
2025-09-01,P0099,Strawberry,43.9,Medium
2025-09-02,P0099,Strawberry,38.3,Medium
2025-09-03,P0099,Strawberry,41.6,Medium
2025-09-04,P0099,Strawberry,34.1,Medium
2025-09-05,P0099,Strawberry,25.2,Medium
2025-09-06,P0099,Strawberry,28.3,Medium
2025-09-07,P0099,Strawberry,21.5,Low
2025-09-08,P0099,Strawberry,15.8,Low
2025-09-09,P0099,Strawberry,23.4,Low
2025-09-10,P0099,Strawberry,21.9,Low
2025-09-11,P0099,Strawberry,21.3,Low
2025-09-12,P0099,Strawberry,20.4,Low
2025-02-21,P0100,Pepper,42.5,Medium
2025-02-22,P0100,Pepper,43.2,Medium
2025-02-23,P0100,Pepper,32.5,Medium
2025-02-24,P0100,Pepper,25.2,Medium
2025-02-25,P0100,Pepper,16.4,Low
2025-02-26,P0100,Pepper,30.1,Medium
2025-02-27,P0100,Pepper,28.8,Medium
2025-02-28,P0100,Pepper,29.2,Medium
2025-03-01,P0100,Pepper,25,Medium
2025-03-02,P0100,Pepper,38.5,Medium
2025-03-03,P0100,Pepper,36.2,Medium
2025-03-04,P0100,Pepper,37.6,Medium
2025-03-05,P0100,Pepper,27.5,Medium
2025-03-06,P0100,Pepper,36.5,Medium
2025-03-07,P0100,Pepper,33.2,Medium
2025-03-08,P0100,Pepper,37.2,Medium
2025-03-09,P0100,Pepper,30.5,Medium
2025-03-10,P0100,Pepper,37,Medium
2025-03-11,P0100,Pepper,42.1,Medium
2025-03-12,P0100,Pepper,37.2,Medium
2025-03-13,P0100,Pepper,44,Medium
2025-03-14,P0100,Pepper,44.4,Medium
2025-03-15,P0100,Pepper,43.9,Medium
2025-03-16,P0100,Pepper,56,High
2025-03-17,P0100,Pepper,51.5,High
2025-03-18,P0100,Pepper,41.4,Medium
2025-03-19,P0100,Pepper,47.7,Medium
2025-03-20,P0100,Pepper,58.2,High
2025-03-21,P0100,Pepper,58.7,High
2025-03-22,P0100,Pepper,55.6,High
2025-03-23,P0100,Pepper,47.4,Medium
2025-03-24,P0100,Pepper,59.3,High
2025-03-25,P0100,Pepper,63.4,High
2025-03-26,P0100,Pepper,50,High
2025-03-27,P0100,Pepper,52,High
2025-03-28,P0100,Pepper,46.9,Medium
2025-03-29,P0100,Pepper,48.1,Medium
2025-03-30,P0100,Pepper,57.1,High
2025-03-31,P0100,Pepper,50.7,High
2025-04-01,P0100,Pepper,52.6,High
2025-04-02,P0100,Pepper,53.1,High
2025-04-03,P0100,Pepper,59.9,High
2025-04-04,P0100,Pepper,67.1,High
2025-04-05,P0100,Pepper,69.9,High
2025-04-06,P0100,Pepper,68.6,High
2025-04-07,P0100,Pepper,65.4,High
2025-04-08,P0100,Pepper,68.7,High
2025-04-09,P0100,Pepper,68.3,High
2025-04-10,P0100,Pepper,66.9,High
2025-04-11,P0100,Pepper,59.1,High
2025-04-12,P0100,Pepper,57.2,High
2025-04-13,P0100,Pepper,44.2,Medium
2025-04-14,P0100,Pepper,43.6,Medium
2025-04-15,P0100,Pepper,44.9,Medium
2025-04-16,P0100,Pepper,47.6,Medium
2025-04-17,P0100,Pepper,47,Medium
2025-04-18,P0100,Pepper,47.3,Medium
2025-04-19,P0100,Pepper,50,High
2025-04-20,P0100,Pepper,46.1,Medium
2025-04-21,P0100,Pepper,51.3,High
2025-04-22,P0100,Pepper,53,High
2025-04-23,P0100,Pepper,47.2,Medium
2025-04-24,P0100,Pepper,36.7,Medium
2025-04-25,P0100,Pepper,48.4,Medium
2025-04-26,P0100,Pepper,42.6,Medium
2025-04-27,P0100,Pepper,31.9,Medium
2025-04-28,P0100,Pepper,38.1,Medium
2025-04-29,P0100,Pepper,44.9,Medium
2025-04-30,P0100,Pepper,37.3,Medium
2025-05-01,P0100,Pepper,37.6,Medium
2025-05-02,P0100,Pepper,47.7,Medium
2025-05-03,P0100,Pepper,49.2,Medium
2025-05-04,P0100,Pepper,46.1,Medium
2025-05-05,P0100,Pepper,54.3,High
2025-05-06,P0100,Pepper,47.4,Medium
2025-05-07,P0100,Pepper,49.7,Medium
2025-05-08,P0100,Pepper,48.5,Medium
2025-05-09,P0100,Pepper,42.6,Medium
2025-05-10,P0100,Pepper,37.3,Medium
2025-05-11,P0100,Pepper,39.2,Medium
2025-05-12,P0100,Pepper,53.9,High
2025-05-13,P0100,Pepper,52.3,High
2025-05-14,P0100,Pepper,52.9,High
2025-05-15,P0100,Pepper,39,Medium
2025-05-16,P0100,Pepper,38.5,Medium
2025-05-17,P0100,Pepper,41.4,Medium
2025-05-18,P0100,Pepper,36.3,Medium
2025-05-19,P0100,Pepper,52.6,High
2025-05-20,P0100,Pepper,37,Medium
2025-05-21,P0100,Pepper,36.5,Medium
2025-05-22,P0100,Pepper,32.2,Medium
2025-05-23,P0100,Pepper,40.2,Medium
2025-05-24,P0100,Pepper,35.1,Medium
2025-05-25,P0100,Pepper,28.5,Medium
2025-05-26,P0100,Pepper,32.7,Medium
2025-05-27,P0100,Pepper,41.9,Medium
2025-05-28,P0100,Pepper,37.2,Medium
2025-05-29,P0100,Pepper,46.5,Medium
2025-05-30,P0100,Pepper,47.2,Medium
2025-05-31,P0100,Pepper,37.7,Medium
2025-06-01,P0100,Pepper,38.1,Medium
2025-06-02,P0100,Pepper,41.7,Medium
2025-06-03,P0100,Pepper,38.3,Medium
2025-06-04,P0100,Pepper,26.1,Medium
2025-06-05,P0100,Pepper,28.4,Medium
2025-06-06,P0100,Pepper,30.9,Medium
2025-06-07,P0100,Pepper,29.5,Medium
2025-06-08,P0100,Pepper,28.9,Medium
2025-06-09,P0100,Pepper,27.5,Medium
2025-06-10,P0100,Pepper,24.2,Low
2025-06-11,P0100,Pepper,25.9,Medium
2025-06-12,P0100,Pepper,22.5,Low
2025-06-13,P0100,Pepper,28.5,Medium
2025-06-14,P0100,Pepper,25.2,Medium
2025-06-15,P0100,Pepper,27.2,Medium
2025-06-16,P0100,Pepper,48,Medium
2025-06-17,P0100,Pepper,54.8,High
2025-06-18,P0100,Pepper,47.2,Medium
2025-06-19,P0100,Pepper,44.9,Medium
2025-06-20,P0100,Pepper,42.7,Medium
2025-06-21,P0100,Pepper,39.7,Medium
2025-06-22,P0100,Pepper,45.8,Medium
2025-06-23,P0100,Pepper,44.8,Medium
2025-06-24,P0100,Pepper,41.2,Medium
2025-06-25,P0100,Pepper,39,Medium
2025-06-26,P0100,Pepper,40.6,Medium
2025-06-27,P0100,Pepper,34.7,Medium
2025-06-28,P0100,Pepper,36.2,Medium
2025-06-29,P0100,Pepper,34.9,Medium
2025-06-30,P0100,Pepper,26.1,Medium
2025-07-01,P0100,Pepper,30.3,Medium
2025-07-02,P0100,Pepper,26.1,Medium
2025-07-03,P0100,Pepper,20.8,Low
2025-07-04,P0100,Pepper,29.9,Medium
2025-07-05,P0100,Pepper,28.4,Medium
2025-07-06,P0100,Pepper,24.2,Low
2025-07-07,P0100,Pepper,18.3,Low
2025-07-08,P0100,Pepper,22.7,Low
2025-07-09,P0100,Pepper,13.7,Low
2025-07-10,P0100,Pepper,7.4,Low
2025-07-11,P0100,Pepper,19.6,Low
2025-07-12,P0100,Pepper,34.2,Medium
2025-07-13,P0100,Pepper,38.4,Medium
2025-07-14,P0100,Pepper,38.2,Medium
2025-07-15,P0100,Pepper,31.9,Medium
2025-07-16,P0100,Pepper,39.5,Medium
2025-07-17,P0100,Pepper,37.8,Medium
2025-07-18,P0100,Pepper,32.2,Medium
2025-07-19,P0100,Pepper,33,Medium
2025-07-20,P0100,Pepper,36.1,Medium
2025-07-21,P0100,Pepper,35.5,Medium
2025-07-22,P0100,Pepper,49.8,Medium
2025-07-23,P0100,Pepper,49.6,Medium
2025-07-24,P0100,Pepper,43.6,Medium
2025-07-25,P0100,Pepper,28.8,Medium
2025-07-26,P0100,Pepper,32.2,Medium
2025-07-27,P0100,Pepper,18.6,Low
2025-07-28,P0100,Pepper,25.8,Medium
2025-07-29,P0100,Pepper,21.7,Low
2025-07-30,P0100,Pepper,30,Medium
2025-07-31,P0100,Pepper,25.9,Medium
2025-08-01,P0100,Pepper,20.1,Low
2025-08-02,P0100,Pepper,19.2,Low
2025-08-03,P0100,Pepper,21.8,Low
2025-08-04,P0100,Pepper,26.8,Medium
2025-08-05,P0100,Pepper,26,Medium
2025-08-06,P0100,Pepper,20.4,Low
2025-08-07,P0100,Pepper,20.6,Low
2025-08-08,P0100,Pepper,17,Low
2025-08-09,P0100,Pepper,21.7,Low
2025-08-10,P0100,Pepper,32.7,Medium
2025-08-11,P0100,Pepper,31.1,Medium
2025-08-12,P0100,Pepper,24.8,Low
2025-08-13,P0100,Pepper,27.2,Medium
2025-08-14,P0100,Pepper,29.3,Medium
2025-08-15,P0100,Pepper,26.1,Medium
2025-08-16,P0100,Pepper,24.1,Low
2025-08-17,P0100,Pepper,14.7,Low
2025-08-18,P0100,Pepper,19.1,Low
2025-08-19,P0100,Pepper,11,Low
2025-08-20,P0100,Pepper,9.3,Low
2025-08-21,P0100,Pepper,12,Low
2025-08-22,P0100,Pepper,8.3,Low
2025-08-23,P0100,Pepper,13.8,Low
2025-08-24,P0100,Pepper,21.3,Low
2025-08-25,P0100,Pepper,12.3,Low
2025-08-26,P0100,Pepper,27.1,Medium
2025-08-27,P0100,Pepper,37.3,Medium
2025-08-28,P0100,Pepper,52.7,High
2025-08-29,P0100,Pepper,42,Medium
2025-08-30,P0100,Pepper,44.5,Medium
2025-08-31,P0100,Pepper,39.6,Medium
2025-09-01,P0100,Pepper,36.3,Medium
2025-09-02,P0100,Pepper,37.3,Medium
2025-09-03,P0100,Pepper,33,Medium
2025-09-04,P0100,Pepper,41.3,Medium
2025-09-05,P0100,Pepper,31.5,Medium
2025-09-06,P0100,Pepper,25.4,Medium
2025-09-07,P0100,Pepper,22.2,Low
2025-09-08,P0100,Pepper,20.8,Low
2025-09-09,P0100,Pepper,23.1,Low
2025-09-10,P0100,Pepper,43.1,Medium
2025-09-11,P0100,Pepper,43.6,Medium
2025-09-12,P0100,Pepper,40.2,Medium
2025-02-21,P0101,Strawberry,29.9,Medium
2025-02-22,P0101,Strawberry,25.6,Medium
2025-02-23,P0101,Strawberry,34.2,Medium
2025-02-24,P0101,Strawberry,41.5,Medium
2025-02-25,P0101,Strawberry,33.3,Medium
2025-02-26,P0101,Strawberry,33.7,Medium
2025-02-27,P0101,Strawberry,37.5,Medium
2025-02-28,P0101,Strawberry,49.2,Medium
2025-03-01,P0101,Strawberry,57,High
2025-03-02,P0101,Strawberry,66.1,High
2025-03-03,P0101,Strawberry,65.8,High
2025-03-04,P0101,Strawberry,56.1,High
2025-03-05,P0101,Strawberry,50.3,High
2025-03-06,P0101,Strawberry,57,High
2025-03-07,P0101,Strawberry,53.7,High
2025-03-08,P0101,Strawberry,50.5,High
2025-03-09,P0101,Strawberry,39.5,Medium
2025-03-10,P0101,Strawberry,36.9,Medium
2025-03-11,P0101,Strawberry,35.3,Medium
2025-03-12,P0101,Strawberry,30.8,Medium
2025-03-13,P0101,Strawberry,36.5,Medium
2025-03-14,P0101,Strawberry,35.2,Medium
2025-03-15,P0101,Strawberry,34.9,Medium
2025-03-16,P0101,Strawberry,37.6,Medium
2025-03-17,P0101,Strawberry,37.5,Medium
2025-03-18,P0101,Strawberry,37,Medium
2025-03-19,P0101,Strawberry,42.3,Medium
2025-03-20,P0101,Strawberry,40.8,Medium
2025-03-21,P0101,Strawberry,34.8,Medium
2025-03-22,P0101,Strawberry,46.8,Medium
2025-03-23,P0101,Strawberry,57.7,High
2025-03-24,P0101,Strawberry,58.9,High
2025-03-25,P0101,Strawberry,58.6,High
2025-03-26,P0101,Strawberry,58.5,High
2025-03-27,P0101,Strawberry,68.9,High
2025-03-28,P0101,Strawberry,61.5,High
2025-03-29,P0101,Strawberry,59.8,High
2025-03-30,P0101,Strawberry,58.9,High
2025-03-31,P0101,Strawberry,48.8,Medium
2025-04-01,P0101,Strawberry,54,High
2025-04-02,P0101,Strawberry,55.3,High
2025-04-03,P0101,Strawberry,65.8,High
2025-04-04,P0101,Strawberry,72.3,High
2025-04-05,P0101,Strawberry,74.1,High
2025-04-06,P0101,Strawberry,76.2,Critical
2025-04-07,P0101,Strawberry,67.6,High
2025-04-08,P0101,Strawberry,68.2,High
2025-04-09,P0101,Strawberry,59.8,High
2025-04-10,P0101,Strawberry,58.3,High
2025-04-11,P0101,Strawberry,59.8,High
2025-04-12,P0101,Strawberry,55.2,High
2025-04-13,P0101,Strawberry,56.7,High
2025-04-14,P0101,Strawberry,59.8,High
2025-04-15,P0101,Strawberry,60,High
2025-04-16,P0101,Strawberry,59.7,High
2025-04-17,P0101,Strawberry,53.9,High
2025-04-18,P0101,Strawberry,52.1,High
2025-04-19,P0101,Strawberry,57.6,High
2025-04-20,P0101,Strawberry,46.3,Medium
2025-04-21,P0101,Strawberry,51.8,High
2025-04-22,P0101,Strawberry,44.1,Medium
2025-04-23,P0101,Strawberry,44.1,Medium
2025-04-24,P0101,Strawberry,38.3,Medium
2025-04-25,P0101,Strawberry,49.8,Medium
2025-04-26,P0101,Strawberry,47.4,Medium
2025-04-27,P0101,Strawberry,48.4,Medium
2025-04-28,P0101,Strawberry,36.2,Medium
2025-04-29,P0101,Strawberry,41.8,Medium
2025-04-30,P0101,Strawberry,45.9,Medium
2025-05-01,P0101,Strawberry,37.8,Medium
2025-05-02,P0101,Strawberry,33.9,Medium
2025-05-03,P0101,Strawberry,48.5,Medium
2025-05-04,P0101,Strawberry,45.1,Medium
2025-05-05,P0101,Strawberry,35,Medium
2025-05-06,P0101,Strawberry,31.4,Medium
2025-05-07,P0101,Strawberry,42.2,Medium
2025-05-08,P0101,Strawberry,43,Medium
2025-05-09,P0101,Strawberry,37.1,Medium
2025-05-10,P0101,Strawberry,40.5,Medium
2025-05-11,P0101,Strawberry,44.3,Medium
2025-05-12,P0101,Strawberry,59.5,High
2025-05-13,P0101,Strawberry,57.1,High
2025-05-14,P0101,Strawberry,66,High
2025-05-15,P0101,Strawberry,60.9,High
2025-05-16,P0101,Strawberry,53.9,High
2025-05-17,P0101,Strawberry,49.3,Medium
2025-05-18,P0101,Strawberry,44.9,Medium
2025-05-19,P0101,Strawberry,44.7,Medium
2025-05-20,P0101,Strawberry,41.2,Medium
2025-05-21,P0101,Strawberry,27,Medium
2025-05-22,P0101,Strawberry,21.8,Low
2025-05-23,P0101,Strawberry,18.8,Low
2025-05-24,P0101,Strawberry,20.8,Low
2025-05-25,P0101,Strawberry,31.5,Medium
2025-05-26,P0101,Strawberry,13,Low
2025-05-27,P0101,Strawberry,19.9,Low
2025-05-28,P0101,Strawberry,21.8,Low
2025-05-29,P0101,Strawberry,27.5,Medium
2025-05-30,P0101,Strawberry,42.5,Medium
2025-05-31,P0101,Strawberry,35.4,Medium
2025-06-01,P0101,Strawberry,35.1,Medium
2025-06-02,P0101,Strawberry,44.5,Medium
2025-06-03,P0101,Strawberry,39.2,Medium
2025-06-04,P0101,Strawberry,35.2,Medium
2025-06-05,P0101,Strawberry,23.2,Low
2025-06-06,P0101,Strawberry,33.3,Medium
2025-06-07,P0101,Strawberry,34,Medium
2025-06-08,P0101,Strawberry,28,Medium
2025-06-09,P0101,Strawberry,21.8,Low
2025-06-10,P0101,Strawberry,13.9,Low
2025-06-11,P0101,Strawberry,14.6,Low
2025-06-12,P0101,Strawberry,20.4,Low
2025-06-13,P0101,Strawberry,18.7,Low
2025-06-14,P0101,Strawberry,17.3,Low
2025-06-15,P0101,Strawberry,28,Medium
2025-06-16,P0101,Strawberry,36.9,Medium
2025-06-17,P0101,Strawberry,50.9,High
2025-06-18,P0101,Strawberry,49.7,Medium
2025-06-19,P0101,Strawberry,51.7,High
2025-06-20,P0101,Strawberry,40.9,Medium
2025-06-21,P0101,Strawberry,49.8,Medium
2025-06-22,P0101,Strawberry,44.6,Medium
2025-06-23,P0101,Strawberry,39.7,Medium
2025-06-24,P0101,Strawberry,40.8,Medium
2025-06-25,P0101,Strawberry,35.1,Medium
2025-06-26,P0101,Strawberry,29.1,Medium
2025-06-27,P0101,Strawberry,21.1,Low
2025-06-28,P0101,Strawberry,5.1,Low
2025-06-29,P0101,Strawberry,5.1,Low
2025-06-30,P0101,Strawberry,4.6,Low
2025-07-01,P0101,Strawberry,6.2,Low
2025-07-02,P0101,Strawberry,0.4,Low
2025-07-03,P0101,Strawberry,10.4,Low
2025-07-04,P0101,Strawberry,21.8,Low
2025-07-05,P0101,Strawberry,38.5,Medium
2025-07-06,P0101,Strawberry,42.1,Medium
2025-07-07,P0101,Strawberry,43,Medium
2025-07-08,P0101,Strawberry,36.9,Medium
2025-07-09,P0101,Strawberry,32.4,Medium
2025-07-10,P0101,Strawberry,31.2,Medium
2025-07-11,P0101,Strawberry,26.3,Medium
2025-07-12,P0101,Strawberry,15.2,Low
2025-07-13,P0101,Strawberry,8.8,Low
2025-07-14,P0101,Strawberry,4.5,Low
2025-07-15,P0101,Strawberry,3,Low
2025-07-16,P0101,Strawberry,8,Low
2025-07-17,P0101,Strawberry,22.5,Low
2025-07-18,P0101,Strawberry,18.9,Low
2025-07-19,P0101,Strawberry,13.7,Low
2025-07-20,P0101,Strawberry,27,Medium
2025-07-21,P0101,Strawberry,22.5,Low
2025-07-22,P0101,Strawberry,26.9,Medium
2025-07-23,P0101,Strawberry,49.4,Medium
2025-07-24,P0101,Strawberry,36.8,Medium
2025-07-25,P0101,Strawberry,47,Medium
2025-07-26,P0101,Strawberry,39.5,Medium
2025-07-27,P0101,Strawberry,41.4,Medium
2025-07-28,P0101,Strawberry,37.4,Medium
2025-07-29,P0101,Strawberry,41.8,Medium
2025-07-30,P0101,Strawberry,42.2,Medium
2025-07-31,P0101,Strawberry,37.8,Medium
2025-08-01,P0101,Strawberry,32,Medium
2025-08-02,P0101,Strawberry,39,Medium
2025-08-03,P0101,Strawberry,39.3,Medium
2025-08-04,P0101,Strawberry,39.8,Medium
2025-08-05,P0101,Strawberry,33.4,Medium
2025-08-06,P0101,Strawberry,37.8,Medium
2025-08-07,P0101,Strawberry,36.4,Medium
2025-08-08,P0101,Strawberry,31.5,Medium
2025-08-09,P0101,Strawberry,23.6,Low
2025-08-10,P0101,Strawberry,27.7,Medium
2025-08-11,P0101,Strawberry,20.6,Low
2025-08-12,P0101,Strawberry,25.7,Medium
2025-08-13,P0101,Strawberry,28.1,Medium
2025-08-14,P0101,Strawberry,19.5,Low
2025-08-15,P0101,Strawberry,16.7,Low
2025-08-16,P0101,Strawberry,10.3,Low
2025-08-17,P0101,Strawberry,12.9,Low
2025-08-18,P0101,Strawberry,8.1,Low
2025-08-19,P0101,Strawberry,23.5,Low
2025-08-20,P0101,Strawberry,27.5,Medium
2025-08-21,P0101,Strawberry,27.2,Medium
2025-08-22,P0101,Strawberry,24.8,Low
2025-08-23,P0101,Strawberry,24,Low
2025-08-24,P0101,Strawberry,25.8,Medium
2025-08-25,P0101,Strawberry,32.6,Medium
2025-08-26,P0101,Strawberry,23.6,Low
2025-08-27,P0101,Strawberry,22.9,Low
2025-08-28,P0101,Strawberry,27.4,Medium
2025-08-29,P0101,Strawberry,32.7,Medium
2025-08-30,P0101,Strawberry,34.3,Medium
2025-08-31,P0101,Strawberry,43.3,Medium
2025-09-01,P0101,Strawberry,35,Medium
2025-09-02,P0101,Strawberry,28.7,Medium
2025-09-03,P0101,Strawberry,36.2,Medium
2025-09-04,P0101,Strawberry,26.5,Medium
2025-09-05,P0101,Strawberry,23.5,Low
2025-09-06,P0101,Strawberry,20,Low
2025-09-07,P0101,Strawberry,25.2,Medium
2025-09-08,P0101,Strawberry,26.2,Medium
2025-09-09,P0101,Strawberry,26.7,Medium
2025-09-10,P0101,Strawberry,27.4,Medium
2025-09-11,P0101,Strawberry,30.9,Medium
2025-09-12,P0101,Strawberry,25,Medium
2025-02-21,P0102,Tomato,26,Medium
2025-02-22,P0102,Tomato,27.8,Medium
2025-02-23,P0102,Tomato,35.7,Medium
2025-02-24,P0102,Tomato,34.4,Medium
2025-02-25,P0102,Tomato,39.3,Medium
2025-02-26,P0102,Tomato,39.7,Medium
2025-02-27,P0102,Tomato,38,Medium
2025-02-28,P0102,Tomato,50.4,High
2025-03-01,P0102,Tomato,48.7,Medium
2025-03-02,P0102,Tomato,59.5,High
2025-03-03,P0102,Tomato,59.2,High
2025-03-04,P0102,Tomato,59.8,High
2025-03-05,P0102,Tomato,50.2,High
2025-03-06,P0102,Tomato,46.2,Medium
2025-03-07,P0102,Tomato,47.4,Medium
2025-03-08,P0102,Tomato,37.4,Medium
2025-03-09,P0102,Tomato,37.8,Medium
2025-03-10,P0102,Tomato,30.2,Medium
2025-03-11,P0102,Tomato,29.7,Medium
2025-03-12,P0102,Tomato,29.7,Medium
2025-03-13,P0102,Tomato,28.2,Medium
2025-03-14,P0102,Tomato,37.4,Medium
2025-03-15,P0102,Tomato,42.2,Medium
2025-03-16,P0102,Tomato,41.3,Medium
2025-03-17,P0102,Tomato,31.9,Medium
2025-03-18,P0102,Tomato,38.8,Medium
2025-03-19,P0102,Tomato,35.2,Medium
2025-03-20,P0102,Tomato,38.3,Medium
2025-03-21,P0102,Tomato,43.5,Medium
2025-03-22,P0102,Tomato,41.1,Medium
2025-03-23,P0102,Tomato,31.7,Medium
2025-03-24,P0102,Tomato,39,Medium
2025-03-25,P0102,Tomato,49.7,Medium
2025-03-26,P0102,Tomato,51.4,High
2025-03-27,P0102,Tomato,45.8,Medium
2025-03-28,P0102,Tomato,47.7,Medium
2025-03-29,P0102,Tomato,48.8,Medium
2025-03-30,P0102,Tomato,40.7,Medium
2025-03-31,P0102,Tomato,44.4,Medium
2025-04-01,P0102,Tomato,43.2,Medium
2025-04-02,P0102,Tomato,45.9,Medium
2025-04-03,P0102,Tomato,44.5,Medium
2025-04-04,P0102,Tomato,54.6,High
2025-04-05,P0102,Tomato,54.2,High
2025-04-06,P0102,Tomato,65.2,High
2025-04-07,P0102,Tomato,65.4,High
2025-04-08,P0102,Tomato,50.1,High
2025-04-09,P0102,Tomato,49.8,Medium
2025-04-10,P0102,Tomato,49.4,Medium
2025-04-11,P0102,Tomato,41.3,Medium
2025-04-12,P0102,Tomato,61.6,High
2025-04-13,P0102,Tomato,61.1,High
2025-04-14,P0102,Tomato,59.1,High
2025-04-15,P0102,Tomato,59.7,High
2025-04-16,P0102,Tomato,63,High
2025-04-17,P0102,Tomato,62.6,High
2025-04-18,P0102,Tomato,58.2,High
2025-04-19,P0102,Tomato,42.2,Medium
2025-04-20,P0102,Tomato,49.6,Medium
2025-04-21,P0102,Tomato,45.8,Medium
2025-04-22,P0102,Tomato,58,High
2025-04-23,P0102,Tomato,57,High
2025-04-24,P0102,Tomato,53,High
2025-04-25,P0102,Tomato,46,Medium
2025-04-26,P0102,Tomato,51.9,High
2025-04-27,P0102,Tomato,48,Medium
2025-04-28,P0102,Tomato,54.9,High
2025-04-29,P0102,Tomato,43.8,Medium
2025-04-30,P0102,Tomato,44.6,Medium
2025-05-01,P0102,Tomato,33.3,Medium
2025-05-02,P0102,Tomato,39.5,Medium
2025-05-03,P0102,Tomato,49.2,Medium
2025-05-04,P0102,Tomato,38.5,Medium
2025-05-05,P0102,Tomato,32.9,Medium
2025-05-06,P0102,Tomato,26.7,Medium
2025-05-07,P0102,Tomato,25.3,Medium
2025-05-08,P0102,Tomato,28.5,Medium
2025-05-09,P0102,Tomato,26,Medium
2025-05-10,P0102,Tomato,30.4,Medium
2025-05-11,P0102,Tomato,45.6,Medium
2025-05-12,P0102,Tomato,47.7,Medium
2025-05-13,P0102,Tomato,36.9,Medium
2025-05-14,P0102,Tomato,53.7,High
2025-05-15,P0102,Tomato,54.1,High
2025-05-16,P0102,Tomato,51.8,High
2025-05-17,P0102,Tomato,58.6,High
2025-05-18,P0102,Tomato,59.7,High
2025-05-19,P0102,Tomato,48.3,Medium
2025-05-20,P0102,Tomato,36.5,Medium
2025-05-21,P0102,Tomato,21.9,Low
2025-05-22,P0102,Tomato,30.5,Medium
2025-05-23,P0102,Tomato,22.6,Low
2025-05-24,P0102,Tomato,18.8,Low
2025-05-25,P0102,Tomato,20.8,Low
2025-05-26,P0102,Tomato,32.6,Medium
2025-05-27,P0102,Tomato,32.3,Medium
2025-05-28,P0102,Tomato,34.1,Medium
2025-05-29,P0102,Tomato,24,Low
2025-05-30,P0102,Tomato,25.3,Medium
2025-05-31,P0102,Tomato,33.6,Medium
2025-06-01,P0102,Tomato,39.6,Medium
2025-06-02,P0102,Tomato,37,Medium
2025-06-03,P0102,Tomato,36,Medium
2025-06-04,P0102,Tomato,38.9,Medium
2025-06-05,P0102,Tomato,37.9,Medium
2025-06-06,P0102,Tomato,37.6,Medium
2025-06-07,P0102,Tomato,34.8,Medium
2025-06-08,P0102,Tomato,32.3,Medium
2025-06-09,P0102,Tomato,33,Medium
2025-06-10,P0102,Tomato,30.1,Medium
2025-06-11,P0102,Tomato,33.6,Medium
2025-06-12,P0102,Tomato,31.4,Medium
2025-06-13,P0102,Tomato,26.3,Medium
2025-06-14,P0102,Tomato,28.2,Medium
2025-06-15,P0102,Tomato,33.4,Medium
2025-06-16,P0102,Tomato,38,Medium
2025-06-17,P0102,Tomato,34.3,Medium
2025-06-18,P0102,Tomato,38,Medium
2025-06-19,P0102,Tomato,28.8,Medium
2025-06-20,P0102,Tomato,28.3,Medium
2025-06-21,P0102,Tomato,27.4,Medium
2025-06-22,P0102,Tomato,29.9,Medium
2025-06-23,P0102,Tomato,33.1,Medium
2025-06-24,P0102,Tomato,29.3,Medium
2025-06-25,P0102,Tomato,24.1,Low
2025-06-26,P0102,Tomato,16.7,Low
2025-06-27,P0102,Tomato,19.6,Low
2025-06-28,P0102,Tomato,17.1,Low
2025-06-29,P0102,Tomato,15.1,Low
2025-06-30,P0102,Tomato,15.9,Low
2025-07-01,P0102,Tomato,15.7,Low
2025-07-02,P0102,Tomato,15.4,Low
2025-07-03,P0102,Tomato,17.7,Low
2025-07-04,P0102,Tomato,23.9,Low
2025-07-05,P0102,Tomato,25.1,Medium
2025-07-06,P0102,Tomato,13.9,Low
2025-07-07,P0102,Tomato,12.2,Low
2025-07-08,P0102,Tomato,22.5,Low
2025-07-09,P0102,Tomato,23.7,Low
2025-07-10,P0102,Tomato,23.4,Low
2025-07-11,P0102,Tomato,24.1,Low
2025-07-12,P0102,Tomato,24.2,Low
2025-07-13,P0102,Tomato,23.8,Low
2025-07-14,P0102,Tomato,15.7,Low
2025-07-15,P0102,Tomato,3.7,Low
2025-07-16,P0102,Tomato,2.9,Low
2025-07-17,P0102,Tomato,12.9,Low
2025-07-18,P0102,Tomato,17.4,Low
2025-07-19,P0102,Tomato,18,Low
2025-07-20,P0102,Tomato,11.6,Low
2025-07-21,P0102,Tomato,27,Medium
2025-07-22,P0102,Tomato,23.1,Low
2025-07-23,P0102,Tomato,41.4,Medium
2025-07-24,P0102,Tomato,31.9,Medium
2025-07-25,P0102,Tomato,26.6,Medium
2025-07-26,P0102,Tomato,22.6,Low
2025-07-27,P0102,Tomato,23.5,Low
2025-07-28,P0102,Tomato,19.4,Low
2025-07-29,P0102,Tomato,17.5,Low
2025-07-30,P0102,Tomato,17.2,Low
2025-07-31,P0102,Tomato,28.3,Medium
2025-08-01,P0102,Tomato,25.3,Medium
2025-08-02,P0102,Tomato,32.1,Medium
2025-08-03,P0102,Tomato,29.5,Medium
2025-08-04,P0102,Tomato,36.5,Medium
2025-08-05,P0102,Tomato,28.3,Medium
2025-08-06,P0102,Tomato,28.8,Medium
2025-08-07,P0102,Tomato,32.4,Medium
2025-08-08,P0102,Tomato,19.4,Low
2025-08-09,P0102,Tomato,15.2,Low
2025-08-10,P0102,Tomato,4.5,Low
2025-08-11,P0102,Tomato,24.9,Low
2025-08-12,P0102,Tomato,22,Low
2025-08-13,P0102,Tomato,19.6,Low
2025-08-14,P0102,Tomato,31.2,Medium
2025-08-15,P0102,Tomato,29.1,Medium
2025-08-16,P0102,Tomato,23.3,Low
2025-08-17,P0102,Tomato,18.1,Low
2025-08-18,P0102,Tomato,16.6,Low
2025-08-19,P0102,Tomato,13.7,Low
2025-08-20,P0102,Tomato,13.6,Low
2025-08-21,P0102,Tomato,6.3,Low
2025-08-22,P0102,Tomato,7.9,Low
2025-08-23,P0102,Tomato,12.9,Low
2025-08-24,P0102,Tomato,10.3,Low
2025-08-25,P0102,Tomato,10.6,Low
2025-08-26,P0102,Tomato,18.4,Low
2025-08-27,P0102,Tomato,34,Medium
2025-08-28,P0102,Tomato,45.3,Medium
2025-08-29,P0102,Tomato,30.3,Medium
2025-08-30,P0102,Tomato,29.3,Medium
2025-08-31,P0102,Tomato,27.9,Medium
2025-09-01,P0102,Tomato,28.1,Medium
2025-09-02,P0102,Tomato,25.4,Medium
2025-09-03,P0102,Tomato,19.2,Low
2025-09-04,P0102,Tomato,27.1,Medium
2025-09-05,P0102,Tomato,29.7,Medium
2025-09-06,P0102,Tomato,28.1,Medium
2025-09-07,P0102,Tomato,29.6,Medium
2025-09-08,P0102,Tomato,30.2,Medium
2025-09-09,P0102,Tomato,30.6,Medium
2025-09-10,P0102,Tomato,29.8,Medium
2025-09-11,P0102,Tomato,28,Medium
2025-09-12,P0102,Tomato,22.4,Low
2025-02-21,P0103,Cucumber,19.2,Low
2025-02-22,P0103,Cucumber,24.4,Low
2025-02-23,P0103,Cucumber,20.2,Low
2025-02-24,P0103,Cucumber,15.4,Low
2025-02-25,P0103,Cucumber,31.7,Medium
2025-02-26,P0103,Cucumber,37.6,Medium
2025-02-27,P0103,Cucumber,30.1,Medium
2025-02-28,P0103,Cucumber,44.8,Medium
2025-03-01,P0103,Cucumber,47.5,Medium
2025-03-02,P0103,Cucumber,55.8,High
2025-03-03,P0103,Cucumber,57.5,High
2025-03-04,P0103,Cucumber,42.2,Medium
2025-03-05,P0103,Cucumber,44.7,Medium
2025-03-06,P0103,Cucumber,45.4,Medium
2025-03-07,P0103,Cucumber,29.6,Medium
2025-03-08,P0103,Cucumber,24.7,Low
2025-03-09,P0103,Cucumber,23.2,Low
2025-03-10,P0103,Cucumber,22.6,Low
2025-03-11,P0103,Cucumber,24.7,Low
2025-03-12,P0103,Cucumber,29.8,Medium
2025-03-13,P0103,Cucumber,27.1,Medium
2025-03-14,P0103,Cucumber,29.8,Medium
2025-03-15,P0103,Cucumber,40.1,Medium
2025-03-16,P0103,Cucumber,44.7,Medium
2025-03-17,P0103,Cucumber,38.5,Medium
2025-03-18,P0103,Cucumber,41.8,Medium
2025-03-19,P0103,Cucumber,36.9,Medium
2025-03-20,P0103,Cucumber,49.5,Medium
2025-03-21,P0103,Cucumber,50.7,High
2025-03-22,P0103,Cucumber,51.7,High
2025-03-23,P0103,Cucumber,39.7,Medium
2025-03-24,P0103,Cucumber,48.9,Medium
2025-03-25,P0103,Cucumber,46.5,Medium
2025-03-26,P0103,Cucumber,38.6,Medium
2025-03-27,P0103,Cucumber,46.9,Medium
2025-03-28,P0103,Cucumber,32.2,Medium
2025-03-29,P0103,Cucumber,45.6,Medium
2025-03-30,P0103,Cucumber,45.5,Medium
2025-03-31,P0103,Cucumber,48.8,Medium
2025-04-01,P0103,Cucumber,49.5,Medium
2025-04-02,P0103,Cucumber,45.2,Medium
2025-04-03,P0103,Cucumber,50.6,High
2025-04-04,P0103,Cucumber,49.8,Medium
2025-04-05,P0103,Cucumber,45.9,Medium
2025-04-06,P0103,Cucumber,60.7,High
2025-04-07,P0103,Cucumber,62.2,High
2025-04-08,P0103,Cucumber,54.2,High
2025-04-09,P0103,Cucumber,49.9,Medium
2025-04-10,P0103,Cucumber,48.9,Medium
2025-04-11,P0103,Cucumber,47.9,Medium
2025-04-12,P0103,Cucumber,46.8,Medium
2025-04-13,P0103,Cucumber,44.9,Medium
2025-04-14,P0103,Cucumber,43.8,Medium
2025-04-15,P0103,Cucumber,38.7,Medium
2025-04-16,P0103,Cucumber,42.5,Medium
2025-04-17,P0103,Cucumber,43.7,Medium
2025-04-18,P0103,Cucumber,49.8,Medium
2025-04-19,P0103,Cucumber,51.8,High
2025-04-20,P0103,Cucumber,56.7,High
2025-04-21,P0103,Cucumber,54,High
2025-04-22,P0103,Cucumber,41.6,Medium
2025-04-23,P0103,Cucumber,49.3,Medium
2025-04-24,P0103,Cucumber,55.2,High
2025-04-25,P0103,Cucumber,47.5,Medium
2025-04-26,P0103,Cucumber,46.3,Medium
2025-04-27,P0103,Cucumber,44.8,Medium
2025-04-28,P0103,Cucumber,37.5,Medium
2025-04-29,P0103,Cucumber,36.5,Medium
2025-04-30,P0103,Cucumber,49.6,Medium
2025-05-01,P0103,Cucumber,40.9,Medium
2025-05-02,P0103,Cucumber,47.3,Medium
2025-05-03,P0103,Cucumber,43.6,Medium
2025-05-04,P0103,Cucumber,44.7,Medium
2025-05-05,P0103,Cucumber,35.8,Medium
2025-05-06,P0103,Cucumber,40.7,Medium
2025-05-07,P0103,Cucumber,33.3,Medium
2025-05-08,P0103,Cucumber,39.7,Medium
2025-05-09,P0103,Cucumber,39.9,Medium
2025-05-10,P0103,Cucumber,52,High
2025-05-11,P0103,Cucumber,53.7,High
2025-05-12,P0103,Cucumber,68.5,High
2025-05-13,P0103,Cucumber,54.1,High
2025-05-14,P0103,Cucumber,54.2,High
2025-05-15,P0103,Cucumber,55.5,High
2025-05-16,P0103,Cucumber,48.1,Medium
2025-05-17,P0103,Cucumber,42.2,Medium
2025-05-18,P0103,Cucumber,41.5,Medium
2025-05-19,P0103,Cucumber,51.8,High
2025-05-20,P0103,Cucumber,47.2,Medium
2025-05-21,P0103,Cucumber,50.8,High
2025-05-22,P0103,Cucumber,34.8,Medium
2025-05-23,P0103,Cucumber,32.5,Medium
2025-05-24,P0103,Cucumber,35.6,Medium
2025-05-25,P0103,Cucumber,38.2,Medium
2025-05-26,P0103,Cucumber,35.2,Medium
2025-05-27,P0103,Cucumber,40.9,Medium
2025-05-28,P0103,Cucumber,27.8,Medium
2025-05-29,P0103,Cucumber,37,Medium
2025-05-30,P0103,Cucumber,29.2,Medium
2025-05-31,P0103,Cucumber,35.9,Medium
2025-06-01,P0103,Cucumber,40.5,Medium
2025-06-02,P0103,Cucumber,39.1,Medium
2025-06-03,P0103,Cucumber,28.3,Medium
2025-06-04,P0103,Cucumber,19.8,Low
2025-06-05,P0103,Cucumber,24.6,Low
2025-06-06,P0103,Cucumber,21.4,Low
2025-06-07,P0103,Cucumber,9.9,Low
2025-06-08,P0103,Cucumber,12.8,Low
2025-06-09,P0103,Cucumber,14.4,Low
2025-06-10,P0103,Cucumber,10,Low
2025-06-11,P0103,Cucumber,16.6,Low
2025-06-12,P0103,Cucumber,21.6,Low
2025-06-13,P0103,Cucumber,27.7,Medium
2025-06-14,P0103,Cucumber,33.5,Medium
2025-06-15,P0103,Cucumber,40.2,Medium
2025-06-16,P0103,Cucumber,46.1,Medium
2025-06-17,P0103,Cucumber,54.1,High
2025-06-18,P0103,Cucumber,51,High
2025-06-19,P0103,Cucumber,36.1,Medium
2025-06-20,P0103,Cucumber,26.2,Medium
2025-06-21,P0103,Cucumber,33.4,Medium
2025-06-22,P0103,Cucumber,25.6,Medium
2025-06-23,P0103,Cucumber,19,Low
2025-06-24,P0103,Cucumber,19.6,Low
2025-06-25,P0103,Cucumber,14,Low
2025-06-26,P0103,Cucumber,29.1,Medium
2025-06-27,P0103,Cucumber,27.4,Medium
2025-06-28,P0103,Cucumber,25.8,Medium
2025-06-29,P0103,Cucumber,32.5,Medium
2025-06-30,P0103,Cucumber,27.7,Medium
2025-07-01,P0103,Cucumber,42.3,Medium
2025-07-02,P0103,Cucumber,37.2,Medium
2025-07-03,P0103,Cucumber,26,Medium
2025-07-04,P0103,Cucumber,35.5,Medium
2025-07-05,P0103,Cucumber,35.4,Medium
2025-07-06,P0103,Cucumber,35.3,Medium
2025-07-07,P0103,Cucumber,34.8,Medium
2025-07-08,P0103,Cucumber,28.1,Medium
2025-07-09,P0103,Cucumber,24,Low
2025-07-10,P0103,Cucumber,29.7,Medium
2025-07-11,P0103,Cucumber,19.3,Low
2025-07-12,P0103,Cucumber,31.9,Medium
2025-07-13,P0103,Cucumber,25.4,Medium
2025-07-14,P0103,Cucumber,16.6,Low
2025-07-15,P0103,Cucumber,17.7,Low
2025-07-16,P0103,Cucumber,16.5,Low
2025-07-17,P0103,Cucumber,25.4,Medium
2025-07-18,P0103,Cucumber,17.2,Low
2025-07-19,P0103,Cucumber,25.4,Medium
2025-07-20,P0103,Cucumber,22.6,Low
2025-07-21,P0103,Cucumber,24,Low
2025-07-22,P0103,Cucumber,37.6,Medium
2025-07-23,P0103,Cucumber,39.1,Medium
2025-07-24,P0103,Cucumber,38.1,Medium
2025-07-25,P0103,Cucumber,40.4,Medium
2025-07-26,P0103,Cucumber,41.7,Medium
2025-07-27,P0103,Cucumber,34.9,Medium
2025-07-28,P0103,Cucumber,31.8,Medium
2025-07-29,P0103,Cucumber,53.7,High
2025-07-30,P0103,Cucumber,44.6,Medium
2025-07-31,P0103,Cucumber,44.8,Medium
2025-08-01,P0103,Cucumber,37.4,Medium
2025-08-02,P0103,Cucumber,39,Medium
2025-08-03,P0103,Cucumber,39.3,Medium
2025-08-04,P0103,Cucumber,37.4,Medium
2025-08-05,P0103,Cucumber,21,Low
2025-08-06,P0103,Cucumber,20.6,Low
2025-08-07,P0103,Cucumber,28.7,Medium
2025-08-08,P0103,Cucumber,25.2,Medium
2025-08-09,P0103,Cucumber,16.8,Low
2025-08-10,P0103,Cucumber,18.7,Low
2025-08-11,P0103,Cucumber,14.5,Low
2025-08-12,P0103,Cucumber,18.5,Low
2025-08-13,P0103,Cucumber,17.5,Low
2025-08-14,P0103,Cucumber,19.7,Low
2025-08-15,P0103,Cucumber,13.7,Low
2025-08-16,P0103,Cucumber,21.1,Low
2025-08-17,P0103,Cucumber,24.5,Low
2025-08-18,P0103,Cucumber,42.7,Medium
2025-08-19,P0103,Cucumber,36.9,Medium
2025-08-20,P0103,Cucumber,31.7,Medium
2025-08-21,P0103,Cucumber,31.1,Medium
2025-08-22,P0103,Cucumber,31.5,Medium
2025-08-23,P0103,Cucumber,29,Medium
2025-08-24,P0103,Cucumber,38.6,Medium
2025-08-25,P0103,Cucumber,25.2,Medium
2025-08-26,P0103,Cucumber,31.2,Medium
2025-08-27,P0103,Cucumber,43.1,Medium
2025-08-28,P0103,Cucumber,46.6,Medium
2025-08-29,P0103,Cucumber,37.7,Medium
2025-08-30,P0103,Cucumber,26.7,Medium
2025-08-31,P0103,Cucumber,23.8,Low
2025-09-01,P0103,Cucumber,33.8,Medium
2025-09-02,P0103,Cucumber,26.8,Medium
2025-09-03,P0103,Cucumber,23.5,Low
2025-09-04,P0103,Cucumber,22.9,Low
2025-09-05,P0103,Cucumber,20.6,Low
2025-09-06,P0103,Cucumber,17.9,Low
2025-09-07,P0103,Cucumber,13.7,Low
2025-09-08,P0103,Cucumber,10.7,Low
2025-09-09,P0103,Cucumber,7,Low
2025-09-10,P0103,Cucumber,10.8,Low
2025-09-11,P0103,Cucumber,10.6,Low
2025-09-12,P0103,Cucumber,26.4,Medium
2025-02-21,P0104,Pepper,21.9,Low
2025-02-22,P0104,Pepper,28.4,Medium
2025-02-23,P0104,Pepper,32.6,Medium
2025-02-24,P0104,Pepper,43.4,Medium
2025-02-25,P0104,Pepper,44.3,Medium
2025-02-26,P0104,Pepper,41.3,Medium
2025-02-27,P0104,Pepper,53.4,High
2025-02-28,P0104,Pepper,53.8,High
2025-03-01,P0104,Pepper,58.1,High
2025-03-02,P0104,Pepper,59,High
2025-03-03,P0104,Pepper,57,High
2025-03-04,P0104,Pepper,60.6,High
2025-03-05,P0104,Pepper,50.1,High
2025-03-06,P0104,Pepper,53,High
2025-03-07,P0104,Pepper,57.2,High
2025-03-08,P0104,Pepper,53.7,High
2025-03-09,P0104,Pepper,53.2,High
2025-03-10,P0104,Pepper,46.4,Medium
2025-03-11,P0104,Pepper,38.1,Medium
2025-03-12,P0104,Pepper,46.7,Medium
2025-03-13,P0104,Pepper,50.6,High
2025-03-14,P0104,Pepper,52.4,High
2025-03-15,P0104,Pepper,45.2,Medium
2025-03-16,P0104,Pepper,46.4,Medium
2025-03-17,P0104,Pepper,59.8,High
2025-03-18,P0104,Pepper,51.3,High
2025-03-19,P0104,Pepper,40.9,Medium
2025-03-20,P0104,Pepper,54.3,High
2025-03-21,P0104,Pepper,61.1,High
2025-03-22,P0104,Pepper,69.4,High
2025-03-23,P0104,Pepper,70.6,High
2025-03-24,P0104,Pepper,69.4,High
2025-03-25,P0104,Pepper,80.2,Critical
2025-03-26,P0104,Pepper,73.8,High
2025-03-27,P0104,Pepper,79.5,Critical
2025-03-28,P0104,Pepper,79,Critical
2025-03-29,P0104,Pepper,52.7,High
2025-03-30,P0104,Pepper,62.2,High
2025-03-31,P0104,Pepper,63.9,High
2025-04-01,P0104,Pepper,56.6,High
2025-04-02,P0104,Pepper,56.4,High
2025-04-03,P0104,Pepper,51.3,High
2025-04-04,P0104,Pepper,59.9,High
2025-04-05,P0104,Pepper,64.6,High
2025-04-06,P0104,Pepper,71.6,High
2025-04-07,P0104,Pepper,69.6,High
2025-04-08,P0104,Pepper,64,High
2025-04-09,P0104,Pepper,66.4,High
2025-04-10,P0104,Pepper,69.2,High
2025-04-11,P0104,Pepper,75.3,Critical
2025-04-12,P0104,Pepper,69.1,High
2025-04-13,P0104,Pepper,63.4,High
2025-04-14,P0104,Pepper,56.3,High
2025-04-15,P0104,Pepper,58.4,High
2025-04-16,P0104,Pepper,63.3,High
2025-04-17,P0104,Pepper,61.2,High
2025-04-18,P0104,Pepper,61.9,High
2025-04-19,P0104,Pepper,62.7,High
2025-04-20,P0104,Pepper,65.2,High
2025-04-21,P0104,Pepper,60.3,High
2025-04-22,P0104,Pepper,66.4,High
2025-04-23,P0104,Pepper,59.1,High
2025-04-24,P0104,Pepper,58.5,High
2025-04-25,P0104,Pepper,44.4,Medium
2025-04-26,P0104,Pepper,55,High
2025-04-27,P0104,Pepper,58.6,High
2025-04-28,P0104,Pepper,52.8,High
2025-04-29,P0104,Pepper,53,High
2025-04-30,P0104,Pepper,46.4,Medium
2025-05-01,P0104,Pepper,50.7,High
2025-05-02,P0104,Pepper,50,High
2025-05-03,P0104,Pepper,53.6,High
2025-05-04,P0104,Pepper,48,Medium
2025-05-05,P0104,Pepper,51.7,High
2025-05-06,P0104,Pepper,46.5,Medium
2025-05-07,P0104,Pepper,47.7,Medium
2025-05-08,P0104,Pepper,42.9,Medium
2025-05-09,P0104,Pepper,51.8,High
2025-05-10,P0104,Pepper,56.7,High
2025-05-11,P0104,Pepper,65.1,High
2025-05-12,P0104,Pepper,63,High
2025-05-13,P0104,Pepper,57.6,High
2025-05-14,P0104,Pepper,60.6,High
2025-05-15,P0104,Pepper,49.1,Medium
2025-05-16,P0104,Pepper,51.6,High
2025-05-17,P0104,Pepper,34.5,Medium
2025-05-18,P0104,Pepper,44.5,Medium
2025-05-19,P0104,Pepper,32,Medium
2025-05-20,P0104,Pepper,20.5,Low
2025-05-21,P0104,Pepper,35.7,Medium
2025-05-22,P0104,Pepper,29.4,Medium
2025-05-23,P0104,Pepper,33.2,Medium
2025-05-24,P0104,Pepper,37.3,Medium
2025-05-25,P0104,Pepper,39.7,Medium
2025-05-26,P0104,Pepper,37.7,Medium
2025-05-27,P0104,Pepper,48.3,Medium
2025-05-28,P0104,Pepper,35.9,Medium
2025-05-29,P0104,Pepper,44.3,Medium
2025-05-30,P0104,Pepper,45.1,Medium
2025-05-31,P0104,Pepper,36,Medium
2025-06-01,P0104,Pepper,31,Medium
2025-06-02,P0104,Pepper,33.2,Medium
2025-06-03,P0104,Pepper,37.5,Medium
2025-06-04,P0104,Pepper,34.4,Medium
2025-06-05,P0104,Pepper,34.5,Medium
2025-06-06,P0104,Pepper,37.8,Medium
2025-06-07,P0104,Pepper,48.1,Medium
2025-06-08,P0104,Pepper,46,Medium
2025-06-09,P0104,Pepper,43.4,Medium
2025-06-10,P0104,Pepper,55.6,High
2025-06-11,P0104,Pepper,38.3,Medium
2025-06-12,P0104,Pepper,35.2,Medium
2025-06-13,P0104,Pepper,35.9,Medium
2025-06-14,P0104,Pepper,36.8,Medium
2025-06-15,P0104,Pepper,42,Medium
2025-06-16,P0104,Pepper,39.4,Medium
2025-06-17,P0104,Pepper,37.6,Medium
2025-06-18,P0104,Pepper,40.3,Medium
2025-06-19,P0104,Pepper,30,Medium
2025-06-20,P0104,Pepper,27.8,Medium
2025-06-21,P0104,Pepper,27.2,Medium
2025-06-22,P0104,Pepper,29.7,Medium
2025-06-23,P0104,Pepper,36.1,Medium
2025-06-24,P0104,Pepper,37.1,Medium
2025-06-25,P0104,Pepper,26.6,Medium
2025-06-26,P0104,Pepper,28.5,Medium
2025-06-27,P0104,Pepper,33.2,Medium
2025-06-28,P0104,Pepper,25.3,Medium
2025-06-29,P0104,Pepper,24.2,Low
2025-06-30,P0104,Pepper,20.3,Low
2025-07-01,P0104,Pepper,18.3,Low
2025-07-02,P0104,Pepper,23,Low
2025-07-03,P0104,Pepper,43.1,Medium
2025-07-04,P0104,Pepper,42.9,Medium
2025-07-05,P0104,Pepper,44.7,Medium
2025-07-06,P0104,Pepper,53.5,High
2025-07-07,P0104,Pepper,53.7,High
2025-07-08,P0104,Pepper,46.8,Medium
2025-07-09,P0104,Pepper,55.8,High
2025-07-10,P0104,Pepper,50.6,High
2025-07-11,P0104,Pepper,41.1,Medium
2025-07-12,P0104,Pepper,45.8,Medium
2025-07-13,P0104,Pepper,42.3,Medium
2025-07-14,P0104,Pepper,38.5,Medium
2025-07-15,P0104,Pepper,28.6,Medium
2025-07-16,P0104,Pepper,18.1,Low
2025-07-17,P0104,Pepper,17.1,Low
2025-07-18,P0104,Pepper,21.6,Low
2025-07-19,P0104,Pepper,20.9,Low
2025-07-20,P0104,Pepper,21.4,Low
2025-07-21,P0104,Pepper,31.7,Medium
2025-07-22,P0104,Pepper,44.7,Medium
2025-07-23,P0104,Pepper,52.2,High
2025-07-24,P0104,Pepper,44.3,Medium
2025-07-25,P0104,Pepper,43.2,Medium
2025-07-26,P0104,Pepper,45.3,Medium
2025-07-27,P0104,Pepper,45.4,Medium
2025-07-28,P0104,Pepper,43,Medium
2025-07-29,P0104,Pepper,40.8,Medium
2025-07-30,P0104,Pepper,40.1,Medium
2025-07-31,P0104,Pepper,34.6,Medium
2025-08-01,P0104,Pepper,34.3,Medium
2025-08-02,P0104,Pepper,31.3,Medium
2025-08-03,P0104,Pepper,30.9,Medium
2025-08-04,P0104,Pepper,45.7,Medium
2025-08-05,P0104,Pepper,33.3,Medium
2025-08-06,P0104,Pepper,31.3,Medium
2025-08-07,P0104,Pepper,35.1,Medium
2025-08-08,P0104,Pepper,57.6,High
2025-08-09,P0104,Pepper,58.5,High
2025-08-10,P0104,Pepper,62.7,High
2025-08-11,P0104,Pepper,52.9,High
2025-08-12,P0104,Pepper,54.6,High
2025-08-13,P0104,Pepper,55.1,High
2025-08-14,P0104,Pepper,49.3,Medium
2025-08-15,P0104,Pepper,39.6,Medium
2025-08-16,P0104,Pepper,37.6,Medium
2025-08-17,P0104,Pepper,33.6,Medium
2025-08-18,P0104,Pepper,49.1,Medium
2025-08-19,P0104,Pepper,49.3,Medium
2025-08-20,P0104,Pepper,47.2,Medium
2025-08-21,P0104,Pepper,39.7,Medium
2025-08-22,P0104,Pepper,48.9,Medium
2025-08-23,P0104,Pepper,29.3,Medium
2025-08-24,P0104,Pepper,33.5,Medium
2025-08-25,P0104,Pepper,27.4,Medium
2025-08-26,P0104,Pepper,33.6,Medium
2025-08-27,P0104,Pepper,44.8,Medium
2025-08-28,P0104,Pepper,52.2,High
2025-08-29,P0104,Pepper,51,High
2025-08-30,P0104,Pepper,32.6,Medium
2025-08-31,P0104,Pepper,34.6,Medium
2025-09-01,P0104,Pepper,42.2,Medium
2025-09-02,P0104,Pepper,35.6,Medium
2025-09-03,P0104,Pepper,33.1,Medium
2025-09-04,P0104,Pepper,23.7,Low
2025-09-05,P0104,Pepper,27.1,Medium
2025-09-06,P0104,Pepper,21.8,Low
2025-09-07,P0104,Pepper,21.1,Low
2025-09-08,P0104,Pepper,22.3,Low
2025-09-09,P0104,Pepper,25.8,Medium
2025-09-10,P0104,Pepper,23.3,Low
2025-09-11,P0104,Pepper,25.1,Medium
2025-09-12,P0104,Pepper,36.6,Medium
2025-02-21,P0105,Strawberry,25.5,Medium
2025-02-22,P0105,Strawberry,26,Medium
2025-02-23,P0105,Strawberry,25.3,Medium
2025-02-24,P0105,Strawberry,38.1,Medium
2025-02-25,P0105,Strawberry,31.8,Medium
2025-02-26,P0105,Strawberry,29.3,Medium
2025-02-27,P0105,Strawberry,40.9,Medium
2025-02-28,P0105,Strawberry,51.8,High
2025-03-01,P0105,Strawberry,69.4,High
2025-03-02,P0105,Strawberry,72,High
2025-03-03,P0105,Strawberry,61.6,High
2025-03-04,P0105,Strawberry,60.7,High
2025-03-05,P0105,Strawberry,54.4,High
2025-03-06,P0105,Strawberry,68.4,High
2025-03-07,P0105,Strawberry,72.2,High
2025-03-08,P0105,Strawberry,74.9,High
2025-03-09,P0105,Strawberry,64.8,High
2025-03-10,P0105,Strawberry,70.5,High
2025-03-11,P0105,Strawberry,68.5,High
2025-03-12,P0105,Strawberry,64,High
2025-03-13,P0105,Strawberry,70.4,High
2025-03-14,P0105,Strawberry,63.8,High
2025-03-15,P0105,Strawberry,67.1,High
2025-03-16,P0105,Strawberry,63,High
2025-03-17,P0105,Strawberry,65.9,High
2025-03-18,P0105,Strawberry,73.1,High
2025-03-19,P0105,Strawberry,72.6,High
2025-03-20,P0105,Strawberry,60,High
2025-03-21,P0105,Strawberry,58.3,High
2025-03-22,P0105,Strawberry,54.9,High
2025-03-23,P0105,Strawberry,62.1,High
2025-03-24,P0105,Strawberry,56.8,High
2025-03-25,P0105,Strawberry,59.9,High
2025-03-26,P0105,Strawberry,60,High
2025-03-27,P0105,Strawberry,64.2,High
2025-03-28,P0105,Strawberry,66.7,High
2025-03-29,P0105,Strawberry,69.4,High
2025-03-30,P0105,Strawberry,74.1,High
2025-03-31,P0105,Strawberry,77.1,Critical
2025-04-01,P0105,Strawberry,66.8,High
2025-04-02,P0105,Strawberry,71.9,High
2025-04-03,P0105,Strawberry,65.5,High
2025-04-04,P0105,Strawberry,73.8,High
2025-04-05,P0105,Strawberry,71.1,High
2025-04-06,P0105,Strawberry,64.8,High
2025-04-07,P0105,Strawberry,63.6,High
2025-04-08,P0105,Strawberry,59,High
2025-04-09,P0105,Strawberry,62.6,High
2025-04-10,P0105,Strawberry,57.4,High
2025-04-11,P0105,Strawberry,58.2,High
2025-04-12,P0105,Strawberry,57.3,High
2025-04-13,P0105,Strawberry,51.1,High
2025-04-14,P0105,Strawberry,51.2,High
2025-04-15,P0105,Strawberry,40.1,Medium
2025-04-16,P0105,Strawberry,49.4,Medium
2025-04-17,P0105,Strawberry,49,Medium
2025-04-18,P0105,Strawberry,53,High
2025-04-19,P0105,Strawberry,60.1,High
2025-04-20,P0105,Strawberry,63.3,High
2025-04-21,P0105,Strawberry,57.4,High
2025-04-22,P0105,Strawberry,63.3,High
2025-04-23,P0105,Strawberry,60,High
2025-04-24,P0105,Strawberry,48.9,Medium
2025-04-25,P0105,Strawberry,52.2,High
2025-04-26,P0105,Strawberry,54.4,High
2025-04-27,P0105,Strawberry,61.1,High
2025-04-28,P0105,Strawberry,51.8,High
2025-04-29,P0105,Strawberry,65.8,High
2025-04-30,P0105,Strawberry,69.6,High
2025-05-01,P0105,Strawberry,69.9,High
2025-05-02,P0105,Strawberry,70.2,High
2025-05-03,P0105,Strawberry,73.2,High
2025-05-04,P0105,Strawberry,70.9,High
2025-05-05,P0105,Strawberry,67.8,High
2025-05-06,P0105,Strawberry,65.3,High
2025-05-07,P0105,Strawberry,46.9,Medium
2025-05-08,P0105,Strawberry,45.2,Medium
2025-05-09,P0105,Strawberry,53.6,High
2025-05-10,P0105,Strawberry,63.4,High
2025-05-11,P0105,Strawberry,74.3,High
2025-05-12,P0105,Strawberry,80.4,Critical
2025-05-13,P0105,Strawberry,74.5,High
2025-05-14,P0105,Strawberry,67.8,High
2025-05-15,P0105,Strawberry,61.2,High
2025-05-16,P0105,Strawberry,53.9,High
2025-05-17,P0105,Strawberry,49,Medium
2025-05-18,P0105,Strawberry,52.6,High
2025-05-19,P0105,Strawberry,52.5,High
2025-05-20,P0105,Strawberry,47.7,Medium
2025-05-21,P0105,Strawberry,46,Medium
2025-05-22,P0105,Strawberry,39.1,Medium
2025-05-23,P0105,Strawberry,35.6,Medium
2025-05-24,P0105,Strawberry,39.5,Medium
2025-05-25,P0105,Strawberry,29.8,Medium
2025-05-26,P0105,Strawberry,33.3,Medium
2025-05-27,P0105,Strawberry,41.8,Medium
2025-05-28,P0105,Strawberry,51.7,High
2025-05-29,P0105,Strawberry,51.6,High
2025-05-30,P0105,Strawberry,53.1,High
2025-05-31,P0105,Strawberry,48.9,Medium
2025-06-01,P0105,Strawberry,54,High
2025-06-02,P0105,Strawberry,46.6,Medium
2025-06-03,P0105,Strawberry,41.1,Medium
2025-06-04,P0105,Strawberry,47.7,Medium
2025-06-05,P0105,Strawberry,38.2,Medium
2025-06-06,P0105,Strawberry,30.9,Medium
2025-06-07,P0105,Strawberry,28.3,Medium
2025-06-08,P0105,Strawberry,37.4,Medium
2025-06-09,P0105,Strawberry,45.9,Medium
2025-06-10,P0105,Strawberry,46.5,Medium
2025-06-11,P0105,Strawberry,46.6,Medium
2025-06-12,P0105,Strawberry,45.8,Medium
2025-06-13,P0105,Strawberry,50.5,High
2025-06-14,P0105,Strawberry,52.9,High
2025-06-15,P0105,Strawberry,48.2,Medium
2025-06-16,P0105,Strawberry,39,Medium
2025-06-17,P0105,Strawberry,60.2,High
2025-06-18,P0105,Strawberry,56.7,High
2025-06-19,P0105,Strawberry,44.5,Medium
2025-06-20,P0105,Strawberry,41.4,Medium
2025-06-21,P0105,Strawberry,54.8,High
2025-06-22,P0105,Strawberry,50.3,High
2025-06-23,P0105,Strawberry,55.4,High
2025-06-24,P0105,Strawberry,51.1,High
2025-06-25,P0105,Strawberry,47.3,Medium
2025-06-26,P0105,Strawberry,39,Medium
2025-06-27,P0105,Strawberry,43.2,Medium
2025-06-28,P0105,Strawberry,41.2,Medium
2025-06-29,P0105,Strawberry,38.9,Medium
2025-06-30,P0105,Strawberry,39.6,Medium
2025-07-01,P0105,Strawberry,35,Medium
2025-07-02,P0105,Strawberry,27.4,Medium
2025-07-03,P0105,Strawberry,29.6,Medium
2025-07-04,P0105,Strawberry,42.3,Medium
2025-07-05,P0105,Strawberry,52,High
2025-07-06,P0105,Strawberry,58.6,High
2025-07-07,P0105,Strawberry,59.5,High
2025-07-08,P0105,Strawberry,43.1,Medium
2025-07-09,P0105,Strawberry,45.5,Medium
2025-07-10,P0105,Strawberry,44.8,Medium
2025-07-11,P0105,Strawberry,48.8,Medium
2025-07-12,P0105,Strawberry,31.6,Medium
2025-07-13,P0105,Strawberry,34.6,Medium
2025-07-14,P0105,Strawberry,36.6,Medium
2025-07-15,P0105,Strawberry,34,Medium
2025-07-16,P0105,Strawberry,21.6,Low
2025-07-17,P0105,Strawberry,27.2,Medium
2025-07-18,P0105,Strawberry,27.4,Medium
2025-07-19,P0105,Strawberry,26.8,Medium
2025-07-20,P0105,Strawberry,37.8,Medium
2025-07-21,P0105,Strawberry,42.6,Medium
2025-07-22,P0105,Strawberry,46.2,Medium
2025-07-23,P0105,Strawberry,53.6,High
2025-07-24,P0105,Strawberry,59.5,High
2025-07-25,P0105,Strawberry,46.2,Medium
2025-07-26,P0105,Strawberry,58.8,High
2025-07-27,P0105,Strawberry,48,Medium
2025-07-28,P0105,Strawberry,54.5,High
2025-07-29,P0105,Strawberry,46.4,Medium
2025-07-30,P0105,Strawberry,40.5,Medium
2025-07-31,P0105,Strawberry,43,Medium
2025-08-01,P0105,Strawberry,35.7,Medium
2025-08-02,P0105,Strawberry,42.7,Medium
2025-08-03,P0105,Strawberry,44.8,Medium
2025-08-04,P0105,Strawberry,48.8,Medium
2025-08-05,P0105,Strawberry,51.3,High
2025-08-06,P0105,Strawberry,52.9,High
2025-08-07,P0105,Strawberry,48.1,Medium
2025-08-08,P0105,Strawberry,55.2,High
2025-08-09,P0105,Strawberry,44,Medium
2025-08-10,P0105,Strawberry,44.3,Medium
2025-08-11,P0105,Strawberry,46.8,Medium
2025-08-12,P0105,Strawberry,42,Medium
2025-08-13,P0105,Strawberry,42.6,Medium
2025-08-14,P0105,Strawberry,39.8,Medium
2025-08-15,P0105,Strawberry,44.7,Medium
2025-08-16,P0105,Strawberry,32.6,Medium
2025-08-17,P0105,Strawberry,34.6,Medium
2025-08-18,P0105,Strawberry,41.7,Medium
2025-08-19,P0105,Strawberry,40.5,Medium
2025-08-20,P0105,Strawberry,36.6,Medium
2025-08-21,P0105,Strawberry,34.2,Medium
2025-08-22,P0105,Strawberry,39.2,Medium
2025-08-23,P0105,Strawberry,37.1,Medium
2025-08-24,P0105,Strawberry,48.1,Medium
2025-08-25,P0105,Strawberry,34.2,Medium
2025-08-26,P0105,Strawberry,38.1,Medium
2025-08-27,P0105,Strawberry,45.5,Medium
2025-08-28,P0105,Strawberry,49.3,Medium
2025-08-29,P0105,Strawberry,47.8,Medium
2025-08-30,P0105,Strawberry,44.8,Medium
2025-08-31,P0105,Strawberry,48.9,Medium
2025-09-01,P0105,Strawberry,41.9,Medium
2025-09-02,P0105,Strawberry,38.1,Medium
2025-09-03,P0105,Strawberry,45.2,Medium
2025-09-04,P0105,Strawberry,45.1,Medium
2025-09-05,P0105,Strawberry,45.1,Medium
2025-09-06,P0105,Strawberry,37.6,Medium
2025-09-07,P0105,Strawberry,45,Medium
2025-09-08,P0105,Strawberry,50.6,High
2025-09-09,P0105,Strawberry,47.5,Medium
2025-09-10,P0105,Strawberry,46.5,Medium
2025-09-11,P0105,Strawberry,39,Medium
2025-09-12,P0105,Strawberry,33.5,Medium
2025-02-21,P0106,Strawberry,25.6,Medium
2025-02-22,P0106,Strawberry,42.5,Medium
2025-02-23,P0106,Strawberry,46.9,Medium
2025-02-24,P0106,Strawberry,37.8,Medium
2025-02-25,P0106,Strawberry,42.4,Medium
2025-02-26,P0106,Strawberry,51.2,High
2025-02-27,P0106,Strawberry,52.6,High
2025-02-28,P0106,Strawberry,50.5,High
2025-03-01,P0106,Strawberry,56.8,High
2025-03-02,P0106,Strawberry,59.6,High
2025-03-03,P0106,Strawberry,49.9,Medium
2025-03-04,P0106,Strawberry,58,High
2025-03-05,P0106,Strawberry,55.6,High
2025-03-06,P0106,Strawberry,51.2,High
2025-03-07,P0106,Strawberry,55.3,High
2025-03-08,P0106,Strawberry,48.1,Medium
2025-03-09,P0106,Strawberry,47.4,Medium
2025-03-10,P0106,Strawberry,53.3,High
2025-03-11,P0106,Strawberry,53.8,High
2025-03-12,P0106,Strawberry,55.3,High
2025-03-13,P0106,Strawberry,51.2,High
2025-03-14,P0106,Strawberry,62.5,High
2025-03-15,P0106,Strawberry,65.4,High
2025-03-16,P0106,Strawberry,56.5,High
2025-03-17,P0106,Strawberry,47.4,Medium
2025-03-18,P0106,Strawberry,55.8,High
2025-03-19,P0106,Strawberry,53.4,High
2025-03-20,P0106,Strawberry,47.3,Medium
2025-03-21,P0106,Strawberry,44,Medium
2025-03-22,P0106,Strawberry,47.1,Medium
2025-03-23,P0106,Strawberry,49.8,Medium
2025-03-24,P0106,Strawberry,42.6,Medium
2025-03-25,P0106,Strawberry,39.6,Medium
2025-03-26,P0106,Strawberry,48,Medium
2025-03-27,P0106,Strawberry,52.9,High
2025-03-28,P0106,Strawberry,49.2,Medium
2025-03-29,P0106,Strawberry,39.2,Medium
2025-03-30,P0106,Strawberry,48.3,Medium
2025-03-31,P0106,Strawberry,49,Medium
2025-04-01,P0106,Strawberry,49.8,Medium
2025-04-02,P0106,Strawberry,50.3,High
2025-04-03,P0106,Strawberry,48,Medium
2025-04-04,P0106,Strawberry,55.6,High
2025-04-05,P0106,Strawberry,66.7,High
2025-04-06,P0106,Strawberry,70.9,High
2025-04-07,P0106,Strawberry,72.3,High
2025-04-08,P0106,Strawberry,63.4,High
2025-04-09,P0106,Strawberry,64.6,High
2025-04-10,P0106,Strawberry,65.7,High
2025-04-11,P0106,Strawberry,66.8,High
2025-04-12,P0106,Strawberry,73.8,High
2025-04-13,P0106,Strawberry,72.8,High
2025-04-14,P0106,Strawberry,73.7,High
2025-04-15,P0106,Strawberry,81.9,Critical
2025-04-16,P0106,Strawberry,78,Critical
2025-04-17,P0106,Strawberry,76.4,Critical
2025-04-18,P0106,Strawberry,69.5,High
2025-04-19,P0106,Strawberry,72.8,High
2025-04-20,P0106,Strawberry,59.7,High
2025-04-21,P0106,Strawberry,56.2,High
2025-04-22,P0106,Strawberry,47,Medium
2025-04-23,P0106,Strawberry,55.5,High
2025-04-24,P0106,Strawberry,50.4,High
2025-04-25,P0106,Strawberry,63,High
2025-04-26,P0106,Strawberry,57.6,High
2025-04-27,P0106,Strawberry,54,High
2025-04-28,P0106,Strawberry,50.6,High
2025-04-29,P0106,Strawberry,47.4,Medium
2025-04-30,P0106,Strawberry,57.6,High
2025-05-01,P0106,Strawberry,59.5,High
2025-05-02,P0106,Strawberry,58.3,High
2025-05-03,P0106,Strawberry,57.8,High
2025-05-04,P0106,Strawberry,55.9,High
2025-05-05,P0106,Strawberry,64.4,High
2025-05-06,P0106,Strawberry,67.7,High
2025-05-07,P0106,Strawberry,67.6,High
2025-05-08,P0106,Strawberry,68.8,High
2025-05-09,P0106,Strawberry,64.8,High
2025-05-10,P0106,Strawberry,72.1,High
2025-05-11,P0106,Strawberry,75.5,Critical
2025-05-12,P0106,Strawberry,64.1,High
2025-05-13,P0106,Strawberry,66.6,High
2025-05-14,P0106,Strawberry,59.5,High
2025-05-15,P0106,Strawberry,57.3,High
2025-05-16,P0106,Strawberry,61.2,High
2025-05-17,P0106,Strawberry,58.6,High
2025-05-18,P0106,Strawberry,67.8,High
2025-05-19,P0106,Strawberry,54,High
2025-05-20,P0106,Strawberry,59.7,High
2025-05-21,P0106,Strawberry,53.7,High
2025-05-22,P0106,Strawberry,65.9,High
2025-05-23,P0106,Strawberry,49.5,Medium
2025-05-24,P0106,Strawberry,50.5,High
2025-05-25,P0106,Strawberry,49.6,Medium
2025-05-26,P0106,Strawberry,51.8,High
2025-05-27,P0106,Strawberry,60,High
2025-05-28,P0106,Strawberry,56.8,High
2025-05-29,P0106,Strawberry,43.1,Medium
2025-05-30,P0106,Strawberry,46.5,Medium
2025-05-31,P0106,Strawberry,40.2,Medium
2025-06-01,P0106,Strawberry,35.1,Medium
2025-06-02,P0106,Strawberry,23.6,Low
2025-06-03,P0106,Strawberry,38.6,Medium
2025-06-04,P0106,Strawberry,39.7,Medium
2025-06-05,P0106,Strawberry,44.8,Medium
2025-06-06,P0106,Strawberry,51.2,High
2025-06-07,P0106,Strawberry,52.8,High
2025-06-08,P0106,Strawberry,50.9,High
2025-06-09,P0106,Strawberry,48,Medium
2025-06-10,P0106,Strawberry,47.4,Medium
2025-06-11,P0106,Strawberry,39,Medium
2025-06-12,P0106,Strawberry,40.7,Medium
2025-06-13,P0106,Strawberry,56.8,High
2025-06-14,P0106,Strawberry,49.5,Medium
2025-06-15,P0106,Strawberry,51.3,High
2025-06-16,P0106,Strawberry,58,High
2025-06-17,P0106,Strawberry,70,High
2025-06-18,P0106,Strawberry,65.5,High
2025-06-19,P0106,Strawberry,61.4,High
2025-06-20,P0106,Strawberry,47.1,Medium
2025-06-21,P0106,Strawberry,46.1,Medium
2025-06-22,P0106,Strawberry,39.9,Medium
2025-06-23,P0106,Strawberry,29.2,Medium
2025-06-24,P0106,Strawberry,29.6,Medium
2025-06-25,P0106,Strawberry,21.9,Low
2025-06-26,P0106,Strawberry,20.8,Low
2025-06-27,P0106,Strawberry,20,Low
2025-06-28,P0106,Strawberry,27.7,Medium
2025-06-29,P0106,Strawberry,26.7,Medium
2025-06-30,P0106,Strawberry,36.9,Medium
2025-07-01,P0106,Strawberry,43.7,Medium
2025-07-02,P0106,Strawberry,58.9,High
2025-07-03,P0106,Strawberry,53.3,High
2025-07-04,P0106,Strawberry,61.2,High
2025-07-05,P0106,Strawberry,52.9,High
2025-07-06,P0106,Strawberry,54.4,High
2025-07-07,P0106,Strawberry,54.9,High
2025-07-08,P0106,Strawberry,45.8,Medium
2025-07-09,P0106,Strawberry,46.6,Medium
2025-07-10,P0106,Strawberry,50.3,High
2025-07-11,P0106,Strawberry,41.9,Medium
2025-07-12,P0106,Strawberry,39.4,Medium
2025-07-13,P0106,Strawberry,38.3,Medium
2025-07-14,P0106,Strawberry,40.7,Medium
2025-07-15,P0106,Strawberry,39.3,Medium
2025-07-16,P0106,Strawberry,33.3,Medium
2025-07-17,P0106,Strawberry,32.9,Medium
2025-07-18,P0106,Strawberry,30.7,Medium
2025-07-19,P0106,Strawberry,41.5,Medium
2025-07-20,P0106,Strawberry,51.6,High
2025-07-21,P0106,Strawberry,50.5,High
2025-07-22,P0106,Strawberry,45.8,Medium
2025-07-23,P0106,Strawberry,58.8,High
2025-07-24,P0106,Strawberry,57.2,High
2025-07-25,P0106,Strawberry,52.6,High
2025-07-26,P0106,Strawberry,45.9,Medium
2025-07-27,P0106,Strawberry,39.8,Medium
2025-07-28,P0106,Strawberry,40.6,Medium
2025-07-29,P0106,Strawberry,49.8,Medium
2025-07-30,P0106,Strawberry,38.9,Medium
2025-07-31,P0106,Strawberry,34.4,Medium
2025-08-01,P0106,Strawberry,37.1,Medium
2025-08-02,P0106,Strawberry,35.1,Medium
2025-08-03,P0106,Strawberry,32.8,Medium
2025-08-04,P0106,Strawberry,35,Medium
2025-08-05,P0106,Strawberry,30.7,Medium
2025-08-06,P0106,Strawberry,24.9,Low
2025-08-07,P0106,Strawberry,40.9,Medium
2025-08-08,P0106,Strawberry,33,Medium
2025-08-09,P0106,Strawberry,37,Medium
2025-08-10,P0106,Strawberry,40.6,Medium
2025-08-11,P0106,Strawberry,41.6,Medium
2025-08-12,P0106,Strawberry,35.4,Medium
2025-08-13,P0106,Strawberry,42.6,Medium
2025-08-14,P0106,Strawberry,41.6,Medium
2025-08-15,P0106,Strawberry,42.7,Medium
2025-08-16,P0106,Strawberry,46.7,Medium
2025-08-17,P0106,Strawberry,42.7,Medium
2025-08-18,P0106,Strawberry,38.8,Medium
2025-08-19,P0106,Strawberry,35.6,Medium
2025-08-20,P0106,Strawberry,42.1,Medium
2025-08-21,P0106,Strawberry,51.9,High
2025-08-22,P0106,Strawberry,39.4,Medium
2025-08-23,P0106,Strawberry,43.7,Medium
2025-08-24,P0106,Strawberry,46.3,Medium
2025-08-25,P0106,Strawberry,51.1,High
2025-08-26,P0106,Strawberry,59.4,High
2025-08-27,P0106,Strawberry,56.8,High
2025-08-28,P0106,Strawberry,67.6,High
2025-08-29,P0106,Strawberry,57.8,High
2025-08-30,P0106,Strawberry,58.8,High
2025-08-31,P0106,Strawberry,47.3,Medium
2025-09-01,P0106,Strawberry,56.2,High
2025-09-02,P0106,Strawberry,37.6,Medium
2025-09-03,P0106,Strawberry,39.9,Medium
2025-09-04,P0106,Strawberry,41.6,Medium
2025-09-05,P0106,Strawberry,35.8,Medium
2025-09-06,P0106,Strawberry,33.7,Medium
2025-09-07,P0106,Strawberry,31.8,Medium
2025-09-08,P0106,Strawberry,40.1,Medium
2025-09-09,P0106,Strawberry,45.9,Medium
2025-09-10,P0106,Strawberry,38.8,Medium
2025-09-11,P0106,Strawberry,35.5,Medium
2025-09-12,P0106,Strawberry,42.3,Medium
2025-02-21,P0107,Cucumber,31.2,Medium
2025-02-22,P0107,Cucumber,30.9,Medium
2025-02-23,P0107,Cucumber,28.5,Medium
2025-02-24,P0107,Cucumber,30.3,Medium
2025-02-25,P0107,Cucumber,32.2,Medium
2025-02-26,P0107,Cucumber,42.2,Medium
2025-02-27,P0107,Cucumber,40,Medium
2025-02-28,P0107,Cucumber,57.2,High
2025-03-01,P0107,Cucumber,66.2,High
2025-03-02,P0107,Cucumber,72.9,High
2025-03-03,P0107,Cucumber,71.1,High
2025-03-04,P0107,Cucumber,71.9,High
2025-03-05,P0107,Cucumber,78.3,Critical
2025-03-06,P0107,Cucumber,69.7,High
2025-03-07,P0107,Cucumber,73.2,High
2025-03-08,P0107,Cucumber,71.4,High
2025-03-09,P0107,Cucumber,69.3,High
2025-03-10,P0107,Cucumber,69.7,High
2025-03-11,P0107,Cucumber,67,High
2025-03-12,P0107,Cucumber,52.5,High
2025-03-13,P0107,Cucumber,46,Medium
2025-03-14,P0107,Cucumber,56.4,High
2025-03-15,P0107,Cucumber,58,High
2025-03-16,P0107,Cucumber,60.8,High
2025-03-17,P0107,Cucumber,49.7,Medium
2025-03-18,P0107,Cucumber,57.5,High
2025-03-19,P0107,Cucumber,61.1,High
2025-03-20,P0107,Cucumber,63.1,High
2025-03-21,P0107,Cucumber,60.1,High
2025-03-22,P0107,Cucumber,43.6,Medium
2025-03-23,P0107,Cucumber,55.8,High
2025-03-24,P0107,Cucumber,61.1,High
2025-03-25,P0107,Cucumber,54.4,High
2025-03-26,P0107,Cucumber,51.7,High
2025-03-27,P0107,Cucumber,48.8,Medium
2025-03-28,P0107,Cucumber,50.3,High
2025-03-29,P0107,Cucumber,60.6,High
2025-03-30,P0107,Cucumber,55.9,High
2025-03-31,P0107,Cucumber,61,High
2025-04-01,P0107,Cucumber,61.2,High
2025-04-02,P0107,Cucumber,58.6,High
2025-04-03,P0107,Cucumber,63.8,High
2025-04-04,P0107,Cucumber,68.4,High
2025-04-05,P0107,Cucumber,66.5,High
2025-04-06,P0107,Cucumber,69.8,High
2025-04-07,P0107,Cucumber,63.4,High
2025-04-08,P0107,Cucumber,65.3,High
2025-04-09,P0107,Cucumber,60.1,High
2025-04-10,P0107,Cucumber,66.7,High
2025-04-11,P0107,Cucumber,65.6,High
2025-04-12,P0107,Cucumber,55.6,High
2025-04-13,P0107,Cucumber,53.3,High
2025-04-14,P0107,Cucumber,59.9,High
2025-04-15,P0107,Cucumber,61,High
2025-04-16,P0107,Cucumber,55.1,High
2025-04-17,P0107,Cucumber,64.2,High
2025-04-18,P0107,Cucumber,62,High
2025-04-19,P0107,Cucumber,65.6,High
2025-04-20,P0107,Cucumber,66.9,High
2025-04-21,P0107,Cucumber,57.3,High
2025-04-22,P0107,Cucumber,56.1,High
2025-04-23,P0107,Cucumber,62.2,High
2025-04-24,P0107,Cucumber,66.8,High
2025-04-25,P0107,Cucumber,61.6,High
2025-04-26,P0107,Cucumber,59.3,High
2025-04-27,P0107,Cucumber,65.5,High
2025-04-28,P0107,Cucumber,69.2,High
2025-04-29,P0107,Cucumber,60.5,High
2025-04-30,P0107,Cucumber,76.9,Critical
2025-05-01,P0107,Cucumber,78.5,Critical
2025-05-02,P0107,Cucumber,78.3,Critical
2025-05-03,P0107,Cucumber,77,Critical
2025-05-04,P0107,Cucumber,68.8,High
2025-05-05,P0107,Cucumber,73.1,High
2025-05-06,P0107,Cucumber,74.1,High
2025-05-07,P0107,Cucumber,53.1,High
2025-05-08,P0107,Cucumber,55.5,High
2025-05-09,P0107,Cucumber,47.8,Medium
2025-05-10,P0107,Cucumber,64.9,High
2025-05-11,P0107,Cucumber,64.7,High
2025-05-12,P0107,Cucumber,69.7,High
2025-05-13,P0107,Cucumber,59,High
2025-05-14,P0107,Cucumber,58.6,High
2025-05-15,P0107,Cucumber,54.3,High
2025-05-16,P0107,Cucumber,43.8,Medium
2025-05-17,P0107,Cucumber,52.5,High
2025-05-18,P0107,Cucumber,44.5,Medium
2025-05-19,P0107,Cucumber,53,High
2025-05-20,P0107,Cucumber,47.6,Medium
2025-05-21,P0107,Cucumber,41.3,Medium
2025-05-22,P0107,Cucumber,44.2,Medium
2025-05-23,P0107,Cucumber,43,Medium
2025-05-24,P0107,Cucumber,38.2,Medium
2025-05-25,P0107,Cucumber,35.3,Medium
2025-05-26,P0107,Cucumber,32.5,Medium
2025-05-27,P0107,Cucumber,49.2,Medium
2025-05-28,P0107,Cucumber,56.2,High
2025-05-29,P0107,Cucumber,59.7,High
2025-05-30,P0107,Cucumber,63.2,High
2025-05-31,P0107,Cucumber,48.3,Medium
2025-06-01,P0107,Cucumber,48.7,Medium
2025-06-02,P0107,Cucumber,49.1,Medium
2025-06-03,P0107,Cucumber,40.3,Medium
2025-06-04,P0107,Cucumber,32.6,Medium
2025-06-05,P0107,Cucumber,29.3,Medium
2025-06-06,P0107,Cucumber,24,Low
2025-06-07,P0107,Cucumber,27.9,Medium
2025-06-08,P0107,Cucumber,23.9,Low
2025-06-09,P0107,Cucumber,29.4,Medium
2025-06-10,P0107,Cucumber,39.4,Medium
2025-06-11,P0107,Cucumber,44,Medium
2025-06-12,P0107,Cucumber,43.7,Medium
2025-06-13,P0107,Cucumber,57.2,High
2025-06-14,P0107,Cucumber,50.4,High
2025-06-15,P0107,Cucumber,51.7,High
2025-06-16,P0107,Cucumber,53.9,High
2025-06-17,P0107,Cucumber,57,High
2025-06-18,P0107,Cucumber,58.7,High
2025-06-19,P0107,Cucumber,53.4,High
2025-06-20,P0107,Cucumber,43.4,Medium
2025-06-21,P0107,Cucumber,40.9,Medium
2025-06-22,P0107,Cucumber,40,Medium
2025-06-23,P0107,Cucumber,39.6,Medium
2025-06-24,P0107,Cucumber,37.3,Medium
2025-06-25,P0107,Cucumber,32.7,Medium
2025-06-26,P0107,Cucumber,35.7,Medium
2025-06-27,P0107,Cucumber,33.2,Medium
2025-06-28,P0107,Cucumber,29.8,Medium
2025-06-29,P0107,Cucumber,34.7,Medium
2025-06-30,P0107,Cucumber,28.6,Medium
2025-07-01,P0107,Cucumber,30.5,Medium
2025-07-02,P0107,Cucumber,23.7,Low
2025-07-03,P0107,Cucumber,23.1,Low
2025-07-04,P0107,Cucumber,30.8,Medium
2025-07-05,P0107,Cucumber,35.4,Medium
2025-07-06,P0107,Cucumber,30,Medium
2025-07-07,P0107,Cucumber,33,Medium
2025-07-08,P0107,Cucumber,43.6,Medium
2025-07-09,P0107,Cucumber,50.3,High
2025-07-10,P0107,Cucumber,49.8,Medium
2025-07-11,P0107,Cucumber,48.4,Medium
2025-07-12,P0107,Cucumber,52.4,High
2025-07-13,P0107,Cucumber,46.9,Medium
2025-07-14,P0107,Cucumber,50.8,High
2025-07-15,P0107,Cucumber,41.5,Medium
2025-07-16,P0107,Cucumber,37.4,Medium
2025-07-17,P0107,Cucumber,35.4,Medium
2025-07-18,P0107,Cucumber,32.7,Medium
2025-07-19,P0107,Cucumber,32.6,Medium
2025-07-20,P0107,Cucumber,28.6,Medium
2025-07-21,P0107,Cucumber,43.8,Medium
2025-07-22,P0107,Cucumber,45.3,Medium
2025-07-23,P0107,Cucumber,59.4,High
2025-07-24,P0107,Cucumber,59.8,High
2025-07-25,P0107,Cucumber,58.5,High
2025-07-26,P0107,Cucumber,60.1,High
2025-07-27,P0107,Cucumber,55.2,High
2025-07-28,P0107,Cucumber,32.1,Medium
2025-07-29,P0107,Cucumber,49.3,Medium
2025-07-30,P0107,Cucumber,57.5,High
2025-07-31,P0107,Cucumber,56.5,High
2025-08-01,P0107,Cucumber,56.5,High
2025-08-02,P0107,Cucumber,52,High
2025-08-03,P0107,Cucumber,52.6,High
2025-08-04,P0107,Cucumber,52.5,High
2025-08-05,P0107,Cucumber,46,Medium
2025-08-06,P0107,Cucumber,38.8,Medium
2025-08-07,P0107,Cucumber,42.2,Medium
2025-08-08,P0107,Cucumber,37,Medium
2025-08-09,P0107,Cucumber,49.8,Medium
2025-08-10,P0107,Cucumber,48.5,Medium
2025-08-11,P0107,Cucumber,50.8,High
2025-08-12,P0107,Cucumber,58.7,High
2025-08-13,P0107,Cucumber,53.8,High
2025-08-14,P0107,Cucumber,52.2,High
2025-08-15,P0107,Cucumber,48.2,Medium
2025-08-16,P0107,Cucumber,51,High
2025-08-17,P0107,Cucumber,41.7,Medium
2025-08-18,P0107,Cucumber,39.8,Medium
2025-08-19,P0107,Cucumber,26.4,Medium
2025-08-20,P0107,Cucumber,28,Medium
2025-08-21,P0107,Cucumber,26.7,Medium
2025-08-22,P0107,Cucumber,36.6,Medium
2025-08-23,P0107,Cucumber,42,Medium
2025-08-24,P0107,Cucumber,49.7,Medium
2025-08-25,P0107,Cucumber,43.1,Medium
2025-08-26,P0107,Cucumber,48.3,Medium
2025-08-27,P0107,Cucumber,59.8,High
2025-08-28,P0107,Cucumber,66.9,High
2025-08-29,P0107,Cucumber,62.7,High
2025-08-30,P0107,Cucumber,49.6,Medium
2025-08-31,P0107,Cucumber,53.6,High
2025-09-01,P0107,Cucumber,46.5,Medium
2025-09-02,P0107,Cucumber,48.6,Medium
2025-09-03,P0107,Cucumber,49.6,Medium
2025-09-04,P0107,Cucumber,46.7,Medium
2025-09-05,P0107,Cucumber,46.2,Medium
2025-09-06,P0107,Cucumber,45,Medium
2025-09-07,P0107,Cucumber,35.7,Medium
2025-09-08,P0107,Cucumber,24.9,Low
2025-09-09,P0107,Cucumber,33.1,Medium
2025-09-10,P0107,Cucumber,36.9,Medium
2025-09-11,P0107,Cucumber,47.5,Medium
2025-09-12,P0107,Cucumber,51,High
2025-02-21,P0108,Tomato,51.5,High
2025-02-22,P0108,Tomato,49,Medium
2025-02-23,P0108,Tomato,51.8,High
2025-02-24,P0108,Tomato,42.6,Medium
2025-02-25,P0108,Tomato,45.8,Medium
2025-02-26,P0108,Tomato,52.8,High
2025-02-27,P0108,Tomato,59.8,High
2025-02-28,P0108,Tomato,57.5,High
2025-03-01,P0108,Tomato,57.2,High
2025-03-02,P0108,Tomato,71.4,High
2025-03-03,P0108,Tomato,59.6,High
2025-03-04,P0108,Tomato,51.6,High
2025-03-05,P0108,Tomato,53.6,High
2025-03-06,P0108,Tomato,48.3,Medium
2025-03-07,P0108,Tomato,49.5,Medium
2025-03-08,P0108,Tomato,58.1,High
2025-03-09,P0108,Tomato,56.6,High
2025-03-10,P0108,Tomato,47.2,Medium
2025-03-11,P0108,Tomato,59.5,High
2025-03-12,P0108,Tomato,53.5,High
2025-03-13,P0108,Tomato,60.7,High
2025-03-14,P0108,Tomato,58.3,High
2025-03-15,P0108,Tomato,53.5,High
2025-03-16,P0108,Tomato,50.8,High
2025-03-17,P0108,Tomato,62.1,High
2025-03-18,P0108,Tomato,57.3,High
2025-03-19,P0108,Tomato,60.9,High
2025-03-20,P0108,Tomato,58.4,High
2025-03-21,P0108,Tomato,58.2,High
2025-03-22,P0108,Tomato,52.3,High
2025-03-23,P0108,Tomato,55.6,High
2025-03-24,P0108,Tomato,54.7,High
2025-03-25,P0108,Tomato,60.8,High
2025-03-26,P0108,Tomato,55.8,High
2025-03-27,P0108,Tomato,58.5,High
2025-03-28,P0108,Tomato,50.4,High
2025-03-29,P0108,Tomato,52.8,High
2025-03-30,P0108,Tomato,51.7,High
2025-03-31,P0108,Tomato,51.6,High
2025-04-01,P0108,Tomato,56.7,High
2025-04-02,P0108,Tomato,55.4,High
2025-04-03,P0108,Tomato,54.6,High
2025-04-04,P0108,Tomato,58.6,High
2025-04-05,P0108,Tomato,65.6,High
2025-04-06,P0108,Tomato,70,High
2025-04-07,P0108,Tomato,72.6,High
2025-04-08,P0108,Tomato,75.7,Critical
2025-04-09,P0108,Tomato,73.2,High
2025-04-10,P0108,Tomato,74.1,High
2025-04-11,P0108,Tomato,59.8,High
2025-04-12,P0108,Tomato,57.2,High
2025-04-13,P0108,Tomato,53.4,High
2025-04-14,P0108,Tomato,48.7,Medium
2025-04-15,P0108,Tomato,49.9,Medium
2025-04-16,P0108,Tomato,51.3,High
2025-04-17,P0108,Tomato,52.7,High
2025-04-18,P0108,Tomato,51.4,High
2025-04-19,P0108,Tomato,48.1,Medium
2025-04-20,P0108,Tomato,51.9,High
2025-04-21,P0108,Tomato,52.3,High
2025-04-22,P0108,Tomato,52.7,High
2025-04-23,P0108,Tomato,51.6,High
2025-04-24,P0108,Tomato,55.9,High
2025-04-25,P0108,Tomato,50.8,High
2025-04-26,P0108,Tomato,48.7,Medium
2025-04-27,P0108,Tomato,56.3,High
2025-04-28,P0108,Tomato,60.1,High
2025-04-29,P0108,Tomato,60.6,High
2025-04-30,P0108,Tomato,56.6,High
2025-05-01,P0108,Tomato,53.4,High
2025-05-02,P0108,Tomato,58.4,High
2025-05-03,P0108,Tomato,54.5,High
2025-05-04,P0108,Tomato,57.4,High
2025-05-05,P0108,Tomato,58.9,High
2025-05-06,P0108,Tomato,46.9,Medium
2025-05-07,P0108,Tomato,48.9,Medium
2025-05-08,P0108,Tomato,59.5,High
2025-05-09,P0108,Tomato,58.1,High
2025-05-10,P0108,Tomato,63.7,High
2025-05-11,P0108,Tomato,70.5,High
2025-05-12,P0108,Tomato,68.8,High
2025-05-13,P0108,Tomato,56.8,High
2025-05-14,P0108,Tomato,64.6,High
2025-05-15,P0108,Tomato,71.8,High
2025-05-16,P0108,Tomato,64.1,High
2025-05-17,P0108,Tomato,51,High
2025-05-18,P0108,Tomato,51.1,High
2025-05-19,P0108,Tomato,45.3,Medium
2025-05-20,P0108,Tomato,49,Medium
2025-05-21,P0108,Tomato,41.5,Medium
2025-05-22,P0108,Tomato,46.3,Medium
2025-05-23,P0108,Tomato,44.1,Medium
2025-05-24,P0108,Tomato,40,Medium
2025-05-25,P0108,Tomato,40.5,Medium
2025-05-26,P0108,Tomato,38.1,Medium
2025-05-27,P0108,Tomato,38.3,Medium
2025-05-28,P0108,Tomato,37.1,Medium
2025-05-29,P0108,Tomato,32.9,Medium
2025-05-30,P0108,Tomato,39.6,Medium
2025-05-31,P0108,Tomato,35.6,Medium
2025-06-01,P0108,Tomato,48.5,Medium
2025-06-02,P0108,Tomato,49,Medium
2025-06-03,P0108,Tomato,45,Medium
2025-06-04,P0108,Tomato,47.2,Medium
2025-06-05,P0108,Tomato,41.2,Medium
2025-06-06,P0108,Tomato,36.3,Medium
2025-06-07,P0108,Tomato,45.9,Medium
2025-06-08,P0108,Tomato,28.3,Medium
2025-06-09,P0108,Tomato,18.3,Low
2025-06-10,P0108,Tomato,26.6,Medium
2025-06-11,P0108,Tomato,33.4,Medium
2025-06-12,P0108,Tomato,35.6,Medium
2025-06-13,P0108,Tomato,46,Medium
2025-06-14,P0108,Tomato,47.8,Medium
2025-06-15,P0108,Tomato,60.7,High
2025-06-16,P0108,Tomato,66.3,High
2025-06-17,P0108,Tomato,69.8,High
2025-06-18,P0108,Tomato,56.9,High
2025-06-19,P0108,Tomato,56.4,High
2025-06-20,P0108,Tomato,42.4,Medium
2025-06-21,P0108,Tomato,42.4,Medium
2025-06-22,P0108,Tomato,37.6,Medium
2025-06-23,P0108,Tomato,31.4,Medium
2025-06-24,P0108,Tomato,29.5,Medium
2025-06-25,P0108,Tomato,20,Low
2025-06-26,P0108,Tomato,19.3,Low
2025-06-27,P0108,Tomato,25.6,Medium
2025-06-28,P0108,Tomato,29.2,Medium
2025-06-29,P0108,Tomato,33.3,Medium
2025-06-30,P0108,Tomato,34.1,Medium
2025-07-01,P0108,Tomato,46.2,Medium
2025-07-02,P0108,Tomato,43,Medium
2025-07-03,P0108,Tomato,35.6,Medium
2025-07-04,P0108,Tomato,33.8,Medium
2025-07-05,P0108,Tomato,37.2,Medium
2025-07-06,P0108,Tomato,42.4,Medium
2025-07-07,P0108,Tomato,38.6,Medium
2025-07-08,P0108,Tomato,38,Medium
2025-07-09,P0108,Tomato,37,Medium
2025-07-10,P0108,Tomato,27.9,Medium
2025-07-11,P0108,Tomato,28.9,Medium
2025-07-12,P0108,Tomato,39.8,Medium
2025-07-13,P0108,Tomato,45.5,Medium
2025-07-14,P0108,Tomato,42.3,Medium
2025-07-15,P0108,Tomato,43.9,Medium
2025-07-16,P0108,Tomato,42.3,Medium
2025-07-17,P0108,Tomato,49.8,Medium
2025-07-18,P0108,Tomato,46.7,Medium
2025-07-19,P0108,Tomato,44.4,Medium
2025-07-20,P0108,Tomato,43.5,Medium
2025-07-21,P0108,Tomato,51,High
2025-07-22,P0108,Tomato,64.7,High
2025-07-23,P0108,Tomato,64.8,High
2025-07-24,P0108,Tomato,54.1,High
2025-07-25,P0108,Tomato,54.6,High
2025-07-26,P0108,Tomato,63.3,High
2025-07-27,P0108,Tomato,67,High
2025-07-28,P0108,Tomato,66.4,High
2025-07-29,P0108,Tomato,72.1,High
2025-07-30,P0108,Tomato,60.7,High
2025-07-31,P0108,Tomato,58.8,High
2025-08-01,P0108,Tomato,53.4,High
2025-08-02,P0108,Tomato,42.7,Medium
2025-08-03,P0108,Tomato,43.9,Medium
2025-08-04,P0108,Tomato,30.9,Medium
2025-08-05,P0108,Tomato,34.7,Medium
2025-08-06,P0108,Tomato,36.5,Medium
2025-08-07,P0108,Tomato,40.4,Medium
2025-08-08,P0108,Tomato,48.3,Medium
2025-08-09,P0108,Tomato,51.1,High
2025-08-10,P0108,Tomato,44.2,Medium
2025-08-11,P0108,Tomato,46.6,Medium
2025-08-12,P0108,Tomato,52.9,High
2025-08-13,P0108,Tomato,55.8,High
2025-08-14,P0108,Tomato,45.1,Medium
2025-08-15,P0108,Tomato,45.2,Medium
2025-08-16,P0108,Tomato,41.8,Medium
2025-08-17,P0108,Tomato,36.4,Medium
2025-08-18,P0108,Tomato,35,Medium
2025-08-19,P0108,Tomato,29.2,Medium
2025-08-20,P0108,Tomato,26.7,Medium
2025-08-21,P0108,Tomato,27.3,Medium
2025-08-22,P0108,Tomato,27.6,Medium
2025-08-23,P0108,Tomato,27.4,Medium
2025-08-24,P0108,Tomato,37.5,Medium
2025-08-25,P0108,Tomato,35.7,Medium
2025-08-26,P0108,Tomato,50.4,High
2025-08-27,P0108,Tomato,42.7,Medium
2025-08-28,P0108,Tomato,51.7,High
2025-08-29,P0108,Tomato,57.9,High
2025-08-30,P0108,Tomato,61.8,High
2025-08-31,P0108,Tomato,61.2,High
2025-09-01,P0108,Tomato,57.8,High
2025-09-02,P0108,Tomato,52.3,High
2025-09-03,P0108,Tomato,43.9,Medium
2025-09-04,P0108,Tomato,43.8,Medium
2025-09-05,P0108,Tomato,36.2,Medium
2025-09-06,P0108,Tomato,35.3,Medium
2025-09-07,P0108,Tomato,32.3,Medium
2025-09-08,P0108,Tomato,28.7,Medium
2025-09-09,P0108,Tomato,31.5,Medium
2025-09-10,P0108,Tomato,33.9,Medium
2025-09-11,P0108,Tomato,31.4,Medium
2025-09-12,P0108,Tomato,31.2,Medium
2025-02-21,P0109,Cucumber,12.8,Low
2025-02-22,P0109,Cucumber,11.7,Low
2025-02-23,P0109,Cucumber,10.6,Low
2025-02-24,P0109,Cucumber,20.7,Low
2025-02-25,P0109,Cucumber,18.1,Low
2025-02-26,P0109,Cucumber,28.5,Medium
2025-02-27,P0109,Cucumber,26.5,Medium
2025-02-28,P0109,Cucumber,31.8,Medium
2025-03-01,P0109,Cucumber,56.6,High
2025-03-02,P0109,Cucumber,63,High
2025-03-03,P0109,Cucumber,59.2,High
2025-03-04,P0109,Cucumber,47.2,Medium
2025-03-05,P0109,Cucumber,47.9,Medium
2025-03-06,P0109,Cucumber,51.7,High
2025-03-07,P0109,Cucumber,41,Medium
2025-03-08,P0109,Cucumber,35.9,Medium
2025-03-09,P0109,Cucumber,34.2,Medium
2025-03-10,P0109,Cucumber,38.6,Medium
2025-03-11,P0109,Cucumber,29.7,Medium
2025-03-12,P0109,Cucumber,40.3,Medium
2025-03-13,P0109,Cucumber,30.7,Medium
2025-03-14,P0109,Cucumber,37.4,Medium
2025-03-15,P0109,Cucumber,40.1,Medium
2025-03-16,P0109,Cucumber,42.4,Medium
2025-03-17,P0109,Cucumber,37.3,Medium
2025-03-18,P0109,Cucumber,45.2,Medium
2025-03-19,P0109,Cucumber,48.4,Medium
2025-03-20,P0109,Cucumber,43,Medium
2025-03-21,P0109,Cucumber,45.1,Medium
2025-03-22,P0109,Cucumber,45.2,Medium
2025-03-23,P0109,Cucumber,60,High
2025-03-24,P0109,Cucumber,64.1,High
2025-03-25,P0109,Cucumber,64,High
2025-03-26,P0109,Cucumber,58.3,High
2025-03-27,P0109,Cucumber,61.3,High
2025-03-28,P0109,Cucumber,55.5,High
2025-03-29,P0109,Cucumber,61.4,High
2025-03-30,P0109,Cucumber,52.4,High
2025-03-31,P0109,Cucumber,51.1,High
2025-04-01,P0109,Cucumber,54.4,High
2025-04-02,P0109,Cucumber,49.7,Medium
2025-04-03,P0109,Cucumber,43.3,Medium
2025-04-04,P0109,Cucumber,55.1,High
2025-04-05,P0109,Cucumber,55,High
2025-04-06,P0109,Cucumber,58.5,High
2025-04-07,P0109,Cucumber,49.2,Medium
2025-04-08,P0109,Cucumber,47.9,Medium
2025-04-09,P0109,Cucumber,46.3,Medium
2025-04-10,P0109,Cucumber,46.9,Medium
2025-04-11,P0109,Cucumber,55.9,High
2025-04-12,P0109,Cucumber,52.6,High
2025-04-13,P0109,Cucumber,53.6,High
2025-04-14,P0109,Cucumber,47.3,Medium
2025-04-15,P0109,Cucumber,45.8,Medium
2025-04-16,P0109,Cucumber,33.9,Medium
2025-04-17,P0109,Cucumber,48.9,Medium
2025-04-18,P0109,Cucumber,54,High
2025-04-19,P0109,Cucumber,57.2,High
2025-04-20,P0109,Cucumber,50.9,High
2025-04-21,P0109,Cucumber,56.8,High
2025-04-22,P0109,Cucumber,56,High
2025-04-23,P0109,Cucumber,50.2,High
2025-04-24,P0109,Cucumber,43.7,Medium
2025-04-25,P0109,Cucumber,35,Medium
2025-04-26,P0109,Cucumber,30.8,Medium
2025-04-27,P0109,Cucumber,44.6,Medium
2025-04-28,P0109,Cucumber,32.8,Medium
2025-04-29,P0109,Cucumber,46.5,Medium
2025-04-30,P0109,Cucumber,37.9,Medium
2025-05-01,P0109,Cucumber,38.5,Medium
2025-05-02,P0109,Cucumber,44.4,Medium
2025-05-03,P0109,Cucumber,40.4,Medium
2025-05-04,P0109,Cucumber,39.8,Medium
2025-05-05,P0109,Cucumber,43.3,Medium
2025-05-06,P0109,Cucumber,34.6,Medium
2025-05-07,P0109,Cucumber,45.7,Medium
2025-05-08,P0109,Cucumber,46.4,Medium
2025-05-09,P0109,Cucumber,48.4,Medium
2025-05-10,P0109,Cucumber,47.2,Medium
2025-05-11,P0109,Cucumber,46.4,Medium
2025-05-12,P0109,Cucumber,56.7,High
2025-05-13,P0109,Cucumber,41.7,Medium
2025-05-14,P0109,Cucumber,38.2,Medium
2025-05-15,P0109,Cucumber,40.4,Medium
2025-05-16,P0109,Cucumber,34.2,Medium
2025-05-17,P0109,Cucumber,41.6,Medium
2025-05-18,P0109,Cucumber,38.6,Medium
2025-05-19,P0109,Cucumber,36,Medium
2025-05-20,P0109,Cucumber,31.6,Medium
2025-05-21,P0109,Cucumber,36.5,Medium
2025-05-22,P0109,Cucumber,31.6,Medium
2025-05-23,P0109,Cucumber,27,Medium
2025-05-24,P0109,Cucumber,30.8,Medium
2025-05-25,P0109,Cucumber,43.3,Medium
2025-05-26,P0109,Cucumber,32,Medium
2025-05-27,P0109,Cucumber,42.1,Medium
2025-05-28,P0109,Cucumber,39.5,Medium
2025-05-29,P0109,Cucumber,44.9,Medium
2025-05-30,P0109,Cucumber,37.4,Medium
2025-05-31,P0109,Cucumber,33.6,Medium
2025-06-01,P0109,Cucumber,48.1,Medium
2025-06-02,P0109,Cucumber,52,High
2025-06-03,P0109,Cucumber,43.7,Medium
2025-06-04,P0109,Cucumber,39.9,Medium
2025-06-05,P0109,Cucumber,41.3,Medium
2025-06-06,P0109,Cucumber,42.2,Medium
2025-06-07,P0109,Cucumber,50.4,High
2025-06-08,P0109,Cucumber,36.6,Medium
2025-06-09,P0109,Cucumber,19.3,Low
2025-06-10,P0109,Cucumber,25.8,Medium
2025-06-11,P0109,Cucumber,19.4,Low
2025-06-12,P0109,Cucumber,12.6,Low
2025-06-13,P0109,Cucumber,18.8,Low
2025-06-14,P0109,Cucumber,16.2,Low
2025-06-15,P0109,Cucumber,12.9,Low
2025-06-16,P0109,Cucumber,24.2,Low
2025-06-17,P0109,Cucumber,36.5,Medium
2025-06-18,P0109,Cucumber,30.5,Medium
2025-06-19,P0109,Cucumber,39.8,Medium
2025-06-20,P0109,Cucumber,37,Medium
2025-06-21,P0109,Cucumber,29.3,Medium
2025-06-22,P0109,Cucumber,28.6,Medium
2025-06-23,P0109,Cucumber,21.1,Low
2025-06-24,P0109,Cucumber,21.3,Low
2025-06-25,P0109,Cucumber,20.2,Low
2025-06-26,P0109,Cucumber,19.6,Low
2025-06-27,P0109,Cucumber,17.3,Low
2025-06-28,P0109,Cucumber,17.5,Low
2025-06-29,P0109,Cucumber,19.8,Low
2025-06-30,P0109,Cucumber,31.7,Medium
2025-07-01,P0109,Cucumber,25.8,Medium
2025-07-02,P0109,Cucumber,41.4,Medium
2025-07-03,P0109,Cucumber,35,Medium
2025-07-04,P0109,Cucumber,46.9,Medium
2025-07-05,P0109,Cucumber,41.1,Medium
2025-07-06,P0109,Cucumber,39.1,Medium
2025-07-07,P0109,Cucumber,45.8,Medium
2025-07-08,P0109,Cucumber,32.1,Medium
2025-07-09,P0109,Cucumber,29.6,Medium
2025-07-10,P0109,Cucumber,18.6,Low
2025-07-11,P0109,Cucumber,21.7,Low
2025-07-12,P0109,Cucumber,17,Low
2025-07-13,P0109,Cucumber,14.4,Low
2025-07-14,P0109,Cucumber,21.5,Low
2025-07-15,P0109,Cucumber,19.2,Low
2025-07-16,P0109,Cucumber,28.7,Medium
2025-07-17,P0109,Cucumber,24.6,Low
2025-07-18,P0109,Cucumber,36.5,Medium
2025-07-19,P0109,Cucumber,39.9,Medium
2025-07-20,P0109,Cucumber,33.2,Medium
2025-07-21,P0109,Cucumber,36.7,Medium
2025-07-22,P0109,Cucumber,33,Medium
2025-07-23,P0109,Cucumber,42.7,Medium
2025-07-24,P0109,Cucumber,42.5,Medium
2025-07-25,P0109,Cucumber,25.3,Medium
2025-07-26,P0109,Cucumber,29.6,Medium
2025-07-27,P0109,Cucumber,27.2,Medium
2025-07-28,P0109,Cucumber,25.8,Medium
2025-07-29,P0109,Cucumber,25.3,Medium
2025-07-30,P0109,Cucumber,34.3,Medium
2025-07-31,P0109,Cucumber,28.5,Medium
2025-08-01,P0109,Cucumber,35.7,Medium
2025-08-02,P0109,Cucumber,34.6,Medium
2025-08-03,P0109,Cucumber,29.5,Medium
2025-08-04,P0109,Cucumber,36.3,Medium
2025-08-05,P0109,Cucumber,32.3,Medium
2025-08-06,P0109,Cucumber,22.5,Low
2025-08-07,P0109,Cucumber,33.2,Medium
2025-08-08,P0109,Cucumber,26.1,Medium
2025-08-09,P0109,Cucumber,21.6,Low
2025-08-10,P0109,Cucumber,24.2,Low
2025-08-11,P0109,Cucumber,28.3,Medium
2025-08-12,P0109,Cucumber,14.9,Low
2025-08-13,P0109,Cucumber,24.5,Low
2025-08-14,P0109,Cucumber,13.2,Low
2025-08-15,P0109,Cucumber,12.5,Low
2025-08-16,P0109,Cucumber,20,Low
2025-08-17,P0109,Cucumber,22.5,Low
2025-08-18,P0109,Cucumber,23.8,Low
2025-08-19,P0109,Cucumber,21.5,Low
2025-08-20,P0109,Cucumber,20.2,Low
2025-08-21,P0109,Cucumber,20.4,Low
2025-08-22,P0109,Cucumber,34,Medium
2025-08-23,P0109,Cucumber,27.4,Medium
2025-08-24,P0109,Cucumber,15,Low
2025-08-25,P0109,Cucumber,21.8,Low
2025-08-26,P0109,Cucumber,22.5,Low
2025-08-27,P0109,Cucumber,29.2,Medium
2025-08-28,P0109,Cucumber,30.3,Medium
2025-08-29,P0109,Cucumber,32.3,Medium
2025-08-30,P0109,Cucumber,19.1,Low
2025-08-31,P0109,Cucumber,24.5,Low
2025-09-01,P0109,Cucumber,14.5,Low
2025-09-02,P0109,Cucumber,17,Low
2025-09-03,P0109,Cucumber,24.2,Low
2025-09-04,P0109,Cucumber,13.7,Low
2025-09-05,P0109,Cucumber,18.7,Low
2025-09-06,P0109,Cucumber,16.7,Low
2025-09-07,P0109,Cucumber,18.1,Low
2025-09-08,P0109,Cucumber,18.7,Low
2025-09-09,P0109,Cucumber,15.3,Low
2025-09-10,P0109,Cucumber,16.6,Low
2025-09-11,P0109,Cucumber,21.8,Low
2025-09-12,P0109,Cucumber,15.9,Low
2025-02-21,P0110,Cucumber,34.6,Medium
2025-02-22,P0110,Cucumber,39,Medium
2025-02-23,P0110,Cucumber,46.9,Medium
2025-02-24,P0110,Cucumber,55.4,High
2025-02-25,P0110,Cucumber,60.4,High
2025-02-26,P0110,Cucumber,50.7,High
2025-02-27,P0110,Cucumber,48.2,Medium
2025-02-28,P0110,Cucumber,51.8,High
2025-03-01,P0110,Cucumber,52.7,High
2025-03-02,P0110,Cucumber,57.6,High
2025-03-03,P0110,Cucumber,66.5,High
2025-03-04,P0110,Cucumber,65.5,High
2025-03-05,P0110,Cucumber,59.1,High
2025-03-06,P0110,Cucumber,60.2,High
2025-03-07,P0110,Cucumber,61.2,High
2025-03-08,P0110,Cucumber,66.1,High
2025-03-09,P0110,Cucumber,54.3,High
2025-03-10,P0110,Cucumber,61.3,High
2025-03-11,P0110,Cucumber,45.8,Medium
2025-03-12,P0110,Cucumber,42.7,Medium
2025-03-13,P0110,Cucumber,52.9,High
2025-03-14,P0110,Cucumber,57.1,High
2025-03-15,P0110,Cucumber,47.5,Medium
2025-03-16,P0110,Cucumber,49.4,Medium
2025-03-17,P0110,Cucumber,58.6,High
2025-03-18,P0110,Cucumber,53.8,High
2025-03-19,P0110,Cucumber,51.7,High
2025-03-20,P0110,Cucumber,56.9,High
2025-03-21,P0110,Cucumber,54.9,High
2025-03-22,P0110,Cucumber,61.2,High
2025-03-23,P0110,Cucumber,66.5,High
2025-03-24,P0110,Cucumber,69.1,High
2025-03-25,P0110,Cucumber,66.1,High
2025-03-26,P0110,Cucumber,69.4,High
2025-03-27,P0110,Cucumber,59,High
2025-03-28,P0110,Cucumber,52.5,High
2025-03-29,P0110,Cucumber,51,High
2025-03-30,P0110,Cucumber,39.5,Medium
2025-03-31,P0110,Cucumber,49.7,Medium
2025-04-01,P0110,Cucumber,52.6,High
2025-04-02,P0110,Cucumber,63.8,High
2025-04-03,P0110,Cucumber,61.8,High
2025-04-04,P0110,Cucumber,66.1,High
2025-04-05,P0110,Cucumber,66.1,High
2025-04-06,P0110,Cucumber,69.3,High
2025-04-07,P0110,Cucumber,69.4,High
2025-04-08,P0110,Cucumber,63.5,High
2025-04-09,P0110,Cucumber,62.9,High
2025-04-10,P0110,Cucumber,62.8,High
2025-04-11,P0110,Cucumber,64.1,High
2025-04-12,P0110,Cucumber,64.3,High
2025-04-13,P0110,Cucumber,66.2,High
2025-04-14,P0110,Cucumber,61,High
2025-04-15,P0110,Cucumber,63,High
2025-04-16,P0110,Cucumber,62.9,High
2025-04-17,P0110,Cucumber,61.6,High
2025-04-18,P0110,Cucumber,61.8,High
2025-04-19,P0110,Cucumber,62.9,High
2025-04-20,P0110,Cucumber,61.6,High
2025-04-21,P0110,Cucumber,67.5,High
2025-04-22,P0110,Cucumber,70.6,High
2025-04-23,P0110,Cucumber,60.9,High
2025-04-24,P0110,Cucumber,65.5,High
2025-04-25,P0110,Cucumber,66.1,High
2025-04-26,P0110,Cucumber,65.5,High
2025-04-27,P0110,Cucumber,62.4,High
2025-04-28,P0110,Cucumber,62.5,High
2025-04-29,P0110,Cucumber,65.8,High
2025-04-30,P0110,Cucumber,64.9,High
2025-05-01,P0110,Cucumber,58.1,High
2025-05-02,P0110,Cucumber,63.3,High
2025-05-03,P0110,Cucumber,68.1,High
2025-05-04,P0110,Cucumber,70,High
2025-05-05,P0110,Cucumber,64.8,High
2025-05-06,P0110,Cucumber,56.3,High
2025-05-07,P0110,Cucumber,51.4,High
2025-05-08,P0110,Cucumber,50.9,High
2025-05-09,P0110,Cucumber,48.7,Medium
2025-05-10,P0110,Cucumber,50.5,High
2025-05-11,P0110,Cucumber,46.9,Medium
2025-05-12,P0110,Cucumber,47,Medium
2025-05-13,P0110,Cucumber,56.2,High
2025-05-14,P0110,Cucumber,51.7,High
2025-05-15,P0110,Cucumber,50.8,High
2025-05-16,P0110,Cucumber,60.2,High
2025-05-17,P0110,Cucumber,59,High
2025-05-18,P0110,Cucumber,56.4,High
2025-05-19,P0110,Cucumber,57.4,High
2025-05-20,P0110,Cucumber,54.2,High
2025-05-21,P0110,Cucumber,51.4,High
2025-05-22,P0110,Cucumber,51.7,High
2025-05-23,P0110,Cucumber,47.4,Medium
2025-05-24,P0110,Cucumber,46.1,Medium
2025-05-25,P0110,Cucumber,49,Medium
2025-05-26,P0110,Cucumber,39.3,Medium
2025-05-27,P0110,Cucumber,48.6,Medium
2025-05-28,P0110,Cucumber,46.8,Medium
2025-05-29,P0110,Cucumber,40.6,Medium
2025-05-30,P0110,Cucumber,43,Medium
2025-05-31,P0110,Cucumber,41.5,Medium
2025-06-01,P0110,Cucumber,45.2,Medium
2025-06-02,P0110,Cucumber,40.1,Medium
2025-06-03,P0110,Cucumber,40.1,Medium
2025-06-04,P0110,Cucumber,41.4,Medium
2025-06-05,P0110,Cucumber,50.8,High
2025-06-06,P0110,Cucumber,51,High
2025-06-07,P0110,Cucumber,47.5,Medium
2025-06-08,P0110,Cucumber,49.5,Medium
2025-06-09,P0110,Cucumber,42.5,Medium
2025-06-10,P0110,Cucumber,44.4,Medium
2025-06-11,P0110,Cucumber,38.1,Medium
2025-06-12,P0110,Cucumber,29.8,Medium
2025-06-13,P0110,Cucumber,31.1,Medium
2025-06-14,P0110,Cucumber,31.4,Medium
2025-06-15,P0110,Cucumber,39,Medium
2025-06-16,P0110,Cucumber,38,Medium
2025-06-17,P0110,Cucumber,46.8,Medium
2025-06-18,P0110,Cucumber,41.6,Medium
2025-06-19,P0110,Cucumber,40.1,Medium
2025-06-20,P0110,Cucumber,39,Medium
2025-06-21,P0110,Cucumber,39,Medium
2025-06-22,P0110,Cucumber,42.6,Medium
2025-06-23,P0110,Cucumber,54.2,High
2025-06-24,P0110,Cucumber,58.7,High
2025-06-25,P0110,Cucumber,62.2,High
2025-06-26,P0110,Cucumber,49,Medium
2025-06-27,P0110,Cucumber,40.3,Medium
2025-06-28,P0110,Cucumber,37.2,Medium
2025-06-29,P0110,Cucumber,26.4,Medium
2025-06-30,P0110,Cucumber,28.2,Medium
2025-07-01,P0110,Cucumber,26,Medium
2025-07-02,P0110,Cucumber,26.2,Medium
2025-07-03,P0110,Cucumber,27.7,Medium
2025-07-04,P0110,Cucumber,42.1,Medium
2025-07-05,P0110,Cucumber,49,Medium
2025-07-06,P0110,Cucumber,50.3,High
2025-07-07,P0110,Cucumber,44.1,Medium
2025-07-08,P0110,Cucumber,41.7,Medium
2025-07-09,P0110,Cucumber,40.8,Medium
2025-07-10,P0110,Cucumber,41.9,Medium
2025-07-11,P0110,Cucumber,35,Medium
2025-07-12,P0110,Cucumber,12.1,Low
2025-07-13,P0110,Cucumber,9.3,Low
2025-07-14,P0110,Cucumber,11.8,Low
2025-07-15,P0110,Cucumber,10.2,Low
2025-07-16,P0110,Cucumber,16,Low
2025-07-17,P0110,Cucumber,17.8,Low
2025-07-18,P0110,Cucumber,17.6,Low
2025-07-19,P0110,Cucumber,25.7,Medium
2025-07-20,P0110,Cucumber,28.4,Medium
2025-07-21,P0110,Cucumber,40.9,Medium
2025-07-22,P0110,Cucumber,45.8,Medium
2025-07-23,P0110,Cucumber,43.9,Medium
2025-07-24,P0110,Cucumber,57.4,High
2025-07-25,P0110,Cucumber,51,High
2025-07-26,P0110,Cucumber,50.6,High
2025-07-27,P0110,Cucumber,53.3,High
2025-07-28,P0110,Cucumber,41.3,Medium
2025-07-29,P0110,Cucumber,38.5,Medium
2025-07-30,P0110,Cucumber,37.6,Medium
2025-07-31,P0110,Cucumber,32.5,Medium
2025-08-01,P0110,Cucumber,27.5,Medium
2025-08-02,P0110,Cucumber,20.1,Low
2025-08-03,P0110,Cucumber,22.3,Low
2025-08-04,P0110,Cucumber,32.5,Medium
2025-08-05,P0110,Cucumber,29.6,Medium
2025-08-06,P0110,Cucumber,23.6,Low
2025-08-07,P0110,Cucumber,29.9,Medium
2025-08-08,P0110,Cucumber,39.9,Medium
2025-08-09,P0110,Cucumber,36.1,Medium
2025-08-10,P0110,Cucumber,44.2,Medium
2025-08-11,P0110,Cucumber,38.3,Medium
2025-08-12,P0110,Cucumber,36.7,Medium
2025-08-13,P0110,Cucumber,42.3,Medium
2025-08-14,P0110,Cucumber,25.4,Medium
2025-08-15,P0110,Cucumber,27,Medium
2025-08-16,P0110,Cucumber,27.8,Medium
2025-08-17,P0110,Cucumber,27.4,Medium
2025-08-18,P0110,Cucumber,35.5,Medium
2025-08-19,P0110,Cucumber,32,Medium
2025-08-20,P0110,Cucumber,32.4,Medium
2025-08-21,P0110,Cucumber,34.2,Medium
2025-08-22,P0110,Cucumber,37.2,Medium
2025-08-23,P0110,Cucumber,47.9,Medium
2025-08-24,P0110,Cucumber,41,Medium
2025-08-25,P0110,Cucumber,45.4,Medium
2025-08-26,P0110,Cucumber,59.7,High
2025-08-27,P0110,Cucumber,59.8,High
2025-08-28,P0110,Cucumber,68.1,High
2025-08-29,P0110,Cucumber,70.4,High
2025-08-30,P0110,Cucumber,51.3,High
2025-08-31,P0110,Cucumber,50,High
2025-09-01,P0110,Cucumber,40.8,Medium
2025-09-02,P0110,Cucumber,41.6,Medium
2025-09-03,P0110,Cucumber,47.9,Medium
2025-09-04,P0110,Cucumber,42.4,Medium
2025-09-05,P0110,Cucumber,36.1,Medium
2025-09-06,P0110,Cucumber,31.1,Medium
2025-09-07,P0110,Cucumber,28.5,Medium
2025-09-08,P0110,Cucumber,36.8,Medium
2025-09-09,P0110,Cucumber,33.5,Medium
2025-09-10,P0110,Cucumber,20,Low
2025-09-11,P0110,Cucumber,18.3,Low
2025-09-12,P0110,Cucumber,35,Medium
2025-02-21,P0111,Strawberry,36.4,Medium
2025-02-22,P0111,Strawberry,33.3,Medium
2025-02-23,P0111,Strawberry,37.7,Medium
2025-02-24,P0111,Strawberry,38.6,Medium
2025-02-25,P0111,Strawberry,44.5,Medium
2025-02-26,P0111,Strawberry,41.8,Medium
2025-02-27,P0111,Strawberry,43,Medium
2025-02-28,P0111,Strawberry,54.4,High
2025-03-01,P0111,Strawberry,60.9,High
2025-03-02,P0111,Strawberry,67.6,High
2025-03-03,P0111,Strawberry,68.2,High
2025-03-04,P0111,Strawberry,70.1,High
2025-03-05,P0111,Strawberry,51.2,High
2025-03-06,P0111,Strawberry,51.2,High
2025-03-07,P0111,Strawberry,46.2,Medium
2025-03-08,P0111,Strawberry,43.4,Medium
2025-03-09,P0111,Strawberry,36.3,Medium
2025-03-10,P0111,Strawberry,26.9,Medium
2025-03-11,P0111,Strawberry,37.8,Medium
2025-03-12,P0111,Strawberry,38.3,Medium
2025-03-13,P0111,Strawberry,32.6,Medium
2025-03-14,P0111,Strawberry,35.2,Medium
2025-03-15,P0111,Strawberry,29.2,Medium
2025-03-16,P0111,Strawberry,36.5,Medium
2025-03-17,P0111,Strawberry,35.7,Medium
2025-03-18,P0111,Strawberry,37,Medium
2025-03-19,P0111,Strawberry,22.4,Low
2025-03-20,P0111,Strawberry,24.2,Low
2025-03-21,P0111,Strawberry,30.6,Medium
2025-03-22,P0111,Strawberry,36.3,Medium
2025-03-23,P0111,Strawberry,50,High
2025-03-24,P0111,Strawberry,50.9,High
2025-03-25,P0111,Strawberry,55.4,High
2025-03-26,P0111,Strawberry,55.7,High
2025-03-27,P0111,Strawberry,59.1,High
2025-03-28,P0111,Strawberry,59,High
2025-03-29,P0111,Strawberry,53.7,High
2025-03-30,P0111,Strawberry,53.1,High
2025-03-31,P0111,Strawberry,49.6,Medium
2025-04-01,P0111,Strawberry,51.5,High
2025-04-02,P0111,Strawberry,51.6,High
2025-04-03,P0111,Strawberry,41.3,Medium
2025-04-04,P0111,Strawberry,52.4,High
2025-04-05,P0111,Strawberry,50.1,High
2025-04-06,P0111,Strawberry,56.1,High
2025-04-07,P0111,Strawberry,62.1,High
2025-04-08,P0111,Strawberry,53.9,High
2025-04-09,P0111,Strawberry,55.9,High
2025-04-10,P0111,Strawberry,52.5,High
2025-04-11,P0111,Strawberry,57.2,High
2025-04-12,P0111,Strawberry,63.4,High
2025-04-13,P0111,Strawberry,55.5,High
2025-04-14,P0111,Strawberry,44.7,Medium
2025-04-15,P0111,Strawberry,51.8,High
2025-04-16,P0111,Strawberry,56.2,High
2025-04-17,P0111,Strawberry,56.6,High
2025-04-18,P0111,Strawberry,44.8,Medium
2025-04-19,P0111,Strawberry,50.1,High
2025-04-20,P0111,Strawberry,57.3,High
2025-04-21,P0111,Strawberry,56.3,High
2025-04-22,P0111,Strawberry,51.9,High
2025-04-23,P0111,Strawberry,59.3,High
2025-04-24,P0111,Strawberry,64.4,High
2025-04-25,P0111,Strawberry,42.9,Medium
2025-04-26,P0111,Strawberry,40,Medium
2025-04-27,P0111,Strawberry,31.8,Medium
2025-04-28,P0111,Strawberry,57.1,High
2025-04-29,P0111,Strawberry,52.1,High
2025-04-30,P0111,Strawberry,53.1,High
2025-05-01,P0111,Strawberry,41.8,Medium
2025-05-02,P0111,Strawberry,46.2,Medium
2025-05-03,P0111,Strawberry,51.7,High
2025-05-04,P0111,Strawberry,44.8,Medium
2025-05-05,P0111,Strawberry,31.9,Medium
2025-05-06,P0111,Strawberry,32.6,Medium
2025-05-07,P0111,Strawberry,26.9,Medium
2025-05-08,P0111,Strawberry,31.7,Medium
2025-05-09,P0111,Strawberry,43.4,Medium
2025-05-10,P0111,Strawberry,53.2,High
2025-05-11,P0111,Strawberry,49.4,Medium
2025-05-12,P0111,Strawberry,63,High
2025-05-13,P0111,Strawberry,50.5,High
2025-05-14,P0111,Strawberry,56.6,High
2025-05-15,P0111,Strawberry,47.4,Medium
2025-05-16,P0111,Strawberry,48.1,Medium
2025-05-17,P0111,Strawberry,36.3,Medium
2025-05-18,P0111,Strawberry,34.1,Medium
2025-05-19,P0111,Strawberry,32.7,Medium
2025-05-20,P0111,Strawberry,30.8,Medium
2025-05-21,P0111,Strawberry,37.9,Medium
2025-05-22,P0111,Strawberry,34.1,Medium
2025-05-23,P0111,Strawberry,37,Medium
2025-05-24,P0111,Strawberry,29.1,Medium
2025-05-25,P0111,Strawberry,30.1,Medium
2025-05-26,P0111,Strawberry,29.8,Medium
2025-05-27,P0111,Strawberry,43.6,Medium
2025-05-28,P0111,Strawberry,38.1,Medium
2025-05-29,P0111,Strawberry,38.9,Medium
2025-05-30,P0111,Strawberry,43.2,Medium
2025-05-31,P0111,Strawberry,32.1,Medium
2025-06-01,P0111,Strawberry,49.4,Medium
2025-06-02,P0111,Strawberry,48.3,Medium
2025-06-03,P0111,Strawberry,36.3,Medium
2025-06-04,P0111,Strawberry,35.8,Medium
2025-06-05,P0111,Strawberry,40.1,Medium
2025-06-06,P0111,Strawberry,33.1,Medium
2025-06-07,P0111,Strawberry,26,Medium
2025-06-08,P0111,Strawberry,22.3,Low
2025-06-09,P0111,Strawberry,22.5,Low
2025-06-10,P0111,Strawberry,14.1,Low
2025-06-11,P0111,Strawberry,22.4,Low
2025-06-12,P0111,Strawberry,26.7,Medium
2025-06-13,P0111,Strawberry,21.5,Low
2025-06-14,P0111,Strawberry,34.5,Medium
2025-06-15,P0111,Strawberry,41,Medium
2025-06-16,P0111,Strawberry,46.7,Medium
2025-06-17,P0111,Strawberry,54.7,High
2025-06-18,P0111,Strawberry,46.2,Medium
2025-06-19,P0111,Strawberry,52.2,High
2025-06-20,P0111,Strawberry,52.9,High
2025-06-21,P0111,Strawberry,31.2,Medium
2025-06-22,P0111,Strawberry,30.6,Medium
2025-06-23,P0111,Strawberry,30.5,Medium
2025-06-24,P0111,Strawberry,35.1,Medium
2025-06-25,P0111,Strawberry,38,Medium
2025-06-26,P0111,Strawberry,40.5,Medium
2025-06-27,P0111,Strawberry,31.5,Medium
2025-06-28,P0111,Strawberry,33.2,Medium
2025-06-29,P0111,Strawberry,37.4,Medium
2025-06-30,P0111,Strawberry,31.9,Medium
2025-07-01,P0111,Strawberry,38.9,Medium
2025-07-02,P0111,Strawberry,31.4,Medium
2025-07-03,P0111,Strawberry,37.2,Medium
2025-07-04,P0111,Strawberry,33.1,Medium
2025-07-05,P0111,Strawberry,45.6,Medium
2025-07-06,P0111,Strawberry,44.7,Medium
2025-07-07,P0111,Strawberry,44.6,Medium
2025-07-08,P0111,Strawberry,52,High
2025-07-09,P0111,Strawberry,58.1,High
2025-07-10,P0111,Strawberry,54.7,High
2025-07-11,P0111,Strawberry,55,High
2025-07-12,P0111,Strawberry,55.8,High
2025-07-13,P0111,Strawberry,47.2,Medium
2025-07-14,P0111,Strawberry,48.4,Medium
2025-07-15,P0111,Strawberry,46.2,Medium
2025-07-16,P0111,Strawberry,37.6,Medium
2025-07-17,P0111,Strawberry,37.3,Medium
2025-07-18,P0111,Strawberry,32.4,Medium
2025-07-19,P0111,Strawberry,38.9,Medium
2025-07-20,P0111,Strawberry,38.9,Medium
2025-07-21,P0111,Strawberry,53.2,High
2025-07-22,P0111,Strawberry,48.8,Medium
2025-07-23,P0111,Strawberry,55.6,High
2025-07-24,P0111,Strawberry,51.4,High
2025-07-25,P0111,Strawberry,54.6,High
2025-07-26,P0111,Strawberry,41.7,Medium
2025-07-27,P0111,Strawberry,35.4,Medium
2025-07-28,P0111,Strawberry,31.3,Medium
2025-07-29,P0111,Strawberry,34.3,Medium
2025-07-30,P0111,Strawberry,31.6,Medium
2025-07-31,P0111,Strawberry,23.3,Low
2025-08-01,P0111,Strawberry,37.1,Medium
2025-08-02,P0111,Strawberry,27.4,Medium
2025-08-03,P0111,Strawberry,35,Medium
2025-08-04,P0111,Strawberry,34.7,Medium
2025-08-05,P0111,Strawberry,28.7,Medium
2025-08-06,P0111,Strawberry,31.2,Medium
2025-08-07,P0111,Strawberry,41.1,Medium
2025-08-08,P0111,Strawberry,38.7,Medium
2025-08-09,P0111,Strawberry,47.9,Medium
2025-08-10,P0111,Strawberry,53.2,High
2025-08-11,P0111,Strawberry,39.3,Medium
2025-08-12,P0111,Strawberry,50.2,High
2025-08-13,P0111,Strawberry,36.4,Medium
2025-08-14,P0111,Strawberry,44.9,Medium
2025-08-15,P0111,Strawberry,40.9,Medium
2025-08-16,P0111,Strawberry,35.4,Medium
2025-08-17,P0111,Strawberry,26.4,Medium
2025-08-18,P0111,Strawberry,16.9,Low
2025-08-19,P0111,Strawberry,22.6,Low
2025-08-20,P0111,Strawberry,18,Low
2025-08-21,P0111,Strawberry,25.1,Medium
2025-08-22,P0111,Strawberry,20.3,Low
2025-08-23,P0111,Strawberry,18.8,Low
2025-08-24,P0111,Strawberry,23.2,Low
2025-08-25,P0111,Strawberry,17.8,Low
2025-08-26,P0111,Strawberry,27,Medium
2025-08-27,P0111,Strawberry,31.3,Medium
2025-08-28,P0111,Strawberry,40.2,Medium
2025-08-29,P0111,Strawberry,44.8,Medium
2025-08-30,P0111,Strawberry,55.1,High
2025-08-31,P0111,Strawberry,58.7,High
2025-09-01,P0111,Strawberry,51.3,High
2025-09-02,P0111,Strawberry,49,Medium
2025-09-03,P0111,Strawberry,51.9,High
2025-09-04,P0111,Strawberry,45.6,Medium
2025-09-05,P0111,Strawberry,43.1,Medium
2025-09-06,P0111,Strawberry,29.4,Medium
2025-09-07,P0111,Strawberry,25.5,Medium
2025-09-08,P0111,Strawberry,26.6,Medium
2025-09-09,P0111,Strawberry,25.1,Medium
2025-09-10,P0111,Strawberry,28.1,Medium
2025-09-11,P0111,Strawberry,29.2,Medium
2025-09-12,P0111,Strawberry,36.6,Medium
2025-02-21,P0112,Strawberry,39.2,Medium
2025-02-22,P0112,Strawberry,38.3,Medium
2025-02-23,P0112,Strawberry,43.8,Medium
2025-02-24,P0112,Strawberry,27.7,Medium
2025-02-25,P0112,Strawberry,38.7,Medium
2025-02-26,P0112,Strawberry,43.3,Medium
2025-02-27,P0112,Strawberry,53.2,High
2025-02-28,P0112,Strawberry,58,High
2025-03-01,P0112,Strawberry,57.6,High
2025-03-02,P0112,Strawberry,61.3,High
2025-03-03,P0112,Strawberry,58.3,High
2025-03-04,P0112,Strawberry,62.3,High
2025-03-05,P0112,Strawberry,48,Medium
2025-03-06,P0112,Strawberry,61.7,High
2025-03-07,P0112,Strawberry,50.4,High
2025-03-08,P0112,Strawberry,48.2,Medium
2025-03-09,P0112,Strawberry,50.8,High
2025-03-10,P0112,Strawberry,61.7,High
2025-03-11,P0112,Strawberry,53.9,High
2025-03-12,P0112,Strawberry,55.4,High
2025-03-13,P0112,Strawberry,49.2,Medium
2025-03-14,P0112,Strawberry,53.7,High
2025-03-15,P0112,Strawberry,56.5,High
2025-03-16,P0112,Strawberry,58.8,High
2025-03-17,P0112,Strawberry,38.3,Medium
2025-03-18,P0112,Strawberry,48.4,Medium
2025-03-19,P0112,Strawberry,49.7,Medium
2025-03-20,P0112,Strawberry,50.8,High
2025-03-21,P0112,Strawberry,49.6,Medium
2025-03-22,P0112,Strawberry,50.1,High
2025-03-23,P0112,Strawberry,56.2,High
2025-03-24,P0112,Strawberry,52.7,High
2025-03-25,P0112,Strawberry,52.5,High
2025-03-26,P0112,Strawberry,45.6,Medium
2025-03-27,P0112,Strawberry,30.8,Medium
2025-03-28,P0112,Strawberry,29.7,Medium
2025-03-29,P0112,Strawberry,31.9,Medium
2025-03-30,P0112,Strawberry,37.8,Medium
2025-03-31,P0112,Strawberry,33.2,Medium
2025-04-01,P0112,Strawberry,40.2,Medium
2025-04-02,P0112,Strawberry,45.1,Medium
2025-04-03,P0112,Strawberry,45.9,Medium
2025-04-04,P0112,Strawberry,48.1,Medium
2025-04-05,P0112,Strawberry,53.8,High
2025-04-06,P0112,Strawberry,58.1,High
2025-04-07,P0112,Strawberry,62.5,High
2025-04-08,P0112,Strawberry,65,High
2025-04-09,P0112,Strawberry,62.5,High
2025-04-10,P0112,Strawberry,69.5,High
2025-04-11,P0112,Strawberry,64.8,High
2025-04-12,P0112,Strawberry,67.1,High
2025-04-13,P0112,Strawberry,68.5,High
2025-04-14,P0112,Strawberry,62.9,High
2025-04-15,P0112,Strawberry,58.7,High
2025-04-16,P0112,Strawberry,56.8,High
2025-04-17,P0112,Strawberry,47.8,Medium
2025-04-18,P0112,Strawberry,52,High
2025-04-19,P0112,Strawberry,51.5,High
2025-04-20,P0112,Strawberry,53.3,High
2025-04-21,P0112,Strawberry,52,High
2025-04-22,P0112,Strawberry,55.4,High
2025-04-23,P0112,Strawberry,61.7,High
2025-04-24,P0112,Strawberry,64.8,High
2025-04-25,P0112,Strawberry,57.7,High
2025-04-26,P0112,Strawberry,60.2,High
2025-04-27,P0112,Strawberry,60.7,High
2025-04-28,P0112,Strawberry,56.3,High
2025-04-29,P0112,Strawberry,46,Medium
2025-04-30,P0112,Strawberry,52.6,High
2025-05-01,P0112,Strawberry,48.7,Medium
2025-05-02,P0112,Strawberry,42.6,Medium
2025-05-03,P0112,Strawberry,40,Medium
2025-05-04,P0112,Strawberry,39.1,Medium
2025-05-05,P0112,Strawberry,37.4,Medium
2025-05-06,P0112,Strawberry,37.7,Medium
2025-05-07,P0112,Strawberry,39.9,Medium
2025-05-08,P0112,Strawberry,36.8,Medium
2025-05-09,P0112,Strawberry,42.1,Medium
2025-05-10,P0112,Strawberry,31.4,Medium
2025-05-11,P0112,Strawberry,43.4,Medium
2025-05-12,P0112,Strawberry,50.5,High
2025-05-13,P0112,Strawberry,61.3,High
2025-05-14,P0112,Strawberry,60.2,High
2025-05-15,P0112,Strawberry,56.9,High
2025-05-16,P0112,Strawberry,58.9,High
2025-05-17,P0112,Strawberry,49.9,Medium
2025-05-18,P0112,Strawberry,45.7,Medium
2025-05-19,P0112,Strawberry,46.1,Medium
2025-05-20,P0112,Strawberry,38.7,Medium
2025-05-21,P0112,Strawberry,43.3,Medium
2025-05-22,P0112,Strawberry,41.7,Medium
2025-05-23,P0112,Strawberry,45,Medium
2025-05-24,P0112,Strawberry,45.1,Medium
2025-05-25,P0112,Strawberry,39.7,Medium
2025-05-26,P0112,Strawberry,42.5,Medium
2025-05-27,P0112,Strawberry,34.1,Medium
2025-05-28,P0112,Strawberry,38.3,Medium
2025-05-29,P0112,Strawberry,36.7,Medium
2025-05-30,P0112,Strawberry,40.9,Medium
2025-05-31,P0112,Strawberry,36,Medium
2025-06-01,P0112,Strawberry,61.4,High
2025-06-02,P0112,Strawberry,62.3,High
2025-06-03,P0112,Strawberry,53.1,High
2025-06-04,P0112,Strawberry,52.7,High
2025-06-05,P0112,Strawberry,48.2,Medium
2025-06-06,P0112,Strawberry,44.7,Medium
2025-06-07,P0112,Strawberry,48.9,Medium
2025-06-08,P0112,Strawberry,35,Medium
2025-06-09,P0112,Strawberry,30.7,Medium
2025-06-10,P0112,Strawberry,34.7,Medium
2025-06-11,P0112,Strawberry,42.7,Medium
2025-06-12,P0112,Strawberry,29,Medium
2025-06-13,P0112,Strawberry,22.8,Low
2025-06-14,P0112,Strawberry,34.1,Medium
2025-06-15,P0112,Strawberry,29.6,Medium
2025-06-16,P0112,Strawberry,45,Medium
2025-06-17,P0112,Strawberry,58.9,High
2025-06-18,P0112,Strawberry,54.4,High
2025-06-19,P0112,Strawberry,50.5,High
2025-06-20,P0112,Strawberry,64.3,High
2025-06-21,P0112,Strawberry,55.5,High
2025-06-22,P0112,Strawberry,58.6,High
2025-06-23,P0112,Strawberry,54.8,High
2025-06-24,P0112,Strawberry,49.2,Medium
2025-06-25,P0112,Strawberry,52.2,High
2025-06-26,P0112,Strawberry,51.2,High
2025-06-27,P0112,Strawberry,43.5,Medium
2025-06-28,P0112,Strawberry,40.9,Medium
2025-06-29,P0112,Strawberry,40.7,Medium
2025-06-30,P0112,Strawberry,34.8,Medium
2025-07-01,P0112,Strawberry,39.1,Medium
2025-07-02,P0112,Strawberry,45,Medium
2025-07-03,P0112,Strawberry,47.9,Medium
2025-07-04,P0112,Strawberry,35.9,Medium
2025-07-05,P0112,Strawberry,36.7,Medium
2025-07-06,P0112,Strawberry,35.1,Medium
2025-07-07,P0112,Strawberry,45.9,Medium
2025-07-08,P0112,Strawberry,34,Medium
2025-07-09,P0112,Strawberry,39.1,Medium
2025-07-10,P0112,Strawberry,48.1,Medium
2025-07-11,P0112,Strawberry,38.4,Medium
2025-07-12,P0112,Strawberry,42.2,Medium
2025-07-13,P0112,Strawberry,29.1,Medium
2025-07-14,P0112,Strawberry,29,Medium
2025-07-15,P0112,Strawberry,24,Low
2025-07-16,P0112,Strawberry,15.8,Low
2025-07-17,P0112,Strawberry,22.6,Low
2025-07-18,P0112,Strawberry,14.7,Low
2025-07-19,P0112,Strawberry,23.5,Low
2025-07-20,P0112,Strawberry,31.9,Medium
2025-07-21,P0112,Strawberry,35,Medium
2025-07-22,P0112,Strawberry,37.7,Medium
2025-07-23,P0112,Strawberry,44.6,Medium
2025-07-24,P0112,Strawberry,43,Medium
2025-07-25,P0112,Strawberry,36.7,Medium
2025-07-26,P0112,Strawberry,47,Medium
2025-07-27,P0112,Strawberry,44.6,Medium
2025-07-28,P0112,Strawberry,41.6,Medium
2025-07-29,P0112,Strawberry,46,Medium
2025-07-30,P0112,Strawberry,43.4,Medium
2025-07-31,P0112,Strawberry,34.4,Medium
2025-08-01,P0112,Strawberry,30,Medium
2025-08-02,P0112,Strawberry,32.8,Medium
2025-08-03,P0112,Strawberry,20,Low
2025-08-04,P0112,Strawberry,21.5,Low
2025-08-05,P0112,Strawberry,28,Medium
2025-08-06,P0112,Strawberry,25.1,Medium
2025-08-07,P0112,Strawberry,43.3,Medium
2025-08-08,P0112,Strawberry,43,Medium
2025-08-09,P0112,Strawberry,44.8,Medium
2025-08-10,P0112,Strawberry,54.5,High
2025-08-11,P0112,Strawberry,57.2,High
2025-08-12,P0112,Strawberry,61.3,High
2025-08-13,P0112,Strawberry,58.2,High
2025-08-14,P0112,Strawberry,57.5,High
2025-08-15,P0112,Strawberry,53.1,High
2025-08-16,P0112,Strawberry,66.1,High
2025-08-17,P0112,Strawberry,51.3,High
2025-08-18,P0112,Strawberry,43.5,Medium
2025-08-19,P0112,Strawberry,41.2,Medium
2025-08-20,P0112,Strawberry,42.1,Medium
2025-08-21,P0112,Strawberry,31.9,Medium
2025-08-22,P0112,Strawberry,33.1,Medium
2025-08-23,P0112,Strawberry,35,Medium
2025-08-24,P0112,Strawberry,24.5,Low
2025-08-25,P0112,Strawberry,31.1,Medium
2025-08-26,P0112,Strawberry,34.4,Medium
2025-08-27,P0112,Strawberry,46.6,Medium
2025-08-28,P0112,Strawberry,51.7,High
2025-08-29,P0112,Strawberry,44.6,Medium
2025-08-30,P0112,Strawberry,46,Medium
2025-08-31,P0112,Strawberry,38.7,Medium
2025-09-01,P0112,Strawberry,33.3,Medium
2025-09-02,P0112,Strawberry,49,Medium
2025-09-03,P0112,Strawberry,43.7,Medium
2025-09-04,P0112,Strawberry,38.8,Medium
2025-09-05,P0112,Strawberry,35.1,Medium
2025-09-06,P0112,Strawberry,29.7,Medium
2025-09-07,P0112,Strawberry,29.5,Medium
2025-09-08,P0112,Strawberry,26,Medium
2025-09-09,P0112,Strawberry,27.4,Medium
2025-09-10,P0112,Strawberry,35.2,Medium
2025-09-11,P0112,Strawberry,44.7,Medium
2025-09-12,P0112,Strawberry,43.5,Medium
2025-02-21,P0113,Strawberry,24.1,Low
2025-02-22,P0113,Strawberry,23.5,Low
2025-02-23,P0113,Strawberry,29.8,Medium
2025-02-24,P0113,Strawberry,19.4,Low
2025-02-25,P0113,Strawberry,29.4,Medium
2025-02-26,P0113,Strawberry,19.7,Low
2025-02-27,P0113,Strawberry,23.6,Low
2025-02-28,P0113,Strawberry,29.6,Medium
2025-03-01,P0113,Strawberry,39,Medium
2025-03-02,P0113,Strawberry,47.9,Medium
2025-03-03,P0113,Strawberry,36,Medium
2025-03-04,P0113,Strawberry,43.3,Medium
2025-03-05,P0113,Strawberry,41.4,Medium
2025-03-06,P0113,Strawberry,50.7,High
2025-03-07,P0113,Strawberry,43.1,Medium
2025-03-08,P0113,Strawberry,47.7,Medium
2025-03-09,P0113,Strawberry,46,Medium
2025-03-10,P0113,Strawberry,37.3,Medium
2025-03-11,P0113,Strawberry,45.5,Medium
2025-03-12,P0113,Strawberry,37.7,Medium
2025-03-13,P0113,Strawberry,54.7,High
2025-03-14,P0113,Strawberry,58.2,High
2025-03-15,P0113,Strawberry,62.8,High
2025-03-16,P0113,Strawberry,68.1,High
2025-03-17,P0113,Strawberry,64,High
2025-03-18,P0113,Strawberry,66.3,High
2025-03-19,P0113,Strawberry,62.7,High
2025-03-20,P0113,Strawberry,56.4,High
2025-03-21,P0113,Strawberry,57.8,High
2025-03-22,P0113,Strawberry,46.5,Medium
2025-03-23,P0113,Strawberry,46.4,Medium
2025-03-24,P0113,Strawberry,59.1,High
2025-03-25,P0113,Strawberry,55.4,High
2025-03-26,P0113,Strawberry,57.6,High
2025-03-27,P0113,Strawberry,54.1,High
2025-03-28,P0113,Strawberry,53.1,High
2025-03-29,P0113,Strawberry,48.1,Medium
2025-03-30,P0113,Strawberry,50.6,High
2025-03-31,P0113,Strawberry,47.4,Medium
2025-04-01,P0113,Strawberry,43.6,Medium
2025-04-02,P0113,Strawberry,49.9,Medium
2025-04-03,P0113,Strawberry,48.1,Medium
2025-04-04,P0113,Strawberry,41.2,Medium
2025-04-05,P0113,Strawberry,52.6,High
2025-04-06,P0113,Strawberry,58.8,High
2025-04-07,P0113,Strawberry,54.9,High
2025-04-08,P0113,Strawberry,56,High
2025-04-09,P0113,Strawberry,48.4,Medium
2025-04-10,P0113,Strawberry,45.4,Medium
2025-04-11,P0113,Strawberry,51.6,High
2025-04-12,P0113,Strawberry,43,Medium
2025-04-13,P0113,Strawberry,43.1,Medium
2025-04-14,P0113,Strawberry,36.6,Medium
2025-04-15,P0113,Strawberry,42.7,Medium
2025-04-16,P0113,Strawberry,36.9,Medium
2025-04-17,P0113,Strawberry,40.4,Medium
2025-04-18,P0113,Strawberry,34.9,Medium
2025-04-19,P0113,Strawberry,35.5,Medium
2025-04-20,P0113,Strawberry,33.4,Medium
2025-04-21,P0113,Strawberry,37.9,Medium
2025-04-22,P0113,Strawberry,37.7,Medium
2025-04-23,P0113,Strawberry,33,Medium
2025-04-24,P0113,Strawberry,38.7,Medium
2025-04-25,P0113,Strawberry,38.9,Medium
2025-04-26,P0113,Strawberry,37,Medium
2025-04-27,P0113,Strawberry,34.6,Medium
2025-04-28,P0113,Strawberry,33,Medium
2025-04-29,P0113,Strawberry,30.9,Medium
2025-04-30,P0113,Strawberry,37.4,Medium
2025-05-01,P0113,Strawberry,42.1,Medium
2025-05-02,P0113,Strawberry,32.8,Medium
2025-05-03,P0113,Strawberry,42.4,Medium
2025-05-04,P0113,Strawberry,42.2,Medium
2025-05-05,P0113,Strawberry,39,Medium
2025-05-06,P0113,Strawberry,46,Medium
2025-05-07,P0113,Strawberry,45.5,Medium
2025-05-08,P0113,Strawberry,43.5,Medium
2025-05-09,P0113,Strawberry,41.8,Medium
2025-05-10,P0113,Strawberry,32.6,Medium
2025-05-11,P0113,Strawberry,36,Medium
2025-05-12,P0113,Strawberry,56.9,High
2025-05-13,P0113,Strawberry,53.5,High
2025-05-14,P0113,Strawberry,37.5,Medium
2025-05-15,P0113,Strawberry,42.5,Medium
2025-05-16,P0113,Strawberry,40.9,Medium
2025-05-17,P0113,Strawberry,32.7,Medium
2025-05-18,P0113,Strawberry,29.6,Medium
2025-05-19,P0113,Strawberry,23.3,Low
2025-05-20,P0113,Strawberry,24.1,Low
2025-05-21,P0113,Strawberry,14.4,Low
2025-05-22,P0113,Strawberry,18,Low
2025-05-23,P0113,Strawberry,18.8,Low
2025-05-24,P0113,Strawberry,19,Low
2025-05-25,P0113,Strawberry,16.8,Low
2025-05-26,P0113,Strawberry,25.9,Medium
2025-05-27,P0113,Strawberry,24.8,Low
2025-05-28,P0113,Strawberry,21.4,Low
2025-05-29,P0113,Strawberry,33,Medium
2025-05-30,P0113,Strawberry,38.3,Medium
2025-05-31,P0113,Strawberry,38.3,Medium
2025-06-01,P0113,Strawberry,32.3,Medium
2025-06-02,P0113,Strawberry,32.4,Medium
2025-06-03,P0113,Strawberry,22.4,Low
2025-06-04,P0113,Strawberry,19.1,Low
2025-06-05,P0113,Strawberry,24.3,Low
2025-06-06,P0113,Strawberry,15.1,Low
2025-06-07,P0113,Strawberry,18.6,Low
2025-06-08,P0113,Strawberry,13.8,Low
2025-06-09,P0113,Strawberry,10.1,Low
2025-06-10,P0113,Strawberry,14.7,Low
2025-06-11,P0113,Strawberry,17.9,Low
2025-06-12,P0113,Strawberry,15.9,Low
2025-06-13,P0113,Strawberry,15.9,Low
2025-06-14,P0113,Strawberry,9.4,Low
2025-06-15,P0113,Strawberry,20.8,Low
2025-06-16,P0113,Strawberry,22.8,Low
2025-06-17,P0113,Strawberry,25.1,Medium
2025-06-18,P0113,Strawberry,28.6,Medium
2025-06-19,P0113,Strawberry,25.4,Medium
2025-06-20,P0113,Strawberry,17.6,Low
2025-06-21,P0113,Strawberry,21.7,Low
2025-06-22,P0113,Strawberry,19.1,Low
2025-06-23,P0113,Strawberry,23.4,Low
2025-06-24,P0113,Strawberry,15.4,Low
2025-06-25,P0113,Strawberry,11.8,Low
2025-06-26,P0113,Strawberry,16.3,Low
2025-06-27,P0113,Strawberry,14.7,Low
2025-06-28,P0113,Strawberry,6.1,Low
2025-06-29,P0113,Strawberry,9.7,Low
2025-06-30,P0113,Strawberry,17.6,Low
2025-07-01,P0113,Strawberry,32.9,Medium
2025-07-02,P0113,Strawberry,29,Medium
2025-07-03,P0113,Strawberry,28.4,Medium
2025-07-04,P0113,Strawberry,25.4,Medium
2025-07-05,P0113,Strawberry,37.5,Medium
2025-07-06,P0113,Strawberry,36.5,Medium
2025-07-07,P0113,Strawberry,43.8,Medium
2025-07-08,P0113,Strawberry,33,Medium
2025-07-09,P0113,Strawberry,34.1,Medium
2025-07-10,P0113,Strawberry,33.4,Medium
2025-07-11,P0113,Strawberry,44.5,Medium
2025-07-12,P0113,Strawberry,32.7,Medium
2025-07-13,P0113,Strawberry,36.7,Medium
2025-07-14,P0113,Strawberry,46.8,Medium
2025-07-15,P0113,Strawberry,43.1,Medium
2025-07-16,P0113,Strawberry,39,Medium
2025-07-17,P0113,Strawberry,44.3,Medium
2025-07-18,P0113,Strawberry,35.1,Medium
2025-07-19,P0113,Strawberry,38.8,Medium
2025-07-20,P0113,Strawberry,31.3,Medium
2025-07-21,P0113,Strawberry,37.1,Medium
2025-07-22,P0113,Strawberry,38.4,Medium
2025-07-23,P0113,Strawberry,46.4,Medium
2025-07-24,P0113,Strawberry,42.3,Medium
2025-07-25,P0113,Strawberry,56.1,High
2025-07-26,P0113,Strawberry,54.1,High
2025-07-27,P0113,Strawberry,46.2,Medium
2025-07-28,P0113,Strawberry,38.3,Medium
2025-07-29,P0113,Strawberry,35.4,Medium
2025-07-30,P0113,Strawberry,25.6,Medium
2025-07-31,P0113,Strawberry,25.2,Medium
2025-08-01,P0113,Strawberry,12.1,Low
2025-08-02,P0113,Strawberry,8.7,Low
2025-08-03,P0113,Strawberry,7.7,Low
2025-08-04,P0113,Strawberry,10.9,Low
2025-08-05,P0113,Strawberry,14.7,Low
2025-08-06,P0113,Strawberry,13.5,Low
2025-08-07,P0113,Strawberry,10.4,Low
2025-08-08,P0113,Strawberry,9.7,Low
2025-08-09,P0113,Strawberry,27,Medium
2025-08-10,P0113,Strawberry,29.5,Medium
2025-08-11,P0113,Strawberry,27.6,Medium
2025-08-12,P0113,Strawberry,24.7,Low
2025-08-13,P0113,Strawberry,34.1,Medium
2025-08-14,P0113,Strawberry,22.4,Low
2025-08-15,P0113,Strawberry,16.8,Low
2025-08-16,P0113,Strawberry,18.8,Low
2025-08-17,P0113,Strawberry,15,Low
2025-08-18,P0113,Strawberry,19.5,Low
2025-08-19,P0113,Strawberry,20.3,Low
2025-08-20,P0113,Strawberry,16.3,Low
2025-08-21,P0113,Strawberry,10.9,Low
2025-08-22,P0113,Strawberry,11.6,Low
2025-08-23,P0113,Strawberry,2.3,Low
2025-08-24,P0113,Strawberry,9.1,Low
2025-08-25,P0113,Strawberry,14.8,Low
2025-08-26,P0113,Strawberry,19.1,Low
2025-08-27,P0113,Strawberry,34,Medium
2025-08-28,P0113,Strawberry,43.5,Medium
2025-08-29,P0113,Strawberry,33,Medium
2025-08-30,P0113,Strawberry,40.3,Medium
2025-08-31,P0113,Strawberry,38.4,Medium
2025-09-01,P0113,Strawberry,34.5,Medium
2025-09-02,P0113,Strawberry,36.3,Medium
2025-09-03,P0113,Strawberry,32.2,Medium
2025-09-04,P0113,Strawberry,23.7,Low
2025-09-05,P0113,Strawberry,13.8,Low
2025-09-06,P0113,Strawberry,17.7,Low
2025-09-07,P0113,Strawberry,19,Low
2025-09-08,P0113,Strawberry,18.7,Low
2025-09-09,P0113,Strawberry,21.6,Low
2025-09-10,P0113,Strawberry,17.3,Low
2025-09-11,P0113,Strawberry,17.2,Low
2025-09-12,P0113,Strawberry,15.1,Low
2025-02-21,P0114,Tomato,24.1,Low
2025-02-22,P0114,Tomato,25.4,Medium
2025-02-23,P0114,Tomato,34.5,Medium
2025-02-24,P0114,Tomato,46.7,Medium
2025-02-25,P0114,Tomato,39.5,Medium
2025-02-26,P0114,Tomato,41.3,Medium
2025-02-27,P0114,Tomato,40.4,Medium
2025-02-28,P0114,Tomato,40.7,Medium
2025-03-01,P0114,Tomato,46.7,Medium
2025-03-02,P0114,Tomato,42.9,Medium
2025-03-03,P0114,Tomato,43,Medium
2025-03-04,P0114,Tomato,49.5,Medium
2025-03-05,P0114,Tomato,52.3,High
2025-03-06,P0114,Tomato,45.8,Medium
2025-03-07,P0114,Tomato,44.7,Medium
2025-03-08,P0114,Tomato,41,Medium
2025-03-09,P0114,Tomato,47.6,Medium
2025-03-10,P0114,Tomato,43.3,Medium
2025-03-11,P0114,Tomato,30,Medium
2025-03-12,P0114,Tomato,35.4,Medium
2025-03-13,P0114,Tomato,32.1,Medium
2025-03-14,P0114,Tomato,30.3,Medium
2025-03-15,P0114,Tomato,38.5,Medium
2025-03-16,P0114,Tomato,35.1,Medium
2025-03-17,P0114,Tomato,44.1,Medium
2025-03-18,P0114,Tomato,49.1,Medium
2025-03-19,P0114,Tomato,47.4,Medium
2025-03-20,P0114,Tomato,53.9,High
2025-03-21,P0114,Tomato,52.7,High
2025-03-22,P0114,Tomato,53.6,High
2025-03-23,P0114,Tomato,55.3,High
2025-03-24,P0114,Tomato,49.6,Medium
2025-03-25,P0114,Tomato,51.8,High
2025-03-26,P0114,Tomato,46.4,Medium
2025-03-27,P0114,Tomato,44.4,Medium
2025-03-28,P0114,Tomato,37.7,Medium
2025-03-29,P0114,Tomato,45.7,Medium
2025-03-30,P0114,Tomato,48.3,Medium
2025-03-31,P0114,Tomato,44.2,Medium
2025-04-01,P0114,Tomato,39.7,Medium
2025-04-02,P0114,Tomato,44.1,Medium
2025-04-03,P0114,Tomato,44.4,Medium
2025-04-04,P0114,Tomato,49.9,Medium
2025-04-05,P0114,Tomato,52.1,High
2025-04-06,P0114,Tomato,66.4,High
2025-04-07,P0114,Tomato,62.5,High
2025-04-08,P0114,Tomato,60.9,High
2025-04-09,P0114,Tomato,59,High
2025-04-10,P0114,Tomato,56.7,High
2025-04-11,P0114,Tomato,70.7,High
2025-04-12,P0114,Tomato,66,High
2025-04-13,P0114,Tomato,63.7,High
2025-04-14,P0114,Tomato,61.2,High
2025-04-15,P0114,Tomato,57.6,High
2025-04-16,P0114,Tomato,59.5,High
2025-04-17,P0114,Tomato,54.5,High
2025-04-18,P0114,Tomato,45.9,Medium
2025-04-19,P0114,Tomato,47.5,Medium
2025-04-20,P0114,Tomato,51.6,High
2025-04-21,P0114,Tomato,46,Medium
2025-04-22,P0114,Tomato,56.7,High
2025-04-23,P0114,Tomato,59.6,High
2025-04-24,P0114,Tomato,57.6,High
2025-04-25,P0114,Tomato,50.7,High
2025-04-26,P0114,Tomato,46.8,Medium
2025-04-27,P0114,Tomato,45.9,Medium
2025-04-28,P0114,Tomato,49.1,Medium
2025-04-29,P0114,Tomato,49.9,Medium
2025-04-30,P0114,Tomato,46.7,Medium
2025-05-01,P0114,Tomato,30.6,Medium
2025-05-02,P0114,Tomato,35.1,Medium
2025-05-03,P0114,Tomato,32.1,Medium
2025-05-04,P0114,Tomato,30.8,Medium
2025-05-05,P0114,Tomato,37,Medium
2025-05-06,P0114,Tomato,33,Medium
2025-05-07,P0114,Tomato,30.7,Medium
2025-05-08,P0114,Tomato,30.3,Medium
2025-05-09,P0114,Tomato,33.4,Medium
2025-05-10,P0114,Tomato,37.6,Medium
2025-05-11,P0114,Tomato,45.1,Medium
2025-05-12,P0114,Tomato,48.2,Medium
2025-05-13,P0114,Tomato,52.5,High
2025-05-14,P0114,Tomato,50.9,High
2025-05-15,P0114,Tomato,47.1,Medium
2025-05-16,P0114,Tomato,40.4,Medium
2025-05-17,P0114,Tomato,33,Medium
2025-05-18,P0114,Tomato,43.7,Medium
2025-05-19,P0114,Tomato,37.7,Medium
2025-05-20,P0114,Tomato,28.2,Medium
2025-05-21,P0114,Tomato,33.3,Medium
2025-05-22,P0114,Tomato,39.2,Medium
2025-05-23,P0114,Tomato,29.3,Medium
2025-05-24,P0114,Tomato,22.8,Low
2025-05-25,P0114,Tomato,22.4,Low
2025-05-26,P0114,Tomato,27.4,Medium
2025-05-27,P0114,Tomato,34.4,Medium
2025-05-28,P0114,Tomato,39.9,Medium
2025-05-29,P0114,Tomato,17.7,Low
2025-05-30,P0114,Tomato,22,Low
2025-05-31,P0114,Tomato,28.1,Medium
2025-06-01,P0114,Tomato,29.1,Medium
2025-06-02,P0114,Tomato,26.6,Medium
2025-06-03,P0114,Tomato,29.2,Medium
2025-06-04,P0114,Tomato,22.7,Low
2025-06-05,P0114,Tomato,30.9,Medium
2025-06-06,P0114,Tomato,30.5,Medium
2025-06-07,P0114,Tomato,30.6,Medium
2025-06-08,P0114,Tomato,33.2,Medium
2025-06-09,P0114,Tomato,38,Medium
2025-06-10,P0114,Tomato,45,Medium
2025-06-11,P0114,Tomato,43.4,Medium
2025-06-12,P0114,Tomato,36.5,Medium
2025-06-13,P0114,Tomato,35.6,Medium
2025-06-14,P0114,Tomato,38,Medium
2025-06-15,P0114,Tomato,35.3,Medium
2025-06-16,P0114,Tomato,43.1,Medium
2025-06-17,P0114,Tomato,34.7,Medium
2025-06-18,P0114,Tomato,34.8,Medium
2025-06-19,P0114,Tomato,31.8,Medium
2025-06-20,P0114,Tomato,29.7,Medium
2025-06-21,P0114,Tomato,30.2,Medium
2025-06-22,P0114,Tomato,33.2,Medium
2025-06-23,P0114,Tomato,27,Medium
2025-06-24,P0114,Tomato,26.1,Medium
2025-06-25,P0114,Tomato,21.3,Low
2025-06-26,P0114,Tomato,19.8,Low
2025-06-27,P0114,Tomato,16.7,Low
2025-06-28,P0114,Tomato,27.1,Medium
2025-06-29,P0114,Tomato,29.6,Medium
2025-06-30,P0114,Tomato,38.6,Medium
2025-07-01,P0114,Tomato,42,Medium
2025-07-02,P0114,Tomato,37.1,Medium
2025-07-03,P0114,Tomato,47.8,Medium
2025-07-04,P0114,Tomato,51.2,High
2025-07-05,P0114,Tomato,33.3,Medium
2025-07-06,P0114,Tomato,33.4,Medium
2025-07-07,P0114,Tomato,25.3,Medium
2025-07-08,P0114,Tomato,27.9,Medium
2025-07-09,P0114,Tomato,22.2,Low
2025-07-10,P0114,Tomato,17.7,Low
2025-07-11,P0114,Tomato,18.5,Low
2025-07-12,P0114,Tomato,16.1,Low
2025-07-13,P0114,Tomato,14,Low
2025-07-14,P0114,Tomato,9.4,Low
2025-07-15,P0114,Tomato,15.3,Low
2025-07-16,P0114,Tomato,12.9,Low
2025-07-17,P0114,Tomato,17.5,Low
2025-07-18,P0114,Tomato,26.8,Medium
2025-07-19,P0114,Tomato,25.2,Medium
2025-07-20,P0114,Tomato,21.5,Low
2025-07-21,P0114,Tomato,23.5,Low
2025-07-22,P0114,Tomato,39.9,Medium
2025-07-23,P0114,Tomato,34.6,Medium
2025-07-24,P0114,Tomato,27.7,Medium
2025-07-25,P0114,Tomato,31.7,Medium
2025-07-26,P0114,Tomato,25.7,Medium
2025-07-27,P0114,Tomato,37,Medium
2025-07-28,P0114,Tomato,37.2,Medium
2025-07-29,P0114,Tomato,40.6,Medium
2025-07-30,P0114,Tomato,45.4,Medium
2025-07-31,P0114,Tomato,38.6,Medium
2025-08-01,P0114,Tomato,37.3,Medium
2025-08-02,P0114,Tomato,30.8,Medium
2025-08-03,P0114,Tomato,30.4,Medium
2025-08-04,P0114,Tomato,22.6,Low
2025-08-05,P0114,Tomato,30.8,Medium
2025-08-06,P0114,Tomato,22.4,Low
2025-08-07,P0114,Tomato,24.1,Low
2025-08-08,P0114,Tomato,34.7,Medium
2025-08-09,P0114,Tomato,34.1,Medium
2025-08-10,P0114,Tomato,36.1,Medium
2025-08-11,P0114,Tomato,43.8,Medium
2025-08-12,P0114,Tomato,39.7,Medium
2025-08-13,P0114,Tomato,32.9,Medium
2025-08-14,P0114,Tomato,39.3,Medium
2025-08-15,P0114,Tomato,30.8,Medium
2025-08-16,P0114,Tomato,25.1,Medium
2025-08-17,P0114,Tomato,23,Low
2025-08-18,P0114,Tomato,16.3,Low
2025-08-19,P0114,Tomato,22.9,Low
2025-08-20,P0114,Tomato,18.9,Low
2025-08-21,P0114,Tomato,15.9,Low
2025-08-22,P0114,Tomato,31.8,Medium
2025-08-23,P0114,Tomato,27.9,Medium
2025-08-24,P0114,Tomato,27.6,Medium
2025-08-25,P0114,Tomato,28.4,Medium
2025-08-26,P0114,Tomato,45.3,Medium
2025-08-27,P0114,Tomato,47.8,Medium
2025-08-28,P0114,Tomato,47.5,Medium
2025-08-29,P0114,Tomato,37.7,Medium
2025-08-30,P0114,Tomato,47.1,Medium
2025-08-31,P0114,Tomato,34.6,Medium
2025-09-01,P0114,Tomato,39.9,Medium
2025-09-02,P0114,Tomato,40.5,Medium
2025-09-03,P0114,Tomato,33.3,Medium
2025-09-04,P0114,Tomato,29.6,Medium
2025-09-05,P0114,Tomato,21,Low
2025-09-06,P0114,Tomato,24.7,Low
2025-09-07,P0114,Tomato,21.2,Low
2025-09-08,P0114,Tomato,35.8,Medium
2025-09-09,P0114,Tomato,30.8,Medium
2025-09-10,P0114,Tomato,31.2,Medium
2025-09-11,P0114,Tomato,30.2,Medium
2025-09-12,P0114,Tomato,32.4,Medium
2025-02-21,P0115,Strawberry,19.4,Low
2025-02-22,P0115,Strawberry,18.6,Low
2025-02-23,P0115,Strawberry,24.9,Low
2025-02-24,P0115,Strawberry,33.2,Medium
2025-02-25,P0115,Strawberry,27.3,Medium
2025-02-26,P0115,Strawberry,31.2,Medium
2025-02-27,P0115,Strawberry,34.3,Medium
2025-02-28,P0115,Strawberry,30.3,Medium
2025-03-01,P0115,Strawberry,26.7,Medium
2025-03-02,P0115,Strawberry,33.4,Medium
2025-03-03,P0115,Strawberry,30.8,Medium
2025-03-04,P0115,Strawberry,22.5,Low
2025-03-05,P0115,Strawberry,20.5,Low
2025-03-06,P0115,Strawberry,17.1,Low
2025-03-07,P0115,Strawberry,30,Medium
2025-03-08,P0115,Strawberry,30.6,Medium
2025-03-09,P0115,Strawberry,26.3,Medium
2025-03-10,P0115,Strawberry,27.2,Medium
2025-03-11,P0115,Strawberry,33.2,Medium
2025-03-12,P0115,Strawberry,37.8,Medium
2025-03-13,P0115,Strawberry,28.9,Medium
2025-03-14,P0115,Strawberry,29.4,Medium
2025-03-15,P0115,Strawberry,30.8,Medium
2025-03-16,P0115,Strawberry,37.9,Medium
2025-03-17,P0115,Strawberry,28.6,Medium
2025-03-18,P0115,Strawberry,42.3,Medium
2025-03-19,P0115,Strawberry,40.2,Medium
2025-03-20,P0115,Strawberry,47.9,Medium
2025-03-21,P0115,Strawberry,33.2,Medium
2025-03-22,P0115,Strawberry,47.9,Medium
2025-03-23,P0115,Strawberry,45.1,Medium
2025-03-24,P0115,Strawberry,46.4,Medium
2025-03-25,P0115,Strawberry,42.5,Medium
2025-03-26,P0115,Strawberry,34.8,Medium
2025-03-27,P0115,Strawberry,35.9,Medium
2025-03-28,P0115,Strawberry,30.4,Medium
2025-03-29,P0115,Strawberry,35.1,Medium
2025-03-30,P0115,Strawberry,34.5,Medium
2025-03-31,P0115,Strawberry,30.9,Medium
2025-04-01,P0115,Strawberry,42.9,Medium
2025-04-02,P0115,Strawberry,41,Medium
2025-04-03,P0115,Strawberry,44,Medium
2025-04-04,P0115,Strawberry,50,High
2025-04-05,P0115,Strawberry,49.7,Medium
2025-04-06,P0115,Strawberry,67.1,High
2025-04-07,P0115,Strawberry,63.6,High
2025-04-08,P0115,Strawberry,60.6,High
2025-04-09,P0115,Strawberry,58.4,High
2025-04-10,P0115,Strawberry,61.6,High
2025-04-11,P0115,Strawberry,68.7,High
2025-04-12,P0115,Strawberry,62.2,High
2025-04-13,P0115,Strawberry,58.1,High
2025-04-14,P0115,Strawberry,48.1,Medium
2025-04-15,P0115,Strawberry,45.5,Medium
2025-04-16,P0115,Strawberry,55.1,High
2025-04-17,P0115,Strawberry,58.7,High
2025-04-18,P0115,Strawberry,45.2,Medium
2025-04-19,P0115,Strawberry,50.4,High
2025-04-20,P0115,Strawberry,53.2,High
2025-04-21,P0115,Strawberry,46,Medium
2025-04-22,P0115,Strawberry,56.1,High
2025-04-23,P0115,Strawberry,54,High
2025-04-24,P0115,Strawberry,56,High
2025-04-25,P0115,Strawberry,56.8,High
2025-04-26,P0115,Strawberry,59.8,High
2025-04-27,P0115,Strawberry,55.8,High
2025-04-28,P0115,Strawberry,57.1,High
2025-04-29,P0115,Strawberry,61.4,High
2025-04-30,P0115,Strawberry,52.5,High
2025-05-01,P0115,Strawberry,59,High
2025-05-02,P0115,Strawberry,55,High
2025-05-03,P0115,Strawberry,56.6,High
2025-05-04,P0115,Strawberry,51.6,High
2025-05-05,P0115,Strawberry,58.8,High
2025-05-06,P0115,Strawberry,49.4,Medium
2025-05-07,P0115,Strawberry,46.7,Medium
2025-05-08,P0115,Strawberry,34.2,Medium
2025-05-09,P0115,Strawberry,37.2,Medium
2025-05-10,P0115,Strawberry,50.9,High
2025-05-11,P0115,Strawberry,51.8,High
2025-05-12,P0115,Strawberry,45.1,Medium
2025-05-13,P0115,Strawberry,38.2,Medium
2025-05-14,P0115,Strawberry,42,Medium
2025-05-15,P0115,Strawberry,37.6,Medium
2025-05-16,P0115,Strawberry,44.3,Medium
2025-05-17,P0115,Strawberry,32.3,Medium
2025-05-18,P0115,Strawberry,30,Medium
2025-05-19,P0115,Strawberry,26.3,Medium
2025-05-20,P0115,Strawberry,34.4,Medium
2025-05-21,P0115,Strawberry,37.7,Medium
2025-05-22,P0115,Strawberry,32.2,Medium
2025-05-23,P0115,Strawberry,21,Low
2025-05-24,P0115,Strawberry,34.7,Medium
2025-05-25,P0115,Strawberry,30.2,Medium
2025-05-26,P0115,Strawberry,37.9,Medium
2025-05-27,P0115,Strawberry,37.7,Medium
2025-05-28,P0115,Strawberry,30.2,Medium
2025-05-29,P0115,Strawberry,29.7,Medium
2025-05-30,P0115,Strawberry,34.4,Medium
2025-05-31,P0115,Strawberry,31,Medium
2025-06-01,P0115,Strawberry,15.3,Low
2025-06-02,P0115,Strawberry,28.8,Medium
2025-06-03,P0115,Strawberry,25.8,Medium
2025-06-04,P0115,Strawberry,28.7,Medium
2025-06-05,P0115,Strawberry,24.3,Low
2025-06-06,P0115,Strawberry,18.3,Low
2025-06-07,P0115,Strawberry,24.6,Low
2025-06-08,P0115,Strawberry,24.6,Low
2025-06-09,P0115,Strawberry,19.3,Low
2025-06-10,P0115,Strawberry,17.5,Low
2025-06-11,P0115,Strawberry,13.8,Low
2025-06-12,P0115,Strawberry,9.5,Low
2025-06-13,P0115,Strawberry,26.2,Medium
2025-06-14,P0115,Strawberry,21.5,Low
2025-06-15,P0115,Strawberry,36.9,Medium
2025-06-16,P0115,Strawberry,31.2,Medium
2025-06-17,P0115,Strawberry,55.1,High
2025-06-18,P0115,Strawberry,45.8,Medium
2025-06-19,P0115,Strawberry,46.9,Medium
2025-06-20,P0115,Strawberry,44.9,Medium
2025-06-21,P0115,Strawberry,40.6,Medium
2025-06-22,P0115,Strawberry,39.1,Medium
2025-06-23,P0115,Strawberry,35.5,Medium
2025-06-24,P0115,Strawberry,28.4,Medium
2025-06-25,P0115,Strawberry,24.5,Low
2025-06-26,P0115,Strawberry,25.3,Medium
2025-06-27,P0115,Strawberry,18.6,Low
2025-06-28,P0115,Strawberry,15,Low
2025-06-29,P0115,Strawberry,14.1,Low
2025-06-30,P0115,Strawberry,17.1,Low
2025-07-01,P0115,Strawberry,14,Low
2025-07-02,P0115,Strawberry,20.2,Low
2025-07-03,P0115,Strawberry,30.3,Medium
2025-07-04,P0115,Strawberry,33.4,Medium
2025-07-05,P0115,Strawberry,36.3,Medium
2025-07-06,P0115,Strawberry,41,Medium
2025-07-07,P0115,Strawberry,46.3,Medium
2025-07-08,P0115,Strawberry,36.7,Medium
2025-07-09,P0115,Strawberry,30.6,Medium
2025-07-10,P0115,Strawberry,21.2,Low
2025-07-11,P0115,Strawberry,29.8,Medium
2025-07-12,P0115,Strawberry,26.6,Medium
2025-07-13,P0115,Strawberry,34.2,Medium
2025-07-14,P0115,Strawberry,30.2,Medium
2025-07-15,P0115,Strawberry,27.4,Medium
2025-07-16,P0115,Strawberry,31,Medium
2025-07-17,P0115,Strawberry,23.6,Low
2025-07-18,P0115,Strawberry,26.9,Medium
2025-07-19,P0115,Strawberry,24.3,Low
2025-07-20,P0115,Strawberry,32.3,Medium
2025-07-21,P0115,Strawberry,33.9,Medium
2025-07-22,P0115,Strawberry,43.5,Medium
2025-07-23,P0115,Strawberry,49.3,Medium
2025-07-24,P0115,Strawberry,54,High
2025-07-25,P0115,Strawberry,43.2,Medium
2025-07-26,P0115,Strawberry,37.2,Medium
2025-07-27,P0115,Strawberry,33.2,Medium
2025-07-28,P0115,Strawberry,31.3,Medium
2025-07-29,P0115,Strawberry,28.4,Medium
2025-07-30,P0115,Strawberry,19.4,Low
2025-07-31,P0115,Strawberry,28.5,Medium
2025-08-01,P0115,Strawberry,17.8,Low
2025-08-02,P0115,Strawberry,13.3,Low
2025-08-03,P0115,Strawberry,21.8,Low
2025-08-04,P0115,Strawberry,43.8,Medium
2025-08-05,P0115,Strawberry,33.6,Medium
2025-08-06,P0115,Strawberry,33.6,Medium
2025-08-07,P0115,Strawberry,37.7,Medium
2025-08-08,P0115,Strawberry,37.2,Medium
2025-08-09,P0115,Strawberry,36,Medium
2025-08-10,P0115,Strawberry,34,Medium
2025-08-11,P0115,Strawberry,11.6,Low
2025-08-12,P0115,Strawberry,5.2,Low
2025-08-13,P0115,Strawberry,14.5,Low
2025-08-14,P0115,Strawberry,14.8,Low
2025-08-15,P0115,Strawberry,17.6,Low
2025-08-16,P0115,Strawberry,17.6,Low
2025-08-17,P0115,Strawberry,12.1,Low
2025-08-18,P0115,Strawberry,16.3,Low
2025-08-19,P0115,Strawberry,10.9,Low
2025-08-20,P0115,Strawberry,17.5,Low
2025-08-21,P0115,Strawberry,18.4,Low
2025-08-22,P0115,Strawberry,19.8,Low
2025-08-23,P0115,Strawberry,13.4,Low
2025-08-24,P0115,Strawberry,11.7,Low
2025-08-25,P0115,Strawberry,11.6,Low
2025-08-26,P0115,Strawberry,25.7,Medium
2025-08-27,P0115,Strawberry,22.9,Low
2025-08-28,P0115,Strawberry,30.5,Medium
2025-08-29,P0115,Strawberry,41.4,Medium
2025-08-30,P0115,Strawberry,31.5,Medium
2025-08-31,P0115,Strawberry,27,Medium
2025-09-01,P0115,Strawberry,32.1,Medium
2025-09-02,P0115,Strawberry,27.1,Medium
2025-09-03,P0115,Strawberry,24.1,Low
2025-09-04,P0115,Strawberry,25,Medium
2025-09-05,P0115,Strawberry,27.9,Medium
2025-09-06,P0115,Strawberry,18.6,Low
2025-09-07,P0115,Strawberry,30,Medium
2025-09-08,P0115,Strawberry,20.8,Low
2025-09-09,P0115,Strawberry,24.8,Low
2025-09-10,P0115,Strawberry,28,Medium
2025-09-11,P0115,Strawberry,38.2,Medium
2025-09-12,P0115,Strawberry,32.1,Medium
2025-02-21,P0116,Cucumber,24.6,Low
2025-02-22,P0116,Cucumber,34.9,Medium
2025-02-23,P0116,Cucumber,32.9,Medium
2025-02-24,P0116,Cucumber,32.3,Medium
2025-02-25,P0116,Cucumber,30.2,Medium
2025-02-26,P0116,Cucumber,30.8,Medium
2025-02-27,P0116,Cucumber,28.6,Medium
2025-02-28,P0116,Cucumber,27.1,Medium
2025-03-01,P0116,Cucumber,38.4,Medium
2025-03-02,P0116,Cucumber,33.6,Medium
2025-03-03,P0116,Cucumber,42.5,Medium
2025-03-04,P0116,Cucumber,28.9,Medium
2025-03-05,P0116,Cucumber,32.6,Medium
2025-03-06,P0116,Cucumber,29.9,Medium
2025-03-07,P0116,Cucumber,25,Medium
2025-03-08,P0116,Cucumber,37.5,Medium
2025-03-09,P0116,Cucumber,38,Medium
2025-03-10,P0116,Cucumber,37.6,Medium
2025-03-11,P0116,Cucumber,30,Medium
2025-03-12,P0116,Cucumber,33.1,Medium
2025-03-13,P0116,Cucumber,45.6,Medium
2025-03-14,P0116,Cucumber,46.9,Medium
2025-03-15,P0116,Cucumber,42.2,Medium
2025-03-16,P0116,Cucumber,23.1,Low
2025-03-17,P0116,Cucumber,33.2,Medium
2025-03-18,P0116,Cucumber,33,Medium
2025-03-19,P0116,Cucumber,33.8,Medium
2025-03-20,P0116,Cucumber,35.6,Medium
2025-03-21,P0116,Cucumber,38.7,Medium
2025-03-22,P0116,Cucumber,42.5,Medium
2025-03-23,P0116,Cucumber,46.3,Medium
2025-03-24,P0116,Cucumber,49.5,Medium
2025-03-25,P0116,Cucumber,40,Medium
2025-03-26,P0116,Cucumber,38,Medium
2025-03-27,P0116,Cucumber,46.3,Medium
2025-03-28,P0116,Cucumber,55.7,High
2025-03-29,P0116,Cucumber,48.5,Medium
2025-03-30,P0116,Cucumber,41.6,Medium
2025-03-31,P0116,Cucumber,52.5,High
2025-04-01,P0116,Cucumber,51.6,High
2025-04-02,P0116,Cucumber,57.7,High
2025-04-03,P0116,Cucumber,56.1,High
2025-04-04,P0116,Cucumber,63,High
2025-04-05,P0116,Cucumber,70.2,High
2025-04-06,P0116,Cucumber,73.7,High
2025-04-07,P0116,Cucumber,65,High
2025-04-08,P0116,Cucumber,63.6,High
2025-04-09,P0116,Cucumber,52.9,High
2025-04-10,P0116,Cucumber,53.2,High
2025-04-11,P0116,Cucumber,37.2,Medium
2025-04-12,P0116,Cucumber,30.7,Medium
2025-04-13,P0116,Cucumber,31.4,Medium
2025-04-14,P0116,Cucumber,28.8,Medium
2025-04-15,P0116,Cucumber,38.1,Medium
2025-04-16,P0116,Cucumber,42.2,Medium
2025-04-17,P0116,Cucumber,50,High
2025-04-18,P0116,Cucumber,49.9,Medium
2025-04-19,P0116,Cucumber,50.7,High
2025-04-20,P0116,Cucumber,52.1,High
2025-04-21,P0116,Cucumber,54.2,High
2025-04-22,P0116,Cucumber,47.8,Medium
2025-04-23,P0116,Cucumber,49.6,Medium
2025-04-24,P0116,Cucumber,30,Medium
2025-04-25,P0116,Cucumber,32.7,Medium
2025-04-26,P0116,Cucumber,32.8,Medium
2025-04-27,P0116,Cucumber,42.1,Medium
2025-04-28,P0116,Cucumber,45,Medium
2025-04-29,P0116,Cucumber,51,High
2025-04-30,P0116,Cucumber,48.9,Medium
2025-05-01,P0116,Cucumber,40.6,Medium
2025-05-02,P0116,Cucumber,47.2,Medium
2025-05-03,P0116,Cucumber,49.1,Medium
2025-05-04,P0116,Cucumber,33.8,Medium
2025-05-05,P0116,Cucumber,27.7,Medium
2025-05-06,P0116,Cucumber,33.1,Medium
2025-05-07,P0116,Cucumber,37.5,Medium
2025-05-08,P0116,Cucumber,45.4,Medium
2025-05-09,P0116,Cucumber,48.7,Medium
2025-05-10,P0116,Cucumber,55.2,High
2025-05-11,P0116,Cucumber,59.1,High
2025-05-12,P0116,Cucumber,63.4,High
2025-05-13,P0116,Cucumber,57,High
2025-05-14,P0116,Cucumber,42,Medium
2025-05-15,P0116,Cucumber,48,Medium
2025-05-16,P0116,Cucumber,34.4,Medium
2025-05-17,P0116,Cucumber,41.9,Medium
2025-05-18,P0116,Cucumber,40.7,Medium
2025-05-19,P0116,Cucumber,21.4,Low
2025-05-20,P0116,Cucumber,21.7,Low
2025-05-21,P0116,Cucumber,16,Low
2025-05-22,P0116,Cucumber,25.4,Medium
2025-05-23,P0116,Cucumber,20.2,Low
2025-05-24,P0116,Cucumber,36.4,Medium
2025-05-25,P0116,Cucumber,40.9,Medium
2025-05-26,P0116,Cucumber,32.5,Medium
2025-05-27,P0116,Cucumber,39.6,Medium
2025-05-28,P0116,Cucumber,43.2,Medium
2025-05-29,P0116,Cucumber,52.2,High
2025-05-30,P0116,Cucumber,48.1,Medium
2025-05-31,P0116,Cucumber,32.4,Medium
2025-06-01,P0116,Cucumber,36,Medium
2025-06-02,P0116,Cucumber,47.5,Medium
2025-06-03,P0116,Cucumber,39,Medium
2025-06-04,P0116,Cucumber,28.5,Medium
2025-06-05,P0116,Cucumber,33.6,Medium
2025-06-06,P0116,Cucumber,20.5,Low
2025-06-07,P0116,Cucumber,19.1,Low
2025-06-08,P0116,Cucumber,19.6,Low
2025-06-09,P0116,Cucumber,23.6,Low
2025-06-10,P0116,Cucumber,10.8,Low
2025-06-11,P0116,Cucumber,8.8,Low
2025-06-12,P0116,Cucumber,23.3,Low
2025-06-13,P0116,Cucumber,33.6,Medium
2025-06-14,P0116,Cucumber,36.6,Medium
2025-06-15,P0116,Cucumber,43.2,Medium
2025-06-16,P0116,Cucumber,48.3,Medium
2025-06-17,P0116,Cucumber,44.2,Medium
2025-06-18,P0116,Cucumber,48.3,Medium
2025-06-19,P0116,Cucumber,49.6,Medium
2025-06-20,P0116,Cucumber,40.1,Medium
2025-06-21,P0116,Cucumber,36.8,Medium
2025-06-22,P0116,Cucumber,34.6,Medium
2025-06-23,P0116,Cucumber,34,Medium
2025-06-24,P0116,Cucumber,34.6,Medium
2025-06-25,P0116,Cucumber,25.1,Medium
2025-06-26,P0116,Cucumber,14.4,Low
2025-06-27,P0116,Cucumber,13.3,Low
2025-06-28,P0116,Cucumber,8.8,Low
2025-06-29,P0116,Cucumber,13.3,Low
2025-06-30,P0116,Cucumber,16.6,Low
2025-07-01,P0116,Cucumber,14.7,Low
2025-07-02,P0116,Cucumber,21.5,Low
2025-07-03,P0116,Cucumber,28.2,Medium
2025-07-04,P0116,Cucumber,33.3,Medium
2025-07-05,P0116,Cucumber,28,Medium
2025-07-06,P0116,Cucumber,17.8,Low
2025-07-07,P0116,Cucumber,28.1,Medium
2025-07-08,P0116,Cucumber,27,Medium
2025-07-09,P0116,Cucumber,24.8,Low
2025-07-10,P0116,Cucumber,25.6,Medium
2025-07-11,P0116,Cucumber,30,Medium
2025-07-12,P0116,Cucumber,18.9,Low
2025-07-13,P0116,Cucumber,23.2,Low
2025-07-14,P0116,Cucumber,10.3,Low
2025-07-15,P0116,Cucumber,19.7,Low
2025-07-16,P0116,Cucumber,24.8,Low
2025-07-17,P0116,Cucumber,23.7,Low
2025-07-18,P0116,Cucumber,26.9,Medium
2025-07-19,P0116,Cucumber,24.3,Low
2025-07-20,P0116,Cucumber,26.5,Medium
2025-07-21,P0116,Cucumber,40.8,Medium
2025-07-22,P0116,Cucumber,26.9,Medium
2025-07-23,P0116,Cucumber,40.8,Medium
2025-07-24,P0116,Cucumber,30.4,Medium
2025-07-25,P0116,Cucumber,34.2,Medium
2025-07-26,P0116,Cucumber,28.1,Medium
2025-07-27,P0116,Cucumber,21,Low
2025-07-28,P0116,Cucumber,35.1,Medium
2025-07-29,P0116,Cucumber,27.3,Medium
2025-07-30,P0116,Cucumber,32.8,Medium
2025-07-31,P0116,Cucumber,28.4,Medium
2025-08-01,P0116,Cucumber,25,Medium
2025-08-02,P0116,Cucumber,20.7,Low
2025-08-03,P0116,Cucumber,28,Medium
2025-08-04,P0116,Cucumber,20.2,Low
2025-08-05,P0116,Cucumber,23.6,Low
2025-08-06,P0116,Cucumber,25.1,Medium
2025-08-07,P0116,Cucumber,31.3,Medium
2025-08-08,P0116,Cucumber,36.5,Medium
2025-08-09,P0116,Cucumber,35.7,Medium
2025-08-10,P0116,Cucumber,34.1,Medium
2025-08-11,P0116,Cucumber,42.7,Medium
2025-08-12,P0116,Cucumber,38.7,Medium
2025-08-13,P0116,Cucumber,40.1,Medium
2025-08-14,P0116,Cucumber,30.2,Medium
2025-08-15,P0116,Cucumber,28.9,Medium
2025-08-16,P0116,Cucumber,35.9,Medium
2025-08-17,P0116,Cucumber,34.1,Medium
2025-08-18,P0116,Cucumber,31.8,Medium
2025-08-19,P0116,Cucumber,28.9,Medium
2025-08-20,P0116,Cucumber,30,Medium
2025-08-21,P0116,Cucumber,22,Low
2025-08-22,P0116,Cucumber,18.9,Low
2025-08-23,P0116,Cucumber,15,Low
2025-08-24,P0116,Cucumber,13.5,Low
2025-08-25,P0116,Cucumber,10.6,Low
2025-08-26,P0116,Cucumber,30.7,Medium
2025-08-27,P0116,Cucumber,26.8,Medium
2025-08-28,P0116,Cucumber,23.4,Low
2025-08-29,P0116,Cucumber,38.4,Medium
2025-08-30,P0116,Cucumber,32.5,Medium
2025-08-31,P0116,Cucumber,38,Medium
2025-09-01,P0116,Cucumber,38.1,Medium
2025-09-02,P0116,Cucumber,27,Medium
2025-09-03,P0116,Cucumber,28.8,Medium
2025-09-04,P0116,Cucumber,20.9,Low
2025-09-05,P0116,Cucumber,17.4,Low
2025-09-06,P0116,Cucumber,9.1,Low
2025-09-07,P0116,Cucumber,10.7,Low
2025-09-08,P0116,Cucumber,15.9,Low
2025-09-09,P0116,Cucumber,15.1,Low
2025-09-10,P0116,Cucumber,15.4,Low
2025-09-11,P0116,Cucumber,12.2,Low
2025-09-12,P0116,Cucumber,19.5,Low
2025-02-21,P0117,Tomato,25.9,Medium
2025-02-22,P0117,Tomato,42.9,Medium
2025-02-23,P0117,Tomato,53.2,High
2025-02-24,P0117,Tomato,47.4,Medium
2025-02-25,P0117,Tomato,48.4,Medium
2025-02-26,P0117,Tomato,45.1,Medium
2025-02-27,P0117,Tomato,59.4,High
2025-02-28,P0117,Tomato,63.7,High
2025-03-01,P0117,Tomato,67.3,High
2025-03-02,P0117,Tomato,70.7,High
2025-03-03,P0117,Tomato,70.6,High
2025-03-04,P0117,Tomato,66.8,High
2025-03-05,P0117,Tomato,61,High
2025-03-06,P0117,Tomato,62.4,High
2025-03-07,P0117,Tomato,56.3,High
2025-03-08,P0117,Tomato,44,Medium
2025-03-09,P0117,Tomato,48.5,Medium
2025-03-10,P0117,Tomato,35.5,Medium
2025-03-11,P0117,Tomato,37,Medium
2025-03-12,P0117,Tomato,36.7,Medium
2025-03-13,P0117,Tomato,33.6,Medium
2025-03-14,P0117,Tomato,42.4,Medium
2025-03-15,P0117,Tomato,45.6,Medium
2025-03-16,P0117,Tomato,64,High
2025-03-17,P0117,Tomato,68.2,High
2025-03-18,P0117,Tomato,70.3,High
2025-03-19,P0117,Tomato,72.1,High
2025-03-20,P0117,Tomato,70.8,High
2025-03-21,P0117,Tomato,74.6,High
2025-03-22,P0117,Tomato,66.6,High
2025-03-23,P0117,Tomato,65.1,High
2025-03-24,P0117,Tomato,59.4,High
2025-03-25,P0117,Tomato,59.1,High
2025-03-26,P0117,Tomato,52.3,High
2025-03-27,P0117,Tomato,56.3,High
2025-03-28,P0117,Tomato,59.4,High
2025-03-29,P0117,Tomato,51.6,High
2025-03-30,P0117,Tomato,56,High
2025-03-31,P0117,Tomato,52.7,High
2025-04-01,P0117,Tomato,51.9,High
2025-04-02,P0117,Tomato,53.4,High
2025-04-03,P0117,Tomato,57.9,High
2025-04-04,P0117,Tomato,61.4,High
2025-04-05,P0117,Tomato,72.4,High
2025-04-06,P0117,Tomato,64.2,High
2025-04-07,P0117,Tomato,64.1,High
2025-04-08,P0117,Tomato,60.8,High
2025-04-09,P0117,Tomato,60.1,High
2025-04-10,P0117,Tomato,62.9,High
2025-04-11,P0117,Tomato,67.7,High
2025-04-12,P0117,Tomato,65,High
2025-04-13,P0117,Tomato,62.6,High
2025-04-14,P0117,Tomato,54.9,High
2025-04-15,P0117,Tomato,57.2,High
2025-04-16,P0117,Tomato,61.4,High
2025-04-17,P0117,Tomato,62.6,High
2025-04-18,P0117,Tomato,55.9,High
2025-04-19,P0117,Tomato,66.8,High
2025-04-20,P0117,Tomato,65.1,High
2025-04-21,P0117,Tomato,70.3,High
2025-04-22,P0117,Tomato,71,High
2025-04-23,P0117,Tomato,70.1,High
2025-04-24,P0117,Tomato,64.8,High
2025-04-25,P0117,Tomato,70.3,High
2025-04-26,P0117,Tomato,57,High
2025-04-27,P0117,Tomato,62.9,High
2025-04-28,P0117,Tomato,43.4,Medium
2025-04-29,P0117,Tomato,44.8,Medium
2025-04-30,P0117,Tomato,43.5,Medium
2025-05-01,P0117,Tomato,48.8,Medium
2025-05-02,P0117,Tomato,49.4,Medium
2025-05-03,P0117,Tomato,44,Medium
2025-05-04,P0117,Tomato,38.2,Medium
2025-05-05,P0117,Tomato,50.4,High
2025-05-06,P0117,Tomato,41.8,Medium
2025-05-07,P0117,Tomato,53,High
2025-05-08,P0117,Tomato,61.3,High
2025-05-09,P0117,Tomato,47.8,Medium
2025-05-10,P0117,Tomato,46.9,Medium
2025-05-11,P0117,Tomato,55.9,High
2025-05-12,P0117,Tomato,51.8,High
2025-05-13,P0117,Tomato,57.7,High
2025-05-14,P0117,Tomato,51.8,High
2025-05-15,P0117,Tomato,55.3,High
2025-05-16,P0117,Tomato,53.4,High
2025-05-17,P0117,Tomato,45.9,Medium
2025-05-18,P0117,Tomato,42.7,Medium
2025-05-19,P0117,Tomato,34.6,Medium
2025-05-20,P0117,Tomato,46.9,Medium
2025-05-21,P0117,Tomato,42.2,Medium
2025-05-22,P0117,Tomato,46.7,Medium
2025-05-23,P0117,Tomato,47.6,Medium
2025-05-24,P0117,Tomato,45.5,Medium
2025-05-25,P0117,Tomato,40.5,Medium
2025-05-26,P0117,Tomato,37.9,Medium
2025-05-27,P0117,Tomato,33.3,Medium
2025-05-28,P0117,Tomato,48.5,Medium
2025-05-29,P0117,Tomato,48,Medium
2025-05-30,P0117,Tomato,48.7,Medium
2025-05-31,P0117,Tomato,45.6,Medium
2025-06-01,P0117,Tomato,47.1,Medium
2025-06-02,P0117,Tomato,42.8,Medium
2025-06-03,P0117,Tomato,38.9,Medium
2025-06-04,P0117,Tomato,28.5,Medium
2025-06-05,P0117,Tomato,25.7,Medium
2025-06-06,P0117,Tomato,23.3,Low
2025-06-07,P0117,Tomato,21.4,Low
2025-06-08,P0117,Tomato,23.7,Low
2025-06-09,P0117,Tomato,29.8,Medium
2025-06-10,P0117,Tomato,30.7,Medium
2025-06-11,P0117,Tomato,28.5,Medium
2025-06-12,P0117,Tomato,36.1,Medium
2025-06-13,P0117,Tomato,33.5,Medium
2025-06-14,P0117,Tomato,46.9,Medium
2025-06-15,P0117,Tomato,51.7,High
2025-06-16,P0117,Tomato,55,High
2025-06-17,P0117,Tomato,57.2,High
2025-06-18,P0117,Tomato,50.8,High
2025-06-19,P0117,Tomato,46.4,Medium
2025-06-20,P0117,Tomato,42,Medium
2025-06-21,P0117,Tomato,39.8,Medium
2025-06-22,P0117,Tomato,39.5,Medium
2025-06-23,P0117,Tomato,31.7,Medium
2025-06-24,P0117,Tomato,37,Medium
2025-06-25,P0117,Tomato,31.5,Medium
2025-06-26,P0117,Tomato,37.5,Medium
2025-06-27,P0117,Tomato,40.3,Medium
2025-06-28,P0117,Tomato,47.7,Medium
2025-06-29,P0117,Tomato,45.5,Medium
2025-06-30,P0117,Tomato,44.2,Medium
2025-07-01,P0117,Tomato,44.5,Medium
2025-07-02,P0117,Tomato,44.5,Medium
2025-07-03,P0117,Tomato,41.3,Medium
2025-07-04,P0117,Tomato,49.2,Medium
2025-07-05,P0117,Tomato,42.7,Medium
2025-07-06,P0117,Tomato,40.7,Medium
2025-07-07,P0117,Tomato,48,Medium
2025-07-08,P0117,Tomato,52,High
2025-07-09,P0117,Tomato,53.4,High
2025-07-10,P0117,Tomato,58.8,High
2025-07-11,P0117,Tomato,55.2,High
2025-07-12,P0117,Tomato,50.8,High
2025-07-13,P0117,Tomato,50,High
2025-07-14,P0117,Tomato,50.1,High
2025-07-15,P0117,Tomato,56.6,High
2025-07-16,P0117,Tomato,46,Medium
2025-07-17,P0117,Tomato,48.2,Medium
2025-07-18,P0117,Tomato,39,Medium
2025-07-19,P0117,Tomato,48,Medium
2025-07-20,P0117,Tomato,38.3,Medium
2025-07-21,P0117,Tomato,43.1,Medium
2025-07-22,P0117,Tomato,45.8,Medium
2025-07-23,P0117,Tomato,53.1,High
2025-07-24,P0117,Tomato,46.8,Medium
2025-07-25,P0117,Tomato,40.6,Medium
2025-07-26,P0117,Tomato,46.7,Medium
2025-07-27,P0117,Tomato,43.8,Medium
2025-07-28,P0117,Tomato,40.2,Medium
2025-07-29,P0117,Tomato,43.2,Medium
2025-07-30,P0117,Tomato,38.3,Medium
2025-07-31,P0117,Tomato,44.2,Medium
2025-08-01,P0117,Tomato,41.7,Medium
2025-08-02,P0117,Tomato,42.6,Medium
2025-08-03,P0117,Tomato,35.4,Medium
2025-08-04,P0117,Tomato,29,Medium
2025-08-05,P0117,Tomato,28.4,Medium
2025-08-06,P0117,Tomato,25.1,Medium
2025-08-07,P0117,Tomato,30.7,Medium
2025-08-08,P0117,Tomato,46.9,Medium
2025-08-09,P0117,Tomato,43.8,Medium
2025-08-10,P0117,Tomato,36.5,Medium
2025-08-11,P0117,Tomato,36.9,Medium
2025-08-12,P0117,Tomato,42.7,Medium
2025-08-13,P0117,Tomato,45.7,Medium
2025-08-14,P0117,Tomato,46.8,Medium
2025-08-15,P0117,Tomato,47.1,Medium
2025-08-16,P0117,Tomato,37.1,Medium
2025-08-17,P0117,Tomato,42.1,Medium
2025-08-18,P0117,Tomato,40.1,Medium
2025-08-19,P0117,Tomato,40.7,Medium
2025-08-20,P0117,Tomato,35.5,Medium
2025-08-21,P0117,Tomato,36.9,Medium
2025-08-22,P0117,Tomato,37.7,Medium
2025-08-23,P0117,Tomato,47.9,Medium
2025-08-24,P0117,Tomato,44.6,Medium
2025-08-25,P0117,Tomato,43.3,Medium
2025-08-26,P0117,Tomato,45.2,Medium
2025-08-27,P0117,Tomato,62.5,High
2025-08-28,P0117,Tomato,58.4,High
2025-08-29,P0117,Tomato,56.4,High
2025-08-30,P0117,Tomato,63.4,High
2025-08-31,P0117,Tomato,51.2,High
2025-09-01,P0117,Tomato,50.1,High
2025-09-02,P0117,Tomato,35.4,Medium
2025-09-03,P0117,Tomato,30.7,Medium
2025-09-04,P0117,Tomato,28,Medium
2025-09-05,P0117,Tomato,29.9,Medium
2025-09-06,P0117,Tomato,27,Medium
2025-09-07,P0117,Tomato,25.2,Medium
2025-09-08,P0117,Tomato,25.8,Medium
2025-09-09,P0117,Tomato,31.3,Medium
2025-09-10,P0117,Tomato,42.4,Medium
2025-09-11,P0117,Tomato,41.1,Medium
2025-09-12,P0117,Tomato,44.8,Medium
2025-02-21,P0118,Strawberry,42.5,Medium
2025-02-22,P0118,Strawberry,40.2,Medium
2025-02-23,P0118,Strawberry,42.7,Medium
2025-02-24,P0118,Strawberry,38.7,Medium
2025-02-25,P0118,Strawberry,45.2,Medium
2025-02-26,P0118,Strawberry,44.5,Medium
2025-02-27,P0118,Strawberry,44,Medium
2025-02-28,P0118,Strawberry,38.5,Medium
2025-03-01,P0118,Strawberry,48.7,Medium
2025-03-02,P0118,Strawberry,48.8,Medium
2025-03-03,P0118,Strawberry,46.1,Medium
2025-03-04,P0118,Strawberry,38.9,Medium
2025-03-05,P0118,Strawberry,44.3,Medium
2025-03-06,P0118,Strawberry,43.6,Medium
2025-03-07,P0118,Strawberry,39.5,Medium
2025-03-08,P0118,Strawberry,53.9,High
2025-03-09,P0118,Strawberry,48,Medium
2025-03-10,P0118,Strawberry,51.2,High
2025-03-11,P0118,Strawberry,44.8,Medium
2025-03-12,P0118,Strawberry,55.6,High
2025-03-13,P0118,Strawberry,63.2,High
2025-03-14,P0118,Strawberry,56.6,High
2025-03-15,P0118,Strawberry,60,High
2025-03-16,P0118,Strawberry,61.8,High
2025-03-17,P0118,Strawberry,56.3,High
2025-03-18,P0118,Strawberry,50.9,High
2025-03-19,P0118,Strawberry,56.3,High
2025-03-20,P0118,Strawberry,62.7,High
2025-03-21,P0118,Strawberry,60,High
2025-03-22,P0118,Strawberry,45.3,Medium
2025-03-23,P0118,Strawberry,54.4,High
2025-03-24,P0118,Strawberry,50.9,High
2025-03-25,P0118,Strawberry,57.1,High
2025-03-26,P0118,Strawberry,59.7,High
2025-03-27,P0118,Strawberry,63,High
2025-03-28,P0118,Strawberry,62.9,High
2025-03-29,P0118,Strawberry,62.2,High
2025-03-30,P0118,Strawberry,66.6,High
2025-03-31,P0118,Strawberry,72.8,High
2025-04-01,P0118,Strawberry,75.8,Critical
2025-04-02,P0118,Strawberry,68.5,High
2025-04-03,P0118,Strawberry,76,Critical
2025-04-04,P0118,Strawberry,83.5,Critical
2025-04-05,P0118,Strawberry,82.9,Critical
2025-04-06,P0118,Strawberry,81.6,Critical
2025-04-07,P0118,Strawberry,80,Critical
2025-04-08,P0118,Strawberry,75,Critical
2025-04-09,P0118,Strawberry,72.7,High
2025-04-10,P0118,Strawberry,74.1,High
2025-04-11,P0118,Strawberry,72.4,High
2025-04-12,P0118,Strawberry,78.9,Critical
2025-04-13,P0118,Strawberry,74.5,High
2025-04-14,P0118,Strawberry,73.3,High
2025-04-15,P0118,Strawberry,71.7,High
2025-04-16,P0118,Strawberry,64.7,High
2025-04-17,P0118,Strawberry,62.9,High
2025-04-18,P0118,Strawberry,60.3,High
2025-04-19,P0118,Strawberry,62.5,High
2025-04-20,P0118,Strawberry,58.1,High
2025-04-21,P0118,Strawberry,58.6,High
2025-04-22,P0118,Strawberry,59.6,High
2025-04-23,P0118,Strawberry,60.4,High
2025-04-24,P0118,Strawberry,63.7,High
2025-04-25,P0118,Strawberry,46.8,Medium
2025-04-26,P0118,Strawberry,52.5,High
2025-04-27,P0118,Strawberry,51.4,High
2025-04-28,P0118,Strawberry,49.3,Medium
2025-04-29,P0118,Strawberry,64.2,High
2025-04-30,P0118,Strawberry,58.1,High
2025-05-01,P0118,Strawberry,55.7,High
2025-05-02,P0118,Strawberry,48,Medium
2025-05-03,P0118,Strawberry,64.1,High
2025-05-04,P0118,Strawberry,58.8,High
2025-05-05,P0118,Strawberry,66.9,High
2025-05-06,P0118,Strawberry,54.9,High
2025-05-07,P0118,Strawberry,58.8,High
2025-05-08,P0118,Strawberry,56.1,High
2025-05-09,P0118,Strawberry,61.5,High
2025-05-10,P0118,Strawberry,55.9,High
2025-05-11,P0118,Strawberry,66.7,High
2025-05-12,P0118,Strawberry,65.4,High
2025-05-13,P0118,Strawberry,56.6,High
2025-05-14,P0118,Strawberry,56.6,High
2025-05-15,P0118,Strawberry,50.6,High
2025-05-16,P0118,Strawberry,50.9,High
2025-05-17,P0118,Strawberry,48.1,Medium
2025-05-18,P0118,Strawberry,55.3,High
2025-05-19,P0118,Strawberry,54.8,High
2025-05-20,P0118,Strawberry,46.9,Medium
2025-05-21,P0118,Strawberry,40.7,Medium
2025-05-22,P0118,Strawberry,38.1,Medium
2025-05-23,P0118,Strawberry,33.4,Medium
2025-05-24,P0118,Strawberry,31.9,Medium
2025-05-25,P0118,Strawberry,36,Medium
2025-05-26,P0118,Strawberry,35.2,Medium
2025-05-27,P0118,Strawberry,30.5,Medium
2025-05-28,P0118,Strawberry,25.8,Medium
2025-05-29,P0118,Strawberry,25.9,Medium
2025-05-30,P0118,Strawberry,23.3,Low
2025-05-31,P0118,Strawberry,37.5,Medium
2025-06-01,P0118,Strawberry,37.8,Medium
2025-06-02,P0118,Strawberry,36.3,Medium
2025-06-03,P0118,Strawberry,31.7,Medium
2025-06-04,P0118,Strawberry,30.4,Medium
2025-06-05,P0118,Strawberry,31.4,Medium
2025-06-06,P0118,Strawberry,32.8,Medium
2025-06-07,P0118,Strawberry,20.7,Low
2025-06-08,P0118,Strawberry,32.4,Medium
2025-06-09,P0118,Strawberry,30.6,Medium
2025-06-10,P0118,Strawberry,26.5,Medium
2025-06-11,P0118,Strawberry,39.7,Medium
2025-06-12,P0118,Strawberry,31.7,Medium
2025-06-13,P0118,Strawberry,31.9,Medium
2025-06-14,P0118,Strawberry,27.4,Medium
2025-06-15,P0118,Strawberry,42.1,Medium
2025-06-16,P0118,Strawberry,53,High
2025-06-17,P0118,Strawberry,55.3,High
2025-06-18,P0118,Strawberry,54.5,High
2025-06-19,P0118,Strawberry,50.2,High
2025-06-20,P0118,Strawberry,38.5,Medium
2025-06-21,P0118,Strawberry,35,Medium
2025-06-22,P0118,Strawberry,39.2,Medium
2025-06-23,P0118,Strawberry,40.6,Medium
2025-06-24,P0118,Strawberry,41.4,Medium
2025-06-25,P0118,Strawberry,46.5,Medium
2025-06-26,P0118,Strawberry,40.4,Medium
2025-06-27,P0118,Strawberry,40.2,Medium
2025-06-28,P0118,Strawberry,35.8,Medium
2025-06-29,P0118,Strawberry,36.9,Medium
2025-06-30,P0118,Strawberry,42,Medium
2025-07-01,P0118,Strawberry,49.3,Medium
2025-07-02,P0118,Strawberry,32.9,Medium
2025-07-03,P0118,Strawberry,36.9,Medium
2025-07-04,P0118,Strawberry,30.8,Medium
2025-07-05,P0118,Strawberry,39.2,Medium
2025-07-06,P0118,Strawberry,40.8,Medium
2025-07-07,P0118,Strawberry,36.1,Medium
2025-07-08,P0118,Strawberry,38.9,Medium
2025-07-09,P0118,Strawberry,35.3,Medium
2025-07-10,P0118,Strawberry,39.9,Medium
2025-07-11,P0118,Strawberry,49.3,Medium
2025-07-12,P0118,Strawberry,50.3,High
2025-07-13,P0118,Strawberry,59.2,High
2025-07-14,P0118,Strawberry,61.8,High
2025-07-15,P0118,Strawberry,52.5,High
2025-07-16,P0118,Strawberry,43.4,Medium
2025-07-17,P0118,Strawberry,59.1,High
2025-07-18,P0118,Strawberry,61.8,High
2025-07-19,P0118,Strawberry,67.9,High
2025-07-20,P0118,Strawberry,67.1,High
2025-07-21,P0118,Strawberry,73.3,High
2025-07-22,P0118,Strawberry,79,Critical
2025-07-23,P0118,Strawberry,89.3,Critical
2025-07-24,P0118,Strawberry,66.1,High
2025-07-25,P0118,Strawberry,75.8,Critical
2025-07-26,P0118,Strawberry,77.6,Critical
2025-07-27,P0118,Strawberry,57.1,High
2025-07-28,P0118,Strawberry,57.4,High
2025-07-29,P0118,Strawberry,54.4,High
2025-07-30,P0118,Strawberry,49.9,Medium
2025-07-31,P0118,Strawberry,48.6,Medium
2025-08-01,P0118,Strawberry,41.1,Medium
2025-08-02,P0118,Strawberry,37.2,Medium
2025-08-03,P0118,Strawberry,53.7,High
2025-08-04,P0118,Strawberry,35,Medium
2025-08-05,P0118,Strawberry,31.9,Medium
2025-08-06,P0118,Strawberry,34.4,Medium
2025-08-07,P0118,Strawberry,33.5,Medium
2025-08-08,P0118,Strawberry,42.5,Medium
2025-08-09,P0118,Strawberry,40.9,Medium
2025-08-10,P0118,Strawberry,43.2,Medium
2025-08-11,P0118,Strawberry,43.4,Medium
2025-08-12,P0118,Strawberry,42.9,Medium
2025-08-13,P0118,Strawberry,42.7,Medium
2025-08-14,P0118,Strawberry,38.5,Medium
2025-08-15,P0118,Strawberry,37.3,Medium
2025-08-16,P0118,Strawberry,43.3,Medium
2025-08-17,P0118,Strawberry,50.2,High
2025-08-18,P0118,Strawberry,44,Medium
2025-08-19,P0118,Strawberry,47.2,Medium
2025-08-20,P0118,Strawberry,45.7,Medium
2025-08-21,P0118,Strawberry,46.2,Medium
2025-08-22,P0118,Strawberry,44.1,Medium
2025-08-23,P0118,Strawberry,48.3,Medium
2025-08-24,P0118,Strawberry,38.3,Medium
2025-08-25,P0118,Strawberry,44.4,Medium
2025-08-26,P0118,Strawberry,41.8,Medium
2025-08-27,P0118,Strawberry,52.2,High
2025-08-28,P0118,Strawberry,52.6,High
2025-08-29,P0118,Strawberry,58.8,High
2025-08-30,P0118,Strawberry,55.3,High
2025-08-31,P0118,Strawberry,44.7,Medium
2025-09-01,P0118,Strawberry,55.5,High
2025-09-02,P0118,Strawberry,45.4,Medium
2025-09-03,P0118,Strawberry,48.6,Medium
2025-09-04,P0118,Strawberry,44.5,Medium
2025-09-05,P0118,Strawberry,43.6,Medium
2025-09-06,P0118,Strawberry,46.4,Medium
2025-09-07,P0118,Strawberry,44.7,Medium
2025-09-08,P0118,Strawberry,42,Medium
2025-09-09,P0118,Strawberry,39.2,Medium
2025-09-10,P0118,Strawberry,48.3,Medium
2025-09-11,P0118,Strawberry,49.7,Medium
2025-09-12,P0118,Strawberry,51.3,High
2025-02-21,P0119,Strawberry,23.7,Low
2025-02-22,P0119,Strawberry,31.1,Medium
2025-02-23,P0119,Strawberry,46,Medium
2025-02-24,P0119,Strawberry,52.5,High
2025-02-25,P0119,Strawberry,59.1,High
2025-02-26,P0119,Strawberry,57.4,High
2025-02-27,P0119,Strawberry,62.3,High
2025-02-28,P0119,Strawberry,66.1,High
2025-03-01,P0119,Strawberry,64.1,High
2025-03-02,P0119,Strawberry,49.9,Medium
2025-03-03,P0119,Strawberry,57.8,High
2025-03-04,P0119,Strawberry,54.9,High
2025-03-05,P0119,Strawberry,42.3,Medium
2025-03-06,P0119,Strawberry,50.1,High
2025-03-07,P0119,Strawberry,35.4,Medium
2025-03-08,P0119,Strawberry,54.5,High
2025-03-09,P0119,Strawberry,46.7,Medium
2025-03-10,P0119,Strawberry,61.3,High
2025-03-11,P0119,Strawberry,56,High
2025-03-12,P0119,Strawberry,53.3,High
2025-03-13,P0119,Strawberry,48.1,Medium
2025-03-14,P0119,Strawberry,46.4,Medium
2025-03-15,P0119,Strawberry,35.3,Medium
2025-03-16,P0119,Strawberry,41.9,Medium
2025-03-17,P0119,Strawberry,39.3,Medium
2025-03-18,P0119,Strawberry,32.2,Medium
2025-03-19,P0119,Strawberry,40.2,Medium
2025-03-20,P0119,Strawberry,40.9,Medium
2025-03-21,P0119,Strawberry,42.2,Medium
2025-03-22,P0119,Strawberry,41.6,Medium
2025-03-23,P0119,Strawberry,39.5,Medium
2025-03-24,P0119,Strawberry,46.1,Medium
2025-03-25,P0119,Strawberry,49.2,Medium
2025-03-26,P0119,Strawberry,41.6,Medium
2025-03-27,P0119,Strawberry,39,Medium
2025-03-28,P0119,Strawberry,46.5,Medium
2025-03-29,P0119,Strawberry,53.4,High
2025-03-30,P0119,Strawberry,47.1,Medium
2025-03-31,P0119,Strawberry,47.6,Medium
2025-04-01,P0119,Strawberry,45.5,Medium
2025-04-02,P0119,Strawberry,53.6,High
2025-04-03,P0119,Strawberry,60.1,High
2025-04-04,P0119,Strawberry,58.9,High
2025-04-05,P0119,Strawberry,58.4,High
2025-04-06,P0119,Strawberry,61.2,High
2025-04-07,P0119,Strawberry,61.8,High
2025-04-08,P0119,Strawberry,64.3,High
2025-04-09,P0119,Strawberry,68.1,High
2025-04-10,P0119,Strawberry,62.8,High
2025-04-11,P0119,Strawberry,66.9,High
2025-04-12,P0119,Strawberry,67.9,High
2025-04-13,P0119,Strawberry,59.5,High
2025-04-14,P0119,Strawberry,58.6,High
2025-04-15,P0119,Strawberry,53.3,High
2025-04-16,P0119,Strawberry,48.1,Medium
2025-04-17,P0119,Strawberry,57.5,High
2025-04-18,P0119,Strawberry,55.7,High
2025-04-19,P0119,Strawberry,49.4,Medium
2025-04-20,P0119,Strawberry,57.3,High
2025-04-21,P0119,Strawberry,56.7,High
2025-04-22,P0119,Strawberry,62.9,High
2025-04-23,P0119,Strawberry,61.3,High
2025-04-24,P0119,Strawberry,59.5,High
2025-04-25,P0119,Strawberry,51.5,High
2025-04-26,P0119,Strawberry,53.7,High
2025-04-27,P0119,Strawberry,64.1,High
2025-04-28,P0119,Strawberry,58.8,High
2025-04-29,P0119,Strawberry,55.9,High
2025-04-30,P0119,Strawberry,55.8,High
2025-05-01,P0119,Strawberry,54.5,High
2025-05-02,P0119,Strawberry,53.3,High
2025-05-03,P0119,Strawberry,54.1,High
2025-05-04,P0119,Strawberry,40.9,Medium
2025-05-05,P0119,Strawberry,32.8,Medium
2025-05-06,P0119,Strawberry,39.1,Medium
2025-05-07,P0119,Strawberry,48.6,Medium
2025-05-08,P0119,Strawberry,40.3,Medium
2025-05-09,P0119,Strawberry,42.8,Medium
2025-05-10,P0119,Strawberry,54.4,High
2025-05-11,P0119,Strawberry,55.5,High
2025-05-12,P0119,Strawberry,78.3,Critical
2025-05-13,P0119,Strawberry,80,Critical
2025-05-14,P0119,Strawberry,83.5,Critical
2025-05-15,P0119,Strawberry,78.8,Critical
2025-05-16,P0119,Strawberry,80.4,Critical
2025-05-17,P0119,Strawberry,60.4,High
2025-05-18,P0119,Strawberry,57.8,High
2025-05-19,P0119,Strawberry,44.3,Medium
2025-05-20,P0119,Strawberry,35,Medium
2025-05-21,P0119,Strawberry,33.3,Medium
2025-05-22,P0119,Strawberry,45.7,Medium
2025-05-23,P0119,Strawberry,46.7,Medium
2025-05-24,P0119,Strawberry,41.2,Medium
2025-05-25,P0119,Strawberry,35.8,Medium
2025-05-26,P0119,Strawberry,38.9,Medium
2025-05-27,P0119,Strawberry,38.6,Medium
2025-05-28,P0119,Strawberry,42.5,Medium
2025-05-29,P0119,Strawberry,51.3,High
2025-05-30,P0119,Strawberry,51.5,High
2025-05-31,P0119,Strawberry,36.6,Medium
2025-06-01,P0119,Strawberry,43.6,Medium
2025-06-02,P0119,Strawberry,40.6,Medium
2025-06-03,P0119,Strawberry,49.1,Medium
2025-06-04,P0119,Strawberry,42.7,Medium
2025-06-05,P0119,Strawberry,36.2,Medium
2025-06-06,P0119,Strawberry,31.9,Medium
2025-06-07,P0119,Strawberry,41,Medium
2025-06-08,P0119,Strawberry,29.3,Medium
2025-06-09,P0119,Strawberry,41.6,Medium
2025-06-10,P0119,Strawberry,18.9,Low
2025-06-11,P0119,Strawberry,24.4,Low
2025-06-12,P0119,Strawberry,38.9,Medium
2025-06-13,P0119,Strawberry,44.2,Medium
2025-06-14,P0119,Strawberry,46.2,Medium
2025-06-15,P0119,Strawberry,47,Medium
2025-06-16,P0119,Strawberry,57,High
2025-06-17,P0119,Strawberry,45.5,Medium
2025-06-18,P0119,Strawberry,50.6,High
2025-06-19,P0119,Strawberry,47,Medium
2025-06-20,P0119,Strawberry,37.7,Medium
2025-06-21,P0119,Strawberry,43.2,Medium
2025-06-22,P0119,Strawberry,44.4,Medium
2025-06-23,P0119,Strawberry,42,Medium
2025-06-24,P0119,Strawberry,36.6,Medium
2025-06-25,P0119,Strawberry,34.2,Medium
2025-06-26,P0119,Strawberry,30.8,Medium
2025-06-27,P0119,Strawberry,32.7,Medium
2025-06-28,P0119,Strawberry,22.6,Low
2025-06-29,P0119,Strawberry,24.5,Low
2025-06-30,P0119,Strawberry,37.2,Medium
2025-07-01,P0119,Strawberry,39.7,Medium
2025-07-02,P0119,Strawberry,36.8,Medium
2025-07-03,P0119,Strawberry,47.7,Medium
2025-07-04,P0119,Strawberry,41.3,Medium
2025-07-05,P0119,Strawberry,36.3,Medium
2025-07-06,P0119,Strawberry,46.2,Medium
2025-07-07,P0119,Strawberry,46.5,Medium
2025-07-08,P0119,Strawberry,50.2,High
2025-07-09,P0119,Strawberry,43.7,Medium
2025-07-10,P0119,Strawberry,28.3,Medium
2025-07-11,P0119,Strawberry,29.6,Medium
2025-07-12,P0119,Strawberry,20.7,Low
2025-07-13,P0119,Strawberry,25.9,Medium
2025-07-14,P0119,Strawberry,38.1,Medium
2025-07-15,P0119,Strawberry,38,Medium
2025-07-16,P0119,Strawberry,34.5,Medium
2025-07-17,P0119,Strawberry,37.1,Medium
2025-07-18,P0119,Strawberry,33.5,Medium
2025-07-19,P0119,Strawberry,34.6,Medium
2025-07-20,P0119,Strawberry,34.9,Medium
2025-07-21,P0119,Strawberry,29.5,Medium
2025-07-22,P0119,Strawberry,39.2,Medium
2025-07-23,P0119,Strawberry,51.3,High
2025-07-24,P0119,Strawberry,42.2,Medium
2025-07-25,P0119,Strawberry,51.1,High
2025-07-26,P0119,Strawberry,47.8,Medium
2025-07-27,P0119,Strawberry,54.6,High
2025-07-28,P0119,Strawberry,47,Medium
2025-07-29,P0119,Strawberry,39.1,Medium
2025-07-30,P0119,Strawberry,48.7,Medium
2025-07-31,P0119,Strawberry,37.3,Medium
2025-08-01,P0119,Strawberry,39,Medium
2025-08-02,P0119,Strawberry,25,Medium
2025-08-03,P0119,Strawberry,18.2,Low
2025-08-04,P0119,Strawberry,29.7,Medium
2025-08-05,P0119,Strawberry,17.7,Low
2025-08-06,P0119,Strawberry,24.3,Low
2025-08-07,P0119,Strawberry,26.8,Medium
2025-08-08,P0119,Strawberry,18.6,Low
2025-08-09,P0119,Strawberry,26,Medium
2025-08-10,P0119,Strawberry,29.6,Medium
2025-08-11,P0119,Strawberry,35.1,Medium
2025-08-12,P0119,Strawberry,28.7,Medium
2025-08-13,P0119,Strawberry,20,Low
2025-08-14,P0119,Strawberry,24.3,Low
2025-08-15,P0119,Strawberry,33.3,Medium
2025-08-16,P0119,Strawberry,30,Medium
2025-08-17,P0119,Strawberry,24.9,Low
2025-08-18,P0119,Strawberry,25,Medium
2025-08-19,P0119,Strawberry,22.1,Low
2025-08-20,P0119,Strawberry,20.9,Low
2025-08-21,P0119,Strawberry,15.5,Low
2025-08-22,P0119,Strawberry,28.8,Medium
2025-08-23,P0119,Strawberry,25.3,Medium
2025-08-24,P0119,Strawberry,27.6,Medium
2025-08-25,P0119,Strawberry,35.8,Medium
2025-08-26,P0119,Strawberry,29.5,Medium
2025-08-27,P0119,Strawberry,40.1,Medium
2025-08-28,P0119,Strawberry,48.7,Medium
2025-08-29,P0119,Strawberry,47.9,Medium
2025-08-30,P0119,Strawberry,42.6,Medium
2025-08-31,P0119,Strawberry,35.8,Medium
2025-09-01,P0119,Strawberry,36.3,Medium
2025-09-02,P0119,Strawberry,39.6,Medium
2025-09-03,P0119,Strawberry,42.3,Medium
2025-09-04,P0119,Strawberry,42.5,Medium
2025-09-05,P0119,Strawberry,43.9,Medium
2025-09-06,P0119,Strawberry,47.4,Medium
2025-09-07,P0119,Strawberry,40.7,Medium
2025-09-08,P0119,Strawberry,46.4,Medium
2025-09-09,P0119,Strawberry,29.1,Medium
2025-09-10,P0119,Strawberry,26.1,Medium
2025-09-11,P0119,Strawberry,36.7,Medium
2025-09-12,P0119,Strawberry,29,Medium
2025-02-21,P0120,Strawberry,46.4,Medium
2025-02-22,P0120,Strawberry,44.8,Medium
2025-02-23,P0120,Strawberry,38.8,Medium
2025-02-24,P0120,Strawberry,53.6,High
2025-02-25,P0120,Strawberry,44.8,Medium
2025-02-26,P0120,Strawberry,36.8,Medium
2025-02-27,P0120,Strawberry,54.2,High
2025-02-28,P0120,Strawberry,49.3,Medium
2025-03-01,P0120,Strawberry,56.9,High
2025-03-02,P0120,Strawberry,65.3,High
2025-03-03,P0120,Strawberry,55.1,High
2025-03-04,P0120,Strawberry,64.1,High
2025-03-05,P0120,Strawberry,62.2,High
2025-03-06,P0120,Strawberry,60.9,High
2025-03-07,P0120,Strawberry,57.9,High
2025-03-08,P0120,Strawberry,53.4,High
2025-03-09,P0120,Strawberry,65.3,High
2025-03-10,P0120,Strawberry,70.3,High
2025-03-11,P0120,Strawberry,69.3,High
2025-03-12,P0120,Strawberry,68.5,High
2025-03-13,P0120,Strawberry,61.5,High
2025-03-14,P0120,Strawberry,55.1,High
2025-03-15,P0120,Strawberry,64.3,High
2025-03-16,P0120,Strawberry,72.7,High
2025-03-17,P0120,Strawberry,68.9,High
2025-03-18,P0120,Strawberry,73.4,High
2025-03-19,P0120,Strawberry,56.7,High
2025-03-20,P0120,Strawberry,53.3,High
2025-03-21,P0120,Strawberry,54.7,High
2025-03-22,P0120,Strawberry,58.3,High
2025-03-23,P0120,Strawberry,68.7,High
2025-03-24,P0120,Strawberry,71.1,High
2025-03-25,P0120,Strawberry,68,High
2025-03-26,P0120,Strawberry,70.2,High
2025-03-27,P0120,Strawberry,70.6,High
2025-03-28,P0120,Strawberry,73.4,High
2025-03-29,P0120,Strawberry,71,High
2025-03-30,P0120,Strawberry,62.4,High
2025-03-31,P0120,Strawberry,63.4,High
2025-04-01,P0120,Strawberry,62.6,High
2025-04-02,P0120,Strawberry,56.9,High
2025-04-03,P0120,Strawberry,61.1,High
2025-04-04,P0120,Strawberry,59.4,High
2025-04-05,P0120,Strawberry,63.9,High
2025-04-06,P0120,Strawberry,70.6,High
2025-04-07,P0120,Strawberry,69.2,High
2025-04-08,P0120,Strawberry,55.6,High
2025-04-09,P0120,Strawberry,58,High
2025-04-10,P0120,Strawberry,56.6,High
2025-04-11,P0120,Strawberry,52.9,High
2025-04-12,P0120,Strawberry,55.1,High
2025-04-13,P0120,Strawberry,55.5,High
2025-04-14,P0120,Strawberry,51.8,High
2025-04-15,P0120,Strawberry,58.7,High
2025-04-16,P0120,Strawberry,64.9,High
2025-04-17,P0120,Strawberry,70,High
2025-04-18,P0120,Strawberry,67.3,High
2025-04-19,P0120,Strawberry,70.9,High
2025-04-20,P0120,Strawberry,70,High
2025-04-21,P0120,Strawberry,73,High
2025-04-22,P0120,Strawberry,65.4,High
2025-04-23,P0120,Strawberry,67.5,High
2025-04-24,P0120,Strawberry,58.1,High
2025-04-25,P0120,Strawberry,58.8,High
2025-04-26,P0120,Strawberry,52,High
2025-04-27,P0120,Strawberry,63.4,High
2025-04-28,P0120,Strawberry,55.6,High
2025-04-29,P0120,Strawberry,52.8,High
2025-04-30,P0120,Strawberry,56,High
2025-05-01,P0120,Strawberry,62,High
2025-05-02,P0120,Strawberry,63.4,High
2025-05-03,P0120,Strawberry,60.5,High
2025-05-04,P0120,Strawberry,50.9,High
2025-05-05,P0120,Strawberry,52.6,High
2025-05-06,P0120,Strawberry,53.9,High
2025-05-07,P0120,Strawberry,37.4,Medium
2025-05-08,P0120,Strawberry,45.6,Medium
2025-05-09,P0120,Strawberry,44.1,Medium
2025-05-10,P0120,Strawberry,38.9,Medium
2025-05-11,P0120,Strawberry,51.1,High
2025-05-12,P0120,Strawberry,57.5,High
2025-05-13,P0120,Strawberry,59.2,High
2025-05-14,P0120,Strawberry,48.5,Medium
2025-05-15,P0120,Strawberry,58,High
2025-05-16,P0120,Strawberry,47.9,Medium
2025-05-17,P0120,Strawberry,56.4,High
2025-05-18,P0120,Strawberry,65.3,High
2025-05-19,P0120,Strawberry,49.4,Medium
2025-05-20,P0120,Strawberry,47,Medium
2025-05-21,P0120,Strawberry,51.7,High
2025-05-22,P0120,Strawberry,47.4,Medium
2025-05-23,P0120,Strawberry,42.5,Medium
2025-05-24,P0120,Strawberry,56.5,High
2025-05-25,P0120,Strawberry,56.3,High
2025-05-26,P0120,Strawberry,52.1,High
2025-05-27,P0120,Strawberry,50.4,High
2025-05-28,P0120,Strawberry,56.8,High
2025-05-29,P0120,Strawberry,47.4,Medium
2025-05-30,P0120,Strawberry,60.1,High
2025-05-31,P0120,Strawberry,52.5,High
2025-06-01,P0120,Strawberry,46.7,Medium
2025-06-02,P0120,Strawberry,44,Medium
2025-06-03,P0120,Strawberry,45.1,Medium
2025-06-04,P0120,Strawberry,46.4,Medium
2025-06-05,P0120,Strawberry,45.1,Medium
2025-06-06,P0120,Strawberry,46.7,Medium
2025-06-07,P0120,Strawberry,40.9,Medium
2025-06-08,P0120,Strawberry,38,Medium
2025-06-09,P0120,Strawberry,35.4,Medium
2025-06-10,P0120,Strawberry,34.5,Medium
2025-06-11,P0120,Strawberry,40.1,Medium
2025-06-12,P0120,Strawberry,23.6,Low
2025-06-13,P0120,Strawberry,28.4,Medium
2025-06-14,P0120,Strawberry,42.4,Medium
2025-06-15,P0120,Strawberry,50.1,High
2025-06-16,P0120,Strawberry,45.9,Medium
2025-06-17,P0120,Strawberry,51.1,High
2025-06-18,P0120,Strawberry,57.8,High
2025-06-19,P0120,Strawberry,54.2,High
2025-06-20,P0120,Strawberry,42.3,Medium
2025-06-21,P0120,Strawberry,40.7,Medium
2025-06-22,P0120,Strawberry,36.4,Medium
2025-06-23,P0120,Strawberry,35.8,Medium
2025-06-24,P0120,Strawberry,36.1,Medium
2025-06-25,P0120,Strawberry,32,Medium
2025-06-26,P0120,Strawberry,28.2,Medium
2025-06-27,P0120,Strawberry,18.7,Low
2025-06-28,P0120,Strawberry,23.3,Low
2025-06-29,P0120,Strawberry,20.8,Low
2025-06-30,P0120,Strawberry,25.1,Medium
2025-07-01,P0120,Strawberry,25.6,Medium
2025-07-02,P0120,Strawberry,16.5,Low
2025-07-03,P0120,Strawberry,33.5,Medium
2025-07-04,P0120,Strawberry,27,Medium
2025-07-05,P0120,Strawberry,21.6,Low
2025-07-06,P0120,Strawberry,25.2,Medium
2025-07-07,P0120,Strawberry,34.5,Medium
2025-07-08,P0120,Strawberry,40.8,Medium
2025-07-09,P0120,Strawberry,41.2,Medium
2025-07-10,P0120,Strawberry,43.1,Medium
2025-07-11,P0120,Strawberry,45.4,Medium
2025-07-12,P0120,Strawberry,43.1,Medium
2025-07-13,P0120,Strawberry,41.5,Medium
2025-07-14,P0120,Strawberry,38.3,Medium
2025-07-15,P0120,Strawberry,41,Medium
2025-07-16,P0120,Strawberry,35.6,Medium
2025-07-17,P0120,Strawberry,38.8,Medium
2025-07-18,P0120,Strawberry,38,Medium
2025-07-19,P0120,Strawberry,49.8,Medium
2025-07-20,P0120,Strawberry,42.2,Medium
2025-07-21,P0120,Strawberry,55,High
2025-07-22,P0120,Strawberry,53.1,High
2025-07-23,P0120,Strawberry,68.8,High
2025-07-24,P0120,Strawberry,58.8,High
2025-07-25,P0120,Strawberry,50.8,High
2025-07-26,P0120,Strawberry,50.5,High
2025-07-27,P0120,Strawberry,47.3,Medium
2025-07-28,P0120,Strawberry,47.3,Medium
2025-07-29,P0120,Strawberry,52.5,High
2025-07-30,P0120,Strawberry,48.4,Medium
2025-07-31,P0120,Strawberry,50.6,High
2025-08-01,P0120,Strawberry,44.2,Medium
2025-08-02,P0120,Strawberry,40.9,Medium
2025-08-03,P0120,Strawberry,37.7,Medium
2025-08-04,P0120,Strawberry,42.3,Medium
2025-08-05,P0120,Strawberry,33.9,Medium
2025-08-06,P0120,Strawberry,28.8,Medium
2025-08-07,P0120,Strawberry,38.7,Medium
2025-08-08,P0120,Strawberry,25.8,Medium
2025-08-09,P0120,Strawberry,33.3,Medium
2025-08-10,P0120,Strawberry,29.8,Medium
2025-08-11,P0120,Strawberry,30.2,Medium
2025-08-12,P0120,Strawberry,25.6,Medium
2025-08-13,P0120,Strawberry,26.7,Medium
2025-08-14,P0120,Strawberry,19.5,Low
2025-08-15,P0120,Strawberry,28.7,Medium
2025-08-16,P0120,Strawberry,26.6,Medium
2025-08-17,P0120,Strawberry,28.5,Medium
2025-08-18,P0120,Strawberry,30.2,Medium
2025-08-19,P0120,Strawberry,29.9,Medium
2025-08-20,P0120,Strawberry,37.5,Medium
2025-08-21,P0120,Strawberry,35,Medium
2025-08-22,P0120,Strawberry,40.5,Medium
2025-08-23,P0120,Strawberry,40.7,Medium
2025-08-24,P0120,Strawberry,58,High
2025-08-25,P0120,Strawberry,47.5,Medium
2025-08-26,P0120,Strawberry,67.6,High
2025-08-27,P0120,Strawberry,62,High
2025-08-28,P0120,Strawberry,75,Critical
2025-08-29,P0120,Strawberry,69.5,High
2025-08-30,P0120,Strawberry,62.5,High
2025-08-31,P0120,Strawberry,51.6,High
2025-09-01,P0120,Strawberry,47,Medium
2025-09-02,P0120,Strawberry,38,Medium
2025-09-03,P0120,Strawberry,35.6,Medium
2025-09-04,P0120,Strawberry,30.6,Medium
2025-09-05,P0120,Strawberry,27.9,Medium
2025-09-06,P0120,Strawberry,22.8,Low
2025-09-07,P0120,Strawberry,25,Medium
2025-09-08,P0120,Strawberry,35.1,Medium
2025-09-09,P0120,Strawberry,32.1,Medium
2025-09-10,P0120,Strawberry,32.9,Medium
2025-09-11,P0120,Strawberry,33.2,Medium
2025-09-12,P0120,Strawberry,44,Medium
