plot_id,plot_health,greenhouse_id,farm_id
P0001,0.7621568407817775,GH003,F08
P0001,0.7099836975661136,GH003,F08
P0001,0.7608135032023535,GH003,F08
P0001,0.808138491521262,GH003,F08
P0001,0.7932969650441202,GH003,F08
P0001,0.7926958035224085,GH003,F08
P0001,0.7928033818149652,GH003,F08
P0001,0.7688156410422361,GH003,F08
P0001,0.7181107562496615,GH003,F08
P0001,0.7500750893674663,GH003,F08
P0001,0.7786263107578769,GH003,F08
P0001,0.6390316942125879,GH003,F08
P0001,0.6976081840546197,GH003,F08
P0001,0.5835349740178585,GH003,F08
P0001,0.6184334737959339,GH003,F08
P0001,0.5284589433575465,GH003,F08
P0001,0.6609777488365941,GH003,F08
P0001,0.6466414735918784,GH003,F08
P0001,0.7725043473077998,GH003,F08
P0001,0.6889883445280857,GH003,F08
P0001,0.76446768628238,GH003,F08
P0001,0.6727212194440827,GH003,F08
P0001,0.7381256514371043,GH003,F08
P0001,0.7650427381141268,GH003,F08
P0001,0.6359187930280796,GH003,F08
P0001,0.6590345583059127,GH003,F08
P0001,0.7563799105986746,GH003,F08
P0001,0.6513529682792769,GH003,F08
P0001,0.6182299138637003,GH003,F08
P0001,0.6522666025206403,GH003,F08
P0001,0.6347828362090701,GH003,F08
P0001,0.658028737528099,GH003,F08
P0001,0.7544612213118477,GH003,F08
P0001,0.6333511393186836,GH003,F08
P0001,0.6332001692715961,GH003,F08
P0001,0.6329891764638037,GH003,F08
P0001,0.7208192211921408,GH003,F08
P0001,0.6561652474016934,GH003,F08
P0001,0.6370253389875947,GH003,F08
P0001,0.6125359347052173,GH003,F08
P0001,0.7079167046108533,GH003,F08
P0001,0.6433358185400002,GH003,F08
P0001,0.6629957130455808,GH003,F08
P0001,0.6992680839241403,GH003,F08
P0001,0.6610769692776132,GH003,F08
P0001,0.6509593426477536,GH003,F08
P0001,0.6373153120790624,GH003,F08
P0001,0.6681372566489098,GH003,F08
P0001,0.5861998415640133,GH003,F08
P0001,0.5694645505888537,GH003,F08
P0001,0.5394983659046234,GH003,F08
P0001,0.5802044866980585,GH003,F08
P0001,0.6169182721606742,GH003,F08
P0001,0.5983535944706806,GH003,F08
P0001,0.6553368670715086,GH003,F08
P0001,0.6803937656574826,GH003,F08
P0001,0.6939134983464033,GH003,F08
P0001,0.6746028583812883,GH003,F08
P0001,0.678762509811496,GH003,F08
P0001,0.7026170861571994,GH003,F08
P0001,0.7399710595297833,GH003,F08
P0001,0.6630226653276592,GH003,F08
P0001,0.6142810315031074,GH003,F08
P0001,0.7032514069468231,GH003,F08
P0001,0.6849796981464619,GH003,F08
P0001,0.6641421284164318,GH003,F08
P0001,0.6371814684657868,GH003,F08
P0001,0.6631816354638668,GH003,F08
P0001,0.6486139771444684,GH003,F08
P0001,0.6552753191396309,GH003,F08
P0001,0.6619446489841639,GH003,F08
P0001,0.7407591125745873,GH003,F08
P0001,0.6457272740859602,GH003,F08
P0001,0.6525215509125757,GH003,F08
P0001,0.7275470880553079,GH003,F08
P0001,0.6793187646994961,GH003,F08
P0001,0.7231273443269257,GH003,F08
P0001,0.7233786625364292,GH003,F08
P0001,0.7129568541524257,GH003,F08
P0001,0.6458241832112388,GH003,F08
P0001,0.7311839687206291,GH003,F08
P0001,0.6678707148945403,GH003,F08
P0001,0.6998103895040607,GH003,F08
P0001,0.6658046682188957,GH003,F08
P0001,0.6400737632285651,GH003,F08
P0001,0.607999705014366,GH003,F08
P0001,0.5383115882336659,GH003,F08
P0001,0.6544043050846936,GH003,F08
P0001,0.667128898701133,GH003,F08
P0001,0.7793522488306257,GH003,F08
P0001,0.7593250475632825,GH003,F08
P0001,0.7916381738362346,GH003,F08
P0001,0.7698761023488283,GH003,F08
P0001,0.6609416759379312,GH003,F08
P0001,0.8164082063168713,GH003,F08
P0001,0.760978218550207,GH003,F08
P0001,0.7970639691374526,GH003,F08
P0001,0.7547435073319831,GH003,F08
P0001,0.7827017859256055,GH003,F08
P0001,0.6924401570277824,GH003,F08
P0001,0.8097937924510545,GH003,F08
P0001,0.6870523765057014,GH003,F08
P0001,0.7825282728130983,GH003,F08
P0001,0.6862529628380711,GH003,F08
P0001,0.7097317626391684,GH003,F08
P0001,0.6964285083000541,GH003,F08
P0001,0.8168705037465682,GH003,F08
P0001,0.6874375239046866,GH003,F08
P0001,0.7953052373154935,GH003,F08
P0001,0.7620304442653527,GH003,F08
P0001,0.7952726919618212,GH003,F08
P0001,0.7985969944728607,GH003,F08
P0001,0.7913677371737765,GH003,F08
P0001,0.8215247482801192,GH003,F08
P0001,0.7909026062450684,GH003,F08
P0001,0.7788898981314393,GH003,F08
P0001,0.8190293122863131,GH003,F08
P0001,0.7719975636453539,GH003,F08
P0001,0.7731156705448359,GH003,F08
P0001,0.7670265827849397,GH003,F08
P0001,0.6518428191065484,GH003,F08
P0001,0.6963008317743887,GH003,F08
P0001,0.6567127461352343,GH003,F08
P0001,0.721785891332921,GH003,F08
P0001,0.721709938553701,GH003,F08
P0001,0.6816010409187592,GH003,F08
P0001,0.8089087853094107,GH003,F08
P0001,0.8157220775191693,GH003,F08
P0001,0.7884514832690998,GH003,F08
P0001,0.7966887931843979,GH003,F08
P0001,0.80390297498943,GH003,F08
P0001,0.7797839801316946,GH003,F08
P0001,0.7850532485838799,GH003,F08
P0001,0.7991009350596777,GH003,F08
P0001,0.7978683422564897,GH003,F08
P0001,0.794243254641781,GH003,F08
P0001,0.782194156549712,GH003,F08
P0001,0.748575306972277,GH003,F08
P0001,0.6322031813653609,GH003,F08
P0001,0.7274376262298476,GH003,F08
P0001,0.8269368598563217,GH003,F08
P0001,0.6929218773504389,GH003,F08
P0001,0.733891603026533,GH003,F08
P0001,0.7900807791664065,GH003,F08
P0001,0.7775232280693766,GH003,F08
P0001,0.8002528189758871,GH003,F08
P0001,0.793188171643205,GH003,F08
P0001,0.7404414460710116,GH003,F08
P0001,0.7858363794922474,GH003,F08
P0001,0.7886910953454862,GH003,F08
P0001,0.7961972751240932,GH003,F08
P0001,0.8212272719095548,GH003,F08
P0001,0.7907545350422243,GH003,F08
P0001,0.7224429531386858,GH003,F08
P0001,0.7651844121211412,GH003,F08
P0001,0.6993727403111875,GH003,F08
P0001,0.7253760598293361,GH003,F08
P0001,0.7104095477285506,GH003,F08
P0001,0.5793963213984124,GH003,F08
P0001,0.6970685447241882,GH003,F08
P0001,0.7419765232019265,GH003,F08
P0001,0.7506718373558331,GH003,F08
P0001,0.8156505910752241,GH003,F08
P0001,0.7709202506738588,GH003,F08
P0001,0.7793194919554397,GH003,F08
P0001,0.788376237448094,GH003,F08
P0001,0.6960961250524934,GH003,F08
P0001,0.8189685916665982,GH003,F08
P0001,0.7844131541114182,GH003,F08
P0001,0.8164961477246087,GH003,F08
P0001,0.7804823885907355,GH003,F08
P0001,0.7935627802285843,GH003,F08
P0001,0.7324768459225303,GH003,F08
P0001,0.7969257805118508,GH003,F08
P0001,0.7647894333835986,GH003,F08
P0001,0.7314240218771212,GH003,F08
P0001,0.697872625602548,GH003,F08
P0001,0.6823464243914704,GH003,F08
P0001,0.7894807078747161,GH003,F08
P0001,0.7017367085768654,GH003,F08
P0001,0.7927427156721816,GH003,F08
P0001,0.7715389420938774,GH003,F08
P0001,0.8084729995409872,GH003,F08
P0001,0.800238462257562,GH003,F08
P0001,0.7956231780927804,GH003,F08
P0001,0.8187473526265399,GH003,F08
P0001,0.7721581684554776,GH003,F08
P0001,0.796484110492107,GH003,F08
P0001,0.7430619457471171,GH003,F08
P0001,0.7863184161388516,GH003,F08
P0001,0.8065195165805573,GH003,F08
P0001,0.7821659276395022,GH003,F08
P0001,0.6588034870821978,GH003,F08
P0001,0.6985518652280944,GH003,F08
P0001,0.6316377039128146,GH003,F08
P0001,0.6257441911942051,GH003,F08
P0001,0.6813843772517891,GH003,F08
P0001,0.6717982992903135,GH003,F08
P0001,0.8144322539188026,GH003,F08
P0001,0.8409928469781499,GH003,F08
P0001,0.7956251154544667,GH003,F08
P0001,0.7952116883488206,GH003,F08
P0001,0.8315518797340081,GH003,F08
P0001,0.7883778754728599,GH003,F08
P0001,0.7368918267054856,GH003,F08
P0001,0.7050378747285491,GH003,F08
P0001,0.8024026915152142,GH003,F08
P0001,0.7161187140848996,GH003,F08
P0001,0.7638126838200554,GH003,F08
P0001,0.785874435062695,GH003,F08
P0002,0.7653094418254678,GH013,F08
P0002,0.7250691353797979,GH013,F08
P0002,0.7279662865783127,GH013,F08
P0002,0.778540606664031,GH013,F08
P0002,0.7930471445257512,GH013,F08
P0002,0.6367552801967281,GH013,F08
P0002,0.7134360498343955,GH013,F08
P0002,0.6777875740101982,GH013,F08
P0002,0.6411032795352357,GH013,F08
P0002,0.6517729321838354,GH013,F08
P0002,0.7561836089621498,GH013,F08
P0002,0.7817905544205971,GH013,F08
P0002,0.650342678223415,GH013,F08
P0002,0.5912725653296806,GH013,F08
P0002,0.6789173546049124,GH013,F08
P0002,0.5399851826731759,GH013,F08
P0002,0.6186637393014386,GH013,F08
P0002,0.6929266944845941,GH013,F08
P0002,0.642534386323652,GH013,F08
P0002,0.7562309062701368,GH013,F08
P0002,0.769915289644526,GH013,F08
P0002,0.6773635075058325,GH013,F08
P0002,0.6767534979505772,GH013,F08
P0002,0.6940396359397848,GH013,F08
P0002,0.7337361730857442,GH013,F08
P0002,0.6738103207213775,GH013,F08
P0002,0.715612646161604,GH013,F08
P0002,0.6179202639765367,GH013,F08
P0002,0.7421430153063342,GH013,F08
P0002,0.6471887199575468,GH013,F08
P0002,0.6202269913247718,GH013,F08
P0002,0.6038605795251997,GH013,F08
P0002,0.6236239457373677,GH013,F08
P0002,0.6112834178981533,GH013,F08
P0002,0.6239654689339881,GH013,F08
P0002,0.6100046368200538,GH013,F08
P0002,0.6375096580744112,GH013,F08
P0002,0.6349585838858516,GH013,F08
P0002,0.6764986867754632,GH013,F08
P0002,0.6803612802259567,GH013,F08
P0002,0.6594033959300376,GH013,F08
P0002,0.6240165232919572,GH013,F08
P0002,0.5936441949179959,GH013,F08
P0002,0.6526568793761102,GH013,F08
P0002,0.6567515174248466,GH013,F08
P0002,0.7007689478596636,GH013,F08
P0002,0.6159520469061245,GH013,F08
P0002,0.6145677818949059,GH013,F08
P0002,0.5622426733187658,GH013,F08
P0002,0.5267845424327354,GH013,F08
P0002,0.5133981859477391,GH013,F08
P0002,0.5252878511949242,GH013,F08
P0002,0.6260403654579253,GH013,F08
P0002,0.6071101081551269,GH013,F08
P0002,0.6201440101778619,GH013,F08
P0002,0.6228709022776299,GH013,F08
P0002,0.6395963014503606,GH013,F08
P0002,0.6347329462376966,GH013,F08
P0002,0.6555023262915263,GH013,F08
P0002,0.654000747114816,GH013,F08
P0002,0.6407891962276792,GH013,F08
P0002,0.660601976239743,GH013,F08
P0002,0.6126028902698344,GH013,F08
P0002,0.6095081879583051,GH013,F08
P0002,0.6064556099608082,GH013,F08
P0002,0.6392584542670658,GH013,F08
P0002,0.6196342104658594,GH013,F08
P0002,0.6549387312809392,GH013,F08
P0002,0.6145605297612593,GH013,F08
P0002,0.6566881491064314,GH013,F08
P0002,0.6315760171157029,GH013,F08
P0002,0.6736768945394883,GH013,F08
P0002,0.6290911113684212,GH013,F08
P0002,0.6712357013886772,GH013,F08
P0002,0.6332443336905188,GH013,F08
P0002,0.6411220267443806,GH013,F08
P0002,0.7197082425630399,GH013,F08
P0002,0.7557603685384203,GH013,F08
P0002,0.6411514329772163,GH013,F08
P0002,0.7496053256747527,GH013,F08
P0002,0.6597626342921271,GH013,F08
P0002,0.6963782117786128,GH013,F08
P0002,0.6591165344412173,GH013,F08
P0002,0.7615107770869634,GH013,F08
P0002,0.6655161496133997,GH013,F08
P0002,0.5256717982838539,GH013,F08
P0002,0.5338430658053812,GH013,F08
P0002,0.6277087846336229,GH013,F08
P0002,0.7067977851270534,GH013,F08
P0002,0.7397554358784985,GH013,F08
P0002,0.7033928194728968,GH013,F08
P0002,0.7340035211389595,GH013,F08
P0002,0.6611539255741051,GH013,F08
P0002,0.7567173643210439,GH013,F08
P0002,0.6800722013126766,GH013,F08
P0002,0.6577553786446971,GH013,F08
P0002,0.7175495072573067,GH013,F08
P0002,0.7265383880236342,GH013,F08
P0002,0.7665543420231857,GH013,F08
P0002,0.6942074035427415,GH013,F08
P0002,0.7588717605557981,GH013,F08
P0002,0.7768105039114519,GH013,F08
P0002,0.7473342290816565,GH013,F08
P0002,0.646373302477621,GH013,F08
P0002,0.7233844324122388,GH013,F08
P0002,0.761038602051776,GH013,F08
P0002,0.7713615066386182,GH013,F08
P0002,0.7940453913652517,GH013,F08
P0002,0.8066702816966367,GH013,F08
P0002,0.7533415649557871,GH013,F08
P0002,0.7723670052213597,GH013,F08
P0002,0.7519871952746379,GH013,F08
P0002,0.7442067176803214,GH013,F08
P0002,0.7630100731646169,GH013,F08
P0002,0.7789443307151079,GH013,F08
P0002,0.803842340279415,GH013,F08
P0002,0.7806347381902314,GH013,F08
P0002,0.7720158855297878,GH013,F08
P0002,0.746404189825607,GH013,F08
P0002,0.8098013329183266,GH013,F08
P0002,0.6046781886790837,GH013,F08
P0002,0.6824198519292551,GH013,F08
P0002,0.5587410215283501,GH013,F08
P0002,0.6697540723507301,GH013,F08
P0002,0.5990904822763723,GH013,F08
P0002,0.7057462927727837,GH013,F08
P0002,0.8133846310937057,GH013,F08
P0002,0.7714169729532553,GH013,F08
P0002,0.7690189111991778,GH013,F08
P0002,0.7287232366261944,GH013,F08
P0002,0.7473933524828138,GH013,F08
P0002,0.8013110416731942,GH013,F08
P0002,0.7371545977898937,GH013,F08
P0002,0.7774709010543579,GH013,F08
P0002,0.7545994203477913,GH013,F08
P0002,0.7686047640202062,GH013,F08
P0002,0.779625676912343,GH013,F08
P0002,0.713666367714641,GH013,F08
P0002,0.7506284405126668,GH013,F08
P0002,0.7241409449702607,GH013,F08
P0002,0.7194463031639301,GH013,F08
P0002,0.7924988937337203,GH013,F08
P0002,0.6419046502598288,GH013,F08
P0002,0.7962465667233662,GH013,F08
P0002,0.7497969322926671,GH013,F08
P0002,0.7656918521835409,GH013,F08
P0002,0.737426560349654,GH013,F08
P0002,0.7643437149419494,GH013,F08
P0002,0.7271951499110111,GH013,F08
P0002,0.7771357439506058,GH013,F08
P0002,0.7686961243468814,GH013,F08
P0002,0.7692689725180547,GH013,F08
P0002,0.7683164784072075,GH013,F08
P0002,0.7723759830810909,GH013,F08
P0002,0.773479306812362,GH013,F08
P0002,0.6991940033190135,GH013,F08
P0002,0.7159046694380908,GH013,F08
P0002,0.6578305571046466,GH013,F08
P0002,0.6366999699644487,GH013,F08
P0002,0.5328772345270364,GH013,F08
P0002,0.5910044071226848,GH013,F08
P0002,0.7771232116969194,GH013,F08
P0002,0.7612261545350119,GH013,F08
P0002,0.7964709557599684,GH013,F08
P0002,0.7814430982528703,GH013,F08
P0002,0.7714632518102993,GH013,F08
P0002,0.8155926945189707,GH013,F08
P0002,0.7937370323763265,GH013,F08
P0002,0.6914176854073809,GH013,F08
P0002,0.7391752158781012,GH013,F08
P0002,0.7605613010226513,GH013,F08
P0002,0.743344521114628,GH013,F08
P0002,0.7235781716329647,GH013,F08
P0002,0.7001648156276226,GH013,F08
P0002,0.691760887489123,GH013,F08
P0002,0.7609241806853128,GH013,F08
P0002,0.7007467052050111,GH013,F08
P0002,0.7496967859350747,GH013,F08
P0002,0.803344535375019,GH013,F08
P0002,0.6807722196109359,GH013,F08
P0002,0.762207168036536,GH013,F08
P0002,0.7409756790288221,GH013,F08
P0002,0.7450206723665015,GH013,F08
P0002,0.7684066962349863,GH013,F08
P0002,0.754144106136197,GH013,F08
P0002,0.755858195850459,GH013,F08
P0002,0.7184412657427773,GH013,F08
P0002,0.7556113538696222,GH013,F08
P0002,0.8128148925197105,GH013,F08
P0002,0.7864914327964287,GH013,F08
P0002,0.7264554895588455,GH013,F08
P0002,0.755172053797077,GH013,F08
P0002,0.5789487102161384,GH013,F08
P0002,0.617617019215753,GH013,F08
P0002,0.591445394566396,GH013,F08
P0002,0.6387252423253068,GH013,F08
P0002,0.6768184493803292,GH013,F08
P0002,0.7501298895667421,GH013,F08
P0002,0.8066809746871378,GH013,F08
P0002,0.7702549977985019,GH013,F08
P0002,0.7859456949272629,GH013,F08
P0002,0.7486348497921447,GH013,F08
P0002,0.7913757378059463,GH013,F08
P0002,0.7807961762538769,GH013,F08
P0002,0.747762487700475,GH013,F08
P0002,0.7792175600206547,GH013,F08
P0002,0.747417420434974,GH013,F08
P0002,0.7426047878007596,GH013,F08
P0002,0.7452663571549629,GH013,F08
P0002,0.7687026991080615,GH013,F08
P0003,0.75449541350544,GH003,F08
P0003,0.7545542605682894,GH003,F08
P0003,0.775026937984407,GH003,F08
P0003,0.7566890892521824,GH003,F08
P0003,0.7665916104323144,GH003,F08
P0003,0.7645331058995218,GH003,F08
P0003,0.7273331552954228,GH003,F08
P0003,0.758683595175192,GH003,F08
P0003,0.7002026513913344,GH003,F08
P0003,0.7195984530396917,GH003,F08
P0003,0.6249613007888922,GH003,F08
P0003,0.7169914001727937,GH003,F08
P0003,0.678891448810593,GH003,F08
P0003,0.6364497039856941,GH003,F08
P0003,0.5959760866124847,GH003,F08
P0003,0.6042484856108443,GH003,F08
P0003,0.6792169917652167,GH003,F08
P0003,0.6844171445524555,GH003,F08
P0003,0.7229206358321364,GH003,F08
P0003,0.6563456289887905,GH003,F08
P0003,0.6668173099762555,GH003,F08
P0003,0.7297118938010232,GH003,F08
P0003,0.6582203173899395,GH003,F08
P0003,0.6783194038206264,GH003,F08
P0003,0.7561071691740971,GH003,F08
P0003,0.7230657748166112,GH003,F08
P0003,0.7457280013253466,GH003,F08
P0003,0.6997288381715574,GH003,F08
P0003,0.6091263137936809,GH003,F08
P0003,0.6195134243550106,GH003,F08
P0003,0.7223199008164966,GH003,F08
P0003,0.7361425790747635,GH003,F08
P0003,0.7177041146944083,GH003,F08
P0003,0.6150940949788999,GH003,F08
P0003,0.7127693773279373,GH003,F08
P0003,0.624323421268283,GH003,F08
P0003,0.6258449956279275,GH003,F08
P0003,0.6789572353872065,GH003,F08
P0003,0.727453248895148,GH003,F08
P0003,0.6012023202230763,GH003,F08
P0003,0.6980490254961624,GH003,F08
P0003,0.6334489062572283,GH003,F08
P0003,0.6358802633185012,GH003,F08
P0003,0.602355126210497,GH003,F08
P0003,0.6509145177498363,GH003,F08
P0003,0.5971111351781436,GH003,F08
P0003,0.5917537951731037,GH003,F08
P0003,0.6141335282404052,GH003,F08
P0003,0.6194866681596375,GH003,F08
P0003,0.52584358383710506,GH003,F08
P0003,0.506768748614514,GH003,F08
P0003,0.5172340065763065,GH003,F08
P0003,0.5857720204747651,GH003,F08
P0003,0.5746533897699548,GH003,F08
P0003,0.6170965172481176,GH003,F08
P0003,0.6113190890692928,GH003,F08
P0003,0.657907902843937,GH003,F08
P0003,0.6425197982883387,GH003,F08
P0003,0.6690026352584921,GH003,F08
P0003,0.6723308710862584,GH003,F08
P0003,0.6865038116058849,GH003,F08
P0003,0.611271311647408,GH003,F08
P0003,0.6218777265008201,GH003,F08
P0003,0.5897872330809815,GH003,F08
P0003,0.5728392763401494,GH003,F08
P0003,0.5801451350445218,GH003,F08
P0003,0.6140340476809467,GH003,F08
P0003,0.6487885464849151,GH003,F08
P0003,0.639780871697399,GH003,F08
P0003,0.656393129685884,GH003,F08
P0003,0.7354792347231945,GH003,F08
P0003,0.639160635790015,GH003,F08
P0003,0.6441064698946023,GH003,F08
P0003,0.637600578338236,GH003,F08
P0003,0.6236266311810215,GH003,F08
P0003,0.675322061124409,GH003,F08
P0003,0.6297684986400811,GH003,F08
P0003,0.6761680843562173,GH003,F08
P0003,0.7682246279034525,GH003,F08
P0003,0.68022393723179575,GH003,F08
P0003,0.7127897742694491,GH003,F08
P0003,0.5830432751116613,GH003,F08
P0003,0.6657244284830711,GH003,F08
P0003,0.6616141523879595,GH003,F08
P0003,0.6277521648595878,GH003,F08
P0003,0.6673579448602591,GH003,F08
P0003,0.6035100137846593,GH003,F08
P0003,0.5775866932985247,GH003,F08
P0003,0.6052009474388957,GH003,F08
P0003,0.7966785035895226,GH003,F08
P0003,0.7772479190767999,GH003,F08
P0003,0.748734824440628,GH003,F08
P0003,0.6394715235195004,GH003,F08
P0003,0.6554299776726636,GH003,F08
P0003,0.7544622037335174,GH003,F08
P0003,0.7450514205722164,GH003,F08
P0003,0.6670267687780072,GH003,F08
P0003,0.7699355314576524,GH003,F08
P0003,0.7609241743751545,GH003,F08
P0003,0.7389682861471939,GH003,F08
P0003,0.7778639812321537,GH003,F08
P0003,0.6879605018707594,GH003,F08
P0003,0.6669660326998458,GH003,F08
P0003,0.6644044460505256,GH003,F08
P0003,0.7415376232351379,GH003,F08
P0003,0.7580141366639856,GH003,F08
P0003,0.6999074276255285,GH003,F08
P0003,0.7787383388992106,GH003,F08
P0003,0.7968726676670603,GH003,F08
P0003,0.7662287804207274,GH003,F08
P0003,0.8057744939788298,GH003,F08
P0003,0.7914632599952587,GH003,F08
P0003,0.7679990645402373,GH003,F08
P0003,0.7636070741134786,GH003,F08
P0003,0.7937920788829979,GH003,F08
P0003,0.7824068424584684,GH003,F08
P0003,0.7695712979911807,GH003,F08
P0003,0.6543189790043037,GH003,F08
P0003,0.7764866762875257,GH003,F08
P0003,0.6714413194453016,GH003,F08
P0003,0.6344058519777934,GH003,F08
P0003,0.5592406293479708,GH003,F08
P0003,0.5345410965548866,GH003,F08
P0003,0.7013645902710463,GH003,F08
P0003,0.630058671011444,GH003,F08
P0003,0.6507144311327042,GH003,F08
P0003,0.7921975416591591,GH003,F08
P0003,0.7694918444184112,GH003,F08
P0003,0.6660200587953404,GH003,F08
P0003,0.7168972585171874,GH003,F08
P0003,0.7495643905140206,GH003,F08
P0003,0.7595021115445122,GH003,F08
P0003,0.7842483387302835,GH003,F08
P0003,0.8051891889732413,GH003,F08
P0003,0.6846963615556372,GH003,F08
P0003,0.7567003951609733,GH003,F08
P0003,0.7438403024910577,GH003,F08
P0003,0.6376691539182978,GH003,F08
P0003,0.6916875437726802,GH003,F08
P0003,0.6109378552109754,GH003,F08
P0003,0.6489204663554478,GH003,F08
P0003,0.6676908908790954,GH003,F08
P0003,0.7095380207463554,GH003,F08
P0003,0.7436589958986566,GH003,F08
P0003,0.8137074382373035,GH003,F08
P0003,0.7539117064886179,GH003,F08
P0003,0.748279818745484,GH003,F08
P0003,0.7134598412007563,GH003,F08
P0003,0.7693160062971441,GH003,F08
P0003,0.7570904933643305,GH003,F08
P0003,0.7671203583136889,GH003,F08
P0003,0.7384044299861099,GH003,F08
P0003,0.7393610901144984,GH003,F08
P0003,0.774846007530338,GH003,F08
P0003,0.750553914521748,GH003,F08
P0003,0.6527162400475561,GH003,F08
P0003,0.7165096713541198,GH003,F08
P0003,0.6101211317521178,GH003,F08
P0003,0.5874776204698529,GH003,F08
P0003,0.6874840972163863,GH003,F08
P0003,0.6202822635864165,GH003,F08
P0003,0.7756247060491805,GH003,F08
P0003,0.6923948578558223,GH003,F08
P0003,0.7778259956287242,GH003,F08
P0003,0.7921809777924212,GH003,F08
P0003,0.7960888163916672,GH003,F08
P0003,0.7605043547387736,GH003,F08
P0003,0.776256643769768,GH003,F08
P0003,0.7835036691829442,GH003,F08
P0003,0.8005820714105549,GH003,F08
P0003,0.7874683467383008,GH003,F08
P0003,0.7293738542628722,GH003,F08
P0003,0.6527234073791149,GH003,F08
P0003,0.7508040951083904,GH003,F08
P0003,0.7404115362787045,GH003,F08
P0003,0.6570544169022163,GH003,F08
P0003,0.7451836393129494,GH003,F08
P0003,0.7733538660731255,GH003,F08
P0003,0.690240548662942,GH003,F08
P0003,0.765347621798328,GH003,F08
P0003,0.761161143468565,GH003,F08
P0003,0.7869152477847348,GH003,F08
P0003,0.77672139203878,GH003,F08
P0003,0.7506364716536092,GH003,F08
P0003,0.7690043560580613,GH003,F08
P0003,0.7639128617231508,GH003,F08
P0003,0.7716382497224625,GH003,F08
P0003,0.7629080142247935,GH003,F08
P0003,0.7469062487387159,GH003,F08
P0003,0.7077944397817383,GH003,F08
P0003,0.7243487819774946,GH003,F08
P0003,0.658582828397486,GH003,F08
P0003,0.7370717665979069,GH003,F08
P0003,0.690369417331853,GH003,F08
P0003,0.5851780993338562,GH003,F08
P0003,0.6854863440465285,GH003,F08
P0003,0.7212033435733801,GH003,F08
P0003,0.7780296869089286,GH003,F08
P0003,0.7687827169414951,GH003,F08
P0003,0.6829315744938662,GH003,F08
P0003,0.7801475426039082,GH003,F08
P0003,0.7004280672924083,GH003,F08
P0003,0.772443280237044,GH003,F08
P0003,0.7889390512746313,GH003,F08
P0003,0.7611468988213743,GH003,F08
P0003,0.7350792963803469,GH003,F08
P0003,0.7799695854997284,GH003,F08
P0003,0.7570409348913049,GH003,F08
P0003,0.7801352967028947,GH003,F08
P0003,0.7447042357081964,GH003,F08
P0004,0.7245377178195902,GH002,F01
P0004,0.8265746379675172,GH002,F01
P0004,0.8340133133348967,GH002,F01
P0004,0.8316261061665652,GH002,F01
P0004,0.8605861741536575,GH002,F01
P0004,0.75890687320424,GH002,F01
P0004,0.8313692193174692,GH002,F01
P0004,0.7484851557943134,GH002,F01
P0004,0.8665206278725982,GH002,F01
P0004,0.8317383808828551,GH002,F01
P0004,0.8126831700824304,GH002,F01
P0004,0.7128663472661003,GH002,F01
P0004,0.7068922990122896,GH002,F01
P0004,0.721191029652598,GH002,F01
P0004,0.643466102882485,GH002,F01
P0004,0.6757154791390606,GH002,F01
P0004,0.6286207402557875,GH002,F01
P0004,0.758337644838463,GH002,F01
P0004,0.7079113703219436,GH002,F01
P0004,0.823162748787477,GH002,F01
P0004,0.8314453478642951,GH002,F01
P0004,0.8151110420136074,GH002,F01
P0004,0.8283517941577049,GH002,F01
P0004,0.748423182614837,GH002,F01
P0004,0.7121416801574202,GH002,F01
P0004,0.7282279020769818,GH002,F01
P0004,0.7125069595842907,GH002,F01
P0004,0.7217541668579034,GH002,F01
P0004,0.7520747154926938,GH002,F01
P0004,0.7028177695544103,GH002,F01
P0004,0.7256882685412142,GH002,F01
P0004,0.7933547322198746,GH002,F01
P0004,0.7062553292256667,GH002,F01
P0004,0.694023081006091,GH002,F01
P0004,0.6613214574704516,GH002,F01
P0004,0.7116069181000354,GH002,F01
P0004,0.6672508767944314,GH002,F01
P0004,0.7302452643635488,GH002,F01
P0004,0.6890808930038331,GH002,F01
P0004,0.6774637964481955,GH002,F01
P0004,0.7514537568697083,GH002,F01
P0004,0.7273049154739325,GH002,F01
P0004,0.7194427919608999,GH002,F01
P0004,0.7392073812012505,GH002,F01
P0004,0.782277466544493,GH002,F01
P0004,0.7306477415899156,GH002,F01
P0004,0.6874272253665712,GH002,F01
P0004,0.657542031107985,GH002,F01
P0004,0.7081151966141331,GH002,F01
P0004,0.5819433662318153,GH002,F01
P0004,0.5694140150919844,GH002,F01
P0004,0.6377492729495106,GH002,F01
P0004,0.6491694686227156,GH002,F01
P0004,0.7370384221969863,GH002,F01
P0004,0.6886956738832317,GH002,F01
P0004,0.8023838368272712,GH002,F01
P0004,0.6716477696070126,GH002,F01
P0004,0.6919038894879916,GH002,F01
P0004,0.7151039332898375,GH002,F01
P0004,0.738062230659803,GH002,F01
P0004,0.7306969437978065,GH002,F01
P0004,0.6811627173876185,GH002,F01
P0004,0.7300797012700407,GH002,F01
P0004,0.6826906714213411,GH002,F01
P0004,0.7297591096567967,GH002,F01
P0004,0.6702957714031053,GH002,F01
P0004,0.7152936329358373,GH002,F01
P0004,0.7240409622002717,GH002,F01
P0004,0.6826562434577266,GH002,F01
P0004,0.792465828870703,GH002,F01
P0004,0.7377000406124826,GH002,F01
P0004,0.7648154940032135,GH002,F01
P0004,0.6914403429205115,GH002,F01
P0004,0.707202630469892,GH002,F01
P0004,0.7184680150891201,GH002,F01
P0004,0.7372458903172179,GH002,F01
P0004,0.7240175371243658,GH002,F01
P0004,0.8176544207031804,GH002,F01
P0004,0.7131824166372347,GH002,F01
P0004,0.7083894524463605,GH002,F01
P0004,0.7080926648204544,GH002,F01
P0004,0.7463943371563706,GH002,F01
P0004,0.8031937096414535,GH002,F01
P0004,0.7097607223089407,GH002,F01
P0004,0.6401583049963206,GH002,F01
P0004,0.6169114699417992,GH002,F01
P0004,0.6642820428139792,GH002,F01
P0004,0.698329035846011,GH002,F01
P0004,0.7288429797531027,GH002,F01
P0004,0.7916440490170801,GH002,F01
P0004,0.7539039129703291,GH002,F01
P0004,0.8126113886517632,GH002,F01
P0004,0.8292912649346117,GH002,F01
P0004,0.7521721171052053,GH002,F01
P0004,0.8338948306934708,GH002,F01
P0004,0.8053377057762154,GH002,F01
P0004,0.8174496554911749,GH002,F01
P0004,0.8017690777045886,GH002,F01
P0004,0.7509417564800155,GH002,F01
P0004,0.8339936694800729,GH002,F01
P0004,0.7341845127875027,GH002,F01
P0004,0.7178979365733951,GH002,F01
P0004,0.8415371922036776,GH002,F01
P0004,0.8126230319189297,GH002,F01
P0004,0.8133683358636757,GH002,F01
P0004,0.7566222619324781,GH002,F01
P0004,0.8415350005400609,GH002,F01
P0004,0.7392473771590199,GH002,F01
P0004,0.7597725602341802,GH002,F01
P0004,0.8526515223320316,GH002,F01
P0004,0.8288531240253095,GH002,F01
P0004,0.8431784058592698,GH002,F01
P0004,0.8940682794796259,GH002,F01
P0004,0.8708175010383674,GH002,F01
P0004,0.8380689841887229,GH002,F01
P0004,0.8227096305544824,GH002,F01
P0004,0.8441535707584221,GH002,F01
P0004,0.8358954185115767,GH002,F01
P0004,0.836955795474318,GH002,F01
P0004,0.7691738637949257,GH002,F01
P0004,0.8165298213878218,GH002,F01
P0004,0.7654930908937971,GH002,F01
P0004,0.6289473945458708,GH002,F01
P0004,0.7526925987520575,GH002,F01
P0004,0.7784738459640648,GH002,F01
P0004,0.8351358828487586,GH002,F01
P0004,0.8208427294001206,GH002,F01
P0004,0.8678977369497866,GH002,F01
P0004,0.8278102852156596,GH002,F01
P0004,0.7886391417326905,GH002,F01
P0004,0.8311097943020502,GH002,F01
P0004,0.8701666895540499,GH002,F01
P0004,0.8166995357724378,GH002,F01
P0004,0.8513970114904565,GH002,F01
P0004,0.8357851233689739,GH002,F01
P0004,0.8594717681817609,GH002,F01
P0004,0.775316917691329,GH002,F01
P0004,0.7786111576578522,GH002,F01
P0004,0.7159776233859821,GH002,F01
P0004,0.7488947405789014,GH002,F01
P0004,0.8343510958574698,GH002,F01
P0004,0.7944326822090231,GH002,F01
P0004,0.8388998578883176,GH002,F01
P0004,0.8085086696660045,GH002,F01
P0004,0.8368986398714722,GH002,F01
P0004,0.8277816819772942,GH002,F01
P0004,0.7832034506655556,GH002,F01
P0004,0.8484233862236594,GH002,F01
P0004,0.8637851950328639,GH002,F01
P0004,0.8469170169616159,GH002,F01
P0004,0.857975956239764,GH002,F01
P0004,0.8714860818887061,GH002,F01
P0004,0.7925395654767518,GH002,F01
P0004,0.8684672579808257,GH002,F01
P0004,0.8680706202758427,GH002,F01
P0004,0.8414917154285826,GH002,F01
P0004,0.6912218782954198,GH002,F01
P0004,0.659134034745882,GH002,F01
P0004,0.6801651299262361,GH002,F01
P0004,0.678033417260912,GH002,F01
P0004,0.7632911162993761,GH002,F01
P0004,0.8505831056155025,GH002,F01
P0004,0.8352520552408953,GH002,F01
P0004,0.7368376770295173,GH002,F01
P0004,0.7613593022962424,GH002,F01
P0004,0.8017237895932068,GH002,F01
P0004,0.8589357149883322,GH002,F01
P0004,0.8563901677889604,GH002,F01
P0004,0.8495405912050142,GH002,F01
P0004,0.8002753620765933,GH002,F01
P0004,0.8428706665807866,GH002,F01
P0004,0.8613168555369386,GH002,F01
P0004,0.8367869429426473,GH002,F01
P0004,0.8593665757229999,GH002,F01
P0004,0.8360125117711175,GH002,F01
P0004,0.7471370573613816,GH002,F01
P0004,0.8032757562155515,GH002,F01
P0004,0.7345201655702119,GH002,F01
P0004,0.7783335345665301,GH002,F01
P0004,0.8493271465506814,GH002,F01
P0004,0.8587831057848192,GH002,F01
P0004,0.8018730573308244,GH002,F01
P0004,0.8326339133404593,GH002,F01
P0004,0.8483061528710665,GH002,F01
P0004,0.9010699649400082,GH002,F01
P0004,0.8318650209743748,GH002,F01
P0004,0.8594720310782694,GH002,F01
P0004,0.8422033040631247,GH002,F01
P0004,0.8247142774739833,GH002,F01
P0004,0.8063087961807788,GH002,F01
P0004,0.7991924864292088,GH002,F01
P0004,0.7360176105729641,GH002,F01
P0004,0.8074630777151214,GH002,F01
P0004,0.6955969424108595,GH002,F01
P0004,0.6348230022132013,GH002,F01
P0004,0.7521393570358901,GH002,F01
P0004,0.8314733684486253,GH002,F01
P0004,0.8479760474846294,GH002,F01
P0004,0.8500528493843645,GH002,F01
P0004,0.8128247953968792,GH002,F01
P0004,0.8079764465365439,GH002,F01
P0004,0.8726460192281555,GH002,F01
P0004,0.8709262654646452,GH002,F01
P0004,0.838703177585981,GH002,F01
P0004,0.8675794294797881,GH002,F01
P0004,0.8474849267567907,GH002,F01
P0004,0.8187341127089421,GH002,F01
P0004,0.8445693394354657,GH002,F01
P0004,0.8418739901909288,GH002,F01
P0004,0.7780048567366235,GH002,F01
P0005,0.847719493695016,GH004,F01
P0005,0.8279442768147774,GH004,F01
P0005,0.8118597279374011,GH004,F01
P0005,0.8104035756220871,GH004,F01
P0005,0.8388392570816541,GH004,F01
P0005,0.7825015934682593,GH004,F01
P0005,0.8170072386670763,GH004,F01
P0005,0.8090073358044667,GH004,F01
P0005,0.8204180217967068,GH004,F01
P0005,0.8047340134739943,GH004,F01
P0005,0.8069126761044071,GH004,F01
P0005,0.8302502578854494,GH004,F01
P0005,0.7935007441455381,GH004,F01
P0005,0.6546918239905889,GH004,F01
P0005,0.6135432017797823,GH004,F01
P0005,0.6385711079811444,GH004,F01
P0005,0.6353041198393989,GH004,F01
P0005,0.702978317614062,GH004,F01
P0005,0.7092044634474479,GH004,F01
P0005,0.7057534216724717,GH004,F01
P0005,0.719330056349946,GH004,F01
P0005,0.7226286554878658,GH004,F01
P0005,0.7373646227845372,GH004,F01
P0005,0.7007764376771297,GH004,F01
P0005,0.7889974601348072,GH004,F01
P0005,0.7616682147152528,GH004,F01
P0005,0.8089567069128512,GH004,F01
P0005,0.6585971797131023,GH004,F01
P0005,0.7099957504422931,GH004,F01
P0005,0.697245762062584,GH004,F01
P0005,0.7376554349945146,GH004,F01
P0005,0.7401053981784134,GH004,F01
P0005,0.7222404213394698,GH004,F01
P0005,0.6923068947390916,GH004,F01
P0005,0.6932981804222911,GH004,F01
P0005,0.7276214826979989,GH004,F01
P0005,0.74409364296647,GH004,F01
P0005,0.7384271008070439,GH004,F01
P0005,0.7149273941202762,GH004,F01
P0005,0.6779470140809782,GH004,F01
P0005,0.7052074991209595,GH004,F01
P0005,0.6973346380569283,GH004,F01
P0005,0.6915665664589642,GH004,F01
P0005,0.7115463386185176,GH004,F01
P0005,0.7053221588205292,GH004,F01
P0005,0.6913164509752046,GH004,F01
P0005,0.7192879895862394,GH004,F01
P0005,0.7072291373048171,GH004,F01
P0005,0.6466632156922717,GH004,F01
P0005,0.6101611079429787,GH004,F01
P0005,0.6013999914580731,GH004,F01
P0005,0.6139957072404869,GH004,F01
P0005,0.6334691324037468,GH004,F01
P0005,0.667746883207574,GH004,F01
P0005,0.7477272116419937,GH004,F01
P0005,0.707784413546354,GH004,F01
P0005,0.7437719998990989,GH004,F01
P0005,0.6887216995102399,GH004,F01
P0005,0.6997963302036331,GH004,F01
P0005,0.6700012190662795,GH004,F01
P0005,0.7358010550994863,GH004,F01
P0005,0.712773145313671,GH004,F01
P0005,0.7232456035475217,GH004,F01
P0005,0.6998744194918798,GH004,F01
P0005,0.7139391000942338,GH004,F01
P0005,0.6941726567802513,GH004,F01
P0005,0.7177439870199822,GH004,F01
P0005,0.6452524790374872,GH004,F01
P0005,0.6714164513258756,GH004,F01
P0005,0.6845714571632789,GH004,F01
P0005,0.8037663614978522,GH004,F01
P0005,0.7027265238255509,GH004,F01
P0005,0.7094451801515067,GH004,F01
P0005,0.7763805857765228,GH004,F01
P0005,0.7209445207601993,GH004,F01
P0005,0.7002586406852385,GH004,F01
P0005,0.7389859286290753,GH004,F01
P0005,0.7314595148600452,GH004,F01
P0005,0.6928228791900054,GH004,F01
P0005,0.7125829785490446,GH004,F01
P0005,0.6990858090167312,GH004,F01
P0005,0.792826559142287,GH004,F01
P0005,0.77500448369285,GH004,F01
P0005,0.6835514642294418,GH004,F01
P0005,0.6861394911471398,GH004,F01
P0005,0.6537392424455942,GH004,F01
P0005,0.612900738538953,GH004,F01
P0005,0.6129693640788949,GH004,F01
P0005,0.7674475162229893,GH004,F01
P0005,0.7063886355031969,GH004,F01
P0005,0.7695031446208987,GH004,F01
P0005,0.8313845192745972,GH004,F01
P0005,0.7839696128759366,GH004,F01
P0005,0.7317581169648715,GH004,F01
P0005,0.8564749360396763,GH004,F01
P0005,0.8105035470080644,GH004,F01
P0005,0.722734978597941,GH004,F01
P0005,0.7367143260448036,GH004,F01
P0005,0.7911191125225367,GH004,F01
P0005,0.8460194692653966,GH004,F01
P0005,0.8119016469402414,GH004,F01
P0005,0.7910820188452903,GH004,F01
P0005,0.7464917348260763,GH004,F01
P0005,0.7546033212865864,GH004,F01
P0005,0.8038835650705025,GH004,F01
P0005,0.7261893317887289,GH004,F01
P0005,0.753263985087475,GH004,F01
P0005,0.8115241553801198,GH004,F01
P0005,0.8168337872763536,GH004,F01
P0005,0.8522867972807809,GH004,F01
P0005,0.7336648825133592,GH004,F01
P0005,0.8355840140650502,GH004,F01
P0005,0.8337376496866954,GH004,F01
P0005,0.8449564144407635,GH004,F01
P0005,0.8585070495167567,GH004,F01
P0005,0.84285947045154,GH004,F01
P0005,0.7962156501267263,GH004,F01
P0005,0.8506454500522522,GH004,F01
P0005,0.8349353113197753,GH004,F01
P0005,0.7591760460220512,GH004,F01
P0005,0.8010961632421562,GH004,F01
P0005,0.593039528434747,GH004,F01
P0005,0.6769926371902149,GH004,F01
P0005,0.6360762610319977,GH004,F01
P0005,0.7592633311924808,GH004,F01
P0005,0.8234127039449588,GH004,F01
P0005,0.8267465147879801,GH004,F01
P0005,0.7841742792396079,GH004,F01
P0005,0.8103995291997352,GH004,F01
P0005,0.8600661908508914,GH004,F01
P0005,0.7965667946613622,GH004,F01
P0005,0.7430985998408521,GH004,F01
P0005,0.8331695753546586,GH004,F01
P0005,0.8388345622423585,GH004,F01
P0005,0.7909118706986913,GH004,F01
P0005,0.8223335312251473,GH004,F01
P0005,0.8574456236298489,GH004,F01
P0005,0.817318362709136,GH004,F01
P0005,0.7212719802137872,GH004,F01
P0005,0.7707282588862728,GH004,F01
P0005,0.8180812938187255,GH004,F01
P0005,0.861400290343803,GH004,F01
P0005,0.7822714701179917,GH004,F01
P0005,0.8479618518061308,GH004,F01
P0005,0.8117431980886719,GH004,F01
P0005,0.8395184517929463,GH004,F01
P0005,0.8353611860255425,GH004,F01
P0005,0.8330118143671631,GH004,F01
P0005,0.8284258231516615,GH004,F01
P0005,0.8156366912145055,GH004,F01
P0005,0.8304684361000375,GH004,F01
P0005,0.8004125131322726,GH004,F01
P0005,0.7794164969868345,GH004,F01
P0005,0.7664559489879637,GH004,F01
P0005,0.8190375800621973,GH004,F01
P0005,0.8118967920597722,GH004,F01
P0005,0.7452856366563702,GH004,F01
P0005,0.6583511989159082,GH004,F01
P0005,0.6927605230570851,GH004,F01
P0005,0.7588174949594559,GH004,F01
P0005,0.7812214542121798,GH004,F01
P0005,0.7992421116575523,GH004,F01
P0005,0.8145761791409526,GH004,F01
P0005,0.8249894789089498,GH004,F01
P0005,0.8116429184063191,GH004,F01
P0005,0.8468221986281166,GH004,F01
P0005,0.8232148135597542,GH004,F01
P0005,0.8102105181853871,GH004,F01
P0005,0.8415998851464345,GH004,F01
P0005,0.7650374707471806,GH004,F01
P0005,0.8543105986412917,GH004,F01
P0005,0.8189033092501578,GH004,F01
P0005,0.8342155717203938,GH004,F01
P0005,0.867088332123032,GH004,F01
P0005,0.838803961566509,GH004,F01
P0005,0.835963344236995,GH004,F01
P0005,0.796599650797622,GH004,F01
P0005,0.7784619945619436,GH004,F01
P0005,0.8110166466988963,GH004,F01
P0005,0.7989713120058678,GH004,F01
P0005,0.8128439386552397,GH004,F01
P0005,0.8099831454889516,GH004,F01
P0005,0.7652494729320072,GH004,F01
P0005,0.8511020096945664,GH004,F01
P0005,0.8287904151904375,GH004,F01
P0005,0.8355575068484897,GH004,F01
P0005,0.7988218579057419,GH004,F01
P0005,0.8153395021979546,GH004,F01
P0005,0.8471040689312688,GH004,F01
P0005,0.8347938534538212,GH004,F01
P0005,0.8422915659562384,GH004,F01
P0005,0.8423238149770971,GH004,F01
P0005,0.7956294842126617,GH004,F01
P0005,0.6746285663403847,GH004,F01
P0005,0.699656792377201,GH004,F01
P0005,0.7666952741943001,GH004,F01
P0005,0.7970434185719001,GH004,F01
P0005,0.764401671170242,GH004,F01
P0005,0.8186248690296356,GH004,F01
P0005,0.9006602714453682,GH004,F01
P0005,0.8324563540385292,GH004,F01
P0005,0.8243411694600916,GH004,F01
P0005,0.8330869733466216,GH004,F01
P0005,0.7569704202034018,GH004,F01
P0005,0.8750568406211552,GH004,F01
P0005,0.8227682972204066,GH004,F01
P0005,0.7572262587121474,GH004,F01
P0005,0.8300361411554563,GH004,F01
P0005,0.8123481707181225,GH004,F01
P0005,0.7359103645034158,GH004,F01
P0006,0.8384165127280007,GH008,F05
P0006,0.8387072880890876,GH008,F05
P0006,0.8383871720966608,GH008,F05
P0006,0.8352579926181491,GH008,F05
P0006,0.8095925132875345,GH008,F05
P0006,0.7388975137511081,GH008,F05
P0006,0.816199617741039,GH008,F05
P0006,0.794765856643756,GH008,F05
P0006,0.8073950597393523,GH008,F05
P0006,0.729711555987337,GH008,F05
P0006,0.6994246741218623,GH008,F05
P0006,0.7163812883840677,GH008,F05
P0006,0.7064314678125333,GH008,F05
P0006,0.6668402492887207,GH008,F05
P0006,0.643720385131564,GH008,F05
P0006,0.6733123538842452,GH008,F05
P0006,0.6572217071716286,GH008,F05
P0006,0.6844046902096468,GH008,F05
P0006,0.7894777550934948,GH008,F05
P0006,0.8028529941216394,GH008,F05
P0006,0.7689279847132416,GH008,F05
P0006,0.79552655802671,GH008,F05
P0006,0.7204638886080921,GH008,F05
P0006,0.7206444077730948,GH008,F05
P0006,0.7268439930515118,GH008,F05
P0006,0.730801158305482,GH008,F05
P0006,0.7658048325240294,GH008,F05
P0006,0.7667714035940029,GH008,F05
P0006,0.7165822424076566,GH008,F05
P0006,0.6887353328357902,GH008,F05
P0006,0.7687637440711305,GH008,F05
P0006,0.6820953316031187,GH008,F05
P0006,0.6721237754261065,GH008,F05
P0006,0.7207484844139201,GH008,F05
P0006,0.6957643711801236,GH008,F05
P0006,0.7068400671495959,GH008,F05
P0006,0.6964205767032895,GH008,F05
P0006,0.7110347076141252,GH008,F05
P0006,0.7512211500749203,GH008,F05
P0006,0.718615275317849,GH008,F05
P0006,0.6919107084603581,GH008,F05
P0006,0.6982307111023927,GH008,F05
P0006,0.7206324006769375,GH008,F05
P0006,0.6864777678791735,GH008,F05
P0006,0.7176646556625351,GH008,F05
P0006,0.6961178773846957,GH008,F05
P0006,0.7034981566575065,GH008,F05
P0006,0.6838378165643203,GH008,F05
P0006,0.6623426018114501,GH008,F05
P0006,0.6444686102787306,GH008,F05
P0006,0.6049238628175942,GH008,F05
P0006,0.6168581438761963,GH008,F05
P0006,0.6296787780342776,GH008,F05
P0006,0.6933427244159932,GH008,F05
P0006,0.7129740930522984,GH008,F05
P0006,0.7314407699200149,GH008,F05
P0006,0.7099705116441363,GH008,F05
P0006,0.6761469184078414,GH008,F05
P0006,0.7322642162011689,GH008,F05
P0006,0.6714812231734038,GH008,F05
P0006,0.6877157863763732,GH008,F05
P0006,0.6894069461797776,GH008,F05
P0006,0.742390270511251,GH008,F05
P0006,0.7046328416098344,GH008,F05
P0006,0.6931734521323331,GH008,F05
P0006,0.6640995512336432,GH008,F05
P0006,0.7297743804057354,GH008,F05
P0006,0.6698817402084063,GH008,F05
P0006,0.6796022056538941,GH008,F05
P0006,0.721104796160857,GH008,F05
P0006,0.6702300511185787,GH008,F05
P0006,0.6923239976114207,GH008,F05
P0006,0.6969166669675204,GH008,F05
P0006,0.6781929565048501,GH008,F05
P0006,0.6965717660516452,GH008,F05
P0006,0.7019754614953038,GH008,F05
P0006,0.7279395655203619,GH008,F05
P0006,0.7090927576463056,GH008,F05
P0006,0.7336385455540718,GH008,F05
P0006,0.719136128259021,GH008,F05
P0006,0.7039509938551042,GH008,F05
P0006,0.7179156916337461,GH008,F05
P0006,0.7233309767596283,GH008,F05
P0006,0.7158000244109,GH008,F05
P0006,0.6463653936837833,GH008,F05
P0006,0.6447056510871647,GH008,F05
P0006,0.6949442852218377,GH008,F05
P0006,0.7157793917450896,GH008,F05
P0006,0.7371372191152175,GH008,F05
P0006,0.6966546303779912,GH008,F05
P0006,0.7156257804555255,GH008,F05
P0006,0.8106918964875196,GH008,F05
P0006,0.792645565627884,GH008,F05
P0006,0.8235650290809216,GH008,F05
P0006,0.7695169736285071,GH008,F05
P0006,0.7101411349626957,GH008,F05
P0006,0.7972561128445184,GH008,F05
P0006,0.7969993497080937,GH008,F05
P0006,0.7082781545256641,GH008,F05
P0006,0.7000463937797463,GH008,F05
P0006,0.7429448691653467,GH008,F05
P0006,0.7223552511421489,GH008,F05
P0006,0.7266712913251812,GH008,F05
P0006,0.7448210751040764,GH008,F05
P0006,0.7971731036925247,GH008,F05
P0006,0.8330499384040311,GH008,F05
P0006,0.8753856979203558,GH008,F05
P0006,0.8337082174845746,GH008,F05
P0006,0.8243380192953832,GH008,F05
P0006,0.8246195330340182,GH008,F05
P0006,0.8411639492999344,GH008,F05
P0006,0.7976954847962209,GH008,F05
P0006,0.8222776536835462,GH008,F05
P0006,0.7909455440439301,GH008,F05
P0006,0.8355792337189354,GH008,F05
P0006,0.8379834415989679,GH008,F05
P0006,0.8183316062981344,GH008,F05
P0006,0.7924840389095212,GH008,F05
P0006,0.8402386223289932,GH008,F05
P0006,0.8207846192238091,GH008,F05
P0006,0.8090944919104115,GH008,F05
P0006,0.7758604351433258,GH008,F05
P0006,0.7054539917419616,GH008,F05
P0006,0.7206117359544678,GH008,F05
P0006,0.7937180714396289,GH008,F05
P0006,0.7893241860383807,GH008,F05
P0006,0.8479266660769359,GH008,F05
P0006,0.8434176219218157,GH008,F05
P0006,0.8027593436359136,GH008,F05
P0006,0.8317659216835837,GH008,F05
P0006,0.8421826459609625,GH008,F05
P0006,0.8077192484996204,GH008,F05
P0006,0.8023197862845686,GH008,F05
P0006,0.815685322651527,GH008,F05
P0006,0.8621336895860765,GH008,F05
P0006,0.8095385148886506,GH008,F05
P0006,0.8306381203398012,GH008,F05
P0006,0.8147441599390272,GH008,F05
P0006,0.8196847800023472,GH008,F05
P0006,0.7739085101457203,GH008,F05
P0006,0.6765131606669073,GH008,F05
P0006,0.8347178832528769,GH008,F05
P0006,0.8679904674068062,GH008,F05
P0006,0.8151695735075488,GH008,F05
P0006,0.8048996213374766,GH008,F05
P0006,0.8282212541485406,GH008,F05
P0006,0.8208486309494776,GH008,F05
P0006,0.755361260010804,GH008,F05
P0006,0.8035817986672792,GH008,F05
P0006,0.8775585274783297,GH008,F05
P0006,0.8368632810933707,GH008,F05
P0006,0.8527357361389278,GH008,F05
P0006,0.8105671260478828,GH008,F05
P0006,0.7510382899705008,GH008,F05
P0006,0.7927507052086848,GH008,F05
P0006,0.7523104325865749,GH008,F05
P0006,0.6821524394453113,GH008,F05
P0006,0.6951373851012119,GH008,F05
P0006,0.6299816138063804,GH008,F05
P0006,0.7700126356473825,GH008,F05
P0006,0.8115371683698481,GH008,F05
P0006,0.8012454497413377,GH008,F05
P0006,0.829891101850299,GH008,F05
P0006,0.7482897940384325,GH008,F05
P0006,0.7202383506578872,GH008,F05
P0006,0.8098480874093378,GH008,F05
P0006,0.7600380384700669,GH008,F05
P0006,0.815431780538418,GH008,F05
P0006,0.8415020744601277,GH008,F05
P0006,0.8511195389525237,GH008,F05
P0006,0.8384054927650447,GH008,F05
P0006,0.7938676000805196,GH008,F05
P0006,0.8591154752398256,GH008,F05
P0006,0.8353113659847525,GH008,F05
P0006,0.809082763141376,GH008,F05
P0006,0.7750655103944644,GH008,F05
P0006,0.7312214054259458,GH008,F05
P0006,0.8347482804973204,GH008,F05
P0006,0.7690448017297037,GH008,F05
P0006,0.8125954375454431,GH008,F05
P0006,0.8201954260291878,GH008,F05
P0006,0.8087388776012913,GH008,F05
P0006,0.8561924161268909,GH008,F05
P0006,0.8053980144758175,GH008,F05
P0006,0.8478520663724496,GH008,F05
P0006,0.8522037303188288,GH008,F05
P0006,0.8341794056584624,GH008,F05
P0006,0.830956170083742,GH008,F05
P0006,0.8352127841754033,GH008,F05
P0006,0.8357953226608367,GH008,F05
P0006,0.7907809498889,GH008,F05
P0006,0.8063395535104143,GH008,F05
P0006,0.7693353712939254,GH008,F05
P0006,0.7292726075569541,GH008,F05
P0006,0.6355722266530631,GH008,F05
P0006,0.7237433024943959,GH008,F05
P0006,0.7895420729782975,GH008,F05
P0006,0.8023289063244633,GH008,F05
P0006,0.8623105947925245,GH008,F05
P0006,0.8330761817241725,GH008,F05
P0006,0.8330953831488376,GH008,F05
P0006,0.8273968139755019,GH008,F05
P0006,0.8599941973249665,GH008,F05
P0006,0.8401704803343925,GH008,F05
P0006,0.8099102513276861,GH008,F05
P0006,0.7611989472933723,GH008,F05
P0006,0.8075256521895362,GH008,F05
P0006,0.8126227003087405,GH008,F05
P0006,0.8228553011868829,GH008,F05
P0006,0.8347963704279909,GH008,F05
P0007,0.8144563754680889,GH008,F05
P0007,0.70545568587669,GH008,F05
P0007,0.8345139135786187,GH008,F05
P0007,0.7220490803831455,GH008,F05
P0007,0.8504408681309009,GH008,F05
P0007,0.740936072187006,GH008,F05
P0007,0.7214610635906183,GH008,F05
P0007,0.7904101976316381,GH008,F05
P0007,0.8457899193623929,GH008,F05
P0007,0.7125091114636799,GH008,F05
P0007,0.7277168138646355,GH008,F05
P0007,0.7137865335219098,GH008,F05
P0007,0.707034312727177,GH008,F05
P0007,0.661707141570043,GH008,F05
P0007,0.695198181951374,GH008,F05
P0007,0.6084547738917419,GH008,F05
P0007,0.5958757944355697,GH008,F05
P0007,0.6825643343410224,GH008,F05
P0007,0.7249175731797969,GH008,F05
P0007,0.7191359581279859,GH008,F05
P0007,0.8196393878423086,GH008,F05
P0007,0.7963367075799012,GH008,F05
P0007,0.7852971869154785,GH008,F05
P0007,0.7428009554873678,GH008,F05
P0007,0.6655521966088949,GH008,F05
P0007,0.6691190717438464,GH008,F05
P0007,0.7518806047203079,GH008,F05
P0007,0.6965873822258543,GH008,F05
P0007,0.6743633868953618,GH008,F05
P0007,0.6703896155862651,GH008,F05
P0007,0.6877902861231846,GH008,F05
P0007,0.6807599005705964,GH008,F05
P0007,0.6733577118648366,GH008,F05
P0007,0.6829581048479758,GH008,F05
P0007,0.7041313318696152,GH008,F05
P0007,0.7172432466292201,GH008,F05
P0007,0.7371014527397719,GH008,F05
P0007,0.6991693980338721,GH008,F05
P0007,0.6914369677540846,GH008,F05
P0007,0.6904024615911424,GH008,F05
P0007,0.6558465233045588,GH008,F05
P0007,0.6817109004817757,GH008,F05
P0007,0.7121019948110143,GH008,F05
P0007,0.684663243934014,GH008,F05
P0007,0.6950833659023122,GH008,F05
P0007,0.6774448062425923,GH008,F05
P0007,0.7956922935124733,GH008,F05
P0007,0.6801691755558169,GH008,F05
P0007,0.6187164755462655,GH008,F05
P0007,0.551247990742358,GH008,F05
P0007,0.513833889820834,GH008,F05
P0007,0.6253689292329841,GH008,F05
P0007,0.6918606926203601,GH008,F05
P0007,0.6725020441433494,GH008,F05
P0007,0.6573328902002711,GH008,F05
P0007,0.7054297183015954,GH008,F05
P0007,0.674777958225247,GH008,F05
P0007,0.6903963126349185,GH008,F05
P0007,0.7134570507028272,GH008,F05
P0007,0.719820912386734,GH008,F05
P0007,0.7643109474804787,GH008,F05
P0007,0.7094704080262257,GH008,F05
P0007,0.6787377569811264,GH008,F05
P0007,0.657858612812946,GH008,F05
P0007,0.6889825418796733,GH008,F05
P0007,0.6459220028322011,GH008,F05
P0007,0.6940185378807922,GH008,F05
P0007,0.6489789792313402,GH008,F05
P0007,0.6912177381359865,GH008,F05
P0007,0.6912171797921177,GH008,F05
P0007,0.7340866125358424,GH008,F05
P0007,0.6939751602877244,GH008,F05
P0007,0.706583740523824,GH008,F05
P0007,0.7132974624776661,GH008,F05
P0007,0.7490232314544087,GH008,F05
P0007,0.7595620020087674,GH008,F05
P0007,0.7589067673819843,GH008,F05
P0007,0.7004269853896412,GH008,F05
P0007,0.6826086982825705,GH008,F05
P0007,0.7059208852369361,GH008,F05
P0007,0.671751745842683,GH008,F05
P0007,0.6726847191789768,GH008,F05
P0007,0.7699624933976327,GH008,F05
P0007,0.688246052223031,GH008,F05
P0007,0.6046939420912081,GH008,F05
P0007,0.6224706852887862,GH008,F05
P0007,0.5728539065525496,GH008,F05
P0007,0.73511553602254,GH008,F05
P0007,0.676644931673963,GH008,F05
P0007,0.7215909571871798,GH008,F05
P0007,0.6897054752418221,GH008,F05
P0007,0.6972956722608499,GH008,F05
P0007,0.8430594938806274,GH008,F05
P0007,0.8287725752822866,GH008,F05
P0007,0.7990360364729686,GH008,F05
P0007,0.7892859390381243,GH008,F05
P0007,0.8194418493232185,GH008,F05
P0007,0.7921000393814522,GH008,F05
P0007,0.8161250329502947,GH008,F05
P0007,0.7524155476774131,GH008,F05
P0007,0.8086985568057646,GH008,F05
P0007,0.7341894937173057,GH008,F05
P0007,0.7236195873115987,GH008,F05
P0007,0.7343956208083615,GH008,F05
P0007,0.7020204246175454,GH008,F05
P0007,0.7306749433483662,GH008,F05
P0007,0.7383098050594304,GH008,F05
P0007,0.8136391984636983,GH008,F05
P0007,0.799931914933469,GH008,F05
P0007,0.8128040758492309,GH008,F05
P0007,0.7929224021755334,GH008,F05
P0007,0.8162057579773062,GH008,F05
P0007,0.8268374391054909,GH008,F05
P0007,0.834788823530487,GH008,F05
P0007,0.7715159955880068,GH008,F05
P0007,0.8051595229925874,GH008,F05
P0007,0.8124483905427732,GH008,F05
P0007,0.8059198464227787,GH008,F05
P0007,0.7575393814921217,GH008,F05
P0007,0.7380378349292536,GH008,F05
P0007,0.7613221957740098,GH008,F05
P0007,0.6235791921746667,GH008,F05
P0007,0.6293531716053885,GH008,F05
P0007,0.608855830254968,GH008,F05
P0007,0.7444818801141405,GH008,F05
P0007,0.7700843344577967,GH008,F05
P0007,0.8380071592628462,GH008,F05
P0007,0.8238521687766651,GH008,F05
P0007,0.8147836217754669,GH008,F05
P0007,0.8590357264584713,GH008,F05
P0007,0.8366646306618812,GH008,F05
P0007,0.8703385221038913,GH008,F05
P0007,0.8548455747668141,GH008,F05
P0007,0.7786071443035552,GH008,F05
P0007,0.7715633392094913,GH008,F05
P0007,0.7642078228287632,GH008,F05
P0007,0.740117642867846,GH008,F05
P0007,0.6815496179216286,GH008,F05
P0007,0.7180681242596398,GH008,F05
P0007,0.7060296235886382,GH008,F05
P0007,0.7665457690939692,GH008,F05
P0007,0.6852731907666517,GH008,F05
P0007,0.8039748677005689,GH008,F05
P0007,0.6930849684948678,GH008,F05
P0007,0.7886566819597484,GH008,F05
P0007,0.8208636070327314,GH008,F05
P0007,0.8171999837653611,GH008,F05
P0007,0.7786710105188054,GH008,F05
P0007,0.8399114566330493,GH008,F05
P0007,0.762734092626155,GH008,F05
P0007,0.8182830277744291,GH008,F05
P0007,0.827703589713502,GH008,F05
P0007,0.8116777583354102,GH008,F05
P0007,0.8486473841425425,GH008,F05
P0007,0.7281530809556769,GH008,F05
P0007,0.6843256374353824,GH008,F05
P0007,0.6653660789382501,GH008,F05
P0007,0.6446523459567568,GH008,F05
P0007,0.5854039891394843,GH008,F05
P0007,0.7846057402445383,GH008,F05
P0007,0.705064353994819,GH008,F05
P0007,0.7533071761110951,GH008,F05
P0007,0.7370306625070907,GH008,F05
P0007,0.8438049499866055,GH008,F05
P0007,0.8096503082322174,GH008,F05
P0007,0.8261938431533983,GH008,F05
P0007,0.8275065613262542,GH008,F05
P0007,0.826293327329137,GH008,F05
P0007,0.8390917629818663,GH008,F05
P0007,0.8622195962151857,GH008,F05
P0007,0.8413669988407055,GH008,F05
P0007,0.7931954073432239,GH008,F05
P0007,0.7568524993081746,GH008,F05
P0007,0.7857177969086511,GH008,F05
P0007,0.7360999028574482,GH008,F05
P0007,0.6862501416861754,GH008,F05
P0007,0.7342715040793708,GH008,F05
P0007,0.8160202371431792,GH008,F05
P0007,0.6867103859823438,GH008,F05
P0007,0.7092617980557551,GH008,F05
P0007,0.8463214976907539,GH008,F05
P0007,0.7823754976878933,GH008,F05
P0007,0.750019340572706,GH008,F05
P0007,0.8032813908764495,GH008,F05
P0007,0.873718501299717,GH008,F05
P0007,0.8257446199428031,GH008,F05
P0007,0.7896390843898213,GH008,F05
P0007,0.8202780422417403,GH008,F05
P0007,0.7887615416188454,GH008,F05
P0007,0.850052392541631,GH008,F05
P0007,0.7961729340513793,GH008,F05
P0007,0.7813226788234762,GH008,F05
P0007,0.6884000729789125,GH008,F05
P0007,0.6751636686718169,GH008,F05
P0007,0.7057899498247,GH008,F05
P0007,0.6593934498451909,GH008,F05
P0007,0.7039856682282124,GH008,F05
P0007,0.7819062453977775,GH008,F05
P0007,0.8224659041157493,GH008,F05
P0007,0.7118850901360423,GH008,F05
P0007,0.8079837985473192,GH008,F05
P0007,0.7188692662097067,GH008,F05
P0007,0.8261539772193918,GH008,F05
P0007,0.8380390350076083,GH008,F05
P0007,0.8242993915547504,GH008,F05
P0007,0.7645728534756956,GH008,F05
P0007,0.8246656232499103,GH008,F05
P0007,0.8201524722090031,GH008,F05
P0007,0.8224887121841515,GH008,F05
P0007,0.8383443062252945,GH008,F05
P0008,0.7110212825024819,GH009,F06
P0008,0.8094259306414836,GH009,F06
P0008,0.8278494915153224,GH009,F06
P0008,0.7255999640350357,GH009,F06
P0008,0.823083721399811,GH009,F06
P0008,0.7590891588390115,GH009,F06
P0008,0.8297931271420643,GH009,F06
P0008,0.7294208637964228,GH009,F06
P0008,0.8111350820996522,GH009,F06
P0008,0.7338521476706652,GH009,F06
P0008,0.7506285620245324,GH009,F06
P0008,0.748514876433591,GH009,F06
P0008,0.7140231332688621,GH009,F06
P0008,0.7641834195952467,GH009,F06
P0008,0.7415734021555895,GH009,F06
P0008,0.6297307171718931,GH009,F06
P0008,0.6979525865799966,GH009,F06
P0008,0.710341674897205,GH009,F06
P0008,0.78384659713082006,GH009,F06
P0008,0.827580431119866,GH009,F06
P0008,0.8229150384699402,GH009,F06
P0008,0.7328908106176876,GH009,F06
P0008,0.8083373221481265,GH009,F06
P0008,0.71877122047596,GH009,F06
P0008,0.8070538612762075,GH009,F06
P0008,0.7367052655990989,GH009,F06
P0008,0.7378460702844362,GH009,F06
P0008,0.7113715625603658,GH009,F06
P0008,0.7151892841653588,GH009,F06
P0008,0.7129794719646858,GH009,F06
P0008,0.6893957061459342,GH009,F06
P0008,0.7171499514823295,GH009,F06
P0008,0.7379841103632414,GH009,F06
P0008,0.7356190734255494,GH009,F06
P0008,0.775454057163,GH009,F06
P0008,0.7076957990313912,GH009,F06
P0008,0.6886625107407917,GH009,F06
P0008,0.7299352156151994,GH009,F06
P0008,0.7158720106037156,GH009,F06
P0008,0.7113992582761514,GH009,F06
P0008,0.7547536970231834,GH009,F06
P0008,0.7280596744076032,GH009,F06
P0008,0.734466720368489,GH009,F06
P0008,0.6753234224509586,GH009,F06
P0008,0.70698827193577,GH009,F06
P0008,0.711427099611294,GH009,F06
P0008,0.677944468082955,GH009,F06
P0008,0.6267509074290105,GH009,F06
P0008,0.6385018715490421,GH009,F06
P0008,0.6181937447396884,GH009,F06
P0008,0.5684395052434515,GH009,F06
P0008,0.613776894760373,GH009,F06
P0008,0.7042709822625062,GH009,F06
P0008,0.6915042947747997,GH009,F06
P0008,0.7294285884776451,GH009,F06
P0008,0.7296160661117812,GH009,F06
P0008,0.6695686168637406,GH009,F06
P0008,0.6651976407910194,GH009,F06
P0008,0.6864199896123999,GH009,F06
P0008,0.6822421823238979,GH009,F06
P0008,0.7040965763616046,GH009,F06
P0008,0.7028277982248133,GH009,F06
P0008,0.6997810135019706,GH009,F06
P0008,0.716782320946014,GH009,F06
P0008,0.6951515866986675,GH009,F06
P0008,0.7079009331495304,GH009,F06
P0008,0.6909515389901434,GH009,F06
P0008,0.7066592128221617,GH009,F06
P0008,0.6681083558862255,GH009,F06
P0008,0.7003356429441048,GH009,F06
P0008,0.701653134426326,GH009,F06
P0008,0.7425903151781412,GH009,F06
P0008,0.7378788515458344,GH009,F06
P0008,0.7351348057973286,GH009,F06
P0008,0.6841146447132391,GH009,F06
P0008,0.7144966241335798,GH009,F06
P0008,0.7390654098027647,GH009,F06
P0008,0.8030143381258451,GH009,F06
P0008,0.6915282098393362,GH009,F06
P0008,0.7354909726914669,GH009,F06
P0008,0.7206702183328951,GH009,F06
P0008,0.8022749101681526,GH009,F06
P0008,0.7463531230783257,GH009,F06
P0008,0.7356032614125584,GH009,F06
P0008,0.7587610828778096,GH009,F06
P0008,0.6227016536529484,GH009,F06
P0008,0.6091885896795023,GH009,F06
P0008,0.6674832446986878,GH009,F06
P0008,0.6947074257002348,GH009,F06
P0008,0.7982221129722629,GH009,F06
P0008,0.8007289942743916,GH009,F06
P0008,0.8167421901773444,GH009,F06
P0008,0.7677176059297746,GH009,F06
P0008,0.8163643806470235,GH009,F06
P0008,0.8449104121217844,GH009,F06
P0008,0.8117718939396162,GH009,F06
P0008,0.8426159805355934,GH009,F06
P0008,0.7430727689542358,GH009,F06
P0008,0.8644754899134545,GH009,F06
P0008,0.7614155465499464,GH009,F06
P0008,0.841472521501176,GH009,F06
P0008,0.7768177375245595,GH009,F06
P0008,0.8573696013726948,GH009,F06
P0008,0.7729138675253092,GH009,F06
P0008,0.7725425907897268,GH009,F06
P0008,0.7708954996712633,GH009,F06
P0008,0.8018246236032397,GH009,F06
P0008,0.8353251136477676,GH009,F06
P0008,0.8692752671683661,GH009,F06
P0008,0.8421894526746043,GH009,F06
P0008,0.7290725839712813,GH009,F06
P0008,0.8227599955438584,GH009,F06
P0008,0.8120729333313914,GH009,F06
P0008,0.8413720417175597,GH009,F06
P0008,0.8269049245710298,GH009,F06
P0008,0.8345799868357745,GH009,F06
P0008,0.8477743046742766,GH009,F06
P0008,0.8512913154672006,GH009,F06
P0008,0.8356288904502854,GH009,F06
P0008,0.8765968184071476,GH009,F06
P0008,0.8298572071513957,GH009,F06
P0008,0.7226689273591816,GH009,F06
P0008,0.6336793132612762,GH009,F06
P0008,0.7212889728364653,GH009,F06
P0008,0.8519553317062944,GH009,F06
P0008,0.8593289934054088,GH009,F06
P0008,0.8478730700432753,GH009,F06
P0008,0.7837304126530786,GH009,F06
P0008,0.8605440935196456,GH009,F06
P0008,0.8512490525775827,GH009,F06
P0008,0.8488779279866677,GH009,F06
P0008,0.7894167180655625,GH009,F06
P0008,0.8581505208891124,GH009,F06
P0008,0.8159742765765932,GH009,F06
P0008,0.7558810043688902,GH009,F06
P0008,0.8286573750345458,GH009,F06
P0008,0.8225376789709552,GH009,F06
P0008,0.7665660304512438,GH009,F06
P0008,0.7473342038317349,GH009,F06
P0008,0.7540005981280988,GH009,F06
P0008,0.7354067772574293,GH009,F06
P0008,0.7328621087735668,GH009,F06
P0008,0.8249490850171198,GH009,F06
P0008,0.8349663560664898,GH009,F06
P0008,0.8503899934554146,GH009,F06
P0008,0.8415539678712713,GH009,F06
P0008,0.8584646219366797,GH009,F06
P0008,0.8536962256963044,GH009,F06
P0008,0.8357917268313221,GH009,F06
P0008,0.6719320083222385,GH009,F06
P0008,0.8950223981034688,GH009,F06
P0008,0.8481874279948275,GH009,F06
P0008,0.8633433513128647,GH009,F06
P0008,0.8787029511288881,GH009,F06
P0008,0.8353221231140633,GH009,F06
P0008,0.7828821227848787,GH009,F06
P0008,0.6971296880712298,GH009,F06
P0008,0.7279013929703121,GH009,F06
P0008,0.7014205873179716,GH009,F06
P0008,0.735700684676272,GH009,F06
P0008,0.8200721539292604,GH009,F06
P0008,0.8255252664319565,GH009,F06
P0008,0.8072199047243951,GH009,F06
P0008,0.8374150110107232,GH009,F06
P0008,0.8131701787564241,GH009,F06
P0008,0.8439907437377501,GH009,F06
P0008,0.8751550791312679,GH009,F06
P0008,0.7213780963616109,GH009,F06
P0008,0.8511929764872688,GH009,F06
P0008,0.8555846607525621,GH009,F06
P0008,0.745283450272655,GH009,F06
P0008,0.8418548314568437,GH009,F06
P0008,0.8228612950117715,GH009,F06
P0008,0.847597482842286,GH009,F06
P0008,0.8037139026598261,GH009,F06
P0008,0.7249918645999848,GH009,F06
P0008,0.7532787292290218,GH009,F06
P0008,0.8252009624606061,GH009,F06
P0008,0.771578331390674,GH009,F06
P0008,0.8536243732501104,GH009,F06
P0008,0.8462180991057275,GH009,F06
P0008,0.8447376283716752,GH009,F06
P0008,0.8491356643318404,GH009,F06
P0008,0.8596132778122724,GH009,F06
P0008,0.8316590757598564,GH009,F06
P0008,0.8571666349526428,GH009,F06
P0008,0.8783137345745701,GH009,F06
P0008,0.867006794935448,GH009,F06
P0008,0.8548261760339811,GH009,F06
P0008,0.7586331788422926,GH009,F06
P0008,0.8182848539448571,GH009,F06
P0008,0.7618848453640682,GH009,F06
P0008,0.7830432829134167,GH009,F06
P0008,0.7590393163862371,GH009,F06
P0008,0.7046111737477316,GH009,F06
P0008,0.8092992939904757,GH009,F06
P0008,0.725638447304143,GH009,F06
P0008,0.774073802224037,GH009,F06
P0008,0.8279174835134195,GH009,F06
P0008,0.8832402237648797,GH009,F06
P0008,0.8311951623871227,GH009,F06
P0008,0.8722800345249566,GH009,F06
P0008,0.8445554286047848,GH009,F06
P0008,0.8472164127273094,GH009,F06
P0008,0.7575572585252013,GH009,F06
P0008,0.8344636021590056,GH009,F06
P0008,0.852923813130268,GH009,F06
P0008,0.8179875985626188,GH009,F06
P0008,0.8782129761960396,GH009,F06
P0008,0.7699892351214881,GH009,F06
P0009,0.8375269694221421,GH018,F06
P0009,0.872177701776747,GH018,F06
P0009,0.7410686812453068,GH018,F06
P0009,0.7431315780635986,GH018,F06
P0009,0.7563657969777577,GH018,F06
P0009,0.8311811895096815,GH018,F06
P0009,0.8427712370542936,GH018,F06
P0009,0.7920266236413664,GH018,F06
P0009,0.7366994946169088,GH018,F06
P0009,0.8171675984912311,GH018,F06
P0009,0.733256798577998,GH018,F06
P0009,0.6932734504378083,GH018,F06
P0009,0.7287136021534112,GH018,F06
P0009,0.6737146416332578,GH018,F06
P0009,0.6547891882409828,GH018,F06
P0009,0.599774567554197,GH018,F06
P0009,0.7416368313315725,GH018,F06
P0009,0.6601693678465174,GH018,F06
P0009,0.778713809388801,GH018,F06
P0009,0.7686723415408144,GH018,F06
P0009,0.7249715138346602,GH018,F06
P0009,0.6855642386882743,GH018,F06
P0009,0.8028385633751257,GH018,F06
P0009,0.7372141562509911,GH018,F06
P0009,0.7191791317606872,GH018,F06
P0009,0.7898006990456389,GH018,F06
P0009,0.739451958166391,GH018,F06
P0009,0.6672096532725875,GH018,F06
P0009,0.7974908512439224,GH018,F06
P0009,0.7144881660386453,GH018,F06
P0009,0.7024737195457476,GH018,F06
P0009,0.7103911942149501,GH018,F06
P0009,0.7137370568539416,GH018,F06
P0009,0.6921965877461417,GH018,F06
P0009,0.7391275268944402,GH018,F06
P0009,0.7029725833779576,GH018,F06
P0009,0.6836449103270203,GH018,F06
P0009,0.7025948594676815,GH018,F06
P0009,0.6750204757937339,GH018,F06
P0009,0.7127223052789604,GH018,F06
P0009,0.7271609306666712,GH018,F06
P0009,0.7955874317684666,GH018,F06
P0009,0.7311365736490834,GH018,F06
P0009,0.720714041544398,GH018,F06
P0009,0.6801342539617529,GH018,F06
P0009,0.7522195107532287,GH018,F06
P0009,0.7145737459918986,GH018,F06
P0009,0.7524353214930801,GH018,F06
P0009,0.6610911564882971,GH018,F06
P0009,0.6428824106761222,GH018,F06
P0009,0.5705289938490682,GH018,F06
P0009,0.6390014820722895,GH018,F06
P0009,0.6466554451439989,GH018,F06
P0009,0.7907272436319036,GH018,F06
P0009,0.7024120920879232,GH018,F06
P0009,0.7577290503736652,GH018,F06
P0009,0.737197996699555,GH018,F06
P0009,0.724542484491318,GH018,F06
P0009,0.721966241610404,GH018,F06
P0009,0.6805046209489143,GH018,F06
P0009,0.7416510634288068,GH018,F06
P0009,0.695732973504676,GH018,F06
P0009,0.7343082423275542,GH018,F06
P0009,0.6960233642377921,GH018,F06
P0009,0.6986990459753721,GH018,F06
P0009,0.6619282321462578,GH018,F06
P0009,0.6903139453791863,GH018,F06
P0009,0.7161793080756033,GH018,F06
P0009,0.7833301221875638,GH018,F06
P0009,0.6505358833011253,GH018,F06
P0009,0.7552708314714077,GH018,F06
P0009,0.7728234309687295,GH018,F06
P0009,0.7666645082620099,GH018,F06
P0009,0.7314383421737787,GH018,F06
P0009,0.8136701132864684,GH018,F06
P0009,0.8224357817910396,GH018,F06
P0009,0.7416472011804346,GH018,F06
P0009,0.8327532576879392,GH018,F06
P0009,0.7068759633639862,GH018,F06
P0009,0.7421840561704863,GH018,F06
P0009,0.7241057635208922,GH018,F06
P0009,0.7173856009390307,GH018,F06
P0009,0.7910531805281852,GH018,F06
P0009,0.6892371809115829,GH018,F06
P0009,0.6620785468745115,GH018,F06
P0009,0.7412209527776921,GH018,F06
P0009,0.6206289243126841,GH018,F06
P0009,0.6204373432447974,GH018,F06
P0009,0.8032384026705707,GH018,F06
P0009,0.7335113781063597,GH018,F06
P0009,0.8136049064763886,GH018,F06
P0009,0.8076301563866957,GH018,F06
P0009,0.8154693648454845,GH018,F06
P0009,0.8182512127793521,GH018,F06
P0009,0.7873602333097859,GH018,F06
P0009,0.8272589438560989,GH018,F06
P0009,0.8537262081349803,GH018,F06
P0009,0.8324815281606395,GH018,F06
P0009,0.8464424926622178,GH018,F06
P0009,0.8274495584202604,GH018,F06
P0009,0.7432083902398099,GH018,F06
P0009,0.7459464212373283,GH018,F06
P0009,0.7369586363620514,GH018,F06
P0009,0.8182657663330757,GH018,F06
P0009,0.8543679064405852,GH018,F06
P0009,0.8218999337477095,GH018,F06
P0009,0.7783950394836736,GH018,F06
P0009,0.747617226571741,GH018,F06
P0009,0.8246414473628516,GH018,F06
P0009,0.8733548423101637,GH018,F06
P0009,0.847586330805008,GH018,F06
P0009,0.8479810773462767,GH018,F06
P0009,0.8373581120779341,GH018,F06
P0009,0.8277318399600243,GH018,F06
P0009,0.8685646835976423,GH018,F06
P0009,0.8626708644860999,GH018,F06
P0009,0.8605269722615457,GH018,F06
P0009,0.8412642077101261,GH018,F06
P0009,0.8522612553411103,GH018,F06
P0009,0.7503656535024095,GH018,F06
P0009,0.6757988837119087,GH018,F06
P0009,0.6918806213108503,GH018,F06
P0009,0.5897471106387773,GH018,F06
P0009,0.6773800176744895,GH018,F06
P0009,0.7638710810269802,GH018,F06
P0009,0.8433278891618496,GH018,F06
P0009,0.8327996284361145,GH018,F06
P0009,0.8322580498624031,GH018,F06
P0009,0.8362357019977609,GH018,F06
P0009,0.8515871344844246,GH018,F06
P0009,0.8519179449738576,GH018,F06
P0009,0.8610877254436525,GH018,F06
P0009,0.783031562681351,GH018,F06
P0009,0.8501392074931272,GH018,F06
P0009,0.82994416052346065,GH018,F06
P0009,0.8166514346432371,GH018,F06
P0009,0.8117337341777131,GH018,F06
P0009,0.7286907008890394,GH018,F06
P0009,0.8208368926292062,GH018,F06
P0009,0.7167987310267883,GH018,F06
P0009,0.7400131992213841,GH018,F06
P0009,0.8441068244870444,GH018,F06
P0009,0.8371742359904903,GH018,F06
P0009,0.7805310075166143,GH018,F06
P0009,0.8517761178202774,GH018,F06
P0009,0.7585102415964341,GH018,F06
P0009,0.8405315009645329,GH018,F06
P0009,0.8384448834554378,GH018,F06
P0009,0.8074782654359625,GH018,F06
P0009,0.8584568117430964,GH018,F06
P0009,0.8371301672102273,GH018,F06
P0009,0.8344920752376344,GH018,F06
P0009,0.86916706706511,GH018,F06
P0009,0.818667170661939,GH018,F06
P0009,0.7525783613605181,GH018,F06
P0009,0.796029291644916,GH018,F06
P0009,0.7326844578623515,GH018,F06
P0009,0.6275212462112202,GH018,F06
P0009,0.7214718311946242,GH018,F06
P0009,0.693861664014436,GH018,F06
P0009,0.7771423090905771,GH018,F06
P0009,0.8367123138939802,GH018,F06
P0009,0.8549292703714314,GH018,F06
P0009,0.7802628155633811,GH018,F06
P0009,0.7958415677784619,GH018,F06
P0009,0.8515985931979857,GH018,F06
P0009,0.8331008614442582,GH018,F06
P0009,0.8412653532483557,GH018,F06
P0009,0.8154146975236131,GH018,F06
P0009,0.8827425786948384,GH018,F06
P0009,0.8437853908660237,GH018,F06
P0009,0.8344279513019163,GH018,F06
P0009,0.7629071992844713,GH018,F06
P0009,0.627830148719116,GH018,F06
P0009,0.7195068620791627,GH018,F06
P0009,0.828278300470546,GH018,F06
P0009,0.7413285074304923,GH018,F06
P0009,0.843753882810797,GH018,F06
P0009,0.7919548948396881,GH018,F06
P0009,0.8308564146186631,GH018,F06
P0009,0.8497129303452632,GH018,F06
P0009,0.8010366259176376,GH018,F06
P0009,0.8502769696730883,GH018,F06
P0009,0.8322349049301205,GH018,F06
P0009,0.8594731911659035,GH018,F06
P0009,0.7991366614435467,GH018,F06
P0009,0.8268272618700917,GH018,F06
P0009,0.8541966900790842,GH018,F06
P0009,0.8428816043083025,GH018,F06
P0009,0.7606362265353896,GH018,F06
P0009,0.7939699204996192,GH018,F06
P0009,0.8656367687944546,GH018,F06
P0009,0.7264967893408624,GH018,F06
P0009,0.6691725726008297,GH018,F06
P0009,0.5967575501160703,GH018,F06
P0009,0.7309057214407354,GH018,F06
P0009,0.7309443968085019,GH018,F06
P0009,0.8488126948752449,GH018,F06
P0009,0.7959209383369255,GH018,F06
P0009,0.8163902712906107,GH018,F06
P0009,0.7691189457934561,GH018,F06
P0009,0.8602235440551942,GH018,F06
P0009,0.8382432707481554,GH018,F06
P0009,0.8587083500576557,GH018,F06
P0009,0.8091872063878169,GH018,F06
P0009,0.8350403459537875,GH018,F06
P0009,0.8372214665309428,GH018,F06
P0009,0.8374629564465268,GH018,F06
P0009,0.8353730497548095,GH018,F06
P0009,0.8262162712432575,GH018,F06
P0010,0.8573659723529018,GH013,F08
P0010,0.8321425798350011,GH013,F08
P0010,0.849985520539398,GH013,F08
P0010,0.805474330906086,GH013,F08
P0010,0.7149494436609212,GH013,F08
P0010,0.7677054266156367,GH013,F08
P0010,0.8012204960738959,GH013,F08
P0010,0.7984772478721828,GH013,F08
P0010,0.8183144082127185,GH013,F08
P0010,0.7983762536985076,GH013,F08
P0010,0.7688102062194938,GH013,F08
P0010,0.787155947756016,GH013,F08
P0010,0.7348067672118329,GH013,F08
P0010,0.6675546223479383,GH013,F08
P0010,0.7357333092107544,GH013,F08
P0010,0.6451837187827054,GH013,F08
P0010,0.7387330773354599,GH013,F08
P0010,0.7129817349831632,GH013,F08
P0010,0.7319990532152693,GH013,F08
P0010,0.7925231343007838,GH013,F08
P0010,0.7375830520736253,GH013,F08
P0010,0.6944532882563714,GH013,F08
P0010,0.7202539711542075,GH013,F08
P0010,0.711779965278925,GH013,F08
P0010,0.7279344684308167,GH013,F08
P0010,0.7440848411030633,GH013,F08
P0010,0.7335626168624748,GH013,F08
P0010,0.7227108638278693,GH013,F08
P0010,0.6863833791921339,GH013,F08
P0010,0.6641097709597211,GH013,F08
P0010,0.6976239224561723,GH013,F08
P0010,0.7212901002522165,GH013,F08
P0010,0.677767147091594,GH013,F08
P0010,0.7116202591079852,GH013,F08
P0010,0.6859870008193665,GH013,F08
P0010,0.6658556643564184,GH013,F08
P0010,0.6979056136441145,GH013,F08
P0010,0.7011422881090419,GH013,F08
P0010,0.7242296970034555,GH013,F08
P0010,0.7337736213922813,GH013,F08
P0010,0.6880370360275314,GH013,F08
P0010,0.7344838822645053,GH013,F08
P0010,0.6967846712498826,GH013,F08
P0010,0.7041307351641352,GH013,F08
P0010,0.6724801477330834,GH013,F08
P0010,0.7240238839552031,GH013,F08
P0010,0.7076881907759827,GH013,F08
P0010,0.6743902572960743,GH013,F08
P0010,0.6585993025607624,GH013,F08
P0010,0.5972769844063772,GH013,F08
P0010,0.5414851211151288,GH013,F08
P0010,0.6000429999783938,GH013,F08
P0010,0.6292777190661878,GH013,F08
P0010,0.7165608228209864,GH013,F08
P0010,0.6773992182320295,GH013,F08
P0010,0.7209966279430188,GH013,F08
P0010,0.7218035598116186,GH013,F08
P0010,0.6712564987399235,GH013,F08
P0010,0.6842930441401258,GH013,F08
P0010,0.7194782180528232,GH013,F08
P0010,0.7008280820580888,GH013,F08
P0010,0.7012954180618499,GH013,F08
P0010,0.7007477615864999,GH013,F08
P0010,0.7033750541764552,GH013,F08
P0010,0.6856508855610173,GH013,F08
P0010,0.7010148092329962,GH013,F08
P0010,0.6868529161954473,GH013,F08
P0010,0.7029130503344414,GH013,F08
P0010,0.6777332184588672,GH013,F08
P0010,0.6896388587726474,GH013,F08
P0010,0.6998330529346987,GH013,F08
P0010,0.73597732129843,GH013,F08
P0010,0.7370978763508216,GH013,F08
P0010,0.7082235234335846,GH013,F08
P0010,0.7054967418273521,GH013,F08
P0010,0.7660959918237854,GH013,F08
P0010,0.79959541553854,GH013,F08
P0010,0.7875710366983211,GH013,F08
P0010,0.6992660107328793,GH013,F08
P0010,0.6552497313258594,GH013,F08
P0010,0.6735075565275758,GH013,F08
P0010,0.7314995847008311,GH013,F08
P0010,0.7895793646681347,GH013,F08
P0010,0.7267653538155335,GH013,F08
P0010,0.6518307996918933,GH013,F08
P0010,0.6348286034040507,GH013,F08
P0010,0.6279017613489768,GH013,F08
P0010,0.6279163027996227,GH013,F08
P0010,0.6468635055683069,GH013,F08
P0010,0.7079913964418948,GH013,F08
P0010,0.779838944277385,GH013,F08
P0010,0.7326695436497731,GH013,F08
P0010,0.7943974634964258,GH013,F08
P0010,0.8134596987767488,GH013,F08
P0010,0.810089694435235,GH013,F08
P0010,0.7951988008749162,GH013,F08
P0010,0.8193420543349753,GH013,F08
P0010,0.8437183178879959,GH013,F08
P0010,0.7359172421031834,GH013,F08
P0010,0.8239207433737393,GH013,F08
P0010,0.7454216838329699,GH013,F08
P0010,0.7462760443855618,GH013,F08
P0010,0.804435844476742,GH013,F08
P0010,0.8126990759480827,GH013,F08
P0010,0.7985793557529439,GH013,F08
P0010,0.7270635937277451,GH013,F08
P0010,0.8346986191345123,GH013,F08
P0010,0.8319389861594629,GH013,F08
P0010,0.7356549867552948,GH013,F08
P0010,0.8434324267924066,GH013,F08
P0010,0.8339425217638183,GH013,F08
P0010,0.8648944307530478,GH013,F08
P0010,0.8253923820921352,GH013,F08
P0010,0.8506212400117471,GH013,F08
P0010,0.824359551053669,GH013,F08
P0010,0.8261006825484603,GH013,F08
P0010,0.8378514650112713,GH013,F08
P0010,0.8429230519512871,GH013,F08
P0010,0.8226137774659468,GH013,F08
P0010,0.8142634983464054,GH013,F08
P0010,0.7349008843205336,GH013,F08
P0010,0.7572754738282194,GH013,F08
P0010,0.7176915630141883,GH013,F08
P0010,0.7346167934283278,GH013,F08
P0010,0.7763571099284154,GH013,F08
P0010,0.8547253513624997,GH013,F08
P0010,0.7854755360980056,GH013,F08
P0010,0.844032900269748,GH013,F08
P0010,0.8550025026785846,GH013,F08
P0010,0.8603851295469912,GH013,F08
P0010,0.8567229384845299,GH013,F08
P0010,0.8517086880591643,GH013,F08
P0010,0.8000953739861013,GH013,F08
P0010,0.847848518165095,GH013,F08
P0010,0.8132831145063731,GH013,F08
P0010,0.8067453050781397,GH013,F08
P0010,0.7206826467471031,GH013,F08
P0010,0.7812739749674831,GH013,F08
P0010,0.841236844611497,GH013,F08
P0010,0.7927145206914487,GH013,F08
P0010,0.8593608367482649,GH013,F08
P0010,0.7848372164791882,GH013,F08
P0010,0.8246007915546403,GH013,F08
P0010,0.807894166506866,GH013,F08
P0010,0.7477218174929359,GH013,F08
P0010,0.8066180930498489,GH013,F08
P0010,0.8630793520105537,GH013,F08
P0010,0.8238449736067304,GH013,F08
P0010,0.8099195150642614,GH013,F08
P0010,0.8234005837107339,GH013,F08
P0010,0.8650928764907556,GH013,F08
P0010,0.8102810867648326,GH013,F08
P0010,0.8216222437158955,GH013,F08
P0010,0.8312822486481337,GH013,F08
P0010,0.7194175433432761,GH013,F08
P0010,0.8354600333261913,GH013,F08
P0010,0.7782451301701079,GH013,F08
P0010,0.7050444332927047,GH013,F08
P0010,0.5966078427837471,GH013,F08
P0010,0.7038184746642991,GH013,F08
P0010,0.7779503870007335,GH013,F08
P0010,0.774085910218143,GH013,F08
P0010,0.8105219100422698,GH013,F08
P0010,0.8178574022817762,GH013,F08
P0010,0.7533240189551217,GH013,F08
P0010,0.8515474620939758,GH013,F08
P0010,0.8544236019936707,GH013,F08
P0010,0.894217431796108,GH013,F08
P0010,0.7951949333060261,GH013,F08
P0010,0.8316094045503509,GH013,F08
P0010,0.8370047438846165,GH013,F08
P0010,0.7803184559327291,GH013,F08
P0010,0.822117312021075,GH013,F08
P0010,0.8386636889040233,GH013,F08
P0010,0.8232156139663365,GH013,F08
P0010,0.8637285247373595,GH013,F08
P0010,0.8131975686335279,GH013,F08
P0010,0.7122137141626557,GH013,F08
P0010,0.842882355090992,GH013,F08
P0010,0.7138360891285642,GH013,F08
P0010,0.8529859818270558,GH013,F08
P0010,0.7929233197719122,GH013,F08
P0010,0.8403232516056824,GH013,F08
P0010,0.8757242719705888,GH013,F08
P0010,0.8367504316485853,GH013,F08
P0010,0.7811411227043981,GH013,F08
P0010,0.8373858862283737,GH013,F08
P0010,0.8043127740619693,GH013,F08
P0010,0.8501098638207939,GH013,F08
P0010,0.799543578576261,GH013,F08
P0010,0.8218330671684699,GH013,F08
P0010,0.8414148255618349,GH013,F08
P0010,0.7604579881523902,GH013,F08
P0010,0.6607417114971593,GH013,F08
P0010,0.6834295493666505,GH013,F08
P0010,0.6967221651997147,GH013,F08
P0010,0.847331600564047,GH013,F08
P0010,0.8511235040044424,GH013,F08
P0010,0.8212354298401039,GH013,F08
P0010,0.8345477759581035,GH013,F08
P0010,0.8253265786091531,GH013,F08
P0010,0.8570871922738938,GH013,F08
P0010,0.7975448823222897,GH013,F08
P0010,0.7830889391222564,GH013,F08
P0010,0.8123379549936673,GH013,F08
P0010,0.816272093193815,GH013,F08
P0010,0.6900372505915328,GH013,F08
P0010,0.7559399452246336,GH013,F08
P0010,0.787048353381092,GH013,F08
P0010,0.8078176596763393,GH013,F08
P0011,0.7725056344217801,GH009,F06
P0011,0.7195814692073634,GH009,F06
P0011,0.7727266359155601,GH009,F06
P0011,0.789778797842435,GH009,F06
P0011,0.7577921881007611,GH009,F06
P0011,0.7733825892369955,GH009,F06
P0011,0.7249074182295953,GH009,F06
P0011,0.7590815966493873,GH009,F06
P0011,0.684728928711582,GH009,F06
P0011,0.6574286277723598,GH009,F06
P0011,0.730418508115416,GH009,F06
P0011,0.7281562048059098,GH009,F06
P0011,0.648207184789813,GH009,F06
P0011,0.6903345348928122,GH009,F06
P0011,0.5438540439143182,GH009,F06
P0011,0.5385775507159932,GH009,F06
P0011,0.621140604759536,GH009,F06
P0011,0.6842796345341287,GH009,F06
P0011,0.7319805951118649,GH009,F06
P0011,0.6081890634345428,GH009,F06
P0011,0.7078987122738476,GH009,F06
P0011,0.745416231998019,GH009,F06
P0011,0.6365420627541946,GH009,F06
P0011,0.6810348065009154,GH009,F06
P0011,0.7194011375427234,GH009,F06
P0011,0.693993660591997,GH009,F06
P0011,0.6917370684448831,GH009,F06
P0011,0.7087622568496313,GH009,F06
P0011,0.6225557903928953,GH009,F06
P0011,0.6148936971974319,GH009,F06
P0011,0.6117862461092347,GH009,F06
P0011,0.6046242324002177,GH009,F06
P0011,0.6175977173776559,GH009,F06
P0011,0.6417121426420157,GH009,F06
P0011,0.6696558018755449,GH009,F06
P0011,0.6840953772992557,GH009,F06
P0011,0.6723790340821341,GH009,F06
P0011,0.6800547515550395,GH009,F06
P0011,0.6684333708678809,GH009,F06
P0011,0.6048381299042499,GH009,F06
P0011,0.6704514132614733,GH009,F06
P0011,0.665040090539323,GH009,F06
P0011,0.6261154949425741,GH009,F06
P0011,0.5871898316580946,GH009,F06
P0011,0.602564728504467,GH009,F06
P0011,0.6481238584538322,GH009,F06
P0011,0.6432062437851366,GH009,F06
P0011,0.6262223770694235,GH009,F06
P0011,0.5982159097696722,GH009,F06
P0011,0.5402474914724886,GH009,F06
P0011,0.5380127670937402,GH009,F06
P0011,0.6127433580780843,GH009,F06
P0011,0.577638412702415,GH009,F06
P0011,0.6523150123884024,GH009,F06
P0011,0.6222148967868532,GH009,F06
P0011,0.6622870943252747,GH009,F06
P0011,0.6578084753171823,GH009,F06
P0011,0.6553946365726855,GH009,F06
P0011,0.6482357711261468,GH009,F06
P0011,0.6656512989921372,GH009,F06
P0011,0.6687700692299594,GH009,F06
P0011,0.67675306007425,GH009,F06
P0011,0.6257084984963561,GH009,F06
P0011,0.6225415447266999,GH009,F06
P0011,0.6379284054427339,GH009,F06
P0011,0.7143041622950349,GH009,F06
P0011,0.6689276967710911,GH009,F06
P0011,0.6214736941969656,GH009,F06
P0011,0.6652833213944034,GH009,F06
P0011,0.6586608348839021,GH009,F06
P0011,0.6151363386764108,GH009,F06
P0011,0.6838075119206665,GH009,F06
P0011,0.667208867903801,GH009,F06
P0011,0.670790815860955,GH009,F06
P0011,0.6414455859418566,GH009,F06
P0011,0.7566476280223111,GH009,F06
P0011,0.6998320475878763,GH009,F06
P0011,0.6068242490054616,GH009,F06
P0011,0.748397905267621,GH009,F06
P0011,0.6673746893016907,GH009,F06
P0011,0.6823205867325702,GH009,F06
P0011,0.7043795229851065,GH009,F06
P0011,0.7182826966913576,GH009,F06
P0011,0.6345291994449427,GH009,F06
P0011,0.5838410288411636,GH009,F06
P0011,0.6098789506410992,GH009,F06
P0011,0.5383217194429101,GH009,F06
P0011,0.582653306116494,GH009,F06
P0011,0.6044487630706178,GH009,F06
P0011,0.7644215887028768,GH009,F06
P0011,0.7739999070821273,GH009,F06
P0011,0.7292749288184557,GH009,F06
P0011,0.7518797240486632,GH009,F06
P0011,0.7385907172105501,GH009,F06
P0011,0.7323525016737226,GH009,F06
P0011,0.7568549706374853,GH009,F06
P0011,0.7423268238472714,GH009,F06
P0011,0.7847575481565382,GH009,F06
P0011,0.8039954987856266,GH009,F06
P0011,0.7433669200444506,GH009,F06
P0011,0.7217904910915173,GH009,F06
P0011,0.6530316888501019,GH009,F06
P0011,0.6875137773400485,GH009,F06
P0011,0.7452428403169737,GH009,F06
P0011,0.7161995179810863,GH009,F06
P0011,0.7492590658728465,GH009,F06
P0011,0.7328857045578189,GH009,F06
P0011,0.7072287418952046,GH009,F06
P0011,0.693000615913822,GH009,F06
P0011,0.7709828097388696,GH009,F06
P0011,0.7692303447862944,GH009,F06
P0011,0.7827541398339496,GH009,F06
P0011,0.7885500369829909,GH009,F06
P0011,0.7863924029399402,GH009,F06
P0011,0.7707497219323677,GH009,F06
P0011,0.7652800420465459,GH009,F06
P0011,0.7488749166050308,GH009,F06
P0011,0.7595310455763007,GH009,F06
P0011,0.738746286030582,GH009,F06
P0011,0.7762056835262426,GH009,F06
P0011,0.7042028075906664,GH009,F06
P0011,0.672448897684628,GH009,F06
P0011,0.5809382065716387,GH009,F06
P0011,0.6172191726287292,GH009,F06
P0011,0.7560138095696322,GH009,F06
P0011,0.7788750544656211,GH009,F06
P0011,0.7516262580545502,GH009,F06
P0011,0.7239523482247957,GH009,F06
P0011,0.6474913010084159,GH009,F06
P0011,0.770354826549858,GH009,F06
P0011,0.7819232443629269,GH009,F06
P0011,0.7918646412876184,GH009,F06
P0011,0.7105900572099689,GH009,F06
P0011,0.7793018583718812,GH009,F06
P0011,0.7046839654422515,GH009,F06
P0011,0.705288604826474,GH009,F06
P0011,0.7815973572549233,GH009,F06
P0011,0.7509293706448632,GH009,F06
P0011,0.68832458575209865,GH009,F06
P0011,0.6467962933341789,GH009,F06
P0011,0.6610608575085412,GH009,F06
P0011,0.7779687790529894,GH009,F06
P0011,0.7489071977430065,GH009,F06
P0011,0.7324329302722328,GH009,F06
P0011,0.7401120854144518,GH009,F06
P0011,0.7373406222760791,GH009,F06
P0011,0.8389413326529991,GH009,F06
P0011,0.7715580141887872,GH009,F06
P0011,0.8154379445458423,GH009,F06
P0011,0.7525029065070398,GH009,F06
P0011,0.7536744594114925,GH009,F06
P0011,0.7483189212271234,GH009,F06
P0011,0.7805244917310886,GH009,F06
P0011,0.7800112481443653,GH009,F06
P0011,0.6332230168119134,GH009,F06
P0011,0.8021383587850738,GH009,F06
P0011,0.6192766158113125,GH009,F06
P0011,0.6493910570384229,GH009,F06
P0011,0.6338196167799851,GH009,F06
P0011,0.6924160222545153,GH009,F06
P0011,0.702933620734023,GH009,F06
P0011,0.7397528663380054,GH009,F06
P0011,0.7308116696533192,GH009,F06
P0011,0.7808965278645466,GH009,F06
P0011,0.6817099491680685,GH009,F06
P0011,0.8066294345576638,GH009,F06
P0011,0.7741240108978101,GH009,F06
P0011,0.8002230679474022,GH009,F06
P0011,0.7609589981512679,GH009,F06
P0011,0.762745937755023,GH009,F06
P0011,0.7822857635888736,GH009,F06
P0011,0.7795904281289646,GH009,F06
P0011,0.6966843841867202,GH009,F06
P0011,0.7487388495678695,GH009,F06
P0011,0.7492081440052756,GH009,F06
P0011,0.6845276166503639,GH009,F06
P0011,0.7531442819908375,GH009,F06
P0011,0.7830479454523855,GH009,F06
P0011,0.7605377663817545,GH009,F06
P0011,0.7595210873894427,GH009,F06
P0011,0.7920569102312586,GH009,F06
P0011,0.779085956971866,GH009,F06
P0011,0.7375926003401978,GH009,F06
P0011,0.7791160637806321,GH009,F06
P0011,0.7759933373129719,GH009,F06
P0011,0.7565770651294955,GH009,F06
P0011,0.7791603536383644,GH009,F06
P0011,0.7221024721825978,GH009,F06
P0011,0.7258017247046125,GH009,F06
P0011,0.7678007783112298,GH009,F06
P0011,0.6765935167041506,GH009,F06
P0011,0.7232832447339251,GH009,F06
P0011,0.583060812186041,GH009,F06
P0011,0.6066366561564072,GH009,F06
P0011,0.638201019486524,GH009,F06
P0011,0.6898291167525765,GH009,F06
P0011,0.7700647457964811,GH009,F06
P0011,0.7964708732359007,GH009,F06
P0011,0.7677097900597805,GH009,F06
P0011,0.7956734505421322,GH009,F06
P0011,0.7824360360262032,GH009,F06
P0011,0.8042606852517888,GH009,F06
P0011,0.7510512618836127,GH009,F06
P0011,0.7057990017148519,GH009,F06
P0011,0.7623144560950187,GH009,F06
P0011,0.7709311728163496,GH009,F06
P0011,0.7842871842116044,GH009,F06
P0011,0.7495087953619012,GH009,F06
P0011,0.6713736378727418,GH009,F06
P0011,0.773285908595478,GH009,F06
P0012,0.796429229200725,GH017,F08
P0012,0.7896585494904634,GH017,F08
P0012,0.8100048027865613,GH017,F08
P0012,0.8190126863453303,GH017,F08
P0012,0.8248773836664636,GH017,F08
P0012,0.733524608229245,GH017,F08
P0012,0.7841744953102646,GH017,F08
P0012,0.8015054673032298,GH017,F08
P0012,0.7219919919652051,GH017,F08
P0012,0.7832852328122156,GH017,F08
P0012,0.7351896909688714,GH017,F08
P0012,0.7082288085943153,GH017,F08
P0012,0.6749881286801742,GH017,F08
P0012,0.6398819150422932,GH017,F08
P0012,0.5719346579655551,GH017,F08
P0012,0.6079489158401697,GH017,F08
P0012,0.5966523850549645,GH017,F08
P0012,0.7301289653060603,GH017,F08
P0012,0.6934410765522991,GH017,F08
P0012,0.7882507626757127,GH017,F08
P0012,0.7744126063052146,GH017,F08
P0012,0.6710449495763267,GH017,F08
P0012,0.7061000052150969,GH017,F08
P0012,0.6900050761612978,GH017,F08
P0012,0.775785045292094,GH017,F08
P0012,0.7918756708062815,GH017,F08
P0012,0.8002081841784705,GH017,F08
P0012,0.7174518930632748,GH017,F08
P0012,0.6780585059196677,GH017,F08
P0012,0.6466082199169245,GH017,F08
P0012,0.6781693297700807,GH017,F08
P0012,0.7069591258607041,GH017,F08
P0012,0.6734283135738889,GH017,F08
P0012,0.7163498870822443,GH017,F08
P0012,0.660773305714355,GH017,F08
P0012,0.7043125917865398,GH017,F08
P0012,0.7763172099342517,GH017,F08
P0012,0.747022178100412,GH017,F08
P0012,0.6700340541802493,GH017,F08
P0012,0.6607917926132426,GH017,F08
P0012,0.7786706111061764,GH017,F08
P0012,0.6818197485875711,GH017,F08
P0012,0.6629725934477599,GH017,F08
P0012,0.7114389726843883,GH017,F08
P0012,0.7431102094931505,GH017,F08
P0012,0.6722473890572657,GH017,F08
P0012,0.6725919962548165,GH017,F08
P0012,0.6986728555374776,GH017,F08
P0012,0.6047257191452146,GH017,F08
P0012,0.5742872406738234,GH017,F08
P0012,0.5632355355258677,GH017,F08
P0012,0.5288642877564664,GH017,F08
P0012,0.6101860203280325,GH017,F08
P0012,0.6755915544789474,GH017,F08
P0012,0.7004440511504174,GH017,F08
P0012,0.654766636749931,GH017,F08
P0012,0.746829812564001,GH017,F08
P0012,0.6165882597434141,GH017,F08
P0012,0.7079730807094362,GH017,F08
P0012,0.6614651935855145,GH017,F08
P0012,0.7867358776372396,GH017,F08
P0012,0.6669705653444412,GH017,F08
P0012,0.6936360895826038,GH017,F08
P0012,0.6997915903771786,GH017,F08
P0012,0.6604928256999832,GH017,F08
P0012,0.6637747577282158,GH017,F08
P0012,0.6648819720479983,GH017,F08
P0012,0.6600864327644028,GH017,F08
P0012,0.678309389862156,GH017,F08
P0012,0.6666920933531576,GH017,F08
P0012,0.6923712789017542,GH017,F08
P0012,0.7326490686449667,GH017,F08
P0012,0.6618155093281328,GH017,F08
P0012,0.663157669898603,GH017,F08
P0012,0.7752537065148931,GH017,F08
P0012,0.693275785989204,GH017,F08
P0012,0.7101335048749504,GH017,F08
P0012,0.7513035968925755,GH017,F08
P0012,0.6936105204946831,GH017,F08
P0012,0.7941185574027879,GH017,F08
P0012,0.8160152197730973,GH017,F08
P0012,0.7234612353342383,GH017,F08
P0012,0.7690110544287102,GH017,F08
P0012,0.6865489730127697,GH017,F08
P0012,0.6488066306026581,GH017,F08
P0012,0.6598258877707079,GH017,F08
P0012,0.5626443470786069,GH017,F08
P0012,0.5999325991923583,GH017,F08
P0012,0.6851609213530581,GH017,F08
P0012,0.8373341175075129,GH017,F08
P0012,0.7372278634967734,GH017,F08
P0012,0.7859515011495612,GH017,F08
P0012,0.8396273020749416,GH017,F08
P0012,0.7108936112085654,GH017,F08
P0012,0.7883821188560153,GH017,F08
P0012,0.7534961166939522,GH017,F08
P0012,0.7957828584195491,GH017,F08
P0012,0.7959416488586272,GH017,F08
P0012,0.7134244742878152,GH017,F08
P0012,0.7628669129462887,GH017,F08
P0012,0.7385610510013291,GH017,F08
P0012,0.7846186553281009,GH017,F08
P0012,0.8275609751631757,GH017,F08
P0012,0.7154649158409073,GH017,F08
P0012,0.805407344019947,GH017,F08
P0012,0.762911034382653,GH017,F08
P0012,0.6678891011360596,GH017,F08
P0012,0.8018430819425676,GH017,F08
P0012,0.7135166725606423,GH017,F08
P0012,0.8179309760292915,GH017,F08
P0012,0.83295592254070006,GH017,F08
P0012,0.8055960075694791,GH017,F08
P0012,0.7547913119458759,GH017,F08
P0012,0.7938851482184459,GH017,F08
P0012,0.8287230707975287,GH017,F08
P0012,0.8232210749533392,GH017,F08
P0012,0.7577058099838917,GH017,F08
P0012,0.7906660927411349,GH017,F08
P0012,0.8217451228872078,GH017,F08
P0012,0.7461764216534494,GH017,F08
P0012,0.6709762281184175,GH017,F08
P0012,0.7299538937357253,GH017,F08
P0012,0.6361825647363872,GH017,F08
P0012,0.6232261956212839,GH017,F08
P0012,0.724664868983925,GH017,F08
P0012,0.7517610670027425,GH017,F08
P0012,0.829250272507626,GH017,F08
P0012,0.747946844648366,GH017,F08
P0012,0.7248584408150759,GH017,F08
P0012,0.8139725868953149,GH017,F08
P0012,0.7952061689845771,GH017,F08
P0012,0.8269805334877534,GH017,F08
P0012,0.8273125869426291,GH017,F08
P0012,0.8374756254933345,GH017,F08
P0012,0.7468003581897337,GH017,F08
P0012,0.8167477004566402,GH017,F08
P0012,0.8534552353043315,GH017,F08
P0012,0.8122866624600652,GH017,F08
P0012,0.6911542978328237,GH017,F08
P0012,0.7961455963023876,GH017,F08
P0012,0.7058311322976081,GH017,F08
P0012,0.7126023999452495,GH017,F08
P0012,0.8252631787437102,GH017,F08
P0012,0.831386428637261,GH017,F08
P0012,0.8406844122540067,GH017,F08
P0012,0.7275412443624141,GH017,F08
P0012,0.8187473960440105,GH017,F08
P0012,0.7784004641840041,GH017,F08
P0012,0.8216614751440853,GH017,F08
P0012,0.8090027403889218,GH017,F08
P0012,0.7752093031727355,GH017,F08
P0012,0.8402188158525461,GH017,F08
P0012,0.8367777656013476,GH017,F08
P0012,0.6897532773343874,GH017,F08
P0012,0.8032372242982053,GH017,F08
P0012,0.741686945133595,GH017,F08
P0012,0.667951104119284,GH017,F08
P0012,0.6053281814335875,GH017,F08
P0012,0.5436954246320979,GH017,F08
P0012,0.697272568786834,GH017,F08
P0012,0.8023901665126159,GH017,F08
P0012,0.68670303536363,GH017,F08
P0012,0.8238663762637931,GH017,F08
P0012,0.7993868187107408,GH017,F08
P0012,0.7909322147126668,GH017,F08
P0012,0.7434294720974818,GH017,F08
P0012,0.8068743171472492,GH017,F08
P0012,0.8087683016728812,GH017,F08
P0012,0.8179952708470444,GH017,F08
P0012,0.6873244091153988,GH017,F08
P0012,0.7689647026771775,GH017,F08
P0012,0.6641389390801569,GH017,F08
P0012,0.8265379117129285,GH017,F08
P0012,0.7500402363922264,GH017,F08
P0012,0.7809263803271941,GH017,F08
P0012,0.7379035202889025,GH017,F08
P0012,0.7667804350517567,GH017,F08
P0012,0.74942603371537,GH017,F08
P0012,0.8299208815813988,GH017,F08
P0012,0.7204216841033231,GH017,F08
P0012,0.8242051963983704,GH017,F08
P0012,0.713697785452489,GH017,F08
P0012,0.7180921589193822,GH017,F08
P0012,0.7961098391456884,GH017,F08
P0012,0.799572679975985,GH017,F08
P0012,0.8270287557144712,GH017,F08
P0012,0.8422363744687591,GH017,F08
P0012,0.8143525170043808,GH017,F08
P0012,0.6979695339825039,GH017,F08
P0012,0.8410460383335675,GH017,F08
P0012,0.7596384443606004,GH017,F08
P0012,0.7416975788323777,GH017,F08
P0012,0.7617050157458833,GH017,F08
P0012,0.6074885894924397,GH017,F08
P0012,0.6604454284167436,GH017,F08
P0012,0.647927130037029,GH017,F08
P0012,0.6659128176381375,GH017,F08
P0012,0.7846730370349432,GH017,F08
P0012,0.7402991006844213,GH017,F08
P0012,0.8446221371269526,GH017,F08
P0012,0.8151437793655192,GH017,F08
P0012,0.765532546651743,GH017,F08
P0012,0.8396861336199065,GH017,F08
P0012,0.849691640360098,GH017,F08
P0012,0.8167526077682888,GH017,F08
P0012,0.8223604421074432,GH017,F08
P0012,0.8611804768778522,GH017,F08
P0012,0.8076150073205476,GH017,F08
P0012,0.8109578061344481,GH017,F08
P0012,0.7439541071223958,GH017,F08
P0013,0.7628204503051215,GH008,F05
P0013,0.8234886452876639,GH008,F05
P0013,0.8714260978488882,GH008,F05
P0013,0.8570100369594896,GH008,F05
P0013,0.8509720103077497,GH008,F05
P0013,0.8251301191777037,GH008,F05
P0013,0.8326786006642252,GH008,F05
P0013,0.8566525744927859,GH008,F05
P0013,0.8803125348363221,GH008,F05
P0013,0.7543170614795064,GH008,F05
P0013,0.826867509544217,GH008,F05
P0013,0.7334187747169386,GH008,F05
P0013,0.7423278930053484,GH008,F05
P0013,0.688702305146247,GH008,F05
P0013,0.6784859360827914,GH008,F05
P0013,0.6012155903524593,GH008,F05
P0013,0.759858930132044,GH008,F05
P0013,0.742632116337965,GH008,F05
P0013,0.7410111006087199,GH008,F05
P0013,0.8515144177739573,GH008,F05
P0013,0.8071452812948479,GH008,F05
P0013,0.8390085601303879,GH008,F05
P0013,0.8209445149150367,GH008,F05
P0013,0.7832515702185368,GH008,F05
P0013,0.8250148105075037,GH008,F05
P0013,0.7450328438167106,GH008,F05
P0013,0.768524964542361,GH008,F05
P0013,0.6856271783942912,GH008,F05
P0013,0.7048410127661626,GH008,F05
P0013,0.695458015085012,GH008,F05
P0013,0.6912200756825319,GH008,F05
P0013,0.7165978473559053,GH008,F05
P0013,0.752301194769388,GH008,F05
P0013,0.7628740694701549,GH008,F05
P0013,0.80943497629028,GH008,F05
P0013,0.7409435912784873,GH008,F05
P0013,0.7213805730101603,GH008,F05
P0013,0.7592968796436836,GH008,F05
P0013,0.722897865507568,GH008,F05
P0013,0.7858729787055553,GH008,F05
P0013,0.7419607485317957,GH008,F05
P0013,0.7170294010087617,GH008,F05
P0013,0.7321619017919698,GH008,F05
P0013,0.6965645859571914,GH008,F05
P0013,0.7221508485922769,GH008,F05
P0013,0.7046892747223295,GH008,F05
P0013,0.7020162738886935,GH008,F05
P0013,0.6729963157689168,GH008,F05
P0013,0.6866704439357515,GH008,F05
P0013,0.6329218389965027,GH008,F05
P0013,0.5625652662044438,GH008,F05
P0013,0.6479119442625555,GH008,F05
P0013,0.7070664042575449,GH008,F05
P0013,0.7519386049778828,GH008,F05
P0013,0.744019935346931,GH008,F05
P0013,0.7319473010279067,GH008,F05
P0013,0.7063819647897767,GH008,F05
P0013,0.7555329057062175,GH008,F05
P0013,0.7322799404507355,GH008,F05
P0013,0.7080732276549188,GH008,F05
P0013,0.7548474800922403,GH008,F05
P0013,0.7069713471516544,GH008,F05
P0013,0.7201040189878414,GH008,F05
P0013,0.7290631089083617,GH008,F05
P0013,0.6839418792152605,GH008,F05
P0013,0.7057188253398333,GH008,F05
P0013,0.6796593485032324,GH008,F05
P0013,0.7013005546746488,GH008,F05
P0013,0.7017622863134539,GH008,F05
P0013,0.7014948948171722,GH008,F05
P0013,0.7300255806154995,GH008,F05
P0013,0.6999751189176104,GH008,F05
P0013,0.7286514634246041,GH008,F05
P0013,0.7383883233322295,GH008,F05
P0013,0.7427042554533938,GH008,F05
P0013,0.7318497610653221,GH008,F05
P0013,0.7516540540689275,GH008,F05
P0013,0.8112254310018369,GH008,F05
P0013,0.7390299573843935,GH008,F05
P0013,0.7580550401465496,GH008,F05
P0013,0.7048238838802608,GH008,F05
P0013,0.8016053370392923,GH008,F05
P0013,0.8207776039260753,GH008,F05
P0013,0.6928756566209544,GH008,F05
P0013,0.673996676418364,GH008,F05
P0013,0.6549940729500674,GH008,F05
P0013,0.6850856691648736,GH008,F05
P0013,0.682472648483175,GH008,F05
P0013,0.7157096944558463,GH008,F05
P0013,0.7044949043637019,GH008,F05
P0013,0.733995590768862,GH008,F05
P0013,0.7373172544970378,GH008,F05
P0013,0.7205367150738884,GH008,F05
P0013,0.8545084540788851,GH008,F05
P0013,0.8274684706281857,GH008,F05
P0013,0.8619506802349086,GH008,F05
P0013,0.8511935700789475,GH008,F05
P0013,0.7443657485896449,GH008,F05
P0013,0.846677427167748,GH008,F05
P0013,0.7735561513183573,GH008,F05
P0013,0.8140650275074139,GH008,F05
P0013,0.7868155751831234,GH008,F05
P0013,0.7414237724896392,GH008,F05
P0013,0.8162140460159912,GH008,F05
P0013,0.7408284267204783,GH008,F05
P0013,0.8451446580367641,GH008,F05
P0013,0.7721443687958085,GH008,F05
P0013,0.7939401115821517,GH008,F05
P0013,0.8427268280845186,GH008,F05
P0013,0.8467235110758125,GH008,F05
P0013,0.8690565722121637,GH008,F05
P0013,0.8907362405524221,GH008,F05
P0013,0.8661157230806047,GH008,F05
P0013,0.8687037920016526,GH008,F05
P0013,0.8372890096211887,GH008,F05
P0013,0.8338627132952564,GH008,F05
P0013,0.8644288234891503,GH008,F05
P0013,0.8796936668306983,GH008,F05
P0013,0.8972092085725151,GH008,F05
P0013,0.7719286215550273,GH008,F05
P0013,0.7254382085065987,GH008,F05
P0013,0.7613678474238699,GH008,F05
P0013,0.6753241602069039,GH008,F05
P0013,0.6635488411525944,GH008,F05
P0013,0.8036169312682293,GH008,F05
P0013,0.8458544092039998,GH008,F05
P0013,0.8286632717454743,GH008,F05
P0013,0.8298758184987585,GH008,F05
P0013,0.8564906836491814,GH008,F05
P0013,0.8844379954437663,GH008,F05
P0013,0.8528654756131754,GH008,F05
P0013,0.8029781073403068,GH008,F05
P0013,0.8684767961741698,GH008,F05
P0013,0.7744514163258082,GH008,F05
P0013,0.8634833494759028,GH008,F05
P0013,0.8566497516177616,GH008,F05
P0013,0.8625016368244144,GH008,F05
P0013,0.8550420632941611,GH008,F05
P0013,0.7133795420216219,GH008,F05
P0013,0.8385543739282183,GH008,F05
P0013,0.735261112208303,GH008,F05
P0013,0.7388731583559832,GH008,F05
P0013,0.7930735154437601,GH008,F05
P0013,0.8455724096688174,GH008,F05
P0013,0.8237402539045392,GH008,F05
P0013,0.8098197685169192,GH008,F05
P0013,0.863778552368721,GH008,F05
P0013,0.8111122601794488,GH008,F05
P0013,0.8164417163899124,GH008,F05
P0013,0.871390191485666,GH008,F05
P0013,0.9055739424405579,GH008,F05
P0013,0.7871284436050867,GH008,F05
P0013,0.8622213930651813,GH008,F05
P0013,0.8228277097100974,GH008,F05
P0013,0.7785299013035503,GH008,F05
P0013,0.7734871100104027,GH008,F05
P0013,0.7393724192087698,GH008,F05
P0013,0.8185198952376187,GH008,F05
P0013,0.612738536761706,GH008,F05
P0013,0.7564191008143925,GH008,F05
P0013,0.8093501507162381,GH008,F05
P0013,0.7309385795628367,GH008,F05
P0013,0.8868382593769057,GH008,F05
P0013,0.8371608406859838,GH008,F05
P0013,0.8673650609924076,GH008,F05
P0013,0.8697537508403175,GH008,F05
P0013,0.8657662416368697,GH008,F05
P0013,0.8747872859051357,GH008,F05
P0013,0.8949916418852121,GH008,F05
P0013,0.855768021343287,GH008,F05
P0013,0.8667359675181776,GH008,F05
P0013,0.8480503249031939,GH008,F05
P0013,0.8161932968686978,GH008,F05
P0013,0.8269520184064508,GH008,F05
P0013,0.7180715224737786,GH008,F05
P0013,0.7711494310207151,GH008,F05
P0013,0.6945829799498293,GH008,F05
P0013,0.765273128894148,GH008,F05
P0013,0.8221168653798554,GH008,F05
P0013,0.7633476163561667,GH008,F05
P0013,0.8685417690688293,GH008,F05
P0013,0.8422741495488594,GH008,F05
P0013,0.8540021703498577,GH008,F05
P0013,0.8499426463359978,GH008,F05
P0013,0.8582183205401355,GH008,F05
P0013,0.8401262632032516,GH008,F05
P0013,0.8767664868157479,GH008,F05
P0013,0.8435789516396583,GH008,F05
P0013,0.8287614472424427,GH008,F05
P0013,0.8306017917923898,GH008,F05
P0013,0.8197208372407576,GH008,F05
P0013,0.8678052530042458,GH008,F05
P0013,0.7752817166798913,GH008,F05
P0013,0.7097516621775692,GH008,F05
P0013,0.542991525617155,GH008,F05
P0013,0.6516373944328125,GH008,F05
P0013,0.8233712111281807,GH008,F05
P0013,0.8632363818462045,GH008,F05
P0013,0.8423029672921594,GH008,F05
P0013,0.848867489189534,GH008,F05
P0013,0.8558452013959142,GH008,F05
P0013,0.8544091772490473,GH008,F05
P0013,0.8554179472727935,GH008,F05
P0013,0.8426167605976617,GH008,F05
P0013,0.7492615082975348,GH008,F05
P0013,0.8411653201425728,GH008,F05
P0013,0.8526496040256052,GH008,F05
P0013,0.7647309608288868,GH008,F05
P0013,0.8677832926766612,GH008,F05
P0013,0.8267523971295524,GH008,F05
P0014,0.8382721074841293,GH019,F08
P0014,0.7397774324378518,GH019,F08
P0014,0.8106897669124179,GH019,F08
P0014,0.8481444683625575,GH019,F08
P0014,0.8589879998304779,GH019,F08
P0014,0.848405617282395,GH019,F08
P0014,0.841662400562992,GH019,F08
P0014,0.8147726208166014,GH019,F08
P0014,0.8550320044648249,GH019,F08
P0014,0.8551221083740884,GH019,F08
P0014,0.6925673937606743,GH019,F08
P0014,0.7413060758421989,GH019,F08
P0014,0.7929009497572418,GH019,F08
P0014,0.7895779394982645,GH019,F08
P0014,0.6572308941858456,GH019,F08
P0014,0.6018187331488161,GH019,F08
P0014,0.6357050975216362,GH019,F08
P0014,0.7781820997129356,GH019,F08
P0014,0.7199981923543096,GH019,F08
P0014,0.829951942189431,GH019,F08
P0014,0.7163003612919348,GH019,F08
P0014,0.8304815190684806,GH019,F08
P0014,0.8298013941235534,GH019,F08
P0014,0.7302882505224838,GH019,F08
P0014,0.7090121102349247,GH019,F08
P0014,0.7553849166526299,GH019,F08
P0014,0.7507860201385985,GH019,F08
P0014,0.7429496295003346,GH019,F08
P0014,0.684586471679869,GH019,F08
P0014,0.6990518294850598,GH019,F08
P0014,0.7235669696936493,GH019,F08
P0014,0.7059315789738868,GH019,F08
P0014,0.7160006044244329,GH019,F08
P0014,0.685230530256085,GH019,F08
P0014,0.6883624970360486,GH019,F08
P0014,0.7162219178132068,GH019,F08
P0014,0.7257764453044605,GH019,F08
P0014,0.7363880299985756,GH019,F08
P0014,0.7177340038443296,GH019,F08
P0014,0.730230473991214,GH019,F08
P0014,0.6879020252087994,GH019,F08
P0014,0.7166047830324125,GH019,F08
P0014,0.7137740405936965,GH019,F08
P0014,0.7292115528812675,GH019,F08
P0014,0.7034648422981596,GH019,F08
P0014,0.6831710416721171,GH019,F08
P0014,0.7114087463717074,GH019,F08
P0014,0.704526209424386,GH019,F08
P0014,0.6570599153312768,GH019,F08
P0014,0.5922306405784598,GH019,F08
P0014,0.5670430416031886,GH019,F08
P0014,0.7007193607388083,GH019,F08
P0014,0.6608234809663092,GH019,F08
P0014,0.6883188283858062,GH019,F08
P0014,0.6928653780670924,GH019,F08
P0014,0.6770804549524383,GH019,F08
P0014,0.739029441536845,GH019,F08
P0014,0.7102371182763514,GH019,F08
P0014,0.7446502794505905,GH019,F08
P0014,0.7642734982060315,GH019,F08
P0014,0.7077530600102263,GH019,F08
P0014,0.7009374359097116,GH019,F08
P0014,0.7317520508408499,GH019,F08
P0014,0.7190974795774956,GH019,F08
P0014,0.6751754167566444,GH019,F08
P0014,0.7206410107028248,GH019,F08
P0014,0.7375956046111262,GH019,F08
P0014,0.7031691681180238,GH019,F08
P0014,0.7002592441602906,GH019,F08
P0014,0.7188354231374647,GH019,F08
P0014,0.7044451488412227,GH019,F08
P0014,0.7090378324160255,GH019,F08
P0014,0.7391336183777644,GH019,F08
P0014,0.6944871678945322,GH019,F08
P0014,0.7250569258924767,GH019,F08
P0014,0.7627362473866445,GH019,F08
P0014,0.8127207188463614,GH019,F08
P0014,0.7790823310486799,GH019,F08
P0014,0.8406358145321694,GH019,F08
P0014,0.8462929824787301,GH019,F08
P0014,0.7453347305504501,GH019,F08
P0014,0.7807375321904206,GH019,F08
P0014,0.8106762697325054,GH019,F08
P0014,0.7265138783823536,GH019,F08
P0014,0.6878827177589458,GH019,F08
P0014,0.6498230153886487,GH019,F08
P0014,0.63486298869446,GH019,F08
P0014,0.6871307032280534,GH019,F08
P0014,0.802326881834145,GH019,F08
P0014,0.8156443537685456,GH019,F08
P0014,0.7340796293951655,GH019,F08
P0014,0.7489171937203521,GH019,F08
P0014,0.7946315323417366,GH019,F08
P0014,0.8236373870174177,GH019,F08
P0014,0.8735479702299168,GH019,F08
P0014,0.8544372336895623,GH019,F08
P0014,0.8359138802239013,GH019,F08
P0014,0.7494903513482986,GH019,F08
P0014,0.8422525506167724,GH019,F08
P0014,0.8373311074539572,GH019,F08
P0014,0.7623993447845459,GH019,F08
P0014,0.7018372228941,GH019,F08
P0014,0.8569330187414608,GH019,F08
P0014,0.823128002155311,GH019,F08
P0014,0.846733413608744,GH019,F08
P0014,0.767083230135864,GH019,F08
P0014,0.9320501969018675,GH019,F08
P0014,0.8762150874367945,GH019,F08
P0014,0.8395510876361235,GH019,F08
P0014,0.7702946174754339,GH019,F08
P0014,0.8825125723874732,GH019,F08
P0014,0.8635942173329283,GH019,F08
P0014,0.8376651364925007,GH019,F08
P0014,0.8484412118875555,GH019,F08
P0014,0.8474426199946082,GH019,F08
P0014,0.8693170157744221,GH019,F08
P0014,0.8665393007416774,GH019,F08
P0014,0.8845225258286538,GH019,F08
P0014,0.7452410563215547,GH019,F08
P0014,0.7307469434120825,GH019,F08
P0014,0.7006139313239398,GH019,F08
P0014,0.7068018061892591,GH019,F08
P0014,0.7079658026657226,GH019,F08
P0014,0.7839347539903421,GH019,F08
P0014,0.8358881518167863,GH019,F08
P0014,0.858495362470776,GH019,F08
P0014,0.8723621393138044,GH019,F08
P0014,0.8846275291530551,GH019,F08
P0014,0.7410605274328941,GH019,F08
P0014,0.8973325023636947,GH019,F08
P0014,0.8398299634601334,GH019,F08
P0014,0.8534954123068206,GH019,F08
P0014,0.8542054744995597,GH019,F08
P0014,0.813924030565841,GH019,F08
P0014,0.869918204758145,GH019,F08
P0014,0.8591156562219004,GH019,F08
P0014,0.8199552115294233,GH019,F08
P0014,0.8445759993026842,GH019,F08
P0014,0.7638194982840013,GH019,F08
P0014,0.7678075524531549,GH019,F08
P0014,0.7666163674996003,GH019,F08
P0014,0.7448972425575134,GH019,F08
P0014,0.8608121400823784,GH019,F08
P0014,0.8431572680311089,GH019,F08
P0014,0.8731869989045264,GH019,F08
P0014,0.8489418113499205,GH019,F08
P0014,0.8532319037344966,GH019,F08
P0014,0.85398746342686,GH019,F08
P0014,0.8900968956664772,GH019,F08
P0014,0.8194331790215057,GH019,F08
P0014,0.8424208309757627,GH019,F08
P0014,0.7757124051473138,GH019,F08
P0014,0.888472847727324,GH019,F08
P0014,0.809432705240719,GH019,F08
P0014,0.8464507513242707,GH019,F08
P0014,0.7705625698255203,GH019,F08
P0014,0.8152003498073077,GH019,F08
P0014,0.7774939182506105,GH019,F08
P0014,0.548254190506534,GH019,F08
P0014,0.6990175385172512,GH019,F08
P0014,0.8295545487593297,GH019,F08
P0014,0.7863662358584772,GH019,F08
P0014,0.7780490126577234,GH019,F08
P0014,0.8844281185392758,GH019,F08
P0014,0.7815164880936896,GH019,F08
P0014,0.8553846123994471,GH019,F08
P0014,0.8354359794966942,GH019,F08
P0014,0.8838701504695848,GH019,F08
P0014,0.8664076328651611,GH019,F08
P0014,0.8259222935913808,GH019,F08
P0014,0.8492677845981209,GH019,F08
P0014,0.8287377819668212,GH019,F08
P0014,0.8247086431359647,GH019,F08
P0014,0.8495577033711972,GH019,F08
P0014,0.8108191696039218,GH019,F08
P0014,0.8425393068268481,GH019,F08
P0014,0.7698114758220121,GH019,F08
P0014,0.7847638328528488,GH019,F08
P0014,0.8081512989107846,GH019,F08
P0014,0.8114265473425031,GH019,F08
P0014,0.8341558211432862,GH019,F08
P0014,0.8236938039414505,GH019,F08
P0014,0.7733036816344551,GH019,F08
P0014,0.8544692354138151,GH019,F08
P0014,0.8439822522328725,GH019,F08
P0014,0.8353523986387039,GH019,F08
P0014,0.8692805371993733,GH019,F08
P0014,0.8461702349542313,GH019,F08
P0014,0.8330207004713397,GH019,F08
P0014,0.8123379129598683,GH019,F08
P0014,0.8229279838929354,GH019,F08
P0014,0.87491480586799375,GH019,F08
P0014,0.7265640873579663,GH019,F08
P0014,0.673667149680085,GH019,F08
P0014,0.7510606022004613,GH019,F08
P0014,0.6841102375381265,GH019,F08
P0014,0.8308572101787297,GH019,F08
P0014,0.8913671950115362,GH019,F08
P0014,0.8396562062442607,GH019,F08
P0014,0.8356213853330633,GH019,F08
P0014,0.7574563714283205,GH019,F08
P0014,0.8304595873291237,GH019,F08
P0014,0.7470241520790359,GH019,F08
P0014,0.8535521927043883,GH019,F08
P0014,0.8535310664276015,GH019,F08
P0014,0.8374391040357136,GH019,F08
P0014,0.8729973123870399,GH019,F08
P0014,0.8720498638628992,GH019,F08
P0014,0.8475429686862912,GH019,F08
P0014,0.8709445676850177,GH019,F08
P0015,0.7727658800037478,GH001,F02
P0015,0.6596369083734847,GH001,F02
P0015,0.794785290450158,GH001,F02
P0015,0.8054772115864398,GH001,F02
P0015,0.790817184706477,GH001,F02
P0015,0.7826962031406066,GH001,F02
P0015,0.8008734617192725,GH001,F02
P0015,0.7687549613276635,GH001,F02
P0015,0.7608685955153204,GH001,F02
P0015,0.6847545560370685,GH001,F02
P0015,0.7532301121354752,GH001,F02
P0015,0.6635812184000046,GH001,F02
P0015,0.6752260279154437,GH001,F02
P0015,0.6629671730825949,GH001,F02
P0015,0.673203668835448,GH001,F02
P0015,0.5681404089060001,GH001,F02
P0015,0.5879404402015932,GH001,F02
P0015,0.6139742515242242,GH001,F02
P0015,0.6710708624395191,GH001,F02
P0015,0.6892049272170248,GH001,F02
P0015,0.7766189923260289,GH001,F02
P0015,0.7126802385846248,GH001,F02
P0015,0.7478304698705875,GH001,F02
P0015,0.7648146613239302,GH001,F02
P0015,0.7314658253156502,GH001,F02
P0015,0.7119203771886987,GH001,F02
P0015,0.6826193373607978,GH001,F02
P0015,0.6533441822213557,GH001,F02
P0015,0.7060611883909418,GH001,F02
P0015,0.6531274418247569,GH001,F02
P0015,0.5836866277394367,GH001,F02
P0015,0.6662832969216078,GH001,F02
P0015,0.7124696207918271,GH001,F02
P0015,0.6672487760122264,GH001,F02
P0015,0.6835730867474302,GH001,F02
P0015,0.672816668084836,GH001,F02
P0015,0.673189987205232,GH001,F02
P0015,0.654061862787121,GH001,F02
P0015,0.6508917322413365,GH001,F02
P0015,0.6661062279330751,GH001,F02
P0015,0.6280348819224151,GH001,F02
P0015,0.6208359085393546,GH001,F02
P0015,0.636674539129783,GH001,F02
P0015,0.6387490631113893,GH001,F02
P0015,0.7094929434102879,GH001,F02
P0015,0.6728586308533738,GH001,F02
P0015,0.613789479961189,GH001,F02
P0015,0.677706477980856,GH001,F02
P0015,0.5427920786264265,GH001,F02
P0015,0.6210783567805666,GH001,F02
P0015,0.5501557442042229,GH001,F02
P0015,0.5386603624738396,GH001,F02
P0015,0.6282452129412017,GH001,F02
P0015,0.6392869145432736,GH001,F02
P0015,0.676534040516821,GH001,F02
P0015,0.6197183011010887,GH001,F02
P0015,0.6421030402396589,GH001,F02
P0015,0.7021509046269951,GH001,F02
P0015,0.6064595671011337,GH001,F02
P0015,0.6681132120246845,GH001,F02
P0015,0.6670554415261992,GH001,F02
P0015,0.6660101901936466,GH001,F02
P0015,0.6602665104084869,GH001,F02
P0015,0.6394443519919841,GH001,F02
P0015,0.6334525256621588,GH001,F02
P0015,0.6641538343809034,GH001,F02
P0015,0.6382422171082854,GH001,F02
P0015,0.6596179008358727,GH001,F02
P0015,0.6559186095046347,GH001,F02
P0015,0.6847862503217688,GH001,F02
P0015,0.7261640623428766,GH001,F02
P0015,0.710388563609928,GH001,F02
P0015,0.7348489475986092,GH001,F02
P0015,0.7793865736379573,GH001,F02
P0015,0.6980461286650477,GH001,F02
P0015,0.7283489105922788,GH001,F02
P0015,0.6896215784345893,GH001,F02
P0015,0.7536379307064722,GH001,F02
P0015,0.7684369783686809,GH001,F02
P0015,0.7466226580587632,GH001,F02
P0015,0.7428699572864305,GH001,F02
P0015,0.7850660251518046,GH001,F02
P0015,0.7753351559863952,GH001,F02
P0015,0.6602237056637661,GH001,F02
P0015,0.6131939771081127,GH001,F02
P0015,0.6116152136536913,GH001,F02
P0015,0.5428711498090266,GH001,F02
P0015,0.6226057637928524,GH001,F02
P0015,0.6599715690778855,GH001,F02
P0015,0.7456719810315234,GH001,F02
P0015,0.7211908448161232,GH001,F02
P0015,0.7998879643917591,GH001,F02
P0015,0.7551309305094713,GH001,F02
P0015,0.736919374790907,GH001,F02
P0015,0.7569638315372914,GH001,F02
P0015,0.7070819192047637,GH001,F02
P0015,0.774463055912054,GH001,F02
P0015,0.7720692329833582,GH001,F02
P0015,0.752524408194537,GH001,F02
P0015,0.7904389419567548,GH001,F02
P0015,0.7778642033734368,GH001,F02
P0015,0.683928946840097,GH001,F02
P0015,0.6579244631327444,GH001,F02
P0015,0.6823003552149594,GH001,F02
P0015,0.7001905851701636,GH001,F02
P0015,0.681520930073369,GH001,F02
P0015,0.7617805589216604,GH001,F02
P0015,0.7817314138815304,GH001,F02
P0015,0.6796401212101347,GH001,F02
P0015,0.7764607983958476,GH001,F02
P0015,0.7894050760726702,GH001,F02
P0015,0.7762994350024699,GH001,F02
P0015,0.818389356682818,GH001,F02
P0015,0.7871215482790404,GH001,F02
P0015,0.7601764470684107,GH001,F02
P0015,0.7014975898383525,GH001,F02
P0015,0.8197552231075332,GH001,F02
P0015,0.7576204411900076,GH001,F02
P0015,0.7759794509665223,GH001,F02
P0015,0.7223230402342127,GH001,F02
P0015,0.6952981714826655,GH001,F02
P0015,0.7004784281605188,GH001,F02
P0015,0.6395197541188516,GH001,F02
P0015,0.7157756996265758,GH001,F02
P0015,0.7551423162131821,GH001,F02
P0015,0.8042011906591517,GH001,F02
P0015,0.7415023618092113,GH001,F02
P0015,0.7744373015758667,GH001,F02
P0015,0.8141190012078283,GH001,F02
P0015,0.7985868580448982,GH001,F02
P0015,0.8047604496510318,GH001,F02
P0015,0.7589936956158938,GH001,F02
P0015,0.7585622903353453,GH001,F02
P0015,0.8446843815898375,GH001,F02
P0015,0.8126624219701084,GH001,F02
P0015,0.7360253475246121,GH001,F02
P0015,0.6877937242244397,GH001,F02
P0015,0.7719017548739598,GH001,F02
P0015,0.7505355384995803,GH001,F02
P0015,0.773953570676756,GH001,F02
P0015,0.7623438094239348,GH001,F02
P0015,0.7617898366752055,GH001,F02
P0015,0.6804639280635836,GH001,F02
P0015,0.737675423275043,GH001,F02
P0015,0.7556130331802242,GH001,F02
P0015,0.7679746981482257,GH001,F02
P0015,0.7641879977275083,GH001,F02
P0015,0.8068994633560455,GH001,F02
P0015,0.7929374897701682,GH001,F02
P0015,0.820771025188896,GH001,F02
P0015,0.7820994545788426,GH001,F02
P0015,0.7794204371086624,GH001,F02
P0015,0.7911477110972183,GH001,F02
P0015,0.7953444809941602,GH001,F02
P0015,0.6691630403253251,GH001,F02
P0015,0.673474494747676,GH001,F02
P0015,0.7397526001133032,GH001,F02
P0015,0.6339600632994945,GH001,F02
P0015,0.6429717334154658,GH001,F02
P0015,0.6332180356608024,GH001,F02
P0015,0.7673565635036365,GH001,F02
P0015,0.8191374390714221,GH001,F02
P0015,0.8216994374938457,GH001,F02
P0015,0.8225767673671097,GH001,F02
P0015,0.7710523160949513,GH001,F02
P0015,0.7770944822065686,GH001,F02
P0015,0.8253212586553736,GH001,F02
P0015,0.7978316582638532,GH001,F02
P0015,0.7832135022409398,GH001,F02
P0015,0.8321482146512724,GH001,F02
P0015,0.7734813780087442,GH001,F02
P0015,0.7911333925200913,GH001,F02
P0015,0.6767065502250021,GH001,F02
P0015,0.6956203884065049,GH001,F02
P0015,0.693169835002257,GH001,F02
P0015,0.7373664419431077,GH001,F02
P0015,0.7158567141268549,GH001,F02
P0015,0.797492519392315,GH001,F02
P0015,0.7003443553554949,GH001,F02
P0015,0.7715601395755468,GH001,F02
P0015,0.7473622355025648,GH001,F02
P0015,0.6325530331020129,GH001,F02
P0015,0.8142477591429466,GH001,F02
P0015,0.7843396991535668,GH001,F02
P0015,0.8131872767726512,GH001,F02
P0015,0.8065356002538897,GH001,F02
P0015,0.7547956635419404,GH001,F02
P0015,0.7969566920847412,GH001,F02
P0015,0.8089956740619046,GH001,F02
P0015,0.8143721632091458,GH001,F02
P0015,0.6987424022146088,GH001,F02
P0015,0.8168169318485192,GH001,F02
P0015,0.6231997507727765,GH001,F02
P0015,0.6732587546032608,GH001,F02
P0015,0.5850952062362271,GH001,F02
P0015,0.7143433604792541,GH001,F02
P0015,0.7822235266903163,GH001,F02
P0015,0.7207120489615124,GH001,F02
P0015,0.8015911645907623,GH001,F02
P0015,0.7967200463892767,GH001,F02
P0015,0.6713800867065857,GH001,F02
P0015,0.7923484610218239,GH001,F02
P0015,0.7612228975868353,GH001,F02
P0015,0.79904642017045,GH001,F02
P0015,0.8336854231628997,GH001,F02
P0015,0.7778362581874578,GH001,F02
P0015,0.7671948331554849,GH001,F02
P0015,0.766648954658353,GH001,F02
P0015,0.8271617048148079,GH001,F02
P0015,0.6819161877168016,GH001,F02
P0016,0.8551717761483866,GH019,F08
P0016,0.8088432098464003,GH019,F08
P0016,0.7476933586820577,GH019,F08
P0016,0.8171662328337699,GH019,F08
P0016,0.8168609447722581,GH019,F08
P0016,0.8211021631692761,GH019,F08
P0016,0.8417481966782838,GH019,F08
P0016,0.7082615306063783,GH019,F08
P0016,0.7321666823263379,GH019,F08
P0016,0.7978016677910053,GH019,F08
P0016,0.8027432703807524,GH019,F08
P0016,0.7273080442862555,GH019,F08
P0016,0.6850076702239554,GH019,F08
P0016,0.7023573287180535,GH019,F08
P0016,0.6367524372527501,GH019,F08
P0016,0.6059513956403617,GH019,F08
P0016,0.6945551982184653,GH019,F08
P0016,0.7409692735189489,GH019,F08
P0016,0.8039622548219453,GH019,F08
P0016,0.7955197040723153,GH019,F08
P0016,0.7962486934481393,GH019,F08
P0016,0.7281786273794558,GH019,F08
P0016,0.7139579847794972,GH019,F08
P0016,0.7729578850614417,GH019,F08
P0016,0.767979362730431,GH019,F08
P0016,0.7266973737399742,GH019,F08
P0016,0.6818893993882329,GH019,F08
P0016,0.7909710433064843,GH019,F08
P0016,0.7115020527064084,GH019,F08
P0016,0.7447302584159801,GH019,F08
P0016,0.7090732049082011,GH019,F08
P0016,0.6308676345193912,GH019,F08
P0016,0.6951287750399184,GH019,F08
P0016,0.7056438231691212,GH019,F08
P0016,0.6997319175065804,GH019,F08
P0016,0.7127779689039864,GH019,F08
P0016,0.7278752754920902,GH019,F08
P0016,0.7378821901773994,GH019,F08
P0016,0.7272203626048932,GH019,F08
P0016,0.7328003396992204,GH019,F08
P0016,0.6635520850413942,GH019,F08
P0016,0.6936437226563308,GH019,F08
P0016,0.7039402119086868,GH019,F08
P0016,0.6651321136930862,GH019,F08
P0016,0.7276640209896653,GH019,F08
P0016,0.6889523978519332,GH019,F08
P0016,0.6646792626935744,GH019,F08
P0016,0.7453736723953455,GH019,F08
P0016,0.6349467862528687,GH019,F08
P0016,0.6445817328217355,GH019,F08
P0016,0.5601940658597314,GH019,F08
P0016,0.5898523814912303,GH019,F08
P0016,0.6603239246835954,GH019,F08
P0016,0.6823455716716655,GH019,F08
P0016,0.7107275862307312,GH019,F08
P0016,0.7159268661924386,GH019,F08
P0016,0.6744152567042704,GH019,F08
P0016,0.7126330479296282,GH019,F08
P0016,0.7652469823847351,GH019,F08
P0016,0.7375750718573825,GH019,F08
P0016,0.78944319658495965,GH019,F08
P0016,0.7129687673297848,GH019,F08
P0016,0.6857491319526433,GH019,F08
P0016,0.7255096209821724,GH019,F08
P0016,0.7733308430439516,GH019,F08
P0016,0.7047581510537743,GH019,F08
P0016,0.7282498718369858,GH019,F08
P0016,0.638543312039709,GH019,F08
P0016,0.77254580310682,GH019,F08
P0016,0.71776613698110725,GH019,F08
P0016,0.7093851397224478,GH019,F08
P0016,0.6796787934390238,GH019,F08
P0016,0.6732656037391839,GH019,F08
P0016,0.7349122739094259,GH019,F08
P0016,0.664827497020709,GH019,F08
P0016,0.7092427951954028,GH019,F08
P0016,0.7319224155451274,GH019,F08
P0016,0.6844687788890478,GH019,F08
P0016,0.6866159696656308,GH019,F08
P0016,0.7320167029605341,GH019,F08
P0016,0.7989862029435445,GH019,F08
P0016,0.7930765748506162,GH019,F08
P0016,0.7004010966280942,GH019,F08
P0016,0.6872072945730394,GH019,F08
P0016,0.684182797056968,GH019,F08
P0016,0.7371365677778333,GH019,F08
P0016,0.5444220668246392,GH019,F08
P0016,0.736014143677878,GH019,F08
P0016,0.7448205260898939,GH019,F08
P0016,0.7782620836432564,GH019,F08
P0016,0.8014093781386854,GH019,F08
P0016,0.7581012448981604,GH019,F08
P0016,0.7739303960461361,GH019,F08
P0016,0.83120866486772,GH019,F08
P0016,0.8450084337125252,GH019,F08
P0016,0.7188791963402046,GH019,F08
P0016,0.8144781172949558,GH019,F08
P0016,0.8168630316659252,GH019,F08
P0016,0.8318406175068089,GH019,F08
P0016,0.8092995390191047,GH019,F08
P0016,0.8048926780282941,GH019,F08
P0016,0.793494036758561,GH019,F08
P0016,0.7993021492194825,GH019,F08
P0016,0.8007098695988775,GH019,F08
P0016,0.7279756786814783,GH019,F08
P0016,0.8177622700472329,GH019,F08
P0016,0.7567850277951605,GH019,F08
P0016,0.839750055629517,GH019,F08
P0016,0.8018738839618718,GH019,F08
P0016,0.82171491913723,GH019,F08
P0016,0.8291845173663517,GH019,F08
P0016,0.815767351510941,GH019,F08
P0016,0.8358645693557386,GH019,F08
P0016,0.8276916924808828,GH019,F08
P0016,0.85498046663356575,GH019,F08
P0016,0.7662994028231545,GH019,F08
P0016,0.8193985567635614,GH019,F08
P0016,0.8252027044813324,GH019,F08
P0016,0.862258964416329,GH019,F08
P0016,0.801454670866382,GH019,F08
P0016,0.7607555784064121,GH019,F08
P0016,0.6528844628231071,GH019,F08
P0016,0.7406850132425877,GH019,F08
P0016,0.7706623901635382,GH019,F08
P0016,0.7451707626833333,GH019,F08
P0016,0.8360472097166736,GH019,F08
P0016,0.8298214391762527,GH019,F08
P0016,0.8024906465776094,GH019,F08
P0016,0.8626588279650952,GH019,F08
P0016,0.7897799435522043,GH019,F08
P0016,0.8502941272263219,GH019,F08
P0016,0.829953333812789,GH019,F08
P0016,0.8349710871592998,GH019,F08
P0016,0.8275530179538357,GH019,F08
P0016,0.8427331391773494,GH019,F08
P0016,0.8281715201189702,GH019,F08
P0016,0.8279780916353741,GH019,F08
P0016,0.8293995631141227,GH019,F08
P0016,0.8551175101120853,GH019,F08
P0016,0.7771487785062665,GH019,F08
P0016,0.7145589591934467,GH019,F08
P0016,0.8995927988051288,GH019,F08
P0016,0.7417168066369209,GH019,F08
P0016,0.799217532685334,GH019,F08
P0016,0.847769038913131,GH019,F08
P0016,0.8205970661709456,GH019,F08
P0016,0.8157707889521805,GH019,F08
P0016,0.8183965925790324,GH019,F08
P0016,0.841166995557099,GH019,F08
P0016,0.8268980060912847,GH019,F08
P0016,0.8058501240458597,GH019,F08
P0016,0.8438263221106552,GH019,F08
P0016,0.8383193959572128,GH019,F08
P0016,0.842379913758876,GH019,F08
P0016,0.7901270246290734,GH019,F08
P0016,0.8169565710872194,GH019,F08
P0016,0.7427938680472577,GH019,F08
P0016,0.7188145421341916,GH019,F08
P0016,0.6831773024297155,GH019,F08
P0016,0.7081407559563762,GH019,F08
P0016,0.79859215599382,GH019,F08
P0016,0.8247184890672119,GH019,F08
P0016,0.8362684926019651,GH019,F08
P0016,0.8336956860786515,GH019,F08
P0016,0.8425512079044976,GH019,F08
P0016,0.8411506661875913,GH019,F08
P0016,0.8402774629294737,GH019,F08
P0016,0.7593494580497782,GH019,F08
P0016,0.7945776125257837,GH019,F08
P0016,0.8619444686404308,GH019,F08
P0016,0.8069606123815939,GH019,F08
P0016,0.7700314503665374,GH019,F08
P0016,0.7969844775069674,GH019,F08
P0016,0.7688708272000037,GH019,F08
P0016,0.8144996384990161,GH019,F08
P0016,0.8408581671772701,GH019,F08
P0016,0.6849919348292325,GH019,F08
P0016,0.7872499150171819,GH019,F08
P0016,0.773674462623948,GH019,F08
P0016,0.8042477607844454,GH019,F08
P0016,0.851162328425249,GH019,F08
P0016,0.8137005419117301,GH019,F08
P0016,0.8041418119080275,GH019,F08
P0016,0.8054166409345448,GH019,F08
P0016,0.8262195954316366,GH019,F08
P0016,0.8512437684844772,GH019,F08
P0016,0.8169858718744483,GH019,F08
P0016,0.8383379029604789,GH019,F08
P0016,0.8151302757546328,GH019,F08
P0016,0.7954560487209481,GH019,F08
P0016,0.7919717242858605,GH019,F08
P0016,0.7529988485485357,GH019,F08
P0016,0.7713511494978849,GH019,F08
P0016,0.6898185825263095,GH019,F08
P0016,0.5812466671808986,GH019,F08
P0016,0.7818105791951148,GH019,F08
P0016,0.797015298042465,GH019,F08
P0016,0.8084196603390367,GH019,F08
P0016,0.8433248411037022,GH019,F08
P0016,0.816615286775243,GH019,F08
P0016,0.7762240163853785,GH019,F08
P0016,0.8644656606366162,GH019,F08
P0016,0.8246287802857304,GH019,F08
P0016,0.7913929606338291,GH019,F08
P0016,0.8521455156299242,GH019,F08
P0016,0.8532037168430724,GH019,F08
P0016,0.819989322411706,GH019,F08
P0016,0.850292670904074,GH019,F08
P0016,0.815649032805686,GH019,F08
P0016,0.8390885110623395,GH019,F08
P0017,0.7564677135575258,GH004,F01
P0017,0.6631543862222042,GH004,F01
P0017,0.809354778330437,GH004,F01
P0017,0.7839435560233813,GH004,F01
P0017,0.7872288718286606,GH004,F01
P0017,0.7760148704076855,GH004,F01
P0017,0.6616434697089478,GH004,F01
P0017,0.8004146306226362,GH004,F01
P0017,0.7815744870459614,GH004,F01
P0017,0.641400409185534,GH004,F01
P0017,0.7489396776009727,GH004,F01
P0017,0.6503651676417654,GH004,F01
P0017,0.6414561516602763,GH004,F01
P0017,0.6756855188916663,GH004,F01
P0017,0.5762585665074408,GH004,F01
P0017,0.568579583981543,GH004,F01
P0017,0.6250634152088318,GH004,F01
P0017,0.6542057242795911,GH004,F01
P0017,0.7296554157942994,GH004,F01
P0017,0.7579670901370994,GH004,F01
P0017,0.63218267761032,GH004,F01
P0017,0.7047070878648094,GH004,F01
P0017,0.742303688677683,GH004,F01
P0017,0.7483895047795065,GH004,F01
P0017,0.6769587832774148,GH004,F01
P0017,0.6429875565871693,GH004,F01
P0017,0.6244245749295131,GH004,F01
P0017,0.6670619096768244,GH004,F01
P0017,0.6746551282136067,GH004,F01
P0017,0.7359489169564425,GH004,F01
P0017,0.6075802633407307,GH004,F01
P0017,0.6335746687041343,GH004,F01
P0017,0.6691377457636487,GH004,F01
P0017,0.6681886306273209,GH004,F01
P0017,0.6511024238375661,GH004,F01
P0017,0.6361644878307318,GH004,F01
P0017,0.5951504633495679,GH004,F01
P0017,0.7320222602635058,GH004,F01
P0017,0.6225922303109722,GH004,F01
P0017,0.6628675191052812,GH004,F01
P0017,0.6672781685637303,GH004,F01
P0017,0.6629692576020318,GH004,F01
P0017,0.6232107155027202,GH004,F01
P0017,0.6399773695463333,GH004,F01
P0017,0.6169418780643604,GH004,F01
P0017,0.6580178114140351,GH004,F01
P0017,0.5987198256197149,GH004,F01
P0017,0.6543755016646337,GH004,F01
P0017,0.6093656276757586,GH004,F01
P0017,0.535272482720009,GH004,F01
P0017,0.5592654691642143,GH004,F01
P0017,0.5748647358279393,GH004,F01
P0017,0.6304943490454907,GH004,F01
P0017,0.6786913221972787,GH004,F01
P0017,0.6569436833732084,GH004,F01
P0017,0.6529768190328312,GH004,F01
P0017,0.6177726229624546,GH004,F01
P0017,0.6549561033353059,GH004,F01
P0017,0.6426446174717135,GH004,F01
P0017,0.6529968490327489,GH004,F01
P0017,0.6896383546743301,GH004,F01
P0017,0.6654545464403815,GH004,F01
P0017,0.6092891875008876,GH004,F01
P0017,0.6608424789410766,GH004,F01
P0017,0.6569806956257389,GH004,F01
P0017,0.6626227188516881,GH004,F01
P0017,0.638141833461296,GH004,F01
P0017,0.6347309926979542,GH004,F01
P0017,0.5796918124491591,GH004,F01
P0017,0.7325471062154743,GH004,F01
P0017,0.5990216611572965,GH004,F01
P0017,0.6632180808855942,GH004,F01
P0017,0.5870624473725792,GH004,F01
P0017,0.61740463394343,GH004,F01
P0017,0.6603218826616152,GH004,F01
P0017,0.7432186163060186,GH004,F01
P0017,0.6751245812869184,GH004,F01
P0017,0.7205898363693477,GH004,F01
P0017,0.66533993754144,GH004,F01
P0017,0.6785702537767204,GH004,F01
P0017,0.7575158081431764,GH004,F01
P0017,0.6526655300244771,GH004,F01
P0017,0.7282947776799146,GH004,F01
P0017,0.60322751980745,GH004,F01
P0017,0.6060049845250268,GH004,F01
P0017,0.5585757101791355,GH004,F01
P0017,0.6016760139532966,GH004,F01
P0017,0.5764681323283544,GH004,F01
P0017,0.6242265792543307,GH004,F01
P0017,0.7698295247186603,GH004,F01
P0017,0.7749998494030418,GH004,F01
P0017,0.6705953855000615,GH004,F01
P0017,0.7240250470932859,GH004,F01
P0017,0.6816830492302597,GH004,F01
P0017,0.7749682218390126,GH004,F01
P0017,0.6931493127441641,GH004,F01
P0017,0.7462603275977144,GH004,F01
P0017,0.7591368089823229,GH004,F01
P0017,0.7710983019635644,GH004,F01
P0017,0.7605831096620798,GH004,F01
P0017,0.7362317895137879,GH004,F01
P0017,0.7376253928546433,GH004,F01
P0017,0.7639513015656858,GH004,F01
P0017,0.6674592884242032,GH004,F01
P0017,0.7823143848374188,GH004,F01
P0017,0.671556122922805,GH004,F01
P0017,0.769359024281108,GH004,F01
P0017,0.733806800708432,GH004,F01
P0017,0.7734187710525872,GH004,F01
P0017,0.7903976191181584,GH004,F01
P0017,0.7656359190512446,GH004,F01
P0017,0.7798860898324118,GH004,F01
P0017,0.8113649851736325,GH004,F01
P0017,0.7970880193097671,GH004,F01
P0017,0.8061859418573182,GH004,F01
P0017,0.7294767263247499,GH004,F01
P0017,0.7940866143337844,GH004,F01
P0017,0.7847580207505043,GH004,F01
P0017,0.6702989866062014,GH004,F01
P0017,0.7838007708973949,GH004,F01
P0017,0.6872061669414563,GH004,F01
P0017,0.6932741607626203,GH004,F01
P0017,0.6155527672265114,GH004,F01
P0017,0.707527957602193,GH004,F01
P0017,0.741560403402015,GH004,F01
P0017,0.7687449540584234,GH004,F01
P0017,0.7529187732566637,GH004,F01
P0017,0.7841048718940502,GH004,F01
P0017,0.8147512193925525,GH004,F01
P0017,0.7627964952454661,GH004,F01
P0017,0.7520813622076034,GH004,F01
P0017,0.7677057836868106,GH004,F01
P0017,0.6756831266515849,GH004,F01
P0017,0.7566543369709106,GH004,F01
P0017,0.7378727855013211,GH004,F01
P0017,0.8044356868265937,GH004,F01
P0017,0.7861184803073032,GH004,F01
P0017,0.7812605351101619,GH004,F01
P0017,0.7963785688079252,GH004,F01
P0017,0.659948008718001,GH004,F01
P0017,0.6780900277817494,GH004,F01
P0017,0.6863369511299342,GH004,F01
P0017,0.6518223819589364,GH004,F01
P0017,0.8176217620274736,GH004,F01
P0017,0.7460931579417656,GH004,F01
P0017,0.7739442422712087,GH004,F01
P0017,0.7463620374197244,GH004,F01
P0017,0.7975034871827859,GH004,F01
P0017,0.7638871564300814,GH004,F01
P0017,0.7927338645959965,GH004,F01
P0017,0.7628320149303718,GH004,F01
P0017,0.7476437874233135,GH004,F01
P0017,0.7704501873911299,GH004,F01
P0017,0.7437544709130723,GH004,F01
P0017,0.8027936619666686,GH004,F01
P0017,0.6959605325531668,GH004,F01
P0017,0.7092022442330196,GH004,F01
P0017,0.6101389838237194,GH004,F01
P0017,0.5547187903783022,GH004,F01
P0017,0.7184038348775771,GH004,F01
P0017,0.7396841644333493,GH004,F01
P0017,0.754399123829373,GH004,F01
P0017,0.8330687225451976,GH004,F01
P0017,0.7343179429481905,GH004,F01
P0017,0.672091989937006,GH004,F01
P0017,0.8379032441430637,GH004,F01
P0017,0.8010349081900374,GH004,F01
P0017,0.8298036078080943,GH004,F01
P0017,0.7535780825273933,GH004,F01
P0017,0.7618941225110744,GH004,F01
P0017,0.7102849745905884,GH004,F01
P0017,0.7436197936141286,GH004,F01
P0017,0.7671571779802989,GH004,F01
P0017,0.7619150315316657,GH004,F01
P0017,0.765056290636551,GH004,F01
P0017,0.7648193083076448,GH004,F01
P0017,0.8235348664934035,GH004,F01
P0017,0.7812498434038962,GH004,F01
P0017,0.7176003379569066,GH004,F01
P0017,0.6997277771921688,GH004,F01
P0017,0.777997795568345,GH004,F01
P0017,0.7789577768599234,GH004,F01
P0017,0.7797460270414142,GH004,F01
P0017,0.6793565591753319,GH004,F01
P0017,0.7411209267454948,GH004,F01
P0017,0.7912040319363788,GH004,F01
P0017,0.7052482698795587,GH004,F01
P0017,0.7747826808495928,GH004,F01
P0017,0.780709052437944,GH004,F01
P0017,0.7718570757077121,GH004,F01
P0017,0.7457552222709506,GH004,F01
P0017,0.8048242521632551,GH004,F01
P0017,0.6426692410763352,GH004,F01
P0017,0.6342652706546281,GH004,F01
P0017,0.6300440847832504,GH004,F01
P0017,0.6316366654242308,GH004,F01
P0017,0.7737313419738681,GH004,F01
P0017,0.68546830969408,GH004,F01
P0017,0.7499965276000182,GH004,F01
P0017,0.7534010607539994,GH004,F01
P0017,0.801358860166038,GH004,F01
P0017,0.7678415921327195,GH004,F01
P0017,0.8029995224904135,GH004,F01
P0017,0.7949988086376327,GH004,F01
P0017,0.7726420922487169,GH004,F01
P0017,0.7888835615051089,GH004,F01
P0017,0.8162185585933961,GH004,F01
P0017,0.7489068949578446,GH004,F01
P0017,0.7784890687192214,GH004,F01
P0017,0.7652623176233847,GH004,F01
P0018,0.7554704869569856,GH013,F08
P0018,0.7746170859317247,GH013,F08
P0018,0.6912587172092669,GH013,F08
P0018,0.7950973492688285,GH013,F08
P0018,0.7854137116399729,GH013,F08
P0018,0.6995888530785176,GH013,F08
P0018,0.7585368149518581,GH013,F08
P0018,0.6920299179524003,GH013,F08
P0018,0.6984500117950255,GH013,F08
P0018,0.6761188160742426,GH013,F08
P0018,0.7555070146265237,GH013,F08
P0018,0.6813010579664288,GH013,F08
P0018,0.7477870274180493,GH013,F08
P0018,0.6138856392802812,GH013,F08
P0018,0.5765043187487335,GH013,F08
P0018,0.6422947073158354,GH013,F08
P0018,0.686523621368719,GH013,F08
P0018,0.704465579910706,GH013,F08
P0018,0.6876901147913621,GH013,F08
P0018,0.6827140262989351,GH013,F08
P0018,0.7518735543858661,GH013,F08
P0018,0.6440465809705632,GH013,F08
P0018,0.676020848282606,GH013,F08
P0018,0.6556498175426472,GH013,F08
P0018,0.7435340028011429,GH013,F08
P0018,0.7479941895494766,GH013,F08
P0018,0.6819588612300981,GH013,F08
P0018,0.6624601385816019,GH013,F08
P0018,0.7029794618102823,GH013,F08
P0018,0.6606097964258166,GH013,F08
P0018,0.723588235213621,GH013,F08
P0018,0.6692417937769036,GH013,F08
P0018,0.7150566198555404,GH013,F08
P0018,0.6576260120308608,GH013,F08
P0018,0.649781798015302,GH013,F08
P0018,0.7268437895467349,GH013,F08
P0018,0.6420458055499136,GH013,F08
P0018,0.6423825843014013,GH013,F08
P0018,0.6378034829913501,GH013,F08
P0018,0.6600664879742771,GH013,F08
P0018,0.7005503498868954,GH013,F08
P0018,0.6352032221321392,GH013,F08
P0018,0.6514145355299693,GH013,F08
P0018,0.6304791667059788,GH013,F08
P0018,0.654928834032919,GH013,F08
P0018,0.6507054789373542,GH013,F08
P0018,0.679254214630839,GH013,F08
P0018,0.6821386867890822,GH013,F08
P0018,0.5812272227999312,GH013,F08
P0018,0.5613010320672419,GH013,F08
P0018,0.5587685978414614,GH013,F08
P0018,0.6035877337632646,GH013,F08
P0018,0.6167475097118785,GH013,F08
P0018,0.6842071912632351,GH013,F08
P0018,0.673984668280777,GH013,F08
P0018,0.6926600956730642,GH013,F08
P0018,0.6668043741432377,GH013,F08
P0018,0.6476816515726068,GH013,F08
P0018,0.6582769845272218,GH013,F08
P0018,0.6573239013792948,GH013,F08
P0018,0.6491201332424585,GH013,F08
P0018,0.6658328119380913,GH013,F08
P0018,0.6617371992405814,GH013,F08
P0018,0.6835335927849823,GH013,F08
P0018,0.7142860962750676,GH013,F08
P0018,0.6102631637428613,GH013,F08
P0018,0.6460270164330687,GH013,F08
P0018,0.6893237211585909,GH013,F08
P0018,0.6245759256118317,GH013,F08
P0018,0.6532279457391815,GH013,F08
P0018,0.6695173284818875,GH013,F08
P0018,0.6657652429681686,GH013,F08
P0018,0.6710288713583451,GH013,F08
P0018,0.7202915973529541,GH013,F08
P0018,0.6373371779173994,GH013,F08
P0018,0.6613107008853043,GH013,F08
P0018,0.7159023439622099,GH013,F08
P0018,0.609859814037837,GH013,F08
P0018,0.6780560887804326,GH013,F08
P0018,0.7878987988801569,GH013,F08
P0018,0.7739262308076872,GH013,F08
P0018,0.6554525867858308,GH013,F08
P0018,0.6120129721022368,GH013,F08
P0018,0.6517747734178022,GH013,F08
P0018,0.6171467960080252,GH013,F08
P0018,0.579673511504008,GH013,F08
P0018,0.5298109882822504,GH013,F08
P0018,0.6352976026987335,GH013,F08
P0018,0.693121719262494,GH013,F08
P0018,0.7593195480391811,GH013,F08
P0018,0.7607496147898045,GH013,F08
P0018,0.7959866190278045,GH013,F08
P0018,0.683336775070423,GH013,F08
P0018,0.618428140055418,GH013,F08
P0018,0.7388278265788409,GH013,F08
P0018,0.7722455722814437,GH013,F08
P0018,0.7553744308813399,GH013,F08
P0018,0.7560191604208922,GH013,F08
P0018,0.769286708286932,GH013,F08
P0018,0.7880427980204701,GH013,F08
P0018,0.7466213432012756,GH013,F08
P0018,0.6627764488821789,GH013,F08
P0018,0.6968492657942623,GH013,F08
P0018,0.8047039049751905,GH013,F08
P0018,0.6523922766925008,GH013,F08
P0018,0.6983499121666596,GH013,F08
P0018,0.7623246410466105,GH013,F08
P0018,0.7740727875924102,GH013,F08
P0018,0.7642086772435652,GH013,F08
P0018,0.7609469807003062,GH013,F08
P0018,0.6479409468799544,GH013,F08
P0018,0.7738824673258822,GH013,F08
P0018,0.7839075210719608,GH013,F08
P0018,0.7862919078044771,GH013,F08
P0018,0.7939026788514377,GH013,F08
P0018,0.7161145426400779,GH013,F08
P0018,0.7774871957056783,GH013,F08
P0018,0.650786441399007,GH013,F08
P0018,0.7990855638444664,GH013,F08
P0018,0.7627110301901426,GH013,F08
P0018,0.6874736747022246,GH013,F08
P0018,0.712333904565241,GH013,F08
P0018,0.6352957922505228,GH013,F08
P0018,0.6960844171048132,GH013,F08
P0018,0.6695407261547336,GH013,F08
P0018,0.7888850734938251,GH013,F08
P0018,0.7597479675653748,GH013,F08
P0018,0.7649302539730879,GH013,F08
P0018,0.7908156192657286,GH013,F08
P0018,0.7471179174746106,GH013,F08
P0018,0.7493012638359414,GH013,F08
P0018,0.7183631129565469,GH013,F08
P0018,0.7735290081773427,GH013,F08
P0018,0.7942623261803055,GH013,F08
P0018,0.6641045861696553,GH013,F08
P0018,0.7266739382308691,GH013,F08
P0018,0.6891439528900888,GH013,F08
P0018,0.7631792435888303,GH013,F08
P0018,0.7199439652068967,GH013,F08
P0018,0.6936189281618559,GH013,F08
P0018,0.6475523815449061,GH013,F08
P0018,0.7465221006840373,GH013,F08
P0018,0.8073408266849444,GH013,F08
P0018,0.7450159017645217,GH013,F08
P0018,0.7652058582605373,GH013,F08
P0018,0.7209845640653961,GH013,F08
P0018,0.7830683960668977,GH013,F08
P0018,0.7552541351792127,GH013,F08
P0018,0.8152162706512643,GH013,F08
P0018,0.7457837183069317,GH013,F08
P0018,0.7620441763186347,GH013,F08
P0018,0.7860883290488626,GH013,F08
P0018,0.7815167430622185,GH013,F08
P0018,0.7717626457493971,GH013,F08
P0018,0.7672927179250891,GH013,F08
P0018,0.6887129907468024,GH013,F08
P0018,0.655746536229721,GH013,F08
P0018,0.6451688596541908,GH013,F08
P0018,0.6578027825063143,GH013,F08
P0018,0.6486710583361878,GH013,F08
P0018,0.743704925818348,GH013,F08
P0018,0.7504036358734851,GH013,F08
P0018,0.7412750116260739,GH013,F08
P0018,0.7525899474150864,GH013,F08
P0018,0.769529059523102,GH013,F08
P0018,0.7846338514744233,GH013,F08
P0018,0.790654231707995,GH013,F08
P0018,0.7662671699450321,GH013,F08
P0018,0.7579983874640662,GH013,F08
P0018,0.7918226271665496,GH013,F08
P0018,0.7913256963591606,GH013,F08
P0018,0.723800890918612,GH013,F08
P0018,0.7646853754485856,GH013,F08
P0018,0.7673988234297692,GH013,F08
P0018,0.6297818495651357,GH013,F08
P0018,0.6840812229299715,GH013,F08
P0018,0.8158331170973255,GH013,F08
P0018,0.7611225069500286,GH013,F08
P0018,0.7779022614656949,GH013,F08
P0018,0.7189800564775668,GH013,F08
P0018,0.7043287137155765,GH013,F08
P0018,0.8086205917685763,GH013,F08
P0018,0.756956466281207,GH013,F08
P0018,0.7790369173756909,GH013,F08
P0018,0.7808156179914902,GH013,F08
P0018,0.7638875444999199,GH013,F08
P0018,0.8084657366294943,GH013,F08
P0018,0.778622855567639,GH013,F08
P0018,0.7342658637400867,GH013,F08
P0018,0.800936395425391,GH013,F08
P0018,0.6672126997244661,GH013,F08
P0018,0.7842743072403022,GH013,F08
P0018,0.7397679935162824,GH013,F08
P0018,0.6100269584180537,GH013,F08
P0018,0.6445177056958662,GH013,F08
P0018,0.6159225420694774,GH013,F08
P0018,0.7088722505491308,GH013,F08
P0018,0.6613214250158551,GH013,F08
P0018,0.6960204924399191,GH013,F08
P0018,0.7697741226179545,GH013,F08
P0018,0.7886680195864695,GH013,F08
P0018,0.826902825242935,GH013,F08
P0018,0.7911097806422814,GH013,F08
P0018,0.8023170657982108,GH013,F08
P0018,0.6613706489912662,GH013,F08
P0018,0.7947728637841128,GH013,F08
P0018,0.86260630126102,GH013,F08
P0018,0.8131273044336328,GH013,F08
P0018,0.690339061312931,GH013,F08
P0018,0.6938491750126659,GH013,F08
P0019,0.8571956465601648,GH002,F01
P0019,0.8554081138164743,GH002,F01
P0019,0.8396943953989807,GH002,F01
P0019,0.8463363817854505,GH002,F01
P0019,0.8710114781247984,GH002,F01
P0019,0.8273239915399018,GH002,F01
P0019,0.8378429693569228,GH002,F01
P0019,0.8640855746685484,GH002,F01
P0019,0.7281759717596344,GH002,F01
P0019,0.8166911499768238,GH002,F01
P0019,0.7102710976145408,GH002,F01
P0019,0.7404574419514646,GH002,F01
P0019,0.7140192819039999,GH002,F01
P0019,0.7920452399493189,GH002,F01
P0019,0.6107064323566577,GH002,F01
P0019,0.5825176835303973,GH002,F01
P0019,0.6365476290959501,GH002,F01
P0019,0.6910027411983427,GH002,F01
P0019,0.6873020888775636,GH002,F01
P0019,0.8412367725925396,GH002,F01
P0019,0.7640433546016889,GH002,F01
P0019,0.7183700618401977,GH002,F01
P0019,0.8396146971992173,GH002,F01
P0019,0.7917255765088765,GH002,F01
P0019,0.7148489468903748,GH002,F01
P0019,0.8176164056992814,GH002,F01
P0019,0.7337578869871719,GH002,F01
P0019,0.7130770564557392,GH002,F01
P0019,0.7030333198659413,GH002,F01
P0019,0.7560581973754786,GH002,F01
P0019,0.6604750280232544,GH002,F01
P0019,0.69738180450239,GH002,F01
P0019,0.709568228401137,GH002,F01
P0019,0.7064357420841095,GH002,F01
P0019,0.6853410535381655,GH002,F01
P0019,0.7474573497794591,GH002,F01
P0019,0.7090681153944883,GH002,F01
P0019,0.7148745745195496,GH002,F01
P0019,0.740093548680106,GH002,F01
P0019,0.7894641220854545,GH002,F01
P0019,0.7717774077892144,GH002,F01
P0019,0.7582578122077084,GH002,F01
P0019,0.6904223212652397,GH002,F01
P0019,0.7664653139925373,GH002,F01
P0019,0.7220003847590928,GH002,F01
P0019,0.653963621320704,GH002,F01
P0019,0.7308298905486561,GH002,F01
P0019,0.6958189056091285,GH002,F01
P0019,0.6231002659557929,GH002,F01
P0019,0.5973838348331018,GH002,F01
P0019,0.5461595656240714,GH002,F01
P0019,0.5888148001604154,GH002,F01
P0019,0.705069878607673,GH002,F01
P0019,0.6967115585416508,GH002,F01
P0019,0.699336360353223,GH002,F01
P0019,0.6624700505475593,GH002,F01
P0019,0.6968411174504495,GH002,F01
P0019,0.6761929836349556,GH002,F01
P0019,0.6999338922306035,GH002,F01
P0019,0.7099070021339361,GH002,F01
P0019,0.6752966211808119,GH002,F01
P0019,0.7097326868951033,GH002,F01
P0019,0.6850874465862619,GH002,F01
P0019,0.6779918666354883,GH002,F01
P0019,0.6834692172846868,GH002,F01
P0019,0.6729144424582192,GH002,F01
P0019,0.7282311295449437,GH002,F01
P0019,0.6500000250391746,GH002,F01
P0019,0.7089372180446282,GH002,F01
P0019,0.7764735230930293,GH002,F01
P0019,0.730538514744559,GH002,F01
P0019,0.6847716621435822,GH002,F01
P0019,0.807536261165631,GH002,F01
P0019,0.7149007922993329,GH002,F01
P0019,0.7795404276310142,GH002,F01
P0019,0.7287536674824969,GH002,F01
P0019,0.734091737313659,GH002,F01
P0019,0.8148652512080536,GH002,F01
P0019,0.6872259218876547,GH002,F01
P0019,0.7756756669897886,GH002,F01
P0019,0.7734794241609145,GH002,F01
P0019,0.7129878731603494,GH002,F01
P0019,0.6688313175248635,GH002,F01
P0019,0.8377361452895524,GH002,F01
P0019,0.7536965344407363,GH002,F01
P0019,0.7261119398907793,GH002,F01
P0019,0.6013380994494334,GH002,F01
P0019,0.7556929461154167,GH002,F01
P0019,0.7778660922840268,GH002,F01
P0019,0.7504050329598656,GH002,F01
P0019,0.7890673909929642,GH002,F01
P0019,0.7994831099219742,GH002,F01
P0019,0.8081317554623217,GH002,F01
P0019,0.8106401929827449,GH002,F01
P0019,0.814358567248014,GH002,F01
P0019,0.8079338069391137,GH002,F01
P0019,0.8116180117610848,GH002,F01
P0019,0.8088309025808158,GH002,F01
P0019,0.8511410693632353,GH002,F01
P0019,0.8774494755167422,GH002,F01
P0019,0.7639801190235476,GH002,F01
P0019,0.7791309794907405,GH002,F01
P0019,0.7411555558633779,GH002,F01
P0019,0.8228412546164366,GH002,F01
P0019,0.8119169309652864,GH002,F01
P0019,0.7513769808825957,GH002,F01
P0019,0.8166234253693465,GH002,F01
P0019,0.7497665363743117,GH002,F01
P0019,0.8554589307070409,GH002,F01
P0019,0.8585033020040587,GH002,F01
P0019,0.8227296847363362,GH002,F01
P0019,0.8910313625335735,GH002,F01
P0019,0.8534744464400705,GH002,F01
P0019,0.8505303279164299,GH002,F01
P0019,0.86437881815948,GH002,F01
P0019,0.8417659083112905,GH002,F01
P0019,0.8417216008022708,GH002,F01
P0019,0.8607648884262202,GH002,F01
P0019,0.8386218995783309,GH002,F01
P0019,0.7445352632712072,GH002,F01
P0019,0.7491020069631787,GH002,F01
P0019,0.7631127288212931,GH002,F01
P0019,0.606419901045456,GH002,F01
P0019,0.6952215212019646,GH002,F01
P0019,0.8674237049930374,GH002,F01
P0019,0.8323167418748046,GH002,F01
P0019,0.7475159653954969,GH002,F01
P0019,0.8772346404113683,GH002,F01
P0019,0.8413035529402977,GH002,F01
P0019,0.8714154062142504,GH002,F01
P0019,0.8248665453901523,GH002,F01
P0019,0.9035438734319102,GH002,F01
P0019,0.8361690036218036,GH002,F01
P0019,0.8126414125557766,GH002,F01
P0019,0.7532992590954984,GH002,F01
P0019,0.8480593830818464,GH002,F01
P0019,0.8880322469608846,GH002,F01
P0019,0.7751746100920608,GH002,F01
P0019,0.8342894187524812,GH002,F01
P0019,0.7191115585058488,GH002,F01
P0019,0.8647141157069816,GH002,F01
P0019,0.6967748573732655,GH002,F01
P0019,0.8331472488503896,GH002,F01
P0019,0.8395788877821959,GH002,F01
P0019,0.8169557909995082,GH002,F01
P0019,0.813914352447444,GH002,F01
P0019,0.8306830045076985,GH002,F01
P0019,0.8035138995654885,GH002,F01
P0019,0.8351526174041098,GH002,F01
P0019,0.8266837890820453,GH002,F01
P0019,0.8434640157181633,GH002,F01
P0019,0.8429526437438226,GH002,F01
P0019,0.8118535450787343,GH002,F01
P0019,0.7988794046888719,GH002,F01
P0019,0.7546927866122383,GH002,F01
P0019,0.8087361473776186,GH002,F01
P0019,0.7978293525523443,GH002,F01
P0019,0.6969273139383763,GH002,F01
P0019,0.591088002420073,GH002,F01
P0019,0.7348553900325843,GH002,F01
P0019,0.8230868630622741,GH002,F01
P0019,0.846735675818043,GH002,F01
P0019,0.8384837876200494,GH002,F01
P0019,0.8464194096473961,GH002,F01
P0019,0.8528236248322931,GH002,F01
P0019,0.8552317989409425,GH002,F01
P0019,0.7771543116066298,GH002,F01
P0019,0.8741499164991777,GH002,F01
P0019,0.8802790948857558,GH002,F01
P0019,0.837962466128088,GH002,F01
P0019,0.8256260184079619,GH002,F01
P0019,0.7480207318525421,GH002,F01
P0019,0.8146283426310436,GH002,F01
P0019,0.7855543640829273,GH002,F01
P0019,0.746061954383682,GH002,F01
P0019,0.7431049461211977,GH002,F01
P0019,0.7309473270836399,GH002,F01
P0019,0.7646296732544613,GH002,F01
P0019,0.7836737183508646,GH002,F01
P0019,0.8667066057616718,GH002,F01
P0019,0.8182356338814508,GH002,F01
P0019,0.8299522023326301,GH002,F01
P0019,0.8000614448989963,GH002,F01
P0019,0.8697408525228258,GH002,F01
P0019,0.8594521817898545,GH002,F01
P0019,0.8939617930858601,GH002,F01
P0019,0.8715135117760102,GH002,F01
P0019,0.823864187852676,GH002,F01
P0019,0.8710913357700512,GH002,F01
P0019,0.8107261660230436,GH002,F01
P0019,0.8736395734608364,GH002,F01
P0019,0.7780678047287666,GH002,F01
P0019,0.7801244860764277,GH002,F01
P0019,0.6806389108252321,GH002,F01
P0019,0.6414622746001477,GH002,F01
P0019,0.6791363474612527,GH002,F01
P0019,0.8237981150092227,GH002,F01
P0019,0.7496672209689635,GH002,F01
P0019,0.8242010104960722,GH002,F01
P0019,0.8480089412526735,GH002,F01
P0019,0.8851497964790715,GH002,F01
P0019,0.772426566030875,GH002,F01
P0019,0.8670607841963355,GH002,F01
P0019,0.8719427062169832,GH002,F01
P0019,0.8657413730730706,GH002,F01
P0019,0.8378453024503775,GH002,F01
P0019,0.772144915153285,GH002,F01
P0019,0.8507592036841196,GH002,F01
P0019,0.8347546786570157,GH002,F01
P0019,0.8400010775391004,GH002,F01
P0020,0.8495697129456701,GH015,F02
P0020,0.8655443727658655,GH015,F02
P0020,0.8521932673552639,GH015,F02
P0020,0.8794423804754198,GH015,F02
P0020,0.8607376768133499,GH015,F02
P0020,0.8764720589798991,GH015,F02
P0020,0.8502104009313487,GH015,F02
P0020,0.857330082925008,GH015,F02
P0020,0.7442891906408302,GH015,F02
P0020,0.839668396975266,GH015,F02
P0020,0.7434076823474005,GH015,F02
P0020,0.7660628376075321,GH015,F02
P0020,0.7321529981538473,GH015,F02
P0020,0.7059219536991453,GH015,F02
P0020,0.6627391039470569,GH015,F02
P0020,0.677066418938551,GH015,F02
P0020,0.6476592205941385,GH015,F02
P0020,0.6992257807941274,GH015,F02
P0020,0.7946734557431727,GH015,F02
P0020,0.7392924759099676,GH015,F02
P0020,0.7895855324565696,GH015,F02
P0020,0.8036087717757592,GH015,F02
P0020,0.8202661695706562,GH015,F02
P0020,0.814327516647392,GH015,F02
P0020,0.8098951213543288,GH015,F02
P0020,0.7421989897163982,GH015,F02
P0020,0.7181547734276867,GH015,F02
P0020,0.7241687687464605,GH015,F02
P0020,0.7512545472195532,GH015,F02
P0020,0.8032977325882251,GH015,F02
P0020,0.727643843779138,GH015,F02
P0020,0.7362971336726963,GH015,F02
P0020,0.7235260215407774,GH015,F02
P0020,0.7120584492755039,GH015,F02
P0020,0.7425039183816403,GH015,F02
P0020,0.7211982361618695,GH015,F02
P0020,0.6918221813931705,GH015,F02
P0020,0.781500341086194,GH015,F02
P0020,0.7379142154969731,GH015,F02
P0020,0.7607156381347238,GH015,F02
P0020,0.7114386902777275,GH015,F02
P0020,0.75148499844589,GH015,F02
P0020,0.7108554080788296,GH015,F02
P0020,0.6877585606982273,GH015,F02
P0020,0.7600183225412178,GH015,F02
P0020,0.717283694417515,GH015,F02
P0020,0.6657509850790193,GH015,F02
P0020,0.6786395220060352,GH015,F02
P0020,0.6756165514865995,GH015,F02
P0020,0.6668019165004884,GH015,F02
P0020,0.5820909053462601,GH015,F02
P0020,0.6355785770268244,GH015,F02
P0020,0.6556495184744398,GH015,F02
P0020,0.7311006022856417,GH015,F02
P0020,0.682417342919862,GH015,F02
P0020,0.739572960656637,GH015,F02
P0020,0.6896808954131113,GH015,F02
P0020,0.7255938515084988,GH015,F02
P0020,0.6855344691030344,GH015,F02
P0020,0.7190373871288354,GH015,F02
P0020,0.7235025146150937,GH015,F02
P0020,0.6821974146243313,GH015,F02
P0020,0.7210381881460071,GH015,F02
P0020,0.6920631071582674,GH015,F02
P0020,0.6966352177580003,GH015,F02
P0020,0.8002249856927415,GH015,F02
P0020,0.6703368322573248,GH015,F02
P0020,0.7561798374497893,GH015,F02
P0020,0.6862012385591028,GH015,F02
P0020,0.7349253041138168,GH015,F02
P0020,0.7640295296360712,GH015,F02
P0020,0.7280873716931103,GH015,F02
P0020,0.7268239981684489,GH015,F02
P0020,0.756812307105725,GH015,F02
P0020,0.7226500694074262,GH015,F02
P0020,0.7503839547328378,GH015,F02
P0020,0.744524602502367,GH015,F02
P0020,0.7916914829803182,GH015,F02
P0020,0.8243516339272171,GH015,F02
P0020,0.7309216148255336,GH015,F02
P0020,0.7870088637044049,GH015,F02
P0020,0.7983422987318489,GH015,F02
P0020,0.7352907980353799,GH015,F02
P0020,0.71182547349309,GH015,F02
P0020,0.7056274615725912,GH015,F02
P0020,0.6252135852503157,GH015,F02
P0020,0.6046390935393908,GH015,F02
P0020,0.6214225364458904,GH015,F02
P0020,0.7797524186979292,GH015,F02
P0020,0.7375793903315575,GH015,F02
P0020,0.7429105027495116,GH015,F02
P0020,0.824568769406893,GH015,F02
P0020,0.857849514124935,GH015,F02
P0020,0.753490548597423,GH015,F02
P0020,0.8491605024121479,GH015,F02
P0020,0.8445962445839347,GH015,F02
P0020,0.7733515812193398,GH015,F02
P0020,0.8495499812768347,GH015,F02
P0020,0.8393410358737935,GH015,F02
P0020,0.8467203985808976,GH015,F02
P0020,0.8398285084758372,GH015,F02
P0020,0.8341316189413367,GH015,F02
P0020,0.7825481276655529,GH015,F02
P0020,0.7657396230396345,GH015,F02
P0020,0.7580581511503467,GH015,F02
P0020,0.7853988955930633,GH015,F02
P0020,0.7338026769796606,GH015,F02
P0020,0.7506720984706042,GH015,F02
P0020,0.823025288492528,GH015,F02
P0020,0.8719331875880467,GH015,F02
P0020,0.8473124318523475,GH015,F02
P0020,0.8465992256828456,GH015,F02
P0020,0.8502247993363006,GH015,F02
P0020,0.8770049784974289,GH015,F02
P0020,0.854748913842451,GH015,F02
P0020,0.8665032585045871,GH015,F02
P0020,0.8307767643428718,GH015,F02
P0020,0.835813383717068,GH015,F02
P0020,0.8262135581021918,GH015,F02
P0020,0.8683008178028868,GH015,F02
P0020,0.7114327779546764,GH015,F02
P0020,0.7389442864329454,GH015,F02
P0020,0.7168160781391871,GH015,F02
P0020,0.821250200684941,GH015,F02
P0020,0.7496558696551497,GH015,F02
P0020,0.8573280310172713,GH015,F02
P0020,0.8447342859692095,GH015,F02
P0020,0.8254702863321416,GH015,F02
P0020,0.8432033703742158,GH015,F02
P0020,0.8517113835672162,GH015,F02
P0020,0.8920590096056524,GH015,F02
P0020,0.8559356178202843,GH015,F02
P0020,0.8117196410302052,GH015,F02
P0020,0.8369302049066555,GH015,F02
P0020,0.8671392211879951,GH015,F02
P0020,0.8539305400775746,GH015,F02
P0020,0.848953575216233,GH015,F02
P0020,0.73950905325188665,GH015,F02
P0020,0.8211006622964985,GH015,F02
P0020,0.8109505086687739,GH015,F02
P0020,0.8356149035060058,GH015,F02
P0020,0.8597760768823041,GH015,F02
P0020,0.738795689303142,GH015,F02
P0020,0.733781523717398,GH015,F02
P0020,0.9027567939483211,GH015,F02
P0020,0.8571687378785711,GH015,F02
P0020,0.8175976153259098,GH015,F02
P0020,0.8420563069223118,GH015,F02
P0020,0.847445054729013,GH015,F02
P0020,0.8001040294107807,GH015,F02
P0020,0.8396137173218599,GH015,F02
P0020,0.8925078587346539,GH015,F02
P0020,0.8873874082736103,GH015,F02
P0020,0.8701779606055233,GH015,F02
P0020,0.8500691328318226,GH015,F02
P0020,0.7707015843834192,GH015,F02
P0020,0.8052875590114081,GH015,F02
P0020,0.7576999508150846,GH015,F02
P0020,0.7212444799914067,GH015,F02
P0020,0.7219623187068794,GH015,F02
P0020,0.7965659236764321,GH015,F02
P0020,0.8370255144832113,GH015,F02
P0020,0.8487741741760912,GH015,F02
P0020,0.8347388732399422,GH015,F02
P0020,0.8291419100029914,GH015,F02
P0020,0.8312147356273015,GH015,F02
P0020,0.8654752109825178,GH015,F02
P0020,0.8380212993759732,GH015,F02
P0020,0.8339289269125576,GH015,F02
P0020,0.8294843218334786,GH015,F02
P0020,0.845609683724152,GH015,F02
P0020,0.8548479706319098,GH015,F02
P0020,0.8486662395694619,GH015,F02
P0020,0.8377114610097754,GH015,F02
P0020,0.7885400171784134,GH015,F02
P0020,0.8810723579251928,GH015,F02
P0020,0.8377157958960724,GH015,F02
P0020,0.7628702096157461,GH015,F02
P0020,0.7377013936047357,GH015,F02
P0020,0.8563047673264017,GH015,F02
P0020,0.8956436146232649,GH015,F02
P0020,0.8622825467771092,GH015,F02
P0020,0.8757300600672232,GH015,F02
P0020,0.8795636115478452,GH015,F02
P0020,0.8344255430693174,GH015,F02
P0020,0.8834723317820462,GH015,F02
P0020,0.8426702633497507,GH015,F02
P0020,0.7472986147094075,GH015,F02
P0020,0.8176721272547677,GH015,F02
P0020,0.8582510135448607,GH015,F02
P0020,0.752189529504368,GH015,F02
P0020,0.8449639531036184,GH015,F02
P0020,0.797129295505771,GH015,F02
P0020,0.7650794881800647,GH015,F02
P0020,0.7332934245813636,GH015,F02
P0020,0.7865707854838047,GH015,F02
P0020,0.8199386152409163,GH015,F02
P0020,0.7498128809232473,GH015,F02
P0020,0.7847479479645714,GH015,F02
P0020,0.8369905078107618,GH015,F02
P0020,0.9080826738401688,GH015,F02
P0020,0.8800012325921721,GH015,F02
P0020,0.8702075538199014,GH015,F02
P0020,0.8740067593616808,GH015,F02
P0020,0.8597803178972951,GH015,F02
P0020,0.8432732016799122,GH015,F02
P0020,0.8258343482414099,GH015,F02
P0020,0.8264569306981925,GH015,F02
P0020,0.7889352705122425,GH015,F02
P0020,0.8556873858330871,GH015,F02
P0021,0.8516194226126536,GH004,F01
P0021,0.8536403639631597,GH004,F01
P0021,0.7971274724365872,GH004,F01
P0021,0.7336608157539737,GH004,F01
P0021,0.7702226674273287,GH004,F01
P0021,0.8228599615625373,GH004,F01
P0021,0.8237981260517249,GH004,F01
P0021,0.8244974249073909,GH004,F01
P0021,0.7968240265806975,GH004,F01
P0021,0.8575069688933094,GH004,F01
P0021,0.7995109231746057,GH004,F01
P0021,0.8060071774325571,GH004,F01
P0021,0.7509584194876697,GH004,F01
P0021,0.6668029440386233,GH004,F01
P0021,0.747508175920553,GH004,F01
P0021,0.6597322595537786,GH004,F01
P0021,0.6570385796133925,GH004,F01
P0021,0.6540464708283565,GH004,F01
P0021,0.7151467240497877,GH004,F01
P0021,0.7699130128181553,GH004,F01
P0021,0.72005882273942,GH004,F01
P0021,0.7293952124766652,GH004,F01
P0021,0.6866596832929448,GH004,F01
P0021,0.7208782999911244,GH004,F01
P0021,0.7122189849459818,GH004,F01
P0021,0.7154369918234991,GH004,F01
P0021,0.7250641697274893,GH004,F01
P0021,0.7093323169967396,GH004,F01
P0021,0.6812636552248943,GH004,F01
P0021,0.7001197185851057,GH004,F01
P0021,0.7015195324566766,GH004,F01
P0021,0.700855775268862,GH004,F01
P0021,0.6606560400562276,GH004,F01
P0021,0.7018890433753734,GH004,F01
P0021,0.7447707945677612,GH004,F01
P0021,0.7354927251649973,GH004,F01
P0021,0.7071401898541663,GH004,F01
P0021,0.7076801011104955,GH004,F01
P0021,0.7090365389537385,GH004,F01
P0021,0.6633711996554728,GH004,F01
P0021,0.7038154069096008,GH004,F01
P0021,0.7123124183020816,GH004,F01
P0021,0.7046860075150314,GH004,F01
P0021,0.7525281789966463,GH004,F01
P0021,0.7072630468841308,GH004,F01
P0021,0.7204337393896418,GH004,F01
P0021,0.62065675190646,GH004,F01
P0021,0.6849980735220509,GH004,F01
P0021,0.6460260772867856,GH004,F01
P0021,0.6020670067892584,GH004,F01
P0021,0.5598096680451397,GH004,F01
P0021,0.66913948745491,GH004,F01
P0021,0.6783722786952567,GH004,F01
P0021,0.7335545826963319,GH004,F01
P0021,0.7130926648148908,GH004,F01
P0021,0.6911746231445859,GH004,F01
P0021,0.6985847411129307,GH004,F01
P0021,0.7253881531002507,GH004,F01
P0021,0.6963037377805629,GH004,F01
P0021,0.6818958515976018,GH004,F01
P0021,0.7138951569153064,GH004,F01
P0021,0.6881497042443296,GH004,F01
P0021,0.6922586590085504,GH004,F01
P0021,0.681194098274014,GH004,F01
P0021,0.7053142033687052,GH004,F01
P0021,0.6718949411019981,GH004,F01
P0021,0.6875999278900737,GH004,F01
P0021,0.6854696717615696,GH004,F01
P0021,0.6797926780891845,GH004,F01
P0021,0.7352687605342209,GH004,F01
P0021,0.7032255438429147,GH004,F01
P0021,0.702514180587788,GH004,F01
P0021,0.7254272876211423,GH004,F01
P0021,0.7092311009256022,GH004,F01
P0021,0.7256854884811098,GH004,F01
P0021,0.760218966618663,GH004,F01
P0021,0.7178925720717099,GH004,F01
P0021,0.7000996473810076,GH004,F01
P0021,0.7233063168194022,GH004,F01
P0021,0.7291807948607002,GH004,F01
P0021,0.7221782564945921,GH004,F01
P0021,0.7456564818715763,GH004,F01
P0021,0.697824253338688,GH004,F01
P0021,0.7638036439387011,GH004,F01
P0021,0.7369798495183133,GH004,F01
P0021,0.6685986131996945,GH004,F01
P0021,0.5570824173768911,GH004,F01
P0021,0.7399038899791819,GH004,F01
P0021,0.7097554223632919,GH004,F01
P0021,0.7097974609975022,GH004,F01
P0021,0.7076751601698815,GH004,F01
P0021,0.744546019728183,GH004,F01
P0021,0.8106081989426955,GH004,F01
P0021,0.7650553252846023,GH004,F01
P0021,0.8476475854011614,GH004,F01
P0021,0.8164857047601043,GH004,F01
P0021,0.7687482577777891,GH004,F01
P0021,0.8331887195988101,GH004,F01
P0021,0.7387558164125385,GH004,F01
P0021,0.8365344481009981,GH004,F01
P0021,0.7282376296562231,GH004,F01
P0021,0.8258593755919736,GH004,F01
P0021,0.8286874149330308,GH004,F01
P0021,0.7113398393847106,GH004,F01
P0021,0.7248033479113795,GH004,F01
P0021,0.826367992483304,GH004,F01
P0021,0.7559929372181635,GH004,F01
P0021,0.8361371125109237,GH004,F01
P0021,0.7106609115962497,GH004,F01
P0021,0.8350643828694183,GH004,F01
P0021,0.8117118090136436,GH004,F01
P0021,0.8393580803131792,GH004,F01
P0021,0.8127624426437992,GH004,F01
P0021,0.8464789975831308,GH004,F01
P0021,0.8218178415742227,GH004,F01
P0021,0.7248335027655073,GH004,F01
P0021,0.84550503348361306,GH004,F01
P0021,0.86356057886016,GH004,F01
P0021,0.8235776198627397,GH004,F01
P0021,0.7710401851439755,GH004,F01
P0021,0.752030798304036,GH004,F01
P0021,0.7005129267920681,GH004,F01
P0021,0.5815615990733107,GH004,F01
P0021,0.7603749888557992,GH004,F01
P0021,0.7959324073091708,GH004,F01
P0021,0.8326526778086156,GH004,F01
P0021,0.8348914348344962,GH004,F01
P0021,0.8228451268828604,GH004,F01
P0021,0.8216017093352987,GH004,F01
P0021,0.7970252362330741,GH004,F01
P0021,0.7963631926515887,GH004,F01
P0021,0.7973652883807856,GH004,F01
P0021,0.8501791116297308,GH004,F01
P0021,0.71147311556572,GH004,F01
P0021,0.8473788562832744,GH004,F01
P0021,0.8592703782798916,GH004,F01
P0021,0.7990466043671994,GH004,F01
P0021,0.7865100154757408,GH004,F01
P0021,0.8599607844828578,GH004,F01
P0021,0.7256202049398166,GH004,F01
P0021,0.735414110257247,GH004,F01
P0021,0.7896599735015482,GH004,F01
P0021,0.6816011239208194,GH004,F01
P0021,0.8090453171654448,GH004,F01
P0021,0.8082134619620832,GH004,F01
P0021,0.8332152240967691,GH004,F01
P0021,0.823884787877106,GH004,F01
P0021,0.7787387813555589,GH004,F01
P0021,0.8511008715853494,GH004,F01
P0021,0.8400541810459493,GH004,F01
P0021,0.8160691142068222,GH004,F01
P0021,0.8421131956375002,GH004,F01
P0021,0.8263884012374729,GH004,F01
P0021,0.7626456233493935,GH004,F01
P0021,0.8212542871319167,GH004,F01
P0021,0.7845650215691015,GH004,F01
P0021,0.7381599092040781,GH004,F01
P0021,0.7261626800931237,GH004,F01
P0021,0.6328538941815266,GH004,F01
P0021,0.7603943538118936,GH004,F01
P0021,0.7838188146927485,GH004,F01
P0021,0.7060939284105663,GH004,F01
P0021,0.8429126408430258,GH004,F01
P0021,0.8181574310603474,GH004,F01
P0021,0.8535702369816052,GH004,F01
P0021,0.8416088653966476,GH004,F01
P0021,0.8338899111656928,GH004,F01
P0021,0.8618026741108549,GH004,F01
P0021,0.8383407176539844,GH004,F01
P0021,0.8172953614896057,GH004,F01
P0021,0.7701864176761168,GH004,F01
P0021,0.8264050305062292,GH004,F01
P0021,0.8190943093481623,GH004,F01
P0021,0.7788412069126226,GH004,F01
P0021,0.8043562245508918,GH004,F01
P0021,0.771692042405264,GH004,F01
P0021,0.7925193085241717,GH004,F01
P0021,0.786778489567669,GH004,F01
P0021,0.848794631576666,GH004,F01
P0021,0.8405156098693641,GH004,F01
P0021,0.8212746077873105,GH004,F01
P0021,0.8244424011028746,GH004,F01
P0021,0.8515221378358463,GH004,F01
P0021,0.8771723355787044,GH004,F01
P0021,0.7958805194465545,GH004,F01
P0021,0.8521119401246733,GH004,F01
P0021,0.8162458745897235,GH004,F01
P0021,0.689315857685836,GH004,F01
P0021,0.8137900657985412,GH004,F01
P0021,0.8648915569003621,GH004,F01
P0021,0.8251404266955206,GH004,F01
P0021,0.7946383424253671,GH004,F01
P0021,0.7555524561033414,GH004,F01
P0021,0.6772665074375134,GH004,F01
P0021,0.6080674081213393,GH004,F01
P0021,0.7327114227053186,GH004,F01
P0021,0.7873112192196186,GH004,F01
P0021,0.7785592908195665,GH004,F01
P0021,0.8302566541471911,GH004,F01
P0021,0.8465610565451874,GH004,F01
P0021,0.8710071922113222,GH004,F01
P0021,0.8184534541603856,GH004,F01
P0021,0.8284036962780648,GH004,F01
P0021,0.8506843980741177,GH004,F01
P0021,0.8307055344190848,GH004,F01
P0021,0.8522924919892492,GH004,F01
P0021,0.7544007680262402,GH004,F01
P0021,0.8479187472111293,GH004,F01
P0021,0.826413451668988,GH004,F01
P0021,0.8449271172881723,GH004,F01
P0022,0.8296466516937392,GH017,F08
P0022,0.8445073233106393,GH017,F08
P0022,0.8200295957102312,GH017,F08
P0022,0.8272269258886328,GH017,F08
P0022,0.8271789888045783,GH017,F08
P0022,0.8354871101619187,GH017,F08
P0022,0.835413389440709,GH017,F08
P0022,0.7425069187674244,GH017,F08
P0022,0.8183572621596207,GH017,F08
P0022,0.790890636352095,GH017,F08
P0022,0.7984021286284763,GH017,F08
P0022,0.7888322525111892,GH017,F08
P0022,0.7831810857870113,GH017,F08
P0022,0.6771874426694361,GH017,F08
P0022,0.5967808541013179,GH017,F08
P0022,0.5990084723464837,GH017,F08
P0022,0.7087125182645149,GH017,F08
P0022,0.7035563400397594,GH017,F08
P0022,0.8498275523454154,GH017,F08
P0022,0.7802265012845985,GH017,F08
P0022,0.7584072216689796,GH017,F08
P0022,0.6878492802986819,GH017,F08
P0022,0.7031799327497312,GH017,F08
P0022,0.794440863616671,GH017,F08
P0022,0.7947278083876389,GH017,F08
P0022,0.737514343043099,GH017,F08
P0022,0.682481788318026,GH017,F08
P0022,0.7221885825001066,GH017,F08
P0022,0.6944794924774577,GH017,F08
P0022,0.6869650564701894,GH017,F08
P0022,0.7030930932818258,GH017,F08
P0022,0.6828009366411363,GH017,F08
P0022,0.7164790837379053,GH017,F08
P0022,0.6514524705159306,GH017,F08
P0022,0.7229591218833239,GH017,F08
P0022,0.7093499043331666,GH017,F08
P0022,0.7032482016524645,GH017,F08
P0022,0.6964348563969166,GH017,F08
P0022,0.6966889622193219,GH017,F08
P0022,0.7291938255741103,GH017,F08
P0022,0.681639996917387,GH017,F08
P0022,0.7025190223348049,GH017,F08
P0022,0.6884995840145607,GH017,F08
P0022,0.7185697618725366,GH017,F08
P0022,0.697024637311553,GH017,F08
P0022,0.6996583930806209,GH017,F08
P0022,0.6508669233253263,GH017,F08
P0022,0.667353964288288,GH017,F08
P0022,0.6265796736379721,GH017,F08
P0022,0.5951403020929317,GH017,F08
P0022,0.5780925923574606,GH017,F08
P0022,0.6547609024702502,GH017,F08
P0022,0.6560120095275497,GH017,F08
P0022,0.7167966466074285,GH017,F08
P0022,0.6922405239996913,GH017,F08
P0022,0.7410198696145044,GH017,F08
P0022,0.7210586069668111,GH017,F08
P0022,0.6839839671305713,GH017,F08
P0022,0.660123688233293,GH017,F08
P0022,0.6624400638380676,GH017,F08
P0022,0.6834765187018135,GH017,F08
P0022,0.7087763238365442,GH017,F08
P0022,0.6631318201727037,GH017,F08
P0022,0.7050293223270948,GH017,F08
P0022,0.7218161325453595,GH017,F08
P0022,0.7297586730765036,GH017,F08
P0022,0.7016898807945544,GH017,F08
P0022,0.6495856002582323,GH017,F08
P0022,0.7390632184801557,GH017,F08
P0022,0.6813154851911071,GH017,F08
P0022,0.6924453803588261,GH017,F08
P0022,0.6802075441774192,GH017,F08
P0022,0.7240165758585803,GH017,F08
P0022,0.7755485072850579,GH017,F08
P0022,0.7031704827673745,GH017,F08
P0022,0.6987954963499186,GH017,F08
P0022,0.6679823518932181,GH017,F08
P0022,0.7286887783260383,GH017,F08
P0022,0.7254722657289533,GH017,F08
P0022,0.7340632431416383,GH017,F08
P0022,0.7501079398657906,GH017,F08
P0022,0.8092414840806934,GH017,F08
P0022,0.7148549151982494,GH017,F08
P0022,0.7028782165174358,GH017,F08
P0022,0.7358705065515294,GH017,F08
P0022,0.588478355546194,GH017,F08
P0022,0.679638918567562,GH017,F08
P0022,0.6371177201808848,GH017,F08
P0022,0.6765778274145428,GH017,F08
P0022,0.7531744345341922,GH017,F08
P0022,0.8107708075183199,GH017,F08
P0022,0.7583376184712496,GH017,F08
P0022,0.7136190781979889,GH017,F08
P0022,0.7951383612248492,GH017,F08
P0022,0.8223892782688951,GH017,F08
P0022,0.68298846850638,GH017,F08
P0022,0.8089416591754076,GH017,F08
P0022,0.8656557587060357,GH017,F08
P0022,0.8076165615567038,GH017,F08
P0022,0.8318505126753126,GH017,F08
P0022,0.8438115908009056,GH017,F08
P0022,0.8068309896711521,GH017,F08
P0022,0.8188542240240113,GH017,F08
P0022,0.6859303819247353,GH017,F08
P0022,0.7371559859008401,GH017,F08
P0022,0.8610016284035746,GH017,F08
P0022,0.8526400904060719,GH017,F08
P0022,0.7824632717612886,GH017,F08
P0022,0.8303728125944239,GH017,F08
P0022,0.8246265885037267,GH017,F08
P0022,0.8437181135395393,GH017,F08
P0022,0.8273122695140571,GH017,F08
P0022,0.7969426743101972,GH017,F08
P0022,0.830570208427362,GH017,F08
P0022,0.820630597297722,GH017,F08
P0022,0.8064515348863148,GH017,F08
P0022,0.8273510130325596,GH017,F08
P0022,0.826128081867921,GH017,F08
P0022,0.8221372009072623,GH017,F08
P0022,0.796265027984013,GH017,F08
P0022,0.7858139154019228,GH017,F08
P0022,0.7368230755661753,GH017,F08
P0022,0.6907502827993542,GH017,F08
P0022,0.6974093179863824,GH017,F08
P0022,0.7486726959332708,GH017,F08
P0022,0.8100114505344435,GH017,F08
P0022,0.7873695328442061,GH017,F08
P0022,0.8661720473127672,GH017,F08
P0022,0.8600131238375431,GH017,F08
P0022,0.820644411857257,GH017,F08
P0022,0.8432248552575735,GH017,F08
P0022,0.7637121032072677,GH017,F08
P0022,0.8682602333267595,GH017,F08
P0022,0.7213358078923316,GH017,F08
P0022,0.857759457603306,GH017,F08
P0022,0.8225173835087984,GH017,F08
P0022,0.7848466124711001,GH017,F08
P0022,0.8174838964135535,GH017,F08
P0022,0.8335933632992765,GH017,F08
P0022,0.7780420299238312,GH017,F08
P0022,0.8258484582642013,GH017,F08
P0022,0.8111781029676778,GH017,F08
P0022,0.8180595808917924,GH017,F08
P0022,0.7946238199059111,GH017,F08
P0022,0.841635291799762,GH017,F08
P0022,0.8298432356507025,GH017,F08
P0022,0.8054398153956888,GH017,F08
P0022,0.7870050112494325,GH017,F08
P0022,0.8165674425407884,GH017,F08
P0022,0.7975561919921372,GH017,F08
P0022,0.7694339031390962,GH017,F08
P0022,0.8255649238201284,GH017,F08
P0022,0.8571463714675112,GH017,F08
P0022,0.7799534665530434,GH017,F08
P0022,0.8219062667574756,GH017,F08
P0022,0.7910427475284529,GH017,F08
P0022,0.73786321734544,GH017,F08
P0022,0.695615998879704,GH017,F08
P0022,0.6696488327956931,GH017,F08
P0022,0.7730126756604359,GH017,F08
P0022,0.8239154308045009,GH017,F08
P0022,0.804897934380998,GH017,F08
P0022,0.8670292447438015,GH017,F08
P0022,0.7946096141253555,GH017,F08
P0022,0.854105715393785,GH017,F08
P0022,0.8144719279786252,GH017,F08
P0022,0.8383042990498053,GH017,F08
P0022,0.8418057550339183,GH017,F08
P0022,0.8207139746060779,GH017,F08
P0022,0.8022655773044038,GH017,F08
P0022,0.8520091790678306,GH017,F08
P0022,0.8363335341587614,GH017,F08
P0022,0.8408856024870978,GH017,F08
P0022,0.8528884601042593,GH017,F08
P0022,0.716114867588034,GH017,F08
P0022,0.6672109060987913,GH017,F08
P0022,0.8175206700422797,GH017,F08
P0022,0.8387286632999973,GH017,F08
P0022,0.8135391494617651,GH017,F08
P0022,0.8473222331027795,GH017,F08
P0022,0.8250779648775503,GH017,F08
P0022,0.8824318026771659,GH017,F08
P0022,0.8453112245437917,GH017,F08
P0022,0.8296194264405948,GH017,F08
P0022,0.8411220406193431,GH017,F08
P0022,0.8136215595733561,GH017,F08
P0022,0.8437072530286225,GH017,F08
P0022,0.7328774725460204,GH017,F08
P0022,0.8131461853460017,GH017,F08
P0022,0.834358077529659,GH017,F08
P0022,0.8092410166892916,GH017,F08
P0022,0.8067644437626922,GH017,F08
P0022,0.7752185393402284,GH017,F08
P0022,0.7290523680644853,GH017,F08
P0022,0.7019515601662831,GH017,F08
P0022,0.7527972744316038,GH017,F08
P0022,0.7828179769165775,GH017,F08
P0022,0.8249539662522167,GH017,F08
P0022,0.8124489624167726,GH017,F08
P0022,0.795696782459343,GH017,F08
P0022,0.8524753452008824,GH017,F08
P0022,0.8155003122642491,GH017,F08
P0022,0.8310436844145561,GH017,F08
P0022,0.8202323881387893,GH017,F08
P0022,0.7957980605974497,GH017,F08
P0022,0.8536441761322769,GH017,F08
P0022,0.8330793457605763,GH017,F08
P0022,0.7544230224760866,GH017,F08
P0022,0.8105016720596652,GH017,F08
P0022,0.8382221139757333,GH017,F08
P0023,0.7869204903427138,GH016,F05
P0023,0.7964547621925231,GH016,F05
P0023,0.7204741566158793,GH016,F05
P0023,0.8221025265456335,GH016,F05
P0023,0.833349840296969,GH016,F05
P0023,0.7385206801214695,GH016,F05
P0023,0.8164178612971141,GH016,F05
P0023,0.7409060332309737,GH016,F05
P0023,0.7283376923044631,GH016,F05
P0023,0.7760969661499132,GH016,F05
P0023,0.7987017770865409,GH016,F05
P0023,0.6859488643305084,GH016,F05
P0023,0.7849602871342144,GH016,F05
P0023,0.6740113998046002,GH016,F05
P0023,0.6593743421109431,GH016,F05
P0023,0.594261537235961,GH016,F05
P0023,0.6685200761663617,GH016,F05
P0023,0.7189211427142661,GH016,F05
P0023,0.7547172148392792,GH016,F05
P0023,0.824419792555509,GH016,F05
P0023,0.7281580188091973,GH016,F05
P0023,0.7475581479504642,GH016,F05
P0023,0.7821767793696793,GH016,F05
P0023,0.7228568075039323,GH016,F05
P0023,0.7334651910374242,GH016,F05
P0023,0.6959925589534108,GH016,F05
P0023,0.7594915079915585,GH016,F05
P0023,0.7470122478733302,GH016,F05
P0023,0.7870023726887655,GH016,F05
P0023,0.6642783645771217,GH016,F05
P0023,0.7057291042627285,GH016,F05
P0023,0.6650288604640737,GH016,F05
P0023,0.6707630626346047,GH016,F05
P0023,0.7069610145859457,GH016,F05
P0023,0.6756946777733276,GH016,F05
P0023,0.7287353597757654,GH016,F05
P0023,0.7187481806213801,GH016,F05
P0023,0.7181664190689085,GH016,F05
P0023,0.6753769070885883,GH016,F05
P0023,0.6931816004789858,GH016,F05
P0023,0.6962831536756706,GH016,F05
P0023,0.6961823501248829,GH016,F05
P0023,0.6984004083933432,GH016,F05
P0023,0.810605696110122,GH016,F05
P0023,0.7384428551284321,GH016,F05
P0023,0.7099704546037507,GH016,F05
P0023,0.6723358663232845,GH016,F05
P0023,0.6420004091608329,GH016,F05
P0023,0.6262545470632911,GH016,F05
P0023,0.5801355477159265,GH016,F05
P0023,0.5406781013967765,GH016,F05
P0023,0.6138868060949422,GH016,F05
P0023,0.7262281596218033,GH016,F05
P0023,0.6947805520194222,GH016,F05
P0023,0.6868054222922211,GH016,F05
P0023,0.7549701303643267,GH016,F05
P0023,0.7010783013370182,GH016,F05
P0023,0.6746974817867494,GH016,F05
P0023,0.6941058027050299,GH016,F05
P0023,0.7170807451351584,GH016,F05
P0023,0.6886594134452368,GH016,F05
P0023,0.702745547201178,GH016,F05
P0023,0.6962264963411169,GH016,F05
P0023,0.7213657986637255,GH016,F05
P0023,0.710657384944328,GH016,F05
P0023,0.673665831523319,GH016,F05
P0023,0.691180958294352,GH016,F05
P0023,0.7414186468602193,GH016,F05
P0023,0.6932008592415306,GH016,F05
P0023,0.7539826906402912,GH016,F05
P0023,0.7173736715400887,GH016,F05
P0023,0.6890781905059036,GH016,F05
P0023,0.7190844033718973,GH016,F05
P0023,0.6721902288495663,GH016,F05
P0023,0.6998963765143452,GH016,F05
P0023,0.7046201686329288,GH016,F05
P0023,0.6851936077670057,GH016,F05
P0023,0.740867908620486,GH016,F05
P0023,0.7179080642324985,GH016,F05
P0023,0.7477996359572057,GH016,F05
P0023,0.7511645522104451,GH016,F05
P0023,0.6996176429580379,GH016,F05
P0023,0.7297217006529766,GH016,F05
P0023,0.7867045390698318,GH016,F05
P0023,0.6478677233401022,GH016,F05
P0023,0.7109024801208654,GH016,F05
P0023,0.5756798074636642,GH016,F05
P0023,0.6315945191511508,GH016,F05
P0023,0.8195500231997292,GH016,F05
P0023,0.7137859194179285,GH016,F05
P0023,0.7104955476654528,GH016,F05
P0023,0.7724003429246332,GH016,F05
P0023,0.7969806006826458,GH016,F05
P0023,0.8337558933584277,GH016,F05
P0023,0.7329162098151808,GH016,F05
P0023,0.8011431766445958,GH016,F05
P0023,0.8294861115357852,GH016,F05
P0023,0.843368690941007,GH016,F05
P0023,0.8294234616000762,GH016,F05
P0023,0.8088947487543869,GH016,F05
P0023,0.7301854620076411,GH016,F05
P0023,0.7185954986833755,GH016,F05
P0023,0.7941965308635643,GH016,F05
P0023,0.8128565914398803,GH016,F05
P0023,0.7978172949735145,GH016,F05
P0023,0.7381347774639246,GH016,F05
P0023,0.7301950694611713,GH016,F05
P0023,0.7178926975800121,GH016,F05
P0023,0.844667078861229,GH016,F05
P0023,0.8241499980051193,GH016,F05
P0023,0.8460656385237632,GH016,F05
P0023,0.8664394987544681,GH016,F05
P0023,0.8663729037315488,GH016,F05
P0023,0.8462021775103169,GH016,F05
P0023,0.8521415829688538,GH016,F05
P0023,0.8299371352808634,GH016,F05
P0023,0.8519094753264834,GH016,F05
P0023,0.7402632598233778,GH016,F05
P0023,0.780530509461781,GH016,F05
P0023,0.8402685944190477,GH016,F05
P0023,0.7392848080708057,GH016,F05
P0023,0.715890878474172,GH016,F05
P0023,0.5927106037612729,GH016,F05
P0023,0.756290882538224,GH016,F05
P0023,0.7863069386136048,GH016,F05
P0023,0.8226984417709408,GH016,F05
P0023,0.7935414324675981,GH016,F05
P0023,0.8473391361606281,GH016,F05
P0023,0.8258509334779567,GH016,F05
P0023,0.8602999978365734,GH016,F05
P0023,0.7991974950929863,GH016,F05
P0023,0.8582361303529555,GH016,F05
P0023,0.8424136037166213,GH016,F05
P0023,0.86832516319041,GH016,F05
P0023,0.8193976354195733,GH016,F05
P0023,0.8396294234829317,GH016,F05
P0023,0.8464555746333705,GH016,F05
P0023,0.8059359793870413,GH016,F05
P0023,0.807212080649676,GH016,F05
P0023,0.8681114635014926,GH016,F05
P0023,0.8245237675662657,GH016,F05
P0023,0.7856364329730013,GH016,F05
P0023,0.8063620335807847,GH016,F05
P0023,0.863069987689796,GH016,F05
P0023,0.8093919627370312,GH016,F05
P0023,0.8588313628449217,GH016,F05
P0023,0.8381780606727463,GH016,F05
P0023,0.7995829831459494,GH016,F05
P0023,0.8514249849023893,GH016,F05
P0023,0.820740395333319,GH016,F05
P0023,0.8343882019406831,GH016,F05
P0023,0.8274534813124216,GH016,F05
P0023,0.8562446163243234,GH016,F05
P0023,0.8436667239307573,GH016,F05
P0023,0.8313489763559222,GH016,F05
P0023,0.7322058277452689,GH016,F05
P0023,0.8145852526003081,GH016,F05
P0023,0.6854897468081755,GH016,F05
P0023,0.6480832068427134,GH016,F05
P0023,0.5735928146801087,GH016,F05
P0023,0.8212605215038619,GH016,F05
P0023,0.794412346679808,GH016,F05
P0023,0.8353383428103789,GH016,F05
P0023,0.8305585887513907,GH016,F05
P0023,0.7710614387606883,GH016,F05
P0023,0.7812785830167887,GH016,F05
P0023,0.841551805019658,GH016,F05
P0023,0.7909408887238398,GH016,F05
P0023,0.8151359397099306,GH016,F05
P0023,0.81457500386194,GH016,F05
P0023,0.8102454478527554,GH016,F05
P0023,0.8460816826925891,GH016,F05
P0023,0.7976805197475271,GH016,F05
P0023,0.8112513864680891,GH016,F05
P0023,0.7414960281242837,GH016,F05
P0023,0.792579283170582,GH016,F05
P0023,0.8327615092651207,GH016,F05
P0023,0.8038991051588341,GH016,F05
P0023,0.8443473932970503,GH016,F05
P0023,0.8410238980048403,GH016,F05
P0023,0.7018071244481578,GH016,F05
P0023,0.8914106677198079,GH016,F05
P0023,0.8366134250076809,GH016,F05
P0023,0.840767137633484,GH016,F05
P0023,0.8141164893256818,GH016,F05
P0023,0.8528827337038188,GH016,F05
P0023,0.7771311229512676,GH016,F05
P0023,0.8523084696221057,GH016,F05
P0023,0.8293647613543322,GH016,F05
P0023,0.8108703168403522,GH016,F05
P0023,0.8667481900745144,GH016,F05
P0023,0.8231785058933253,GH016,F05
P0023,0.7608095689702802,GH016,F05
P0023,0.7350332081931138,GH016,F05
P0023,0.6654580376868818,GH016,F05
P0023,0.7451718409931484,GH016,F05
P0023,0.7892242579399336,GH016,F05
P0023,0.8121185491100201,GH016,F05
P0023,0.7843195087702675,GH016,F05
P0023,0.7989721016872633,GH016,F05
P0023,0.8670866253855218,GH016,F05
P0023,0.8122540666350285,GH016,F05
P0023,0.7976273670308395,GH016,F05
P0023,0.7975170634124934,GH016,F05
P0023,0.8103679258006172,GH016,F05
P0023,0.8210815047388599,GH016,F05
P0023,0.8748968219732941,GH016,F05
P0023,0.8493919998341036,GH016,F05
P0023,0.833878552691948,GH016,F05
P0023,0.8327514350242716,GH016,F05
P0024,0.8674669028952919,GH017,F08
P0024,0.86686394940872,GH017,F08
P0024,0.7789916202973375,GH017,F08
P0024,0.8451040511855665,GH017,F08
P0024,0.8448478177632534,GH017,F08
P0024,0.8341087633665673,GH017,F08
P0024,0.8443236914264091,GH017,F08
P0024,0.8384723281369459,GH017,F08
P0024,0.8152743346275542,GH017,F08
P0024,0.8299087926186165,GH017,F08
P0024,0.726689323862202,GH017,F08
P0024,0.8192170733006378,GH017,F08
P0024,0.751411106023383,GH017,F08
P0024,0.6514414026821788,GH017,F08
P0024,0.6431111350711886,GH017,F08
P0024,0.5913821713551547,GH017,F08
P0024,0.7662696766831313,GH017,F08
P0024,0.7774296106330478,GH017,F08
P0024,0.7473521448981891,GH017,F08
P0024,0.7211762506362912,GH017,F08
P0024,0.7144573536625773,GH017,F08
P0024,0.8146256231421297,GH017,F08
P0024,0.7286686816883438,GH017,F08
P0024,0.7557094072857831,GH017,F08
P0024,0.7983679360775056,GH017,F08
P0024,0.7190204444043349,GH017,F08
P0024,0.7144795755715001,GH017,F08
P0024,0.802149689386687,GH017,F08
P0024,0.72769320622058,GH017,F08
P0024,0.7526955484282621,GH017,F08
P0024,0.6813250026493322,GH017,F08
P0024,0.6597349640139223,GH017,F08
P0024,0.7001087446618438,GH017,F08
P0024,0.700713103172233,GH017,F08
P0024,0.7203705514114279,GH017,F08
P0024,0.7052665679551282,GH017,F08
P0024,0.8157022859114551,GH017,F08
P0024,0.6973378705934294,GH017,F08
P0024,0.7353488435431152,GH017,F08
P0024,0.6498618000681863,GH017,F08
P0024,0.7213734487161102,GH017,F08
P0024,0.6941214627874241,GH017,F08
P0024,0.6958928295646054,GH017,F08
P0024,0.7852796186390013,GH017,F08
P0024,0.6831388036086066,GH017,F08
P0024,0.7205503128286793,GH017,F08
P0024,0.6869369684154611,GH017,F08
P0024,0.7009578741687954,GH017,F08
P0024,0.6395508215871892,GH017,F08
P0024,0.5998669892646784,GH017,F08
P0024,0.5576921194814396,GH017,F08
P0024,0.6514671861624811,GH017,F08
P0024,0.6647055536910631,GH017,F08
P0024,0.7887024189324168,GH017,F08
P0024,0.733217990020196,GH017,F08
P0024,0.6635347179811297,GH017,F08
P0024,0.7176296693218458,GH017,F08
P0024,0.6760298482693158,GH017,F08
P0024,0.6969347299381831,GH017,F08
P0024,0.7113700415678988,GH017,F08
P0024,0.7041302257640176,GH017,F08
P0024,0.771384741064244,GH017,F08
P0024,0.7070961854473667,GH017,F08
P0024,0.6937239729951165,GH017,F08
P0024,0.7225836488601063,GH017,F08
P0024,0.6813499403697407,GH017,F08
P0024,0.7588440146691082,GH017,F08
P0024,0.7058701036135939,GH017,F08
P0024,0.706119480096178,GH017,F08
P0024,0.6885595667417331,GH017,F08
P0024,0.690087214737523,GH017,F08
P0024,0.7471059069166258,GH017,F08
P0024,0.7446456998310053,GH017,F08
P0024,0.7337570588030357,GH017,F08
P0024,0.7882048682452552,GH017,F08
P0024,0.7105835877944231,GH017,F08
P0024,0.7224233651242727,GH017,F08
P0024,0.7161916632054871,GH017,F08
P0024,0.7216264375493545,GH017,F08
P0024,0.7681915339152537,GH017,F08
P0024,0.785854260640091,GH017,F08
P0024,0.712299066446786,GH017,F08
P0024,0.757887294783799,GH017,F08
P0024,0.7133849434282585,GH017,F08
P0024,0.6747089127850554,GH017,F08
P0024,0.6104014111585003,GH017,F08
P0024,0.6233751668715335,GH017,F08
P0024,0.7238476305855892,GH017,F08
P0024,0.6845722406454855,GH017,F08
P0024,0.826008421001061,GH017,F08
P0024,0.7497634585838894,GH017,F08
P0024,0.7170753731815266,GH017,F08
P0024,0.8066067127711515,GH017,F08
P0024,0.8116722779784912,GH017,F08
P0024,0.747530648854899,GH017,F08
P0024,0.8319920556687099,GH017,F08
P0024,0.8299309759436635,GH017,F08
P0024,0.8718923221182053,GH017,F08
P0024,0.8389910928571043,GH017,F08
P0024,0.7426380018811867,GH017,F08
P0024,0.8342382997139778,GH017,F08
P0024,0.7740800590563628,GH017,F08
P0024,0.7276252072063616,GH017,F08
P0024,0.7575586641522848,GH017,F08
P0024,0.7583056064622598,GH017,F08
P0024,0.7804775280060874,GH017,F08
P0024,0.8319595373771441,GH017,F08
P0024,0.8059560661347649,GH017,F08
P0024,0.8468843660546467,GH017,F08
P0024,0.8381903972928116,GH017,F08
P0024,0.7603991977997326,GH017,F08
P0024,0.8446630156072487,GH017,F08
P0024,0.8794894554634813,GH017,F08
P0024,0.859484778099393,GH017,F08
P0024,0.8547498487964436,GH017,F08
P0024,0.851342586175919,GH017,F08
P0024,0.7612691794999639,GH017,F08
P0024,0.8638662012187538,GH017,F08
P0024,0.8185209067332488,GH017,F08
P0024,0.8307824743909271,GH017,F08
P0024,0.730790135250709,GH017,F08
P0024,0.7465209511486132,GH017,F08
P0024,0.7126573819475305,GH017,F08
P0024,0.6630826209676524,GH017,F08
P0024,0.736275199405024,GH017,F08
P0024,0.723800647562732,GH017,F08
P0024,0.8455790377330168,GH017,F08
P0024,0.8732715222166348,GH017,F08
P0024,0.8507607125250897,GH017,F08
P0024,0.8390748534557704,GH017,F08
P0024,0.8682381095779873,GH017,F08
P0024,0.8506870475028946,GH017,F08
P0024,0.8430672835228704,GH017,F08
P0024,0.8239719094022704,GH017,F08
P0024,0.8674131751562131,GH017,F08
P0024,0.8277016915344951,GH017,F08
P0024,0.8466247743210056,GH017,F08
P0024,0.7346285006327478,GH017,F08
P0024,0.8493523480659294,GH017,F08
P0024,0.6867383201330127,GH017,F08
P0024,0.8474355547050852,GH017,F08
P0024,0.6959316970921477,GH017,F08
P0024,0.8741509857872317,GH017,F08
P0024,0.8078829570071154,GH017,F08
P0024,0.8364148932066684,GH017,F08
P0024,0.829361420293628,GH017,F08
P0024,0.8267337592061296,GH017,F08
P0024,0.8544243889295441,GH017,F08
P0024,0.8684779377686651,GH017,F08
P0024,0.8644664888117075,GH017,F08
P0024,0.7858505332839719,GH017,F08
P0024,0.782299798224075,GH017,F08
P0024,0.8081107840245085,GH017,F08
P0024,0.8445339672370539,GH017,F08
P0024,0.8160001681412852,GH017,F08
P0024,0.8544627884477629,GH017,F08
P0024,0.7799700667546533,GH017,F08
P0024,0.6391253193142872,GH017,F08
P0024,0.6260768103707856,GH017,F08
P0024,0.7861441612765955,GH017,F08
P0024,0.819558895407083,GH017,F08
P0024,0.8562258806158347,GH017,F08
P0024,0.858686004762992,GH017,F08
P0024,0.8301164532501649,GH017,F08
P0024,0.8765064343036306,GH017,F08
P0024,0.8300779166773918,GH017,F08
P0024,0.8274330753154266,GH017,F08
P0024,0.8360672808055459,GH017,F08
P0024,0.872757546165898,GH017,F08
P0024,0.8819503799610117,GH017,F08
P0024,0.8332740584523884,GH017,F08
P0024,0.8613939562041022,GH017,F08
P0024,0.8518384442682049,GH017,F08
P0024,0.8742665995249849,GH017,F08
P0024,0.8485404549403567,GH017,F08
P0024,0.8618479863941764,GH017,F08
P0024,0.744423287395226,GH017,F08
P0024,0.7706174508765629,GH017,F08
P0024,0.857543949858813,GH017,F08
P0024,0.7155510126666297,GH017,F08
P0024,0.8236087130239669,GH017,F08
P0024,0.8136842784108861,GH017,F08
P0024,0.7991710046281355,GH017,F08
P0024,0.8604261913643604,GH017,F08
P0024,0.8720731487701234,GH017,F08
P0024,0.8404151446414522,GH017,F08
P0024,0.8939702978581862,GH017,F08
P0024,0.8494311443386503,GH017,F08
P0024,0.8733001374671285,GH017,F08
P0024,0.7546294530766767,GH017,F08
P0024,0.8190715413270964,GH017,F08
P0024,0.8253346476130724,GH017,F08
P0024,0.7491170592059826,GH017,F08
P0024,0.6559116604799138,GH017,F08
P0024,0.7434677174540456,GH017,F08
P0024,0.7957648283806349,GH017,F08
P0024,0.8178150181888718,GH017,F08
P0024,0.8414577587186999,GH017,F08
P0024,0.8671520287015969,GH017,F08
P0024,0.851125346615449,GH017,F08
P0024,0.8444157204050262,GH017,F08
P0024,0.7917083082216421,GH017,F08
P0024,0.8616090826476083,GH017,F08
P0024,0.8463324614210952,GH017,F08
P0024,0.8212334279484397,GH017,F08
P0024,0.8671539199488818,GH017,F08
P0024,0.8514406690909821,GH017,F08
P0024,0.8371455477741727,GH017,F08
P0024,0.8312261530818966,GH017,F08
P0024,0.7496220202108139,GH017,F08
P0025,0.7646122186089976,GH001,F02
P0025,0.7683330254711804,GH001,F02
P0025,0.6846808798382085,GH001,F02
P0025,0.7903755856144272,GH001,F02
P0025,0.7440168000509526,GH001,F02
P0025,0.7579775934174627,GH001,F02
P0025,0.6504078591415637,GH001,F02
P0025,0.7490266787094294,GH001,F02
P0025,0.7440757612643296,GH001,F02
P0025,0.7350962872256778,GH001,F02
P0025,0.7479661275714633,GH001,F02
P0025,0.7464649869797447,GH001,F02
P0025,0.5974076823345561,GH001,F02
P0025,0.61793059776461,GH001,F02
P0025,0.5857067881899266,GH001,F02
P0025,0.658513289113449,GH001,F02
P0025,0.5536476616488114,GH001,F02
P0025,0.6383205879867513,GH001,F02
P0025,0.7606254909912775,GH001,F02
P0025,0.6965975766676171,GH001,F02
P0025,0.6722130870907618,GH001,F02
P0025,0.70028762480575,GH001,F02
P0025,0.7448791162087882,GH001,F02
P0025,0.6091839899994785,GH001,F02
P0025,0.726001148732029,GH001,F02
P0025,0.6284260410193305,GH001,F02
P0025,0.7294300187593153,GH001,F02
P0025,0.6701351965522182,GH001,F02
P0025,0.6813241186016028,GH001,F02
P0025,0.705042985073533,GH001,F02
P0025,0.7277680214020581,GH001,F02
P0025,0.6339534248735628,GH001,F02
P0025,0.6396535484391499,GH001,F02
P0025,0.6441942886312887,GH001,F02
P0025,0.6432315338565591,GH001,F02
P0025,0.620689365330199,GH001,F02
P0025,0.6015304609478503,GH001,F02
P0025,0.7300180562653934,GH001,F02
P0025,0.6510492023852311,GH001,F02
P0025,0.6026687584577806,GH001,F02
P0025,0.5898398049883269,GH001,F02
P0025,0.6559819078554611,GH001,F02
P0025,0.6874070677247051,GH001,F02
P0025,0.6687528612670812,GH001,F02
P0025,0.655242734262818,GH001,F02
P0025,0.6825405150338075,GH001,F02
P0025,0.6239491854287659,GH001,F02
P0025,0.6302302702369944,GH001,F02
P0025,0.6171437340964351,GH001,F02
P0025,0.5586867565367919,GH001,F02
P0025,0.5421914952015464,GH001,F02
P0025,0.5565378077840344,GH001,F02
P0025,0.5931153895490604,GH001,F02
P0025,0.6246517570783452,GH001,F02
P0025,0.6336061374824996,GH001,F02
P0025,0.6435778927679664,GH001,F02
P0025,0.5825984814722606,GH001,F02
P0025,0.6003755615414159,GH001,F02
P0025,0.6289777346457274,GH001,F02
P0025,0.6490811795608956,GH001,F02
P0025,0.6548301595971364,GH001,F02
P0025,0.6534313342599029,GH001,F02
P0025,0.6336188855758257,GH001,F02
P0025,0.614756511820631,GH001,F02
P0025,0.6227156421225171,GH001,F02
P0025,0.6236205893831815,GH001,F02
P0025,0.6245526398987052,GH001,F02
P0025,0.653540619725605,GH001,F02
P0025,0.7368330683961387,GH001,F02
P0025,0.6109997865510162,GH001,F02
P0025,0.6227609349018749,GH001,F02
P0025,0.7255780950784351,GH001,F02
P0025,0.6341521120248325,GH001,F02
P0025,0.6498616573425852,GH001,F02
P0025,0.6465509906638267,GH001,F02
P0025,0.6334546704605811,GH001,F02
P0025,0.721774750550308,GH001,F02
P0025,0.642903106976265,GH001,F02
P0025,0.7260791873662346,GH001,F02
P0025,0.6248568085551124,GH001,F02
P0025,0.6885994745424325,GH001,F02
P0025,0.6323592622262536,GH001,F02
P0025,0.6945934219616358,GH001,F02
P0025,0.6495612323662748,GH001,F02
P0025,0.722462927857182,GH001,F02
P0025,0.576563641442493,GH001,F02
P0025,0.5330473453188311,GH001,F02
P0025,0.5676269858716531,GH001,F02
P0025,0.6693332666097033,GH001,F02
P0025,0.6529773365402528,GH001,F02
P0025,0.6379876246352103,GH001,F02
P0025,0.6444542958808693,GH001,F02
P0025,0.7633881117934026,GH001,F02
P0025,0.737824316968944,GH001,F02
P0025,0.7514037135374421,GH001,F02
P0025,0.7926992277724619,GH001,F02
P0025,0.7845487886117094,GH001,F02
P0025,0.6754237775817237,GH001,F02
P0025,0.7113001137002068,GH001,F02
P0025,0.7510830774599622,GH001,F02
P0025,0.679504008025795,GH001,F02
P0025,0.6745528063746199,GH001,F02
P0025,0.6958808976252338,GH001,F02
P0025,0.7135646274961914,GH001,F02
P0025,0.7621388898059527,GH001,F02
P0025,0.7885619168704912,GH001,F02
P0025,0.8039693992767705,GH001,F02
P0025,0.7294666491408367,GH001,F02
P0025,0.6619496999972536,GH001,F02
P0025,0.6844545852452163,GH001,F02
P0025,0.7583986604877976,GH001,F02
P0025,0.7680089426244212,GH001,F02
P0025,0.7976809828706365,GH001,F02
P0025,0.7406900488111895,GH001,F02
P0025,0.7923916199841626,GH001,F02
P0025,0.7403174743262397,GH001,F02
P0025,0.7737296908066204,GH001,F02
P0025,0.7650564387599976,GH001,F02
P0025,0.7589584569308637,GH001,F02
P0025,0.7854484849120033,GH001,F02
P0025,0.6819029273403967,GH001,F02
P0025,0.6571195486692484,GH001,F02
P0025,0.6623074663563512,GH001,F02
P0025,0.583924077606795,GH001,F02
P0025,0.6850152977510102,GH001,F02
P0025,0.7477388730531933,GH001,F02
P0025,0.6969545427238527,GH001,F02
P0025,0.7101260950137828,GH001,F02
P0025,0.8037568749456155,GH001,F02
P0025,0.7645902984583357,GH001,F02
P0025,0.7917368844149044,GH001,F02
P0025,0.7794743872289817,GH001,F02
P0025,0.6552883205427605,GH001,F02
P0025,0.7892635786774871,GH001,F02
P0025,0.7396213261009862,GH001,F02
P0025,0.7708216555985529,GH001,F02
P0025,0.7738222049126469,GH001,F02
P0025,0.7594463621167166,GH001,F02
P0025,0.6670335747502335,GH001,F02
P0025,0.7107502848236348,GH001,F02
P0025,0.7276880946523638,GH001,F02
P0025,0.8092782867593257,GH001,F02
P0025,0.6894618907655519,GH001,F02
P0025,0.7635227510692946,GH001,F02
P0025,0.785233010585898,GH001,F02
P0025,0.7100479001845188,GH001,F02
P0025,0.6401899990962527,GH001,F02
P0025,0.7552082206743183,GH001,F02
P0025,0.7105963477529099,GH001,F02
P0025,0.7045800644897453,GH001,F02
P0025,0.7760909913853912,GH001,F02
P0025,0.7504521076150866,GH001,F02
P0025,0.7310060159872315,GH001,F02
P0025,0.742036202383789,GH001,F02
P0025,0.7671124323356702,GH001,F02
P0025,0.7537263909983511,GH001,F02
P0025,0.5616870574644993,GH001,F02
P0025,0.570831939134652,GH001,F02
P0025,0.5985103917461109,GH001,F02
P0025,0.7332607868896768,GH001,F02
P0025,0.6364478756098876,GH001,F02
P0025,0.7328786684606321,GH001,F02
P0025,0.7092509925093353,GH001,F02
P0025,0.7409184872587645,GH001,F02
P0025,0.766887501016777,GH001,F02
P0025,0.7184644137358824,GH001,F02
P0025,0.7426363541090548,GH001,F02
P0025,0.7059104273189317,GH001,F02
P0025,0.779436738433295,GH001,F02
P0025,0.7643928994476883,GH001,F02
P0025,0.7589925682193821,GH001,F02
P0025,0.7962056917151259,GH001,F02
P0025,0.7441655896615466,GH001,F02
P0025,0.6743707658804562,GH001,F02
P0025,0.8033645285961991,GH001,F02
P0025,0.7739489135099487,GH001,F02
P0025,0.769893445776445,GH001,F02
P0025,0.6619027269926281,GH001,F02
P0025,0.6936881734347965,GH001,F02
P0025,0.7611135219529073,GH001,F02
P0025,0.6856854629654855,GH001,F02
P0025,0.7522576166505448,GH001,F02
P0025,0.7725739487522866,GH001,F02
P0025,0.7275519681775517,GH001,F02
P0025,0.7898501779981627,GH001,F02
P0025,0.8157571187141138,GH001,F02
P0025,0.7845006150978244,GH001,F02
P0025,0.7659526513260715,GH001,F02
P0025,0.7843626752274269,GH001,F02
P0025,0.7515611873871259,GH001,F02
P0025,0.7555813826276809,GH001,F02
P0025,0.7194597961125201,GH001,F02
P0025,0.7334924033886183,GH001,F02
P0025,0.6825841149574827,GH001,F02
P0025,0.5406697579497536,GH001,F02
P0025,0.7387333589089236,GH001,F02
P0025,0.7400423482782278,GH001,F02
P0025,0.7735417944767526,GH001,F02
P0025,0.7753273686643847,GH001,F02
P0025,0.7398500004714739,GH001,F02
P0025,0.7660780280050713,GH001,F02
P0025,0.7995492122912099,GH001,F02
P0025,0.8042126152297919,GH001,F02
P0025,0.7843571852324838,GH001,F02
P0025,0.675758843685714,GH001,F02
P0025,0.8061704229371807,GH001,F02
P0025,0.8025168754031762,GH001,F02
P0025,0.7744062187556623,GH001,F02
P0025,0.8160738309069859,GH001,F02
P0025,0.7346109712751827,GH001,F02
P0026,0.817625337423909,GH007,F04
P0026,0.8333294988425878,GH007,F04
P0026,0.8121183632055565,GH007,F04
P0026,0.8487843924952339,GH007,F04
P0026,0.7883635175173048,GH007,F04
P0026,0.8081489039330719,GH007,F04
P0026,0.8300645755629001,GH007,F04
P0026,0.812868876488586,GH007,F04
P0026,0.8245874822714706,GH007,F04
P0026,0.7197570738054082,GH007,F04
P0026,0.7922487286546581,GH007,F04
P0026,0.798784052616124,GH007,F04
P0026,0.7180560083735306,GH007,F04
P0026,0.6565467206060454,GH007,F04
P0026,0.5925607726274861,GH007,F04
P0026,0.5882779628449535,GH007,F04
P0026,0.6082529272682713,GH007,F04
P0026,0.6398258688713013,GH007,F04
P0026,0.7844054819015592,GH007,F04
P0026,0.7035569629005778,GH007,F04
P0026,0.7176668229867325,GH007,F04
P0026,0.6936250577461468,GH007,F04
P0026,0.7409321171245972,GH007,F04
P0026,0.7268518371180941,GH007,F04
P0026,0.8050001584815417,GH007,F04
P0026,0.7515416817577449,GH007,F04
P0026,0.66818484859452,GH007,F04
P0026,0.7746886935983013,GH007,F04
P0026,0.6511633530413011,GH007,F04
P0026,0.6856526275667056,GH007,F04
P0026,0.6701997599461157,GH007,F04
P0026,0.6591614494560513,GH007,F04
P0026,0.6713537741359472,GH007,F04
P0026,0.606571698373811,GH007,F04
P0026,0.6564460792232124,GH007,F04
P0026,0.7855935713039877,GH007,F04
P0026,0.6801049934897976,GH007,F04
P0026,0.6745892132643773,GH007,F04
P0026,0.7359656603519795,GH007,F04
P0026,0.7336194611065553,GH007,F04
P0026,0.6914710945319891,GH007,F04
P0026,0.6726408640710937,GH007,F04
P0026,0.7064198645681258,GH007,F04
P0026,0.7730526032251502,GH007,F04
P0026,0.6590348843014248,GH007,F04
P0026,0.7299414414992714,GH007,F04
P0026,0.6479121591221264,GH007,F04
P0026,0.6410362864802702,GH007,F04
P0026,0.5908554699579628,GH007,F04
P0026,0.649668766892512,GH007,F04
P0026,0.6339488770684343,GH007,F04
P0026,0.5847969379154973,GH007,F04
P0026,0.6381442217621581,GH007,F04
P0026,0.6533231895780879,GH007,F04
P0026,0.6752254562531823,GH007,F04
P0026,0.6464760903378639,GH007,F04
P0026,0.670657176259677,GH007,F04
P0026,0.742684986970149,GH007,F04
P0026,0.76881210028035,GH007,F04
P0026,0.6962413600597076,GH007,F04
P0026,0.666158013285865,GH007,F04
P0026,0.6555273554667587,GH007,F04
P0026,0.7893491639767162,GH007,F04
P0026,0.6490749598884711,GH007,F04
P0026,0.7376164979758342,GH007,F04
P0026,0.7063557567872527,GH007,F04
P0026,0.669102710333511,GH007,F04
P0026,0.6832152548265615,GH007,F04
P0026,0.6511584908829814,GH007,F04
P0026,0.6890110959138067,GH007,F04
P0026,0.6687294719444151,GH007,F04
P0026,0.7452331107456954,GH007,F04
P0026,0.7127561528576496,GH007,F04
P0026,0.7148675814404828,GH007,F04
P0026,0.6876502333229964,GH007,F04
P0026,0.7260755214471627,GH007,F04
P0026,0.7945154457601303,GH007,F04
P0026,0.8002698534563173,GH007,F04
P0026,0.700572501399763,GH007,F04
P0026,0.7595375453735654,GH007,F04
P0026,0.678719618835368,GH007,F04
P0026,0.7538979730208617,GH007,F04
P0026,0.6997654803378579,GH007,F04
P0026,0.670799896930154,GH007,F04
P0026,0.7574874621035376,GH007,F04
P0026,0.6193526463811156,GH007,F04
P0026,0.5919272085299913,GH007,F04
P0026,0.635583892127583,GH007,F04
P0026,0.6816085237258691,GH007,F04
P0026,0.6813095704837211,GH007,F04
P0026,0.7420814844016763,GH007,F04
P0026,0.8208048121174285,GH007,F04
P0026,0.7245455399874525,GH007,F04
P0026,0.7730101054518315,GH007,F04
P0026,0.8057475398068953,GH007,F04
P0026,0.7260213280449228,GH007,F04
P0026,0.7955749295051638,GH007,F04
P0026,0.7355452947518478,GH007,F04
P0026,0.8018036538899932,GH007,F04
P0026,0.7188426269460133,GH007,F04
P0026,0.7599784576774209,GH007,F04
P0026,0.8042750793685539,GH007,F04
P0026,0.7828801195849742,GH007,F04
P0026,0.7014891325416279,GH007,F04
P0026,0.7217516490862926,GH007,F04
P0026,0.7334203064385747,GH007,F04
P0026,0.7035252949962604,GH007,F04
P0026,0.813111884807664,GH007,F04
P0026,0.812596860681006,GH007,F04
P0026,0.7181013173335825,GH007,F04
P0026,0.7588005156214191,GH007,F04
P0026,0.8104334740680337,GH007,F04
P0026,0.8379159464451887,GH007,F04
P0026,0.8439209163961566,GH007,F04
P0026,0.8566612483470571,GH007,F04
P0026,0.8248631878094949,GH007,F04
P0026,0.8084562806574302,GH007,F04
P0026,0.806086494393858,GH007,F04
P0026,0.7025424827315516,GH007,F04
P0026,0.7009378776349927,GH007,F04
P0026,0.6836259357950356,GH007,F04
P0026,0.6952210307313099,GH007,F04
P0026,0.6071400511531668,GH007,F04
P0026,0.7360008529595446,GH007,F04
P0026,0.6701568800112939,GH007,F04
P0026,0.7812444164060098,GH007,F04
P0026,0.7293792254708603,GH007,F04
P0026,0.7985821683823553,GH007,F04
P0026,0.8050518569027533,GH007,F04
P0026,0.8666577540009063,GH007,F04
P0026,0.8464762098005713,GH007,F04
P0026,0.7189882598946796,GH007,F04
P0026,0.8036501783720614,GH007,F04
P0026,0.861012700633659,GH007,F04
P0026,0.8164290890971019,GH007,F04
P0026,0.8084256846641826,GH007,F04
P0026,0.8222538516109149,GH007,F04
P0026,0.7659357807223204,GH007,F04
P0026,0.7118577881145421,GH007,F04
P0026,0.7254979836410536,GH007,F04
P0026,0.7361384187799493,GH007,F04
P0026,0.7135999413550463,GH007,F04
P0026,0.7369289134921709,GH007,F04
P0026,0.7223307396661014,GH007,F04
P0026,0.7648097808951516,GH007,F04
P0026,0.8163918010122745,GH007,F04
P0026,0.7975352304138602,GH007,F04
P0026,0.8456127170996324,GH007,F04
P0026,0.8416511688808044,GH007,F04
P0026,0.7727022084358751,GH007,F04
P0026,0.8417514939522495,GH007,F04
P0026,0.8076113222790168,GH007,F04
P0026,0.8299310039886464,GH007,F04
P0026,0.8277646933989273,GH007,F04
P0026,0.800845370614069,GH007,F04
P0026,0.7394708755054888,GH007,F04
P0026,0.6500317759916316,GH007,F04
P0026,0.6273521997649579,GH007,F04
P0026,0.6106078544465132,GH007,F04
P0026,0.600877370192226,GH007,F04
P0026,0.6930557550619953,GH007,F04
P0026,0.7121776180136414,GH007,F04
P0026,0.8305250385021538,GH007,F04
P0026,0.7836439625031013,GH007,F04
P0026,0.8067990412054211,GH007,F04
P0026,0.8200761377105734,GH007,F04
P0026,0.8201489474384909,GH007,F04
P0026,0.7947021598627452,GH007,F04
P0026,0.826271228701771,GH007,F04
P0026,0.8042998527010723,GH007,F04
P0026,0.8298967019368957,GH007,F04
P0026,0.6999296600756938,GH007,F04
P0026,0.7179763762715448,GH007,F04
P0026,0.8099529288172376,GH007,F04
P0026,0.6962935391418758,GH007,F04
P0026,0.7035002977908967,GH007,F04
P0026,0.7314175769116305,GH007,F04
P0026,0.7407476518791678,GH007,F04
P0026,0.7256360012527557,GH007,F04
P0026,0.8558213265090795,GH007,F04
P0026,0.768369137600359,GH007,F04
P0026,0.8439750491284738,GH007,F04
P0026,0.807295226436032,GH007,F04
P0026,0.844472571941374,GH007,F04
P0026,0.8540544486705244,GH007,F04
P0026,0.8161585924009518,GH007,F04
P0026,0.8211311138290347,GH007,F04
P0026,0.850986306134383,GH007,F04
P0026,0.8367593541464344,GH007,F04
P0026,0.8346000808054725,GH007,F04
P0026,0.7292357748173193,GH007,F04
P0026,0.7293602141286677,GH007,F04
P0026,0.7455010814906297,GH007,F04
P0026,0.6393564975222965,GH007,F04
P0026,0.6890405574681902,GH007,F04
P0026,0.6815552358410162,GH007,F04
P0026,0.7475583805260109,GH007,F04
P0026,0.8481496560706344,GH007,F04
P0026,0.8484171323156268,GH007,F04
P0026,0.7675450477539687,GH007,F04
P0026,0.777902301802952,GH007,F04
P0026,0.8580743821077249,GH007,F04
P0026,0.8172323483668047,GH007,F04
P0026,0.8492233408363895,GH007,F04
P0026,0.8453975722059678,GH007,F04
P0026,0.8324288985741474,GH007,F04
P0026,0.8327496290161978,GH007,F04
P0026,0.8181693269029685,GH007,F04
P0026,0.7320163658329842,GH007,F04
P0026,0.8547233776963616,GH007,F04
P0027,0.6714918830075846,GH003,F08
P0027,0.7839430481537599,GH003,F08
P0027,0.7500672012944609,GH003,F08
P0027,0.7855118061304437,GH003,F08
P0027,0.7664193925832954,GH003,F08
P0027,0.7528631362402303,GH003,F08
P0027,0.8076604694644726,GH003,F08
P0027,0.6927753735844979,GH003,F08
P0027,0.7585349411410642,GH003,F08
P0027,0.7437609938099546,GH003,F08
P0027,0.610033367026741,GH003,F08
P0027,0.7359509145035346,GH003,F08
P0027,0.7729639136506897,GH003,F08
P0027,0.6265804195421555,GH003,F08
P0027,0.6117556465095598,GH003,F08
P0027,0.5372226155806854,GH003,F08
P0027,0.6778821551214043,GH003,F08
P0027,0.7038801359795718,GH003,F08
P0027,0.7471412277696282,GH003,F08
P0027,0.6675669020983471,GH003,F08
P0027,0.7111669831968144,GH003,F08
P0027,0.7160390604234347,GH003,F08
P0027,0.7334224316813707,GH003,F08
P0027,0.6838545566729938,GH003,F08
P0027,0.6690978078123287,GH003,F08
P0027,0.6808551485859026,GH003,F08
P0027,0.7045978011212218,GH003,F08
P0027,0.6799217333545385,GH003,F08
P0027,0.6332493476929042,GH003,F08
P0027,0.7310560027329842,GH003,F08
P0027,0.590703842138599,GH003,F08
P0027,0.6255021787554393,GH003,F08
P0027,0.714971327997769,GH003,F08
P0027,0.5872387735759177,GH003,F08
P0027,0.6232140082964075,GH003,F08
P0027,0.6531568664913995,GH003,F08
P0027,0.6074412011465374,GH003,F08
P0027,0.6576842736173799,GH003,F08
P0027,0.6307596115869787,GH003,F08
P0027,0.7095619633212996,GH003,F08
P0027,0.5896732655231434,GH003,F08
P0027,0.6770169617735861,GH003,F08
P0027,0.6329348380911632,GH003,F08
P0027,0.6174371966286298,GH003,F08
P0027,0.6154747774388232,GH003,F08
P0027,0.5859018594711901,GH003,F08
P0027,0.6674932795053816,GH003,F08
P0027,0.6451487325305544,GH003,F08
P0027,0.5640619805199135,GH003,F08
P0027,0.621551825679819,GH003,F08
P0027,0.5204624535096115,GH003,F08
P0027,0.5154768531248528,GH003,F08
P0027,0.5793417263442701,GH003,F08
P0027,0.5922420281289207,GH003,F08
P0027,0.6350916324606076,GH003,F08
P0027,0.6679024242445022,GH003,F08
P0027,0.615230001600579,GH003,F08
P0027,0.7141326897075706,GH003,F08
P0027,0.6811951419640394,GH003,F08
P0027,0.6467196868913313,GH003,F08
P0027,0.6283541205713583,GH003,F08
P0027,0.7051522869675103,GH003,F08
P0027,0.6193153358998583,GH003,F08
P0027,0.6202605156088062,GH003,F08
P0027,0.633894100687166,GH003,F08
P0027,0.6457942354660007,GH003,F08
P0027,0.6492421846701902,GH003,F08
P0027,0.7535740999642991,GH003,F08
P0027,0.7089438931635081,GH003,F08
P0027,0.7130280213671669,GH003,F08
P0027,0.7399098947233758,GH003,F08
P0027,0.6495456685312336,GH003,F08
P0027,0.5918926167911756,GH003,F08
P0027,0.6117304699237402,GH003,F08
P0027,0.5986738738978142,GH003,F08
P0027,0.7206713849043553,GH003,F08
P0027,0.6325552333195626,GH003,F08
P0027,0.6604566820944148,GH003,F08
P0027,0.6969178611352692,GH003,F08
P0027,0.7362602343521183,GH003,F08
P0027,0.6888471237941036,GH003,F08
P0027,0.649667130479099,GH003,F08
P0027,0.6381815840688227,GH003,F08
P0027,0.6179491856582848,GH003,F08
P0027,0.6092541301266591,GH003,F08
P0027,0.5700418547431428,GH003,F08
P0027,0.5345329090800971,GH003,F08
P0027,0.593380526113402,GH003,F08
P0027,0.6176978097692392,GH003,F08
P0027,0.7205852781281128,GH003,F08
P0027,0.7290153078691785,GH003,F08
P0027,0.7447464450713275,GH003,F08
P0027,0.6955075650197191,GH003,F08
P0027,0.7642338298980585,GH003,F08
P0027,0.7668811917656991,GH003,F08
P0027,0.7551193021735221,GH003,F08
P0027,0.7385641082111813,GH003,F08
P0027,0.7475941810110954,GH003,F08
P0027,0.7433659461414596,GH003,F08
P0027,0.7386403849303298,GH003,F08
P0027,0.6167058700524181,GH003,F08
P0027,0.6208992510977449,GH003,F08
P0027,0.6999072969014372,GH003,F08
P0027,0.6587740729974447,GH003,F08
P0027,0.7537109401559259,GH003,F08
P0027,0.7085965100072651,GH003,F08
P0027,0.7964514727671352,GH003,F08
P0027,0.740061159256789,GH003,F08
P0027,0.7676477895543792,GH003,F08
P0027,0.7804914066823355,GH003,F08
P0027,0.7726104952932015,GH003,F08
P0027,0.6759922533458312,GH003,F08
P0027,0.7966259469856004,GH003,F08
P0027,0.8025539752695781,GH003,F08
P0027,0.7562107549165605,GH003,F08
P0027,0.7733686507032294,GH003,F08
P0027,0.7652030936820758,GH003,F08
P0027,0.7892975372894392,GH003,F08
P0027,0.7611743035811905,GH003,F08
P0027,0.7564839640277637,GH003,F08
P0027,0.6412036052854524,GH003,F08
P0027,0.6948956560813838,GH003,F08
P0027,0.5415132359169358,GH003,F08
P0027,0.663136234679249,GH003,F08
P0027,0.7994430450124068,GH003,F08
P0027,0.8099122026215066,GH003,F08
P0027,0.7742203111974776,GH003,F08
P0027,0.7520584038454885,GH003,F08
P0027,0.7550320463491362,GH003,F08
P0027,0.7379228548333883,GH003,F08
P0027,0.748987166045314,GH003,F08
P0027,0.7531376704478592,GH003,F08
P0027,0.8258162150009765,GH003,F08
P0027,0.7628205703421639,GH003,F08
P0027,0.7337525836391724,GH003,F08
P0027,0.8102530368826659,GH003,F08
P0027,0.6883471868028993,GH003,F08
P0027,0.6854913574067437,GH003,F08
P0027,0.7190720243630592,GH003,F08
P0027,0.6775597144954083,GH003,F08
P0027,0.6579497392758848,GH003,F08
P0027,0.6707973932098767,GH003,F08
P0027,0.71576175634113,GH003,F08
P0027,0.8130938609099155,GH003,F08
P0027,0.8188416133303097,GH003,F08
P0027,0.7786629004591683,GH003,F08
P0027,0.7597676133347007,GH003,F08
P0027,0.7703986428403252,GH003,F08
P0027,0.7718151868691626,GH003,F08
P0027,0.7801815369467496,GH003,F08
P0027,0.7312819180648167,GH003,F08
P0027,0.7947394005750755,GH003,F08
P0027,0.7986523574724622,GH003,F08
P0027,0.7962653800842419,GH003,F08
P0027,0.6854757297593809,GH003,F08
P0027,0.7676813755068584,GH003,F08
P0027,0.7508063341604031,GH003,F08
P0027,0.5736907143545293,GH003,F08
P0027,0.5380694294981421,GH003,F08
P0027,0.6283484200697292,GH003,F08
P0027,0.5701616702324717,GH003,F08
P0027,0.753950734588881,GH003,F08
P0027,0.7399827177724376,GH003,F08
P0027,0.759929604710129,GH003,F08
P0027,0.757409900145822,GH003,F08
P0027,0.7627072862927334,GH003,F08
P0027,0.752816257210182,GH003,F08
P0027,0.7533369385407351,GH003,F08
P0027,0.7812597331040405,GH003,F08
P0027,0.7644189137511676,GH003,F08
P0027,0.7776235650235094,GH003,F08
P0027,0.7454591059388092,GH003,F08
P0027,0.650258212493499,GH003,F08
P0027,0.6676948160394898,GH003,F08
P0027,0.6495319066199599,GH003,F08
P0027,0.6248086212433027,GH003,F08
P0027,0.6891893664011445,GH003,F08
P0027,0.6615513703628599,GH003,F08
P0027,0.7848875772990169,GH003,F08
P0027,0.7408670450516133,GH003,F08
P0027,0.7785297759696769,GH003,F08
P0027,0.7727121220311503,GH003,F08
P0027,0.7539184480535026,GH003,F08
P0027,0.7648548126784173,GH003,F08
P0027,0.7949656404838706,GH003,F08
P0027,0.7043368946008315,GH003,F08
P0027,0.7457983563519248,GH003,F08
P0027,0.6670159706376666,GH003,F08
P0027,0.7405934050761355,GH003,F08
P0027,0.7434618563490814,GH003,F08
P0027,0.6350520986827848,GH003,F08
P0027,0.8012301967710782,GH003,F08
P0027,0.5682378814433786,GH003,F08
P0027,0.623107225761492,GH003,F08
P0027,0.6252777650130381,GH003,F08
P0027,0.6762103717366081,GH003,F08
P0027,0.743972755422936,GH003,F08
P0027,0.7697790211972866,GH003,F08
P0027,0.7606273187164656,GH003,F08
P0027,0.7657723753105486,GH003,F08
P0027,0.6674043933882572,GH003,F08
P0027,0.7927368529899461,GH003,F08
P0027,0.7718020251469225,GH003,F08
P0027,0.8021982403587191,GH003,F08
P0027,0.662930707495684,GH003,F08
P0027,0.7830092333017844,GH003,F08
P0027,0.7644538396892621,GH003,F08
P0027,0.8038573976015889,GH003,F08
P0027,0.7502470988170764,GH003,F08
P0027,0.7606063464642552,GH003,F08
P0028,0.7539375809570953,GH017,F08
P0028,0.7611813772077304,GH017,F08
P0028,0.818671070839218,GH017,F08
P0028,0.8623973905139414,GH017,F08
P0028,0.8169829872525938,GH017,F08
P0028,0.8432783937614481,GH017,F08
P0028,0.7639147053841435,GH017,F08
P0028,0.8383383475536367,GH017,F08
P0028,0.7430746101538902,GH017,F08
P0028,0.7858653658490978,GH017,F08
P0028,0.8203776612206306,GH017,F08
P0028,0.7163123324707329,GH017,F08
P0028,0.8262613898446106,GH017,F08
P0028,0.6859514275554445,GH017,F08
P0028,0.696163325108502,GH017,F08
P0028,0.611948915982036,GH017,F08
P0028,0.750226885553806,GH017,F08
P0028,0.7639534535704219,GH017,F08
P0028,0.7796490469933993,GH017,F08
P0028,0.7300377733802982,GH017,F08
P0028,0.7660150473107905,GH017,F08
P0028,0.715230043801725,GH017,F08
P0028,0.7990813041342208,GH017,F08
P0028,0.7432078666037486,GH017,F08
P0028,0.7221489671768804,GH017,F08
P0028,0.7830807800729813,GH017,F08
P0028,0.7040921310165864,GH017,F08
P0028,0.6962945598762875,GH017,F08
P0028,0.7179428266061445,GH017,F08
P0028,0.7410625388952587,GH017,F08
P0028,0.7225625993364819,GH017,F08
P0028,0.6747994638249223,GH017,F08
P0028,0.7079713332421451,GH017,F08
P0028,0.6752105040364892,GH017,F08
P0028,0.7056337221762428,GH017,F08
P0028,0.7717066783169988,GH017,F08
P0028,0.7245582869104689,GH017,F08
P0028,0.7585633485926923,GH017,F08
P0028,0.7092162375243398,GH017,F08
P0028,0.689985517302134,GH017,F08
P0028,0.6964234437833428,GH017,F08
P0028,0.710464880276086,GH017,F08
P0028,0.7226824803964134,GH017,F08
P0028,0.6780771571727074,GH017,F08
P0028,0.7216569602507278,GH017,F08
P0028,0.6880627936393557,GH017,F08
P0028,0.7656053775418017,GH017,F08
P0028,0.6959000718712867,GH017,F08
P0028,0.6508511024291751,GH017,F08
P0028,0.5567670611299351,GH017,F08
P0028,0.573909714704604,GH017,F08
P0028,0.673882796088477,GH017,F08
P0028,0.7112032954281529,GH017,F08
P0028,0.6751392799939946,GH017,F08
P0028,0.7007579487571777,GH017,F08
P0028,0.6954268612348599,GH017,F08
P0028,0.7125089419348272,GH017,F08
P0028,0.7058815176436549,GH017,F08
P0028,0.671338255471805,GH017,F08
P0028,0.806410428231818,GH017,F08
P0028,0.6994866583010301,GH017,F08
P0028,0.7076522385482615,GH017,F08
P0028,0.778129690363402,GH017,F08
P0028,0.7168052328306183,GH017,F08
P0028,0.7206678369568685,GH017,F08
P0028,0.7163482987114955,GH017,F08
P0028,0.6773898016108277,GH017,F08
P0028,0.7084135954749277,GH017,F08
P0028,0.7111276680388785,GH017,F08
P0028,0.7002408783699747,GH017,F08
P0028,0.7166937336551453,GH017,F08
P0028,0.6816963240299793,GH017,F08
P0028,0.7392853327568751,GH017,F08
P0028,0.6987966669078435,GH017,F08
P0028,0.7958957175561708,GH017,F08
P0028,0.7402945859696759,GH017,F08
P0028,0.7299820711939776,GH017,F08
P0028,0.7375283514295254,GH017,F08
P0028,0.7374645030394189,GH017,F08
P0028,0.8064186626945478,GH017,F08
P0028,0.722334277552716,GH017,F08
P0028,0.7150917732092537,GH017,F08
P0028,0.7798201457247866,GH017,F08
P0028,0.726958262335951,GH017,F08
P0028,0.6288178345741205,GH017,F08
P0028,0.7125733659237407,GH017,F08
P0028,0.5992142894327579,GH017,F08
P0028,0.6352437336239664,GH017,F08
P0028,0.6357475620879517,GH017,F08
P0028,0.8441232261249492,GH017,F08
P0028,0.8034361238603617,GH017,F08
P0028,0.8587624232953156,GH017,F08
P0028,0.7546746387128954,GH017,F08
P0028,0.8110614896097758,GH017,F08
P0028,0.8328441255060594,GH017,F08
P0028,0.835343528808538,GH017,F08
P0028,0.8130277486828613,GH017,F08
P0028,0.7224853353974183,GH017,F08
P0028,0.750829801462866,GH017,F08
P0028,0.7737037403073996,GH017,F08
P0028,0.836020202388342,GH017,F08
P0028,0.8662961852303592,GH017,F08
P0028,0.7416060765969474,GH017,F08
P0028,0.8422747301937468,GH017,F08
P0028,0.7465203566455662,GH017,F08
P0028,0.8124844585064941,GH017,F08
P0028,0.7574350009688824,GH017,F08
P0028,0.7802292699468523,GH017,F08
P0028,0.8264816189730662,GH017,F08
P0028,0.8412772393231885,GH017,F08
P0028,0.8529891403772601,GH017,F08
P0028,0.8606952843661914,GH017,F08
P0028,0.7564905898670102,GH017,F08
P0028,0.808676427453037,GH017,F08
P0028,0.8568754706501448,GH017,F08
P0028,0.6808558933797371,GH017,F08
P0028,0.8285828421187647,GH017,F08
P0028,0.8711563748971306,GH017,F08
P0028,0.7768595305789945,GH017,F08
P0028,0.8827539100093713,GH017,F08
P0028,0.7047216905514863,GH017,F08
P0028,0.7406061521627115,GH017,F08
P0028,0.7239965738986573,GH017,F08
P0028,0.7573652119367257,GH017,F08
P0028,0.7890609455803131,GH017,F08
P0028,0.7601976981930663,GH017,F08
P0028,0.7661838929797201,GH017,F08
P0028,0.8304190841600575,GH017,F08
P0028,0.8629536989410459,GH017,F08
P0028,0.8167210079679786,GH017,F08
P0028,0.8184940316409471,GH017,F08
P0028,0.8193776817789089,GH017,F08
P0028,0.8685659143072947,GH017,F08
P0028,0.8677675930694075,GH017,F08
P0028,0.8925965251632014,GH017,F08
P0028,0.7908995298065088,GH017,F08
P0028,0.8429741654845196,GH017,F08
P0028,0.7880501803320692,GH017,F08
P0028,0.8332086800799022,GH017,F08
P0028,0.7484431183784479,GH017,F08
P0028,0.7998720085269277,GH017,F08
P0028,0.7638490041087298,GH017,F08
P0028,0.843500118935884,GH017,F08
P0028,0.806620466680039,GH017,F08
P0028,0.8562953840852516,GH017,F08
P0028,0.8868036121076676,GH017,F08
P0028,0.7969139462503181,GH017,F08
P0028,0.8117978738486085,GH017,F08
P0028,0.7998310849804208,GH017,F08
P0028,0.7557619042742947,GH017,F08
P0028,0.807683935661722,GH017,F08
P0028,0.851239835681196,GH017,F08
P0028,0.8540132795714902,GH017,F08
P0028,0.8699896521781031,GH017,F08
P0028,0.8196546141056761,GH017,F08
P0028,0.7678279880806909,GH017,F08
P0028,0.6950233850593439,GH017,F08
P0028,0.6384390323989441,GH017,F08
P0028,0.7259999850259272,GH017,F08
P0028,0.6351234584531628,GH017,F08
P0028,0.8059221548335874,GH017,F08
P0028,0.7274722168388821,GH017,F08
P0028,0.7966441694341445,GH017,F08
P0028,0.8392400806715489,GH017,F08
P0028,0.8483864074512332,GH017,F08
P0028,0.8349145912651229,GH017,F08
P0028,0.8558612323634521,GH017,F08
P0028,0.8096689147920516,GH017,F08
P0028,0.812548883354791,GH017,F08
P0028,0.7828349584216868,GH017,F08
P0028,0.8007543458176036,GH017,F08
P0028,0.8570938166746354,GH017,F08
P0028,0.8299179948617571,GH017,F08
P0028,0.8304606286691025,GH017,F08
P0028,0.7524152744174022,GH017,F08
P0028,0.8620145614566712,GH017,F08
P0028,0.7826300905796817,GH017,F08
P0028,0.8111536787938152,GH017,F08
P0028,0.8082692563797821,GH017,F08
P0028,0.786548825042942,GH017,F08
P0028,0.8628824136527331,GH017,F08
P0028,0.8421185052681702,GH017,F08
P0028,0.8394878544879204,GH017,F08
P0028,0.8454444667153868,GH017,F08
P0028,0.8782445311751209,GH017,F08
P0028,0.872309612102426,GH017,F08
P0028,0.8394201611482212,GH017,F08
P0028,0.7859390792009584,GH017,F08
P0028,0.8332302992216,GH017,F08
P0028,0.8565725348464353,GH017,F08
P0028,0.8582643727141932,GH017,F08
P0028,0.8521840816088061,GH017,F08
P0028,0.6540009276043196,GH017,F08
P0028,0.7529473288959605,GH017,F08
P0028,0.635244840184567,GH017,F08
P0028,0.6993569367486584,GH017,F08
P0028,0.8620222445266524,GH017,F08
P0028,0.8189477521534677,GH017,F08
P0028,0.8349091852333826,GH017,F08
P0028,0.8302182744159018,GH017,F08
P0028,0.8363541221777204,GH017,F08
P0028,0.844645713648163,GH017,F08
P0028,0.8541134111394277,GH017,F08
P0028,0.8237588147358186,GH017,F08
P0028,0.7572598933641035,GH017,F08
P0028,0.8426475146917227,GH017,F08
P0028,0.8479519640272186,GH017,F08
P0028,0.8048719061148842,GH017,F08
P0028,0.7443718911577587,GH017,F08
P0028,0.7298368026125992,GH017,F08
P0029,0.7699823933652404,GH014,F02
P0029,0.6848045054080699,GH014,F02
P0029,0.7705841399543771,GH014,F02
P0029,0.7712940759360066,GH014,F02
P0029,0.801279674302065,GH014,F02
P0029,0.8259106327624139,GH014,F02
P0029,0.7665936545567307,GH014,F02
P0029,0.6806765305558945,GH014,F02
P0029,0.700291225535193,GH014,F02
P0029,0.7864456784944398,GH014,F02
P0029,0.6530464118278613,GH014,F02
P0029,0.7559379467805097,GH014,F02
P0029,0.6373702545286277,GH014,F02
P0029,0.6489694127240749,GH014,F02
P0029,0.5857748223277925,GH014,F02
P0029,0.5388242624110037,GH014,F02
P0029,0.5628603902753792,GH014,F02
P0029,0.6493068187896742,GH014,F02
P0029,0.7440113931943627,GH014,F02
P0029,0.7438256235090889,GH014,F02
P0029,0.6610408959275136,GH014,F02
P0029,0.7217113818837156,GH014,F02
P0029,0.6734533825120534,GH014,F02
P0029,0.735201126484044,GH014,F02
P0029,0.6540719317464806,GH014,F02
P0029,0.7506569824225315,GH014,F02
P0029,0.6641155515112658,GH014,F02
P0029,0.6416019773284873,GH014,F02
P0029,0.7498162986143363,GH014,F02
P0029,0.6416542081105123,GH014,F02
P0029,0.6740429174326485,GH014,F02
P0029,0.6705112298377283,GH014,F02
P0029,0.6727839419599548,GH014,F02
P0029,0.6236648357031842,GH014,F02
P0029,0.6454296556682482,GH014,F02
P0029,0.6608321538399606,GH014,F02
P0029,0.6908820517940508,GH014,F02
P0029,0.6589917569262823,GH014,F02
P0029,0.6260958072755987,GH014,F02
P0029,0.6462020376551455,GH014,F02
P0029,0.6546910488806232,GH014,F02
P0029,0.6820006732846825,GH014,F02
P0029,0.6144010992404925,GH014,F02
P0029,0.6706753806722088,GH014,F02
P0029,0.6528630190675484,GH014,F02
P0029,0.675104538531783,GH014,F02
P0029,0.6443941208606567,GH014,F02
P0029,0.6422337177734584,GH014,F02
P0029,0.5205416662328598,GH014,F02
P0029,0.5331934216989973,GH014,F02
P0029,0.5040588351728569,GH014,F02
P0029,0.5342959210056446,GH014,F02
P0029,0.6035909546246848,GH014,F02
P0029,0.589350708972237,GH014,F02
P0029,0.6297756143033885,GH014,F02
P0029,0.6414795867317212,GH014,F02
P0029,0.599847376844461,GH014,F02
P0029,0.627510321463854,GH014,F02
P0029,0.6823119207691623,GH014,F02
P0029,0.7073172650374121,GH014,F02
P0029,0.6600631433227714,GH014,F02
P0029,0.6471793522621222,GH014,F02
P0029,0.6135842535043748,GH014,F02
P0029,0.6294421285906875,GH014,F02
P0029,0.6509360181904587,GH014,F02
P0029,0.6551733284389714,GH014,F02
P0029,0.6323085303683241,GH014,F02
P0029,0.5813365385319672,GH014,F02
P0029,0.6649056947019724,GH014,F02
P0029,0.6476019532846065,GH014,F02
P0029,0.6396110951564036,GH014,F02
P0029,0.7566336712976325,GH014,F02
P0029,0.6121959405331459,GH014,F02
P0029,0.6766542037575939,GH014,F02
P0029,0.6642836899416398,GH014,F02
P0029,0.7072997947266094,GH014,F02
P0029,0.6504173903392346,GH014,F02
P0029,0.7619995341795114,GH014,F02
P0029,0.6589265134127151,GH014,F02
P0029,0.6890106292175189,GH014,F02
P0029,0.6523082924366514,GH014,F02
P0029,0.7390610175212907,GH014,F02
P0029,0.6504149807042894,GH014,F02
P0029,0.6819249288658649,GH014,F02
P0029,0.5988532219170046,GH014,F02
P0029,0.5616534431975421,GH014,F02
P0029,0.5291406068977724,GH014,F02
P0029,0.7296111741799715,GH014,F02
P0029,0.6007951827789185,GH014,F02
P0029,0.6775891860571335,GH014,F02
P0029,0.7917800266297166,GH014,F02
P0029,0.7851787928544337,GH014,F02
P0029,0.6625078568030722,GH014,F02
P0029,0.7632193967247364,GH014,F02
P0029,0.7831463515353619,GH014,F02
P0029,0.6854682850322987,GH014,F02
P0029,0.7732201152648953,GH014,F02
P0029,0.7967152485466967,GH014,F02
P0029,0.6885432292831718,GH014,F02
P0029,0.6586501270423257,GH014,F02
P0029,0.7373042502356087,GH014,F02
P0029,0.6948567309736853,GH014,F02
P0029,0.6734837565429403,GH014,F02
P0029,0.7077249790869647,GH014,F02
P0029,0.8072271457658883,GH014,F02
P0029,0.6957624462668993,GH014,F02
P0029,0.6837856457491894,GH014,F02
P0029,0.7107698585023905,GH014,F02
P0029,0.7555793654625795,GH014,F02
P0029,0.7905304580790027,GH014,F02
P0029,0.7926575717350607,GH014,F02
P0029,0.7944463121353249,GH014,F02
P0029,0.7963897065210065,GH014,F02
P0029,0.707212587059817,GH014,F02
P0029,0.7038944511841507,GH014,F02
P0029,0.7901388955248977,GH014,F02
P0029,0.6717335212375551,GH014,F02
P0029,0.733780105181235,GH014,F02
P0029,0.6783406038184437,GH014,F02
P0029,0.7770827939767282,GH014,F02
P0029,0.7812540478387848,GH014,F02
P0029,0.6200062101001227,GH014,F02
P0029,0.5367912250482512,GH014,F02
P0029,0.6223099453040513,GH014,F02
P0029,0.7759185762006056,GH014,F02
P0029,0.781690563029858,GH014,F02
P0029,0.7777621249973293,GH014,F02
P0029,0.7793498231406826,GH014,F02
P0029,0.7801647880586569,GH014,F02
P0029,0.7810790027624872,GH014,F02
P0029,0.7995759684227396,GH014,F02
P0029,0.7830808404801151,GH014,F02
P0029,0.7990280761087005,GH014,F02
P0029,0.8001494413793412,GH014,F02
P0029,0.7581705138852805,GH014,F02
P0029,0.7033055253412477,GH014,F02
P0029,0.6633956048602998,GH014,F02
P0029,0.8308333425082827,GH014,F02
P0029,0.7838866009427214,GH014,F02
P0029,0.754748772319227,GH014,F02
P0029,0.7353011939732839,GH014,F02
P0029,0.7337024558481147,GH014,F02
P0029,0.6812926337159685,GH014,F02
P0029,0.750773801458652,GH014,F02
P0029,0.7168922758749128,GH014,F02
P0029,0.7796156072150779,GH014,F02
P0029,0.7812935281497112,GH014,F02
P0029,0.6746413230875759,GH014,F02
P0029,0.71700049027793,GH014,F02
P0029,0.7982219422198807,GH014,F02
P0029,0.739644141148929,GH014,F02
P0029,0.7698673533806168,GH014,F02
P0029,0.7869362918330057,GH014,F02
P0029,0.7445645725499783,GH014,F02
P0029,0.7119843481630942,GH014,F02
P0029,0.774259755833509,GH014,F02
P0029,0.6408395813903027,GH014,F02
P0029,0.6313594412100446,GH014,F02
P0029,0.6822649993605623,GH014,F02
P0029,0.6256406410686663,GH014,F02
P0029,0.655475760305473,GH014,F02
P0029,0.6391139022731532,GH014,F02
P0029,0.7689457633675226,GH014,F02
P0029,0.751385155164044,GH014,F02
P0029,0.7245042907788656,GH014,F02
P0029,0.7567506813489716,GH014,F02
P0029,0.771379734846924,GH014,F02
P0029,0.8165786227924146,GH014,F02
P0029,0.7833363313167584,GH014,F02
P0029,0.7445516658550804,GH014,F02
P0029,0.6719191045011641,GH014,F02
P0029,0.7621272948438486,GH014,F02
P0029,0.6262516986942208,GH014,F02
P0029,0.7125404760579724,GH014,F02
P0029,0.6519437001197002,GH014,F02
P0029,0.6817016947766419,GH014,F02
P0029,0.7373343384257899,GH014,F02
P0029,0.7677516037119473,GH014,F02
P0029,0.7577877370157906,GH014,F02
P0029,0.6554666113305626,GH014,F02
P0029,0.7913532034913182,GH014,F02
P0029,0.733302991096899,GH014,F02
P0029,0.7483720098852269,GH014,F02
P0029,0.7881349797050466,GH014,F02
P0029,0.7677589891128487,GH014,F02
P0029,0.7750820529867912,GH014,F02
P0029,0.7142520153076964,GH014,F02
P0029,0.7190538036658443,GH014,F02
P0029,0.698643790161981,GH014,F02
P0029,0.7884379378144437,GH014,F02
P0029,0.7392901284036946,GH014,F02
P0029,0.7465963822737016,GH014,F02
P0029,0.6112618271982333,GH014,F02
P0029,0.5982027994861595,GH014,F02
P0029,0.5959895758504019,GH014,F02
P0029,0.6514491734181214,GH014,F02
P0029,0.6503125324378326,GH014,F02
P0029,0.7739621902702428,GH014,F02
P0029,0.8065642644977777,GH014,F02
P0029,0.7938601240946643,GH014,F02
P0029,0.7676772596859752,GH014,F02
P0029,0.764014576963616,GH014,F02
P0029,0.7729165687963578,GH014,F02
P0029,0.7339166375343984,GH014,F02
P0029,0.8070915391107731,GH014,F02
P0029,0.738864518016134,GH014,F02
P0029,0.7820551527220657,GH014,F02
P0029,0.7995772555072038,GH014,F02
P0029,0.6775042629707855,GH014,F02
P0029,0.7736689788239913,GH014,F02
P0030,0.835872599965543,GH012,F04
P0030,0.743578839906616,GH012,F04
P0030,0.8024505756844272,GH012,F04
P0030,0.8510389658335852,GH012,F04
P0030,0.7531009615948628,GH012,F04
P0030,0.7790173707829608,GH012,F04
P0030,0.8139904098815833,GH012,F04
P0030,0.8097220023487023,GH012,F04
P0030,0.8100052552055542,GH012,F04
P0030,0.8419034664759526,GH012,F04
P0030,0.8140422505286682,GH012,F04
P0030,0.8110294441133042,GH012,F04
P0030,0.8271448746579856,GH012,F04
P0030,0.7417223317477554,GH012,F04
P0030,0.767223095269149,GH012,F04
P0030,0.6700259555557472,GH012,F04
P0030,0.649291391314621,GH012,F04
P0030,0.743609179726462,GH012,F04
P0030,0.7175783225177623,GH012,F04
P0030,0.7337164501825177,GH012,F04
P0030,0.7259097845185444,GH012,F04
P0030,0.732372631352826,GH012,F04
P0030,0.6996239789957195,GH012,F04
P0030,0.7554188106945824,GH012,F04
P0030,0.7672851313337641,GH012,F04
P0030,0.8033920575321024,GH012,F04
P0030,0.7196780292555752,GH012,F04
P0030,0.7959556528683706,GH012,F04
P0030,0.7148095462891381,GH012,F04
P0030,0.7688925959885984,GH012,F04
P0030,0.662296296949263,GH012,F04
P0030,0.7938388476025863,GH012,F04
P0030,0.6739437926497901,GH012,F04
P0030,0.7244547829274239,GH012,F04
P0030,0.784853041102443,GH012,F04
P0030,0.6650921040770089,GH012,F04
P0030,0.7748709033933484,GH012,F04
P0030,0.6937417996756817,GH012,F04
P0030,0.6934077405933217,GH012,F04
P0030,0.7324801865388045,GH012,F04
P0030,0.6899043618813541,GH012,F04
P0030,0.7079101810476294,GH012,F04
P0030,0.6691914751749776,GH012,F04
P0030,0.7100131071929221,GH012,F04
P0030,0.6977476682036449,GH012,F04
P0030,0.7152528590125213,GH012,F04
P0030,0.6337721715120874,GH012,F04
P0030,0.6738117436581399,GH012,F04
P0030,0.6669843458429288,GH012,F04
P0030,0.5812780782985602,GH012,F04
P0030,0.5909948390168924,GH012,F04
P0030,0.6190982937307703,GH012,F04
P0030,0.6599182051031159,GH012,F04
P0030,0.6720628565886021,GH012,F04
P0030,0.6960291069945833,GH012,F04
P0030,0.7058467942040394,GH012,F04
P0030,0.669324974282836,GH012,F04
P0030,0.6733801105113015,GH012,F04
P0030,0.6799595507456264,GH012,F04
P0030,0.7040851699391049,GH012,F04
P0030,0.7677756622486788,GH012,F04
P0030,0.6723357024011422,GH012,F04
P0030,0.7260533141790139,GH012,F04
P0030,0.7177198828333348,GH012,F04
P0030,0.7027348674235937,GH012,F04
P0030,0.7163547357815885,GH012,F04
P0030,0.660663204008029,GH012,F04
P0030,0.664314782340219,GH012,F04
P0030,0.6481629497158662,GH012,F04
P0030,0.6961148094123526,GH012,F04
P0030,0.6654736197809686,GH012,F04
P0030,0.6735991771485433,GH012,F04
P0030,0.695833668491237,GH012,F04
P0030,0.7309130369670715,GH012,F04
P0030,0.7864972500292067,GH012,F04
P0030,0.6841294165262679,GH012,F04
P0030,0.7741313910092094,GH012,F04
P0030,0.7575899617409365,GH012,F04
P0030,0.8135386402787672,GH012,F04
P0030,0.6998808774905148,GH012,F04
P0030,0.7354763926704381,GH012,F04
P0030,0.7370646951173819,GH012,F04
P0030,0.7549992033024192,GH012,F04
P0030,0.818148336507143,GH012,F04
P0030,0.6748380753747564,GH012,F04
P0030,0.6654481361670358,GH012,F04
P0030,0.5442397832988227,GH012,F04
P0030,0.6529339307358292,GH012,F04
P0030,0.6867492566127298,GH012,F04
P0030,0.7759121627196648,GH012,F04
P0030,0.7007146886707656,GH012,F04
P0030,0.725271342328487,GH012,F04
P0030,0.7459149415278875,GH012,F04
P0030,0.8050946033967299,GH012,F04
P0030,0.7985557220643322,GH012,F04
P0030,0.7978176624203137,GH012,F04
P0030,0.8413775503869969,GH012,F04
P0030,0.820566476925707,GH012,F04
P0030,0.7846342595839745,GH012,F04
P0030,0.7970028411745806,GH012,F04
P0030,0.8442262644451154,GH012,F04
P0030,0.8011338257382836,GH012,F04
P0030,0.7282042155757285,GH012,F04
P0030,0.8589679370015507,GH012,F04
P0030,0.8439616690238603,GH012,F04
P0030,0.8131061647849992,GH012,F04
P0030,0.7304766198602198,GH012,F04
P0030,0.8556899429880325,GH012,F04
P0030,0.8120075965898826,GH012,F04
P0030,0.8712625286195743,GH012,F04
P0030,0.8540705743111705,GH012,F04
P0030,0.8347944917826263,GH012,F04
P0030,0.8014437839629499,GH012,F04
P0030,0.8456170964382452,GH012,F04
P0030,0.8079165906975155,GH012,F04
P0030,0.8362592298427024,GH012,F04
P0030,0.801852068685308,GH012,F04
P0030,0.8508930437386646,GH012,F04
P0030,0.7802927104775746,GH012,F04
P0030,0.7667599891040531,GH012,F04
P0030,0.791798304019386,GH012,F04
P0030,0.6400065160938442,GH012,F04
P0030,0.6606401771436171,GH012,F04
P0030,0.6419400741858461,GH012,F04
P0030,0.8083122026127301,GH012,F04
P0030,0.8356057755702798,GH012,F04
P0030,0.8659129518644354,GH012,F04
P0030,0.8440314569168343,GH012,F04
P0030,0.8380345888258985,GH012,F04
P0030,0.8499315694159877,GH012,F04
P0030,0.8413131712598101,GH012,F04
P0030,0.8295380223453783,GH012,F04
P0030,0.8327515300184885,GH012,F04
P0030,0.8502451478383918,GH012,F04
P0030,0.8302138559701601,GH012,F04
P0030,0.7675653367041142,GH012,F04
P0030,0.7364669808160309,GH012,F04
P0030,0.8035437195983248,GH012,F04
P0030,0.8156129045576647,GH012,F04
P0030,0.8082867158198601,GH012,F04
P0030,0.6727639676889882,GH012,F04
P0030,0.7411131756599036,GH012,F04
P0030,0.8379102241666786,GH012,F04
P0030,0.7580707886305349,GH012,F04
P0030,0.7710721788176146,GH012,F04
P0030,0.8197844967544825,GH012,F04
P0030,0.8378078176344955,GH012,F04
P0030,0.8107386490307221,GH012,F04
P0030,0.8024995114710466,GH012,F04
P0030,0.8548685228976283,GH012,F04
P0030,0.84052850849831,GH012,F04
P0030,0.8484572954799966,GH012,F04
P0030,0.8520345621553823,GH012,F04
P0030,0.8161101215781548,GH012,F04
P0030,0.8052550868741177,GH012,F04
P0030,0.8313427387869845,GH012,F04
P0030,0.7953699954613586,GH012,F04
P0030,0.7264569567170317,GH012,F04
P0030,0.6151575182540391,GH012,F04
P0030,0.666131884679661,GH012,F04
P0030,0.7425876597301019,GH012,F04
P0030,0.8120500466740582,GH012,F04
P0030,0.867233966434263,GH012,F04
P0030,0.7933143447829302,GH012,F04
P0030,0.8227312943468396,GH012,F04
P0030,0.7799739762370239,GH012,F04
P0030,0.8445040554343413,GH012,F04
P0030,0.8067413637115166,GH012,F04
P0030,0.8305336813649066,GH012,F04
P0030,0.8396728129585352,GH012,F04
P0030,0.8182238547239126,GH012,F04
P0030,0.7949203221939002,GH012,F04
P0030,0.8645381666538331,GH012,F04
P0030,0.8317034870738791,GH012,F04
P0030,0.6731543522479811,GH012,F04
P0030,0.815485658984891,GH012,F04
P0030,0.8301741258050362,GH012,F04
P0030,0.8333668791021982,GH012,F04
P0030,0.7921572145709811,GH012,F04
P0030,0.7943110398352586,GH012,F04
P0030,0.8161228393238975,GH012,F04
P0030,0.8533352696740693,GH012,F04
P0030,0.8703278349294342,GH012,F04
P0030,0.8130505173005016,GH012,F04
P0030,0.8348690070778289,GH012,F04
P0030,0.8636380232805417,GH012,F04
P0030,0.8479640854109568,GH012,F04
P0030,0.8344056153649893,GH012,F04
P0030,0.8570655738354588,GH012,F04
P0030,0.8508915739727817,GH012,F04
P0030,0.8157034341697913,GH012,F04
P0030,0.809787372107896,GH012,F04
P0030,0.7556979765350557,GH012,F04
P0030,0.779920181317609,GH012,F04
P0030,0.6107695871028881,GH012,F04
P0030,0.7442010672758707,GH012,F04
P0030,0.7718540135104803,GH012,F04
P0030,0.8311263234013611,GH012,F04
P0030,0.8686771818797829,GH012,F04
P0030,0.8443881256227797,GH012,F04
P0030,0.8255006000325658,GH012,F04
P0030,0.8334931703932363,GH012,F04
P0030,0.8260352430290966,GH012,F04
P0030,0.8094137557933468,GH012,F04
P0030,0.8175014111426119,GH012,F04
P0030,0.8352428573589942,GH012,F04
P0030,0.7831452633205753,GH012,F04
P0030,0.8351141889442628,GH012,F04
P0030,0.7411403548691121,GH012,F04
P0030,0.8442157339229407,GH012,F04
P0031,0.7567128612998819,GH019,F08
P0031,0.8620779681043981,GH019,F08
P0031,0.8674000295852451,GH019,F08
P0031,0.852295703551202,GH019,F08
P0031,0.8630444506427346,GH019,F08
P0031,0.8436223425888969,GH019,F08
P0031,0.8709841695454532,GH019,F08
P0031,0.7843953575815984,GH019,F08
P0031,0.8493342042966777,GH019,F08
P0031,0.8109432517833968,GH019,F08
P0031,0.8408906692661483,GH019,F08
P0031,0.8119022460379087,GH019,F08
P0031,0.7298639370144933,GH019,F08
P0031,0.7963056322580021,GH019,F08
P0031,0.6684296760384065,GH019,F08
P0031,0.7114746613078161,GH019,F08
P0031,0.772964988677429,GH019,F08
P0031,0.793800506041266,GH019,F08
P0031,0.8120621526944611,GH019,F08
P0031,0.7262489676494724,GH019,F08
P0031,0.8084381926382501,GH019,F08
P0031,0.8279910191658115,GH019,F08
P0031,0.7363436350503932,GH019,F08
P0031,0.7251198700586792,GH019,F08
P0031,0.8232652297532818,GH019,F08
P0031,0.8187285765707767,GH019,F08
P0031,0.7285723169887312,GH019,F08
P0031,0.7091530208876459,GH019,F08
P0031,0.7242211405986709,GH019,F08
P0031,0.7118371113823678,GH019,F08
P0031,0.7509797137694479,GH019,F08
P0031,0.7069489029871041,GH019,F08
P0031,0.7389553875238888,GH019,F08
P0031,0.6584445493145363,GH019,F08
P0031,0.7111531727597605,GH019,F08
P0031,0.7425807789754985,GH019,F08
P0031,0.7271176310735963,GH019,F08
P0031,0.7181973556449261,GH019,F08
P0031,0.7626725777284218,GH019,F08
P0031,0.7419799249036073,GH019,F08
P0031,0.6888646486961107,GH019,F08
P0031,0.746768591558985,GH019,F08
P0031,0.7725046046370343,GH019,F08
P0031,0.7149270119707767,GH019,F08
P0031,0.7302606954610903,GH019,F08
P0031,0.734819730674713,GH019,F08
P0031,0.7464481943591685,GH019,F08
P0031,0.6667466143964925,GH019,F08
P0031,0.6467214201937292,GH019,F08
P0031,0.6698926951869156,GH019,F08
P0031,0.6128699800102015,GH019,F08
P0031,0.588854031008224,GH019,F08
P0031,0.702170321683964,GH019,F08
P0031,0.7445617542315287,GH019,F08
P0031,0.6970758683066787,GH019,F08
P0031,0.739572804360021,GH019,F08
P0031,0.6974067811241688,GH019,F08
P0031,0.7085706852293039,GH019,F08
P0031,0.7102153560879662,GH019,F08
P0031,0.708551307823653,GH019,F08
P0031,0.721799229548646,GH019,F08
P0031,0.7471255785847842,GH019,F08
P0031,0.7000137179362919,GH019,F08
P0031,0.6904741848419185,GH019,F08
P0031,0.731722998413947,GH019,F08
P0031,0.7160575883582647,GH019,F08
P0031,0.7216217910429628,GH019,F08
P0031,0.6598344211212227,GH019,F08
P0031,0.7086706735910198,GH019,F08
P0031,0.6763459865098252,GH019,F08
P0031,0.7248559424172666,GH019,F08
P0031,0.7314496049793822,GH019,F08
P0031,0.7163535332528722,GH019,F08
P0031,0.7147893820465394,GH019,F08
P0031,0.7372462079960705,GH019,F08
P0031,0.7142461831472121,GH019,F08
P0031,0.7737167059266529,GH019,F08
P0031,0.7575010053666076,GH019,F08
P0031,0.8311182945693755,GH019,F08
P0031,0.7221002101211615,GH019,F08
P0031,0.8166884372375555,GH019,F08
P0031,0.7279028186134148,GH019,F08
P0031,0.7521574963346294,GH019,F08
P0031,0.8190197335492252,GH019,F08
P0031,0.6849984971416786,GH019,F08
P0031,0.6366787612327542,GH019,F08
P0031,0.6378038784874133,GH019,F08
P0031,0.6807430357278631,GH019,F08
P0031,0.8339202012440302,GH019,F08
P0031,0.8348731156357976,GH019,F08
P0031,0.7562910342336047,GH019,F08
P0031,0.8387649904109657,GH019,F08
P0031,0.8476997473946544,GH019,F08
P0031,0.8604327627206474,GH019,F08
P0031,0.8555931119770495,GH019,F08
P0031,0.8634279642290908,GH019,F08
P0031,0.8407116652733091,GH019,F08
P0031,0.8728741125040274,GH019,F08
P0031,0.825375607289266,GH019,F08
P0031,0.7496334293924107,GH019,F08
P0031,0.8576258050425327,GH019,F08
P0031,0.7643959600640998,GH019,F08
P0031,0.8149678594512689,GH019,F08
P0031,0.7679568377649236,GH019,F08
P0031,0.8887595506251235,GH019,F08
P0031,0.8177950942526517,GH019,F08
P0031,0.8425208327539726,GH019,F08
P0031,0.7488361033794,GH019,F08
P0031,0.8543601015614655,GH019,F08
P0031,0.8577813674271452,GH019,F08
P0031,0.8765692871349229,GH019,F08
P0031,0.820069165748987,GH019,F08
P0031,0.8876684111238498,GH019,F08
P0031,0.8834807366783436,GH019,F08
P0031,0.8628289690961842,GH019,F08
P0031,0.8805720126971038,GH019,F08
P0031,0.8631379977687855,GH019,F08
P0031,0.856388542773852,GH019,F08
P0031,0.8467446604822305,GH019,F08
P0031,0.7534475178743729,GH019,F08
P0031,0.7828413248384317,GH019,F08
P0031,0.7712120077725496,GH019,F08
P0031,0.6068866049103337,GH019,F08
P0031,0.7923452169370746,GH019,F08
P0031,0.8491330823460892,GH019,F08
P0031,0.8322832549177159,GH019,F08
P0031,0.850518517535585,GH019,F08
P0031,0.8507384002144206,GH019,F08
P0031,0.8485009318222924,GH019,F08
P0031,0.8516794778073711,GH019,F08
P0031,0.849084049428953,GH019,F08
P0031,0.8473069313278457,GH019,F08
P0031,0.8394305426341245,GH019,F08
P0031,0.8471073841727795,GH019,F08
P0031,0.8862881933106719,GH019,F08
P0031,0.8330686949808461,GH019,F08
P0031,0.842300355540143,GH019,F08
P0031,0.8407948846423189,GH019,F08
P0031,0.7143218683970699,GH019,F08
P0031,0.8258250894130021,GH019,F08
P0031,0.777390398637871,GH019,F08
P0031,0.7455760848071252,GH019,F08
P0031,0.783361358471324,GH019,F08
P0031,0.8396122317292822,GH019,F08
P0031,0.8755846847472438,GH019,F08
P0031,0.8872427605897768,GH019,F08
P0031,0.8218377131818431,GH019,F08
P0031,0.804030650632422,GH019,F08
P0031,0.8206933142817864,GH019,F08
P0031,0.8609134347029652,GH019,F08
P0031,0.9007422616396916,GH019,F08
P0031,0.8804713044610438,GH019,F08
P0031,0.8851598558831304,GH019,F08
P0031,0.826013903983595,GH019,F08
P0031,0.7250378966645952,GH019,F08
P0031,0.7710006600217438,GH019,F08
P0031,0.7824813855828181,GH019,F08
P0031,0.7877030064269253,GH019,F08
P0031,0.6934682138323063,GH019,F08
P0031,0.7670405455019065,GH019,F08
P0031,0.8477016646300402,GH019,F08
P0031,0.8028397832813863,GH019,F08
P0031,0.839644857736258,GH019,F08
P0031,0.7770964399849896,GH019,F08
P0031,0.8791737332678884,GH019,F08
P0031,0.8427301850311163,GH019,F08
P0031,0.8734530918487058,GH019,F08
P0031,0.7946952359083124,GH019,F08
P0031,0.8632741990865559,GH019,F08
P0031,0.8104488965887275,GH019,F08
P0031,0.895057940374786,GH019,F08
P0031,0.8015770980741197,GH019,F08
P0031,0.8397257252129241,GH019,F08
P0031,0.6819458590858607,GH019,F08
P0031,0.7868141773910663,GH019,F08
P0031,0.8319312773705257,GH019,F08
P0031,0.7517829914363806,GH019,F08
P0031,0.8478376914001092,GH019,F08
P0031,0.8551025449394074,GH019,F08
P0031,0.7785686183354432,GH019,F08
P0031,0.8729038025889252,GH019,F08
P0031,0.8630053182051932,GH019,F08
P0031,0.8147569920411265,GH019,F08
P0031,0.8543166868529989,GH019,F08
P0031,0.8136224344325172,GH019,F08
P0031,0.8257338107557524,GH019,F08
P0031,0.8725176583043089,GH019,F08
P0031,0.8552269223570309,GH019,F08
P0031,0.8774486014294375,GH019,F08
P0031,0.8172935001036906,GH019,F08
P0031,0.8719529354438146,GH019,F08
P0031,0.7626949554707355,GH019,F08
P0031,0.7951462808421919,GH019,F08
P0031,0.6923116401115627,GH019,F08
P0031,0.6223000309753635,GH019,F08
P0031,0.8065920829013887,GH019,F08
P0031,0.7007663635785366,GH019,F08
P0031,0.7568165862383616,GH019,F08
P0031,0.8439180383916778,GH019,F08
P0031,0.7878156905612286,GH019,F08
P0031,0.86074878248889,GH019,F08
P0031,0.8832235786071504,GH019,F08
P0031,0.8568732194336907,GH019,F08
P0031,0.9013659749486043,GH019,F08
P0031,0.8793836022698575,GH019,F08
P0031,0.8732807009353181,GH019,F08
P0031,0.8887228460441751,GH019,F08
P0031,0.8311198476267571,GH019,F08
P0031,0.7776867827866788,GH019,F08
P0031,0.7627194951527859,GH019,F08
P0032,0.8501795167604906,GH020,F01
P0032,0.8243104212434,GH020,F01
P0032,0.8194571216983866,GH020,F01
P0032,0.8128719402639426,GH020,F01
P0032,0.8039323047702518,GH020,F01
P0032,0.8423332207387556,GH020,F01
P0032,0.8375880573177217,GH020,F01
P0032,0.8109811600272093,GH020,F01
P0032,0.8182196166841602,GH020,F01
P0032,0.8310160041466466,GH020,F01
P0032,0.826186926693543,GH020,F01
P0032,0.7675496837746328,GH020,F01
P0032,0.7457564814913743,GH020,F01
P0032,0.6981187419248728,GH020,F01
P0032,0.7574163833269473,GH020,F01
P0032,0.6759718764972685,GH020,F01
P0032,0.6759470121458204,GH020,F01
P0032,0.6773958120907574,GH020,F01
P0032,0.7285248203374776,GH020,F01
P0032,0.8312981928576968,GH020,F01
P0032,0.7326547619131065,GH020,F01
P0032,0.8202154571610888,GH020,F01
P0032,0.7512513247198892,GH020,F01
P0032,0.8130088007681139,GH020,F01
P0032,0.7114575610966958,GH020,F01
P0032,0.7429619234988348,GH020,F01
P0032,0.7366758153196843,GH020,F01
P0032,0.7066809898277232,GH020,F01
P0032,0.8081399422165003,GH020,F01
P0032,0.7795226419653104,GH020,F01
P0032,0.7347160912978854,GH020,F01
P0032,0.7519472125264673,GH020,F01
P0032,0.6860975958259312,GH020,F01
P0032,0.7120815777978738,GH020,F01
P0032,0.7490760841306789,GH020,F01
P0032,0.7151087408203292,GH020,F01
P0032,0.7079469771594735,GH020,F01
P0032,0.7271651240854746,GH020,F01
P0032,0.6916460238769255,GH020,F01
P0032,0.7116787681055325,GH020,F01
P0032,0.6902908777091374,GH020,F01
P0032,0.6750013408426565,GH020,F01
P0032,0.7367015290746098,GH020,F01
P0032,0.7015308507706546,GH020,F01
P0032,0.7232948500142945,GH020,F01
P0032,0.7102584717129421,GH020,F01
P0032,0.6537869435311253,GH020,F01
P0032,0.67550250194941,GH020,F01
P0032,0.6478705891338853,GH020,F01
P0032,0.6266845186568075,GH020,F01
P0032,0.5831914415235453,GH020,F01
P0032,0.637985190672849,GH020,F01
P0032,0.6725542346666274,GH020,F01
P0032,0.7473138366149669,GH020,F01
P0032,0.6972545753177648,GH020,F01
P0032,0.7429150800305028,GH020,F01
P0032,0.6989179182054236,GH020,F01
P0032,0.7135585157533733,GH020,F01
P0032,0.7242822249334213,GH020,F01
P0032,0.6888498567899246,GH020,F01
P0032,0.7056413464710557,GH020,F01
P0032,0.7255876418942008,GH020,F01
P0032,0.6789687102269769,GH020,F01
P0032,0.7761606242633401,GH020,F01
P0032,0.7233693556772742,GH020,F01
P0032,0.6949182832705721,GH020,F01
P0032,0.7375942584828266,GH020,F01
P0032,0.704961144469396,GH020,F01
P0032,0.6952730818766745,GH020,F01
P0032,0.7898905250507571,GH020,F01
P0032,0.7969968620879461,GH020,F01
P0032,0.7090389062692711,GH020,F01
P0032,0.7253263322788508,GH020,F01
P0032,0.7214814936588796,GH020,F01
P0032,0.7939537917467764,GH020,F01
P0032,0.7296407727410192,GH020,F01
P0032,0.8067047962584095,GH020,F01
P0032,0.7145941271964551,GH020,F01
P0032,0.725353969927294,GH020,F01
P0032,0.7686103892955863,GH020,F01
P0032,0.8147506313048214,GH020,F01
P0032,0.7335713483114773,GH020,F01
P0032,0.7168487272393367,GH020,F01
P0032,0.7272175312962524,GH020,F01
P0032,0.6328006436669444,GH020,F01
P0032,0.5960425876685668,GH020,F01
P0032,0.5926960715857186,GH020,F01
P0032,0.6530472049549675,GH020,F01
P0032,0.8087516837692852,GH020,F01
P0032,0.8116729808232025,GH020,F01
P0032,0.814967156140862,GH020,F01
P0032,0.7625306127972581,GH020,F01
P0032,0.7327619862721906,GH020,F01
P0032,0.7319648388422283,GH020,F01
P0032,0.7937805691609621,GH020,F01
P0032,0.8497498579941528,GH020,F01
P0032,0.8404732008576351,GH020,F01
P0032,0.8091557818794061,GH020,F01
P0032,0.8372035735559101,GH020,F01
P0032,0.8058432099951185,GH020,F01
P0032,0.816316108589618,GH020,F01
P0032,0.8331877741315805,GH020,F01
P0032,0.7614814181749064,GH020,F01
P0032,0.7605205027277988,GH020,F01
P0032,0.825690918984862,GH020,F01
P0032,0.8017232628683321,GH020,F01
P0032,0.830776029727124,GH020,F01
P0032,0.7557212976341994,GH020,F01
P0032,0.8292671826117659,GH020,F01
P0032,0.7596303178985954,GH020,F01
P0032,0.7802257120128061,GH020,F01
P0032,0.8617850832097169,GH020,F01
P0032,0.8530384775195146,GH020,F01
P0032,0.8831562894546579,GH020,F01
P0032,0.8540470612403979,GH020,F01
P0032,0.8180235355287281,GH020,F01
P0032,0.8232449817090882,GH020,F01
P0032,0.846869867569704,GH020,F01
P0032,0.8395886032457682,GH020,F01
P0032,0.8636272597186774,GH020,F01
P0032,0.7413539543506178,GH020,F01
P0032,0.7191313234120201,GH020,F01
P0032,0.6196315449575888,GH020,F01
P0032,0.6924351810304914,GH020,F01
P0032,0.7827785772628766,GH020,F01
P0032,0.8527632339462249,GH020,F01
P0032,0.8611225388952778,GH020,F01
P0032,0.8622005554024037,GH020,F01
P0032,0.8263516446336354,GH020,F01
P0032,0.8471820071050492,GH020,F01
P0032,0.81894728594620525,GH020,F01
P0032,0.839408783367571,GH020,F01
P0032,0.850779178951557,GH020,F01
P0032,0.8530539789202111,GH020,F01
P0032,0.8561632407084857,GH020,F01
P0032,0.8396284371636848,GH020,F01
P0032,0.769945481120466,GH020,F01
P0032,0.8478069957248648,GH020,F01
P0032,0.8733048070257444,GH020,F01
P0032,0.7414159155757117,GH020,F01
P0032,0.8358489700058019,GH020,F01
P0032,0.7538897867945196,GH020,F01
P0032,0.8446246135692007,GH020,F01
P0032,0.823234799608478,GH020,F01
P0032,0.8726440518375599,GH020,F01
P0032,0.8317638792549518,GH020,F01
P0032,0.7593401204733572,GH020,F01
P0032,0.8567185542743984,GH020,F01
P0032,0.8246349936517318,GH020,F01
P0032,0.835452727743497,GH020,F01
P0032,0.8572600322010061,GH020,F01
P0032,0.7807873066859542,GH020,F01
P0032,0.8230334062502308,GH020,F01
P0032,0.8771325774721823,GH020,F01
P0032,0.780462649066064,GH020,F01
P0032,0.8303767868283605,GH020,F01
P0032,0.781227152592883,GH020,F01
P0032,0.6770069107979289,GH020,F01
P0032,0.6530491475146234,GH020,F01
P0032,0.7624442990740239,GH020,F01
P0032,0.8213552188022477,GH020,F01
P0032,0.861327339741139,GH020,F01
P0032,0.8223339057173941,GH020,F01
P0032,0.7625945808040309,GH020,F01
P0032,0.8386928783105599,GH020,F01
P0032,0.8418005883215632,GH020,F01
P0032,0.8672291347615626,GH020,F01
P0032,0.8080666735152588,GH020,F01
P0032,0.8538834411895144,GH020,F01
P0032,0.805930803679795,GH020,F01
P0032,0.8008878812757164,GH020,F01
P0032,0.8378585754034952,GH020,F01
P0032,0.8131838662012203,GH020,F01
P0032,0.8157013698375324,GH020,F01
P0032,0.7757539904756059,GH020,F01
P0032,0.8044588258738634,GH020,F01
P0032,0.7542043561767867,GH020,F01
P0032,0.7399924552479716,GH020,F01
P0032,0.7604706483738044,GH020,F01
P0032,0.8012192148193487,GH020,F01
P0032,0.8417212223577296,GH020,F01
P0032,0.840224911878122,GH020,F01
P0032,0.8826945422433516,GH020,F01
P0032,0.7982223896731272,GH020,F01
P0032,0.8515035682413997,GH020,F01
P0032,0.8216473862343143,GH020,F01
P0032,0.8779351273992846,GH020,F01
P0032,0.814878850903453,GH020,F01
P0032,0.8663732786638837,GH020,F01
P0032,0.8650235645721753,GH020,F01
P0032,0.8438623581244774,GH020,F01
P0032,0.7694132252369011,GH020,F01
P0032,0.796507440159337,GH020,F01
P0032,0.7658210007008716,GH020,F01
P0032,0.6906111538642276,GH020,F01
P0032,0.7681451386688255,GH020,F01
P0032,0.8000298753388254,GH020,F01
P0032,0.7650053918475236,GH020,F01
P0032,0.7718221668944776,GH020,F01
P0032,0.8768054136467627,GH020,F01
P0032,0.8423533916214131,GH020,F01
P0032,0.8159914353687927,GH020,F01
P0032,0.8580576304008094,GH020,F01
P0032,0.8525841896653694,GH020,F01
P0032,0.7500586383094685,GH020,F01
P0032,0.8407944688749477,GH020,F01
P0032,0.8421187106046757,GH020,F01
P0032,0.8583196148634857,GH020,F01
P0032,0.8178872377632144,GH020,F01
P0032,0.8209591812499514,GH020,F01
P0033,0.8438598441371933,GH008,F05
P0033,0.8394553721338653,GH008,F05
P0033,0.8109225905550834,GH008,F05
P0033,0.8466100969945987,GH008,F05
P0033,0.7570466995922716,GH008,F05
P0033,0.8445063517093264,GH008,F05
P0033,0.8178592064627433,GH008,F05
P0033,0.7773384914031207,GH008,F05
P0033,0.8628656121718925,GH008,F05
P0033,0.7770370300384857,GH008,F05
P0033,0.7644141311542355,GH008,F05
P0033,0.8203348210674636,GH008,F05
P0033,0.8332609231156153,GH008,F05
P0033,0.6997952910493904,GH008,F05
P0033,0.7176098381469607,GH008,F05
P0033,0.5683149425946464,GH008,F05
P0033,0.7286143883531018,GH008,F05
P0033,0.6989258436210128,GH008,F05
P0033,0.8588438012196128,GH008,F05
P0033,0.783851351488539,GH008,F05
P0033,0.8334336198462166,GH008,F05
P0033,0.8204245550827123,GH008,F05
P0033,0.8107146957159582,GH008,F05
P0033,0.7618019725581457,GH008,F05
P0033,0.7607377024308186,GH008,F05
P0033,0.7667607693362984,GH008,F05
P0033,0.7229647047388335,GH008,F05
P0033,0.7286569159913998,GH008,F05
P0033,0.8113458832330004,GH008,F05
P0033,0.7564088343221219,GH008,F05
P0033,0.7089352128262426,GH008,F05
P0033,0.7313289596592363,GH008,F05
P0033,0.7251247448370317,GH008,F05
P0033,0.7807291317817097,GH008,F05
P0033,0.7315555881501511,GH008,F05
P0033,0.7221770832013239,GH008,F05
P0033,0.6991672441924345,GH008,F05
P0033,0.7937726147852169,GH008,F05
P0033,0.723507620963102,GH008,F05
P0033,0.7064448474839524,GH008,F05
P0033,0.7044401844927737,GH008,F05
P0033,0.7298746849044674,GH008,F05
P0033,0.7117417103562658,GH008,F05
P0033,0.780082870635896,GH008,F05
P0033,0.7359218455945682,GH008,F05
P0033,0.719775984905461,GH008,F05
P0033,0.7273773289518466,GH008,F05
P0033,0.7458249867215846,GH008,F05
P0033,0.629859919823963,GH008,F05
P0033,0.5827084859140241,GH008,F05
P0033,0.591861442973074,GH008,F05
P0033,0.6033476833384116,GH008,F05
P0033,0.6212545598033422,GH008,F05
P0033,0.7217061323322181,GH008,F05
P0033,0.7067672367142953,GH008,F05
P0033,0.7333080837599184,GH008,F05
P0033,0.7345269082093466,GH008,F05
P0033,0.7484211578793024,GH008,F05
P0033,0.7221529400381259,GH008,F05
P0033,0.7307880368079422,GH008,F05
P0033,0.7227050869460254,GH008,F05
P0033,0.7051294625864702,GH008,F05
P0033,0.7250836451735637,GH008,F05
P0033,0.7249549152992711,GH008,F05
P0033,0.801541021181967,GH008,F05
P0033,0.6934894441439182,GH008,F05
P0033,0.7195115338289099,GH008,F05
P0033,0.7024698301363688,GH008,F05
P0033,0.7486854347252503,GH008,F05
P0033,0.6628027738749469,GH008,F05
P0033,0.7195863529361397,GH008,F05
P0033,0.7686749088570327,GH008,F05
P0033,0.8005061089976085,GH008,F05
P0033,0.8135809376627358,GH008,F05
P0033,0.7335115967502466,GH008,F05
P0033,0.7976922967297838,GH008,F05
P0033,0.7278965544393071,GH008,F05
P0033,0.7597734136511548,GH008,F05
P0033,0.8260341633616223,GH008,F05
P0033,0.7966194017881942,GH008,F05
P0033,0.8200883681583698,GH008,F05
P0033,0.8015415816212209,GH008,F05
P0033,0.735813191041671,GH008,F05
P0033,0.7134257034816368,GH008,F05
P0033,0.6151056030351982,GH008,F05
P0033,0.5983361673363505,GH008,F05
P0033,0.6226560606156638,GH008,F05
P0033,0.6794806619266088,GH008,F05
P0033,0.7418500512234586,GH008,F05
P0033,0.8541732931744915,GH008,F05
P0033,0.759530159182268,GH008,F05
P0033,0.8300540944716484,GH008,F05
P0033,0.7476392379587083,GH008,F05
P0033,0.8435448061591367,GH008,F05
P0033,0.8383551412732988,GH008,F05
P0033,0.844099187687275,GH008,F05
P0033,0.8534111726498849,GH008,F05
P0033,0.8799869148525222,GH008,F05
P0033,0.7437510646230384,GH008,F05
P0033,0.8330577958757314,GH008,F05
P0033,0.8687880522907063,GH008,F05
P0033,0.840046705749924,GH008,F05
P0033,0.8293977174356078,GH008,F05
P0033,0.8358740858618513,GH008,F05
P0033,0.763677663513088,GH008,F05
P0033,0.778977714422047,GH008,F05
P0033,0.7803177505653033,GH008,F05
P0033,0.861025274516056,GH008,F05
P0033,0.8496492784818429,GH008,F05
P0033,0.8552204184027301,GH008,F05
P0033,0.883828603855773,GH008,F05
P0033,0.8331326783449835,GH008,F05
P0033,0.8975874982654042,GH008,F05
P0033,0.8880137721269438,GH008,F05
P0033,0.8173906567250351,GH008,F05
P0033,0.8624748089820409,GH008,F05
P0033,0.8593827577701191,GH008,F05
P0033,0.876968382455238,GH008,F05
P0033,0.8524381392918225,GH008,F05
P0033,0.7258002137666321,GH008,F05
P0033,0.7517481377642496,GH008,F05
P0033,0.7822245269574049,GH008,F05
P0033,0.6979631973667078,GH008,F05
P0033,0.7521384618048759,GH008,F05
P0033,0.7000780591513268,GH008,F05
P0033,0.8784459947989679,GH008,F05
P0033,0.8381526189326065,GH008,F05
P0033,0.8394952935152037,GH008,F05
P0033,0.8513809270408171,GH008,F05
P0033,0.8354806129693989,GH008,F05
P0033,0.8934820951477362,GH008,F05
P0033,0.8525428083909105,GH008,F05
P0033,0.8587575994645672,GH008,F05
P0033,0.8375947944403,GH008,F05
P0033,0.8373523933833975,GH008,F05
P0033,0.8331647537409199,GH008,F05
P0033,0.8131073010840982,GH008,F05
P0033,0.7793327015484524,GH008,F05
P0033,0.8489580025517721,GH008,F05
P0033,0.8642369906465578,GH008,F05
P0033,0.8464446716017147,GH008,F05
P0033,0.8668367186678375,GH008,F05
P0033,0.7855721695391289,GH008,F05
P0033,0.8469931220843431,GH008,F05
P0033,0.8952725171539512,GH008,F05
P0033,0.8541714076722813,GH008,F05
P0033,0.8485710481559507,GH008,F05
P0033,0.8754915513493116,GH008,F05
P0033,0.8850291567012281,GH008,F05
P0033,0.8214983680170417,GH008,F05
P0033,0.8347867359711691,GH008,F05
P0033,0.8391938961876482,GH008,F05
P0033,0.7983011420799581,GH008,F05
P0033,0.8629859132226125,GH008,F05
P0033,0.8639421260387383,GH008,F05
P0033,0.845227690036013,GH008,F05
P0033,0.6941684187569597,GH008,F05
P0033,0.6610038492432904,GH008,F05
P0033,0.6717911694660454,GH008,F05
P0033,0.7124376228778343,GH008,F05
P0033,0.7225314847561132,GH008,F05
P0033,0.8822561399519762,GH008,F05
P0033,0.8329471968309236,GH008,F05
P0033,0.8001065317042186,GH008,F05
P0033,0.8033416485881947,GH008,F05
P0033,0.8172214657821956,GH008,F05
P0033,0.8695605096696593,GH008,F05
P0033,0.819781988119786,GH008,F05
P0033,0.9000987057934716,GH008,F05
P0033,0.8009318511326275,GH008,F05
P0033,0.8757946059250479,GH008,F05
P0033,0.863937925717391,GH008,F05
P0033,0.7904548725570241,GH008,F05
P0033,0.7447663721099635,GH008,F05
P0033,0.8355398385307039,GH008,F05
P0033,0.7603007913777253,GH008,F05
P0033,0.7627163108167425,GH008,F05
P0033,0.7478931991294449,GH008,F05
P0033,0.7772982521124157,GH008,F05
P0033,0.8463407137609368,GH008,F05
P0033,0.8578372872498701,GH008,F05
P0033,0.8506205486180858,GH008,F05
P0033,0.8645816583422113,GH008,F05
P0033,0.8627986640361355,GH008,F05
P0033,0.8846674651693605,GH008,F05
P0033,0.8319665824211493,GH008,F05
P0033,0.8811776201872226,GH008,F05
P0033,0.8337073086973424,GH008,F05
P0033,0.8660050408143607,GH008,F05
P0033,0.7318863383356509,GH008,F05
P0033,0.8446506521227255,GH008,F05
P0033,0.8294850720043127,GH008,F05
P0033,0.8143965028515908,GH008,F05
P0033,0.62783545152423,GH008,F05
P0033,0.6735240466742282,GH008,F05
P0033,0.8299575682851812,GH008,F05
P0033,0.8608219495546953,GH008,F05
P0033,0.8508855207826254,GH008,F05
P0033,0.8016931861497519,GH008,F05
P0033,0.8619397412936922,GH008,F05
P0033,0.8545954245289614,GH008,F05
P0033,0.8420872488618325,GH008,F05
P0033,0.8399507408455714,GH008,F05
P0033,0.8573464535668518,GH008,F05
P0033,0.8655143695606601,GH008,F05
P0033,0.8526662434618979,GH008,F05
P0033,0.8591350391519109,GH008,F05
P0033,0.7998384558023711,GH008,F05
P0033,0.753943637892073,GH008,F05
P0033,0.8472824326371562,GH008,F05
P0034,0.7824371160671235,GH016,F05
P0034,0.8792662915205205,GH016,F05
P0034,0.8630615687441329,GH016,F05
P0034,0.8579101214537673,GH016,F05
P0034,0.8498709539076594,GH016,F05
P0034,0.8025085030529737,GH016,F05
P0034,0.8271135363409833,GH016,F05
P0034,0.8421144770349881,GH016,F05
P0034,0.7703880891978013,GH016,F05
P0034,0.8591755301916478,GH016,F05
P0034,0.7452853350723441,GH016,F05
P0034,0.7639794858943637,GH016,F05
P0034,0.8157101905741525,GH016,F05
P0034,0.779669125391183,GH016,F05
P0034,0.6422573305718896,GH016,F05
P0034,0.6047669467752576,GH016,F05
P0034,0.651000671834414,GH016,F05
P0034,0.7143945376127493,GH016,F05
P0034,0.817189274706445,GH016,F05
P0034,0.7538256633324606,GH016,F05
P0034,0.8108086909931062,GH016,F05
P0034,0.7973428834146459,GH016,F05
P0034,0.7358916702252549,GH016,F05
P0034,0.7668175610809093,GH016,F05
P0034,0.7513566677661239,GH016,F05
P0034,0.8040507161046425,GH016,F05
P0034,0.7125808593321252,GH016,F05
P0034,0.7339557458118975,GH016,F05
P0034,0.7033920561554288,GH016,F05
P0034,0.7400361956160021,GH016,F05
P0034,0.6950955564222828,GH016,F05
P0034,0.724054827956259,GH016,F05
P0034,0.7470345236155557,GH016,F05
P0034,0.7029743851235591,GH016,F05
P0034,0.6903630733391499,GH016,F05
P0034,0.7046538115871999,GH016,F05
P0034,0.7021051421122749,GH016,F05
P0034,0.7334710749765628,GH016,F05
P0034,0.6866067075460286,GH016,F05
P0034,0.7352727038091716,GH016,F05
P0034,0.7270711539608354,GH016,F05
P0034,0.6908370641583355,GH016,F05
P0034,0.6978578086875129,GH016,F05
P0034,0.7997490020915592,GH016,F05
P0034,0.7001449318522791,GH016,F05
P0034,0.7336118795185377,GH016,F05
P0034,0.7038282373766463,GH016,F05
P0034,0.6949616533656435,GH016,F05
P0034,0.6457908620290911,GH016,F05
P0034,0.6121620917903906,GH016,F05
P0034,0.589295258721431,GH016,F05
P0034,0.6472002909981037,GH016,F05
P0034,0.6475940171231628,GH016,F05
P0034,0.6665715953064624,GH016,F05
P0034,0.6892877424564057,GH016,F05
P0034,0.7019291745840368,GH016,F05
P0034,0.743760291336546,GH016,F05
P0034,0.7462003943256211,GH016,F05
P0034,0.7701810005191632,GH016,F05
P0034,0.7110440158539101,GH016,F05
P0034,0.7162109697974007,GH016,F05
P0034,0.82380081167835,GH016,F05
P0034,0.7214728935970857,GH016,F05
P0034,0.7391758027303909,GH016,F05
P0034,0.700899683923116,GH016,F05
P0034,0.7665686723792705,GH016,F05
P0034,0.7217556549256898,GH016,F05
P0034,0.7532274025114963,GH016,F05
P0034,0.7342215793647257,GH016,F05
P0034,0.6769431311067654,GH016,F05
P0034,0.703134720939037,GH016,F05
P0034,0.6948252103535865,GH016,F05
P0034,0.7270910731361896,GH016,F05
P0034,0.7145276827702279,GH016,F05
P0034,0.7639888476309677,GH016,F05
P0034,0.7605906825527176,GH016,F05
P0034,0.7304716768810081,GH016,F05
P0034,0.8285035897291124,GH016,F05
P0034,0.7794765300070157,GH016,F05
P0034,0.7439941045276601,GH016,F05
P0034,0.7331218705548047,GH016,F05
P0034,0.7123157849583723,GH016,F05
P0034,0.7558396724157344,GH016,F05
P0034,0.8356209266888477,GH016,F05
P0034,0.7473020858674694,GH016,F05
P0034,0.7087860426790386,GH016,F05
P0034,0.6683608891189089,GH016,F05
P0034,0.6433224675126236,GH016,F05
P0034,0.7771896416505033,GH016,F05
P0034,0.805478775734957,GH016,F05
P0034,0.8052721971394352,GH016,F05
P0034,0.8145936136773536,GH016,F05
P0034,0.8329184899179637,GH016,F05
P0034,0.8347465090999896,GH016,F05
P0034,0.8421027104831924,GH016,F05
P0034,0.8578548788742058,GH016,F05
P0034,0.7948552530597045,GH016,F05
P0034,0.7436205070489896,GH016,F05
P0034,0.8720205929895126,GH016,F05
P0034,0.7754262665990034,GH016,F05
P0034,0.7328426937531831,GH016,F05
P0034,0.8356543903528533,GH016,F05
P0034,0.7218871746937744,GH016,F05
P0034,0.8223154271534588,GH016,F05
P0034,0.7798897713824947,GH016,F05
P0034,0.8728178454988168,GH016,F05
P0034,0.8578162222687523,GH016,F05
P0034,0.8684500524936857,GH016,F05
P0034,0.9091384338904601,GH016,F05
P0034,0.7577660088932616,GH016,F05
P0034,0.8256319161364093,GH016,F05
P0034,0.8443999268941075,GH016,F05
P0034,0.8812435562081212,GH016,F05
P0034,0.8615057284978817,GH016,F05
P0034,0.8602054358428078,GH016,F05
P0034,0.8817411198725726,GH016,F05
P0034,0.8832810335810716,GH016,F05
P0034,0.8796773611452482,GH016,F05
P0034,0.8154319584558113,GH016,F05
P0034,0.8162576694886629,GH016,F05
P0034,0.7634604407932118,GH016,F05
P0034,0.7293227886563373,GH016,F05
P0034,0.6413549858500645,GH016,F05
P0034,0.7129819658959036,GH016,F05
P0034,0.7420519198242536,GH016,F05
P0034,0.8571720766968306,GH016,F05
P0034,0.835077880235145,GH016,F05
P0034,0.8612681159245397,GH016,F05
P0034,0.8225010666161312,GH016,F05
P0034,0.848512504280189,GH016,F05
P0034,0.8230260046508084,GH016,F05
P0034,0.8567955409255168,GH016,F05
P0034,0.8607358185305836,GH016,F05
P0034,0.8257582657453209,GH016,F05
P0034,0.844263159117574,GH016,F05
P0034,0.8155905142961366,GH016,F05
P0034,0.8398429767303672,GH016,F05
P0034,0.8202948248311909,GH016,F05
P0034,0.7798203807705052,GH016,F05
P0034,0.7311563340247841,GH016,F05
P0034,0.8231580567787242,GH016,F05
P0034,0.8363259617978218,GH016,F05
P0034,0.7551709201522437,GH016,F05
P0034,0.8304447124296488,GH016,F05
P0034,0.8312274918321392,GH016,F05
P0034,0.785324477781788,GH016,F05
P0034,0.8137865264412578,GH016,F05
P0034,0.8316540999576801,GH016,F05
P0034,0.8322688033357176,GH016,F05
P0034,0.9098320244306095,GH016,F05
P0034,0.8651616973212096,GH016,F05
P0034,0.8190993362231824,GH016,F05
P0034,0.8700876616988323,GH016,F05
P0034,0.7958059411793683,GH016,F05
P0034,0.8205886653199855,GH016,F05
P0034,0.7007928217774952,GH016,F05
P0034,0.8488628331952534,GH016,F05
P0034,0.739369271497627,GH016,F05
P0034,0.7083387676371201,GH016,F05
P0034,0.6602547119060711,GH016,F05
P0034,0.8767450534186644,GH016,F05
P0034,0.736190507320029,GH016,F05
P0034,0.774490568547493,GH016,F05
P0034,0.8466312252221021,GH016,F05
P0034,0.838436344188879,GH016,F05
P0034,0.8502500994375771,GH016,F05
P0034,0.8528007943547453,GH016,F05
P0034,0.8371329745751565,GH016,F05
P0034,0.8745662990476268,GH016,F05
P0034,0.8559049883571539,GH016,F05
P0034,0.8264586568227248,GH016,F05
P0034,0.8792210343855832,GH016,F05
P0034,0.8796756809759466,GH016,F05
P0034,0.8430087428880656,GH016,F05
P0034,0.7829243405105548,GH016,F05
P0034,0.7392551442592873,GH016,F05
P0034,0.7755115145186349,GH016,F05
P0034,0.8612124572598013,GH016,F05
P0034,0.8736506168527145,GH016,F05
P0034,0.8003364745074646,GH016,F05
P0034,0.807450616431732,GH016,F05
P0034,0.8474943999595795,GH016,F05
P0034,0.8313860204414546,GH016,F05
P0034,0.8511401575476365,GH016,F05
P0034,0.8457171291829784,GH016,F05
P0034,0.8526788744404667,GH016,F05
P0034,0.8738023360745428,GH016,F05
P0034,0.8320971455650809,GH016,F05
P0034,0.8463460334974028,GH016,F05
P0034,0.7616166394729086,GH016,F05
P0034,0.8532844961032646,GH016,F05
P0034,0.8311808412491071,GH016,F05
P0034,0.8199433140456602,GH016,F05
P0034,0.7124273456270451,GH016,F05
P0034,0.6906708101802765,GH016,F05
P0034,0.799736333358186,GH016,F05
P0034,0.8169971834798345,GH016,F05
P0034,0.85469129134406,GH016,F05
P0034,0.8128695283445164,GH016,F05
P0034,0.8569840916831358,GH016,F05
P0034,0.8470754088421771,GH016,F05
P0034,0.8427896754838359,GH016,F05
P0034,0.8721184377959981,GH016,F05
P0034,0.8371862400427177,GH016,F05
P0034,0.8477127482465722,GH016,F05
P0034,0.7621681277243526,GH016,F05
P0034,0.855560113398671,GH016,F05
P0034,0.7933373114461242,GH016,F05
P0034,0.8500683948509311,GH016,F05
P0034,0.7304887116140742,GH016,F05
P0035,0.7283250270519336,GH016,F05
P0035,0.7328067814571538,GH016,F05
P0035,0.749495892124244,GH016,F05
P0035,0.8045653440070211,GH016,F05
P0035,0.6931242022513204,GH016,F05
P0035,0.8070664144168994,GH016,F05
P0035,0.8519994722672254,GH016,F05
P0035,0.7967810586540633,GH016,F05
P0035,0.7101879260443298,GH016,F05
P0035,0.670985810097423,GH016,F05
P0035,0.6949261671147952,GH016,F05
P0035,0.6829582000325194,GH016,F05
P0035,0.7687420373230647,GH016,F05
P0035,0.6624391180086195,GH016,F05
P0035,0.608018577466888,GH016,F05
P0035,0.5877260748292951,GH016,F05
P0035,0.7529330368021414,GH016,F05
P0035,0.6668513090389235,GH016,F05
P0035,0.8332066352391871,GH016,F05
P0035,0.7462167344344833,GH016,F05
P0035,0.7728008700941496,GH016,F05
P0035,0.7902234087113679,GH016,F05
P0035,0.7055860623219724,GH016,F05
P0035,0.7403966611738342,GH016,F05
P0035,0.6681480977639626,GH016,F05
P0035,0.705913726925705,GH016,F05
P0035,0.7692160765393787,GH016,F05
P0035,0.6803846728361903,GH016,F05
P0035,0.6709342094463648,GH016,F05
P0035,0.6786527734776933,GH016,F05
P0035,0.6429660703956809,GH016,F05
P0035,0.6525316455550937,GH016,F05
P0035,0.6378425883571651,GH016,F05
P0035,0.6490220113504827,GH016,F05
P0035,0.697279954653316,GH016,F05
P0035,0.663906409887952,GH016,F05
P0035,0.7258457755868779,GH016,F05
P0035,0.7019521822290884,GH016,F05
P0035,0.7269761434577544,GH016,F05
P0035,0.7758347963934341,GH016,F05
P0035,0.706185017140412,GH016,F05
P0035,0.6939186407173179,GH016,F05
P0035,0.6962844060108647,GH016,F05
P0035,0.6957881824352139,GH016,F05
P0035,0.6745068176871597,GH016,F05
P0035,0.6916016751437348,GH016,F05
P0035,0.6459195783494457,GH016,F05
P0035,0.6299122721892624,GH016,F05
P0035,0.6078449200401796,GH016,F05
P0035,0.5995129522833378,GH016,F05
P0035,0.5099300533619446,GH016,F05
P0035,0.598105907994183,GH016,F05
P0035,0.6279449636279775,GH016,F05
P0035,0.7044385334893338,GH016,F05
P0035,0.6622201312315037,GH016,F05
P0035,0.6943851166318836,GH016,F05
P0035,0.6691001262056456,GH016,F05
P0035,0.6691451168737423,GH016,F05
P0035,0.7061627686031546,GH016,F05
P0035,0.6812625024057002,GH016,F05
P0035,0.6453337002298161,GH016,F05
P0035,0.7163856004689775,GH016,F05
P0035,0.6951362061965424,GH016,F05
P0035,0.7024669822813807,GH016,F05
P0035,0.6539252795465005,GH016,F05
P0035,0.6778601774290897,GH016,F05
P0035,0.7055108570469569,GH016,F05
P0035,0.6624283739963771,GH016,F05
P0035,0.6680694458657034,GH016,F05
P0035,0.6529972934870819,GH016,F05
P0035,0.6935291929699775,GH016,F05
P0035,0.7038126105431575,GH016,F05
P0035,0.6955428390879902,GH016,F05
P0035,0.7318780005707366,GH016,F05
P0035,0.6577948875739665,GH016,F05
P0035,0.699132419664636,GH016,F05
P0035,0.6897921244834497,GH016,F05
P0035,0.7006902394761084,GH016,F05
P0035,0.7936411366208611,GH016,F05
P0035,0.6868475900793942,GH016,F05
P0035,0.690949970498357,GH016,F05
P0035,0.6731590060786647,GH016,F05
P0035,0.7243874597525732,GH016,F05
P0035,0.6836847206849025,GH016,F05
P0035,0.671540696653734,GH016,F05
P0035,0.6252323862621616,GH016,F05
P0035,0.6743604941787598,GH016,F05
P0035,0.6878698139824609,GH016,F05
P0035,0.6694716275166039,GH016,F05
P0035,0.7792938610807916,GH016,F05
P0035,0.7996784232044079,GH016,F05
P0035,0.8067411504698627,GH016,F05
P0035,0.6724766106395125,GH016,F05
P0035,0.7960853764190876,GH016,F05
P0035,0.7343759910698752,GH016,F05
P0035,0.7965652207051795,GH016,F05
P0035,0.8316350812121003,GH016,F05
P0035,0.6881203034175947,GH016,F05
P0035,0.8282838001427353,GH016,F05
P0035,0.7676894740507719,GH016,F05
P0035,0.6998924049121829,GH016,F05
P0035,0.7147267138172445,GH016,F05
P0035,0.7372255724012036,GH016,F05
P0035,0.7107147482527696,GH016,F05
P0035,0.7717122375193444,GH016,F05
P0035,0.7138800109955253,GH016,F05
P0035,0.7845765400830197,GH016,F05
P0035,0.7650448003669267,GH016,F05
P0035,0.8330065116757408,GH016,F05
P0035,0.7702226780787462,GH016,F05
P0035,0.8285576250044804,GH016,F05
P0035,0.8246355858791186,GH016,F05
P0035,0.8661544471637739,GH016,F05
P0035,0.8226521371115472,GH016,F05
P0035,0.7463325499132868,GH016,F05
P0035,0.8185050571964317,GH016,F05
P0035,0.8269581793640788,GH016,F05
P0035,0.7289450561110102,GH016,F05
P0035,0.8404876352173302,GH016,F05
P0035,0.8139055218990099,GH016,F05
P0035,0.6122407045926085,GH016,F05
P0035,0.7439103966420157,GH016,F05
P0035,0.6592913746634329,GH016,F05
P0035,0.6525864295322866,GH016,F05
P0035,0.7231184718961783,GH016,F05
P0035,0.7588380214381252,GH016,F05
P0035,0.8245921158612137,GH016,F05
P0035,0.7029705035885739,GH016,F05
P0035,0.8102068664503879,GH016,F05
P0035,0.8458748456952021,GH016,F05
P0035,0.8238169493267925,GH016,F05
P0035,0.8214126574455592,GH016,F05
P0035,0.8368207938320492,GH016,F05
P0035,0.8051433681438839,GH016,F05
P0035,0.7798290541614147,GH016,F05
P0035,0.8404800262449118,GH016,F05
P0035,0.7381655271894823,GH016,F05
P0035,0.750524262978423,GH016,F05
P0035,0.7099868960346545,GH016,F05
P0035,0.703636014772417,GH016,F05
P0035,0.8265820632332463,GH016,F05
P0035,0.743710500547287,GH016,F05
P0035,0.7650665661989402,GH016,F05
P0035,0.8330824003441669,GH016,F05
P0035,0.8161798135598868,GH016,F05
P0035,0.8369278985180211,GH016,F05
P0035,0.6797909634477786,GH016,F05
P0035,0.8267139120621567,GH016,F05
P0035,0.8486048334833806,GH016,F05
P0035,0.8175232699624055,GH016,F05
P0035,0.7714436767029849,GH016,F05
P0035,0.8050340121373875,GH016,F05
P0035,0.7721649433914946,GH016,F05
P0035,0.7218004276315758,GH016,F05
P0035,0.787626273820512,GH016,F05
P0035,0.6713705614129121,GH016,F05
P0035,0.7647549918646721,GH016,F05
P0035,0.7108448248208388,GH016,F05
P0035,0.5495117330524648,GH016,F05
P0035,0.7290245331849039,GH016,F05
P0035,0.82420398369846,GH016,F05
P0035,0.8383831501577788,GH016,F05
P0035,0.8398013068610458,GH016,F05
P0035,0.8356307293134796,GH016,F05
P0035,0.8571789870158684,GH016,F05
P0035,0.7561769434656573,GH016,F05
P0035,0.8583703828886985,GH016,F05
P0035,0.7464096492039226,GH016,F05
P0035,0.8255686827798808,GH016,F05
P0035,0.8404402537645075,GH016,F05
P0035,0.7981778568115437,GH016,F05
P0035,0.8288455162797611,GH016,F05
P0035,0.7241371071397873,GH016,F05
P0035,0.7376879507619286,GH016,F05
P0035,0.6681288888043669,GH016,F05
P0035,0.7105324769823453,GH016,F05
P0035,0.7268021353887109,GH016,F05
P0035,0.7618866883388609,GH016,F05
P0035,0.7244000145947677,GH016,F05
P0035,0.7378136790265131,GH016,F05
P0035,0.6978536560459511,GH016,F05
P0035,0.8096902250395839,GH016,F05
P0035,0.8206859269093991,GH016,F05
P0035,0.840132322046251,GH016,F05
P0035,0.844208936536941,GH016,F05
P0035,0.8423092196724331,GH016,F05
P0035,0.7944417926391711,GH016,F05
P0035,0.8588524054533091,GH016,F05
P0035,0.8181762819132881,GH016,F05
P0035,0.7290890072065898,GH016,F05
P0035,0.8442812443764784,GH016,F05
P0035,0.6930322986476055,GH016,F05
P0035,0.7886048521154414,GH016,F05
P0035,0.6043066880958803,GH016,F05
P0035,0.7005457417983344,GH016,F05
P0035,0.649806527903017,GH016,F05
P0035,0.6823642661949904,GH016,F05
P0035,0.7556123570232143,GH016,F05
P0035,0.7927353856510554,GH016,F05
P0035,0.8364177670215782,GH016,F05
P0035,0.8475322051009299,GH016,F05
P0035,0.7211340060844798,GH016,F05
P0035,0.8045800414008752,GH016,F05
P0035,0.8071850591314266,GH016,F05
P0035,0.8433823768897108,GH016,F05
P0035,0.881670793053187,GH016,F05
P0035,0.8113081173197427,GH016,F05
P0035,0.8096211296278348,GH016,F05
P0035,0.7324096383998085,GH016,F05
P0035,0.702206426550994,GH016,F05
P0036,0.8279000261792142,GH007,F04
P0036,0.8700592305640482,GH007,F04
P0036,0.8797251110003443,GH007,F04
P0036,0.7482527242089511,GH007,F04
P0036,0.8387873521157213,GH007,F04
P0036,0.8610147903099533,GH007,F04
P0036,0.8466429327588001,GH007,F04
P0036,0.8405349926359141,GH007,F04
P0036,0.7894893558685173,GH007,F04
P0036,0.7438606153356684,GH007,F04
P0036,0.7412539513277207,GH007,F04
P0036,0.8081208470219668,GH007,F04
P0036,0.7575253222547748,GH007,F04
P0036,0.7117984846313279,GH007,F04
P0036,0.6489375373259797,GH007,F04
P0036,0.6511843583587248,GH007,F04
P0036,0.6357837481581852,GH007,F04
P0036,0.6780215853609072,GH007,F04
P0036,0.8110737917022418,GH007,F04
P0036,0.7379686638124293,GH007,F04
P0036,0.8018741800102048,GH007,F04
P0036,0.7158346769207541,GH007,F04
P0036,0.7798058495451498,GH007,F04
P0036,0.8346830582676147,GH007,F04
P0036,0.8007120884232976,GH007,F04
P0036,0.7718545759008829,GH007,F04
P0036,0.7818073465601504,GH007,F04
P0036,0.6870046102250101,GH007,F04
P0036,0.7192086048645979,GH007,F04
P0036,0.8067818021277883,GH007,F04
P0036,0.7332220887242615,GH007,F04
P0036,0.7076942190342435,GH007,F04
P0036,0.7029395256433139,GH007,F04
P0036,0.6725183705862272,GH007,F04
P0036,0.6837966369467214,GH007,F04
P0036,0.7287852404118889,GH007,F04
P0036,0.7553659556926561,GH007,F04
P0036,0.7388333542777635,GH007,F04
P0036,0.674406245370698,GH007,F04
P0036,0.7286191802705865,GH007,F04
P0036,0.6981191387492185,GH007,F04
P0036,0.7691750189798989,GH007,F04
P0036,0.7188854927444233,GH007,F04
P0036,0.6738031714620725,GH007,F04
P0036,0.671739724559434,GH007,F04
P0036,0.6858080930666299,GH007,F04
P0036,0.6974089506018841,GH007,F04
P0036,0.6925555567774528,GH007,F04
P0036,0.6621967789149914,GH007,F04
P0036,0.6119474058630262,GH007,F04
P0036,0.5667809705924275,GH007,F04
P0036,0.6617629033571827,GH007,F04
P0036,0.6601110716944941,GH007,F04
P0036,0.6584339202965205,GH007,F04
P0036,0.665984964997936,GH007,F04
P0036,0.6978351649286361,GH007,F04
P0036,0.7367982565155206,GH007,F04
P0036,0.6445380726572392,GH007,F04
P0036,0.686680339236463,GH007,F04
P0036,0.7153474482654644,GH007,F04
P0036,0.7157924954358712,GH007,F04
P0036,0.6960316470134599,GH007,F04
P0036,0.6907158229332151,GH007,F04
P0036,0.7079413873131769,GH007,F04
P0036,0.7691314941564704,GH007,F04
P0036,0.7898190587223141,GH007,F04
P0036,0.7442647268971772,GH007,F04
P0036,0.6660142941906654,GH007,F04
P0036,0.7222631549439457,GH007,F04
P0036,0.7415640593516294,GH007,F04
P0036,0.6910789885425207,GH007,F04
P0036,0.7172245562702372,GH007,F04
P0036,0.717380845666023,GH007,F04
P0036,0.6712940904601238,GH007,F04
P0036,0.7637133777745091,GH007,F04
P0036,0.7382570292617042,GH007,F04
P0036,0.8170155480249175,GH007,F04
P0036,0.7411306979404072,GH007,F04
P0036,0.7214460307958039,GH007,F04
P0036,0.7260200085917955,GH007,F04
P0036,0.7446780232682091,GH007,F04
P0036,0.8387960596814269,GH007,F04
P0036,0.7138983813256166,GH007,F04
P0036,0.7033624317796382,GH007,F04
P0036,0.6580621142902987,GH007,F04
P0036,0.6300350391149109,GH007,F04
P0036,0.6117394919528829,GH007,F04
P0036,0.6948156588172295,GH007,F04
P0036,0.8037946953912926,GH007,F04
P0036,0.780349741554006,GH007,F04
P0036,0.8021526540825157,GH007,F04
P0036,0.8149488258942184,GH007,F04
P0036,0.7396240249403072,GH007,F04
P0036,0.7740613000258442,GH007,F04
P0036,0.833103742691162,GH007,F04
P0036,0.8242908671531778,GH007,F04
P0036,0.7673111533656473,GH007,F04
P0036,0.8635577544470862,GH007,F04
P0036,0.8032963355038517,GH007,F04
P0036,0.7972359608641647,GH007,F04
P0036,0.740808068680841,GH007,F04
P0036,0.8101171104050038,GH007,F04
P0036,0.7190817740725296,GH007,F04
P0036,0.8080241867435887,GH007,F04
P0036,0.7302999293296744,GH007,F04
P0036,0.7611285084759797,GH007,F04
P0036,0.763324253263175,GH007,F04
P0036,0.874777050023925,GH007,F04
P0036,0.8648706684615194,GH007,F04
P0036,0.8202515850543903,GH007,F04
P0036,0.8061422560852242,GH007,F04
P0036,0.8511669415555578,GH007,F04
P0036,0.7907513535049624,GH007,F04
P0036,0.84820688214116,GH007,F04
P0036,0.8493422005669458,GH007,F04
P0036,0.8759128890231187,GH007,F04
P0036,0.8352133541655856,GH007,F04
P0036,0.8513161785383264,GH007,F04
P0036,0.8108609451599726,GH007,F04
P0036,0.7777311687639371,GH007,F04
P0036,0.7412431376300052,GH007,F04
P0036,0.7871855408906755,GH007,F04
P0036,0.6353298983476705,GH007,F04
P0036,0.6858221921978714,GH007,F04
P0036,0.8318818017878713,GH007,F04
P0036,0.8233633053132378,GH007,F04
P0036,0.8255925488065796,GH007,F04
P0036,0.8645292647909706,GH007,F04
P0036,0.8618247866516134,GH007,F04
P0036,0.8577413421145164,GH007,F04
P0036,0.8963625627669435,GH007,F04
P0036,0.8222667961743223,GH007,F04
P0036,0.8421736760863257,GH007,F04
P0036,0.8554412138996781,GH007,F04
P0036,0.8498993343424791,GH007,F04
P0036,0.8167406739733577,GH007,F04
P0036,0.7643630595902797,GH007,F04
P0036,0.7725622319675807,GH007,F04
P0036,0.8269535182290707,GH007,F04
P0036,0.8466952533753289,GH007,F04
P0036,0.7367351158334741,GH007,F04
P0036,0.8445389831148306,GH007,F04
P0036,0.8693090128287903,GH007,F04
P0036,0.8035428262677592,GH007,F04
P0036,0.7019901764777283,GH007,F04
P0036,0.8506244244949072,GH007,F04
P0036,0.8368711272769997,GH007,F04
P0036,0.8162447522121111,GH007,F04
P0036,0.8266279597209767,GH007,F04
P0036,0.8247240879893564,GH007,F04
P0036,0.8509934460773778,GH007,F04
P0036,0.7815665068420934,GH007,F04
P0036,0.8479925985146145,GH007,F04
P0036,0.8203599547700229,GH007,F04
P0036,0.7475512488987544,GH007,F04
P0036,0.6957213800185096,GH007,F04
P0036,0.6664326803045773,GH007,F04
P0036,0.7519993117184306,GH007,F04
P0036,0.585216960112153,GH007,F04
P0036,0.7183183087655245,GH007,F04
P0036,0.7194562706662385,GH007,F04
P0036,0.7678733996906897,GH007,F04
P0036,0.8121870861455489,GH007,F04
P0036,0.8210969697937345,GH007,F04
P0036,0.8146227110468949,GH007,F04
P0036,0.8482468180763405,GH007,F04
P0036,0.8175422459108195,GH007,F04
P0036,0.836656767706831,GH007,F04
P0036,0.8370586002083239,GH007,F04
P0036,0.8217459541992543,GH007,F04
P0036,0.8556717688755346,GH007,F04
P0036,0.8334457748422048,GH007,F04
P0036,0.7349340749957832,GH007,F04
P0036,0.7696858514029573,GH007,F04
P0036,0.7972403764484007,GH007,F04
P0036,0.7360658109153382,GH007,F04
P0036,0.7586673851055198,GH007,F04
P0036,0.7662737092505071,GH007,F04
P0036,0.8251143867972501,GH007,F04
P0036,0.8316230419265824,GH007,F04
P0036,0.7998470956112591,GH007,F04
P0036,0.8436225574253748,GH007,F04
P0036,0.8425544390457574,GH007,F04
P0036,0.8589924335663053,GH007,F04
P0036,0.7942772300319334,GH007,F04
P0036,0.7822590575658558,GH007,F04
P0036,0.8542929628648562,GH007,F04
P0036,0.8466853530729488,GH007,F04
P0036,0.8374606850839216,GH007,F04
P0036,0.745798169859038,GH007,F04
P0036,0.8216684578859128,GH007,F04
P0036,0.8366740045699634,GH007,F04
P0036,0.80465625616029135,GH007,F04
P0036,0.6679611713971191,GH007,F04
P0036,0.6269855674954078,GH007,F04
P0036,0.6889477781858812,GH007,F04
P0036,0.7505419277983646,GH007,F04
P0036,0.8353800356932058,GH007,F04
P0036,0.7096013472229823,GH007,F04
P0036,0.8257061695840687,GH007,F04
P0036,0.8272800659066555,GH007,F04
P0036,0.7817506301413536,GH007,F04
P0036,0.8222272443322344,GH007,F04
P0036,0.8497013967421622,GH007,F04
P0036,0.8219084426585384,GH007,F04
P0036,0.9051527316052926,GH007,F04
P0036,0.8469088229282077,GH007,F04
P0036,0.8458609959224637,GH007,F04
P0036,0.7037516632575754,GH007,F04
P0036,0.8494151180703486,GH007,F04
P0037,0.8137752874569519,GH020,F01
P0037,0.7936292853177941,GH020,F01
P0037,0.8390161569380705,GH020,F01
P0037,0.7071543588647067,GH020,F01
P0037,0.7127610579137541,GH020,F01
P0037,0.8096781842705154,GH020,F01
P0037,0.8151794232065792,GH020,F01
P0037,0.8199612833862806,GH020,F01
P0037,0.7214653714642848,GH020,F01
P0037,0.7867270821543925,GH020,F01
P0037,0.7218479998458973,GH020,F01
P0037,0.7029633062204003,GH020,F01
P0037,0.6762958996094586,GH020,F01
P0037,0.654660638661571,GH020,F01
P0037,0.6176170128775574,GH020,F01
P0037,0.5572666776959665,GH020,F01
P0037,0.6491484730895897,GH020,F01
P0037,0.7429691064465204,GH020,F01
P0037,0.8110629294525262,GH020,F01
P0037,0.7644007551272866,GH020,F01
P0037,0.7797965311251838,GH020,F01
P0037,0.808826098011709,GH020,F01
P0037,0.6994829442747588,GH020,F01
P0037,0.7997586692317623,GH020,F01
P0037,0.7916993232807172,GH020,F01
P0037,0.6873291503101976,GH020,F01
P0037,0.7171966558698685,GH020,F01
P0037,0.7894956226220549,GH020,F01
P0037,0.7899270515843101,GH020,F01
P0037,0.6616951681157149,GH020,F01
P0037,0.6572428190300316,GH020,F01
P0037,0.6735963335227498,GH020,F01
P0037,0.7057689365004521,GH020,F01
P0037,0.6845584648845622,GH020,F01
P0037,0.6700869708358325,GH020,F01
P0037,0.7573021661037872,GH020,F01
P0037,0.7407957412636983,GH020,F01
P0037,0.6686682063750904,GH020,F01
P0037,0.7063048283624266,GH020,F01
P0037,0.7982333668755976,GH020,F01
P0037,0.6885032356980562,GH020,F01
P0037,0.6960259857764879,GH020,F01
P0037,0.6490838664943239,GH020,F01
P0037,0.6967785773568105,GH020,F01
P0037,0.7181802621049284,GH020,F01
P0037,0.69154325763882,GH020,F01
P0037,0.6983881141816923,GH020,F01
P0037,0.6509608500230142,GH020,F01
P0037,0.6263263887740774,GH020,F01
P0037,0.5904433536141696,GH020,F01
P0037,0.5074866934809074,GH020,F01
P0037,0.5765629182293884,GH020,F01
P0037,0.6279083645597818,GH020,F01
P0037,0.6687084536945367,GH020,F01
P0037,0.6709203295596927,GH020,F01
P0037,0.7584314105889258,GH020,F01
P0037,0.649895030687513,GH020,F01
P0037,0.6675034206882117,GH020,F01
P0037,0.6955912025840698,GH020,F01
P0037,0.6836127230685408,GH020,F01
P0037,0.7836007324721652,GH020,F01
P0037,0.6938314115579779,GH020,F01
P0037,0.716028206994482,GH020,F01
P0037,0.7037014542627335,GH020,F01
P0037,0.6581746841921314,GH020,F01
P0037,0.6573239680139692,GH020,F01
P0037,0.6745038028537099,GH020,F01
P0037,0.6978496097215209,GH020,F01
P0037,0.637593439142702,GH020,F01
P0037,0.6866947093136833,GH020,F01
P0037,0.6506847705162541,GH020,F01
P0037,0.7024531055275379,GH020,F01
P0037,0.6917562075648349,GH020,F01
P0037,0.7528803237094901,GH020,F01
P0037,0.6904807094761973,GH020,F01
P0037,0.6823696466134044,GH020,F01
P0037,0.6890396550749264,GH020,F01
P0037,0.7842765778698297,GH020,F01
P0037,0.7696900892014653,GH020,F01
P0037,0.7849884204869094,GH020,F01
P0037,0.646973146756834,GH020,F01
P0037,0.7298256476294576,GH020,F01
P0037,0.6982280919935852,GH020,F01
P0037,0.6777688907429933,GH020,F01
P0037,0.6355881869751981,GH020,F01
P0037,0.6092151484841822,GH020,F01
P0037,0.6523700666906883,GH020,F01
P0037,0.6630372673320046,GH020,F01
P0037,0.6823088959679281,GH020,F01
P0037,0.7315048969263794,GH020,F01
P0037,0.7028174093102876,GH020,F01
P0037,0.8111939958315973,GH020,F01
P0037,0.8422033958010529,GH020,F01
P0037,0.8095305504251098,GH020,F01
P0037,0.8021997064425168,GH020,F01
P0037,0.8155899598227152,GH020,F01
P0037,0.8131004596800111,GH020,F01
P0037,0.8023380658874372,GH020,F01
P0037,0.7216873147739892,GH020,F01
P0037,0.7941818664316369,GH020,F01
P0037,0.6869586417628246,GH020,F01
P0037,0.6954139897066278,GH020,F01
P0037,0.7378274190150441,GH020,F01
P0037,0.7167413642267966,GH020,F01
P0037,0.7106124395587845,GH020,F01
P0037,0.7481472023482466,GH020,F01
P0037,0.7326658930763472,GH020,F01
P0037,0.7823791899657286,GH020,F01
P0037,0.733810911150466,GH020,F01
P0037,0.8210958766581251,GH020,F01
P0037,0.7765685992446307,GH020,F01
P0037,0.7276536096063471,GH020,F01
P0037,0.7627979269489815,GH020,F01
P0037,0.8454716782534452,GH020,F01
P0037,0.87830620352038,GH020,F01
P0037,0.7890087487274247,GH020,F01
P0037,0.7917432477043729,GH020,F01
P0037,0.7921723667045221,GH020,F01
P0037,0.8219557101460767,GH020,F01
P0037,0.7582838189144935,GH020,F01
P0037,0.6752735837289903,GH020,F01
P0037,0.6746433840745308,GH020,F01
P0037,0.6268453664019947,GH020,F01
P0037,0.6506187998664726,GH020,F01
P0037,0.7300808581357725,GH020,F01
P0037,0.806010720519317,GH020,F01
P0037,0.7960463320190316,GH020,F01
P0037,0.7730783901790673,GH020,F01
P0037,0.8138622427411241,GH020,F01
P0037,0.842859880751436,GH020,F01
P0037,0.8626613394661867,GH020,F01
P0037,0.821602711109987,GH020,F01
P0037,0.7959298946334149,GH020,F01
P0037,0.8468319970009266,GH020,F01
P0037,0.7908108263955813,GH020,F01
P0037,0.8080909434183929,GH020,F01
P0037,0.759759956161176,GH020,F01
P0037,0.864329467128751,GH020,F01
P0037,0.8047220132386108,GH020,F01
P0037,0.7353504420876368,GH020,F01
P0037,0.7128794734367815,GH020,F01
P0037,0.7087075987737073,GH020,F01
P0037,0.7195523118291247,GH020,F01
P0037,0.817177800084604,GH020,F01
P0037,0.8116300710399571,GH020,F01
P0037,0.7197353115515335,GH020,F01
P0037,0.8086569472431839,GH020,F01
P0037,0.8377950506912105,GH020,F01
P0037,0.8235000399669237,GH020,F01
P0037,0.8391750260424148,GH020,F01
P0037,0.843996462769516,GH020,F01
P0037,0.8164404987963533,GH020,F01
P0037,0.8282706901844823,GH020,F01
P0037,0.836873470487242,GH020,F01
P0037,0.7920448271506876,GH020,F01
P0037,0.748139800540327,GH020,F01
P0037,0.6750798676494547,GH020,F01
P0037,0.6802456909078614,GH020,F01
P0037,0.6033222684082168,GH020,F01
P0037,0.6356150757388823,GH020,F01
P0037,0.6784906577347014,GH020,F01
P0037,0.7403531058253907,GH020,F01
P0037,0.7704581673373007,GH020,F01
P0037,0.835881738161652,GH020,F01
P0037,0.8271721552684921,GH020,F01
P0037,0.7998518214165526,GH020,F01
P0037,0.8214981320464708,GH020,F01
P0037,0.7029221428453581,GH020,F01
P0037,0.8334747268902583,GH020,F01
P0037,0.8133754413272427,GH020,F01
P0037,0.8319360065451675,GH020,F01
P0037,0.7900327693409662,GH020,F01
P0037,0.7729800759944883,GH020,F01
P0037,0.8370462045335397,GH020,F01
P0037,0.7347637725645748,GH020,F01
P0037,0.7104901384109108,GH020,F01
P0037,0.7287034065242102,GH020,F01
P0037,0.7447195175114858,GH020,F01
P0037,0.7048751293108133,GH020,F01
P0037,0.7498884325830623,GH020,F01
P0037,0.825659562875912,GH020,F01
P0037,0.8099914893423745,GH020,F01
P0037,0.7878319480796032,GH020,F01
P0037,0.7740368632100152,GH020,F01
P0037,0.7985688601669119,GH020,F01
P0037,0.8449052488994633,GH020,F01
P0037,0.8047212103565663,GH020,F01
P0037,0.8186618471913624,GH020,F01
P0037,0.8672208814259341,GH020,F01
P0037,0.721179510666879,GH020,F01
P0037,0.8271467432818498,GH020,F01
P0037,0.7508566181497478,GH020,F01
P0037,0.7681831425959035,GH020,F01
P0037,0.6411960413548382,GH020,F01
P0037,0.6034479162462585,GH020,F01
P0037,0.6889992019489647,GH020,F01
P0037,0.7235401023706033,GH020,F01
P0037,0.7581167246336614,GH020,F01
P0037,0.855578228163132,GH020,F01
P0037,0.8260072993941805,GH020,F01
P0037,0.8208802038457991,GH020,F01
P0037,0.8487872896748437,GH020,F01
P0037,0.7554573283839631,GH020,F01
P0037,0.8502025691878417,GH020,F01
P0037,0.8361475136818474,GH020,F01
P0037,0.8170221242499229,GH020,F01
P0037,0.717035461051881,GH020,F01
P0037,0.7798012930450309,GH020,F01
P0037,0.8451310577343295,GH020,F01
P0037,0.8167577937267138,GH020,F01
P0038,0.884641335099737,GH018,F06
P0038,0.8442138950367681,GH018,F06
P0038,0.8673552164312746,GH018,F06
P0038,0.7751222962709182,GH018,F06
P0038,0.7862291208133543,GH018,F06
P0038,0.8626385542538746,GH018,F06
P0038,0.8400498684207512,GH018,F06
P0038,0.8576672314638658,GH018,F06
P0038,0.771693651152627,GH018,F06
P0038,0.8695935966034968,GH018,F06
P0038,0.8528505585227601,GH018,F06
P0038,0.806787044901111,GH018,F06
P0038,0.8395090196624853,GH018,F06
P0038,0.6884445360685012,GH018,F06
P0038,0.7029716203322154,GH018,F06
P0038,0.6719662960389251,GH018,F06
P0038,0.6824842199737571,GH018,F06
P0038,0.8067262827905656,GH018,F06
P0038,0.8443116405255832,GH018,F06
P0038,0.735787449574122,GH018,F06
P0038,0.740732277286515,GH018,F06
P0038,0.7370765491459325,GH018,F06
P0038,0.8515564208479136,GH018,F06
P0038,0.7456141188999356,GH018,F06
P0038,0.7560629163733232,GH018,F06
P0038,0.8286905761504327,GH018,F06
P0038,0.7817973179817276,GH018,F06
P0038,0.7223753761059835,GH018,F06
P0038,0.7116048991681534,GH018,F06
P0038,0.7576464127731913,GH018,F06
P0038,0.6974712939509417,GH018,F06
P0038,0.7438802626083283,GH018,F06
P0038,0.7236292548985932,GH018,F06
P0038,0.6931159593792375,GH018,F06
P0038,0.7867662455986,GH018,F06
P0038,0.7443244194317601,GH018,F06
P0038,0.7170291556695266,GH018,F06
P0038,0.7028379355655807,GH018,F06
P0038,0.7486025896966806,GH018,F06
P0038,0.7262882869915097,GH018,F06
P0038,0.8092517091347493,GH018,F06
P0038,0.7405634307703136,GH018,F06
P0038,0.7021475519755551,GH018,F06
P0038,0.7576550707907426,GH018,F06
P0038,0.7140818231072374,GH018,F06
P0038,0.729456654384626,GH018,F06
P0038,0.739008594226768,GH018,F06
P0038,0.724434389173035,GH018,F06
P0038,0.7643194148199806,GH018,F06
P0038,0.6349411893727811,GH018,F06
P0038,0.6223732466491299,GH018,F06
P0038,0.6432234477117805,GH018,F06
P0038,0.6585891211946827,GH018,F06
P0038,0.7922745199328406,GH018,F06
P0038,0.6749683502503365,GH018,F06
P0038,0.732779729447519,GH018,F06
P0038,0.7599696802732936,GH018,F06
P0038,0.7217799288602487,GH018,F06
P0038,0.7177393231561442,GH018,F06
P0038,0.7443761725049957,GH018,F06
P0038,0.7766144855928638,GH018,F06
P0038,0.6984709807958012,GH018,F06
P0038,0.7790917082386903,GH018,F06
P0038,0.7010383490658537,GH018,F06
P0038,0.7009038851488966,GH018,F06
P0038,0.6847613356639217,GH018,F06
P0038,0.7077442933363752,GH018,F06
P0038,0.6655068928283452,GH018,F06
P0038,0.7556793731756947,GH018,F06
P0038,0.746963574421081,GH018,F06
P0038,0.7173093187207048,GH018,F06
P0038,0.7649133584536025,GH018,F06
P0038,0.7091145029553795,GH018,F06
P0038,0.7471210263468533,GH018,F06
P0038,0.714132024677696,GH018,F06
P0038,0.7099217456797036,GH018,F06
P0038,0.6937007240472737,GH018,F06
P0038,0.7342733317459255,GH018,F06
P0038,0.7332346680892907,GH018,F06
P0038,0.7460758331447457,GH018,F06
P0038,0.8125798457378225,GH018,F06
P0038,0.8242628930916831,GH018,F06
P0038,0.7469848227735413,GH018,F06
P0038,0.7235318102807544,GH018,F06
P0038,0.6834696588559069,GH018,F06
P0038,0.6722777595337469,GH018,F06
P0038,0.6508104434760097,GH018,F06
P0038,0.7733001228343859,GH018,F06
P0038,0.7153827911824846,GH018,F06
P0038,0.7721168076790941,GH018,F06
P0038,0.832003452821777,GH018,F06
P0038,0.8480696916188902,GH018,F06
P0038,0.8317733049416346,GH018,F06
P0038,0.8200065564673414,GH018,F06
P0038,0.8563975875320246,GH018,F06
P0038,0.8329882606696755,GH018,F06
P0038,0.7554814557662171,GH018,F06
P0038,0.8169852580299244,GH018,F06
P0038,0.8597443559064001,GH018,F06
P0038,0.7547506532007631,GH018,F06
P0038,0.8173342133210715,GH018,F06
P0038,0.8227280303891679,GH018,F06
P0038,0.7901986504202325,GH018,F06
P0038,0.8423203643896886,GH018,F06
P0038,0.7785148328789999,GH018,F06
P0038,0.8959346842826921,GH018,F06
P0038,0.7635703512475595,GH018,F06
P0038,0.858580448878421,GH018,F06
P0038,0.8514061892373697,GH018,F06
P0038,0.8461864001732091,GH018,F06
P0038,0.8217228320949801,GH018,F06
P0038,0.864380827353797,GH018,F06
P0038,0.8917602242455671,GH018,F06
P0038,0.8765307419180386,GH018,F06
P0038,0.8238643379910434,GH018,F06
P0038,0.8789983973243768,GH018,F06
P0038,0.8672760085335028,GH018,F06
P0038,0.8361386444600759,GH018,F06
P0038,0.859004612989476,GH018,F06
P0038,0.8599886744942702,GH018,F06
P0038,0.7129061902724337,GH018,F06
P0038,0.8070669859141749,GH018,F06
P0038,0.5720402950510158,GH018,F06
P0038,0.7142395078604171,GH018,F06
P0038,0.7464639662400641,GH018,F06
P0038,0.8589555315534009,GH018,F06
P0038,0.8448283682116549,GH018,F06
P0038,0.8266563839071904,GH018,F06
P0038,0.8592025788287975,GH018,F06
P0038,0.8566956720911458,GH018,F06
P0038,0.8628905252204949,GH018,F06
P0038,0.8830477376333403,GH018,F06
P0038,0.8309630588248615,GH018,F06
P0038,0.8264740951484534,GH018,F06
P0038,0.8774046185957014,GH018,F06
P0038,0.7942525775118509,GH018,F06
P0038,0.7860349423806948,GH018,F06
P0038,0.866277671386769,GH018,F06
P0038,0.7721552211316342,GH018,F06
P0038,0.807863110922365,GH018,F06
P0038,0.8071532133115475,GH018,F06
P0038,0.8560710626244133,GH018,F06
P0038,0.8169353960103314,GH018,F06
P0038,0.8820146441041068,GH018,F06
P0038,0.8798200240489077,GH018,F06
P0038,0.8313745873829621,GH018,F06
P0038,0.8282601567821876,GH018,F06
P0038,0.8736532869484775,GH018,F06
P0038,0.880251646504704,GH018,F06
P0038,0.8460234398873698,GH018,F06
P0038,0.8722675548500283,GH018,F06
P0038,0.8447579463034286,GH018,F06
P0038,0.8296929968827049,GH018,F06
P0038,0.8421004372942789,GH018,F06
P0038,0.7735333163244144,GH018,F06
P0038,0.8442180573402287,GH018,F06
P0038,0.7021224365502708,GH018,F06
P0038,0.7119272247766217,GH018,F06
P0038,0.6208448986584136,GH018,F06
P0038,0.6943719103893885,GH018,F06
P0038,0.6942782250854371,GH018,F06
P0038,0.798235350898696,GH018,F06
P0038,0.755904404346996,GH018,F06
P0038,0.7987034717629473,GH018,F06
P0038,0.8150854541370952,GH018,F06
P0038,0.8708627132612801,GH018,F06
P0038,0.8532034519375741,GH018,F06
P0038,0.854749825391585,GH018,F06
P0038,0.852520177754769,GH018,F06
P0038,0.8351279760566473,GH018,F06
P0038,0.8047282920146561,GH018,F06
P0038,0.8625176195545262,GH018,F06
P0038,0.7922272472975231,GH018,F06
P0038,0.7574848564005149,GH018,F06
P0038,0.7217214716986756,GH018,F06
P0038,0.85099139723547,GH018,F06
P0038,0.7955711824784786,GH018,F06
P0038,0.7844717644732037,GH018,F06
P0038,0.8339577423749527,GH018,F06
P0038,0.7857308430107516,GH018,F06
P0038,0.7864856751570264,GH018,F06
P0038,0.9062178354429757,GH018,F06
P0038,0.8762977116604886,GH018,F06
P0038,0.839688166404476,GH018,F06
P0038,0.8440133445593402,GH018,F06
P0038,0.9004569846979685,GH018,F06
P0038,0.8146987534851107,GH018,F06
P0038,0.897596971404143,GH018,F06
P0038,0.8583701292498516,GH018,F06
P0038,0.7045669893978845,GH018,F06
P0038,0.7669096278268518,GH018,F06
P0038,0.8704610875804314,GH018,F06
P0038,0.7452129081073521,GH018,F06
P0038,0.722786099777847,GH018,F06
P0038,0.6449859653808607,GH018,F06
P0038,0.685697863854935,GH018,F06
P0038,0.8110600698126169,GH018,F06
P0038,0.8684809422721982,GH018,F06
P0038,0.855419818495627,GH018,F06
P0038,0.8265567217492081,GH018,F06
P0038,0.7384446001573464,GH018,F06
P0038,0.8528908282517254,GH018,F06
P0038,0.866440078329188,GH018,F06
P0038,0.7655085885501168,GH018,F06
P0038,0.8675304989869758,GH018,F06
P0038,0.84932242510686,GH018,F06
P0038,0.8577347837600672,GH018,F06
P0038,0.8656778989164743,GH018,F06
P0038,0.8937111017546719,GH018,F06
P0038,0.7456537675615479,GH018,F06
P0039,0.8268258596312896,GH020,F01
P0039,0.856867589828769,GH020,F01
P0039,0.8519984904230615,GH020,F01
P0039,0.8589351047535786,GH020,F01
P0039,0.8627506519081677,GH020,F01
P0039,0.8548175287305756,GH020,F01
P0039,0.8578840035164994,GH020,F01
P0039,0.8369455969205453,GH020,F01
P0039,0.8499828171773468,GH020,F01
P0039,0.8003064852590969,GH020,F01
P0039,0.729675981366437,GH020,F01
P0039,0.702942264999348,GH020,F01
P0039,0.7057141469579221,GH020,F01
P0039,0.7823680969195425,GH020,F01
P0039,0.6764736705689653,GH020,F01
P0039,0.6239935129759742,GH020,F01
P0039,0.6999941670991092,GH020,F01
P0039,0.7581298527108035,GH020,F01
P0039,0.7959907886294597,GH020,F01
P0039,0.7904503108219835,GH020,F01
P0039,0.8102593378080788,GH020,F01
P0039,0.8029333470492338,GH020,F01
P0039,0.7186415628011261,GH020,F01
P0039,0.7542301646155551,GH020,F01
P0039,0.8188257434579629,GH020,F01
P0039,0.7940259468923793,GH020,F01
P0039,0.8140308538189809,GH020,F01
P0039,0.7767745854567574,GH020,F01
P0039,0.8126463033381054,GH020,F01
P0039,0.7370946544322055,GH020,F01
P0039,0.6921566731999979,GH020,F01
P0039,0.7282930484466354,GH020,F01
P0039,0.7026471153801759,GH020,F01
P0039,0.7073184609991271,GH020,F01
P0039,0.7196860843004472,GH020,F01
P0039,0.7084060231344457,GH020,F01
P0039,0.7119024718106287,GH020,F01
P0039,0.7375630174284419,GH020,F01
P0039,0.7358099683968009,GH020,F01
P0039,0.7937099529443906,GH020,F01
P0039,0.6867374990907764,GH020,F01
P0039,0.8020128146735311,GH020,F01
P0039,0.7216283797604103,GH020,F01
P0039,0.7269507281650459,GH020,F01
P0039,0.6748291061131045,GH020,F01
P0039,0.6915248212763354,GH020,F01
P0039,0.6953445599856427,GH020,F01
P0039,0.672464732696259,GH020,F01
P0039,0.6364559488213795,GH020,F01
P0039,0.6552687512021559,GH020,F01
P0039,0.5492480783888293,GH020,F01
P0039,0.6357200594780176,GH020,F01
P0039,0.6479869598534468,GH020,F01
P0039,0.7404847733736297,GH020,F01
P0039,0.7368010761795546,GH020,F01
P0039,0.6843698059141883,GH020,F01
P0039,0.7055150131854343,GH020,F01
P0039,0.7614378112555331,GH020,F01
P0039,0.7443478815355101,GH020,F01
P0039,0.7438244676038418,GH020,F01
P0039,0.7308833365424232,GH020,F01
P0039,0.7084689053082331,GH020,F01
P0039,0.7144903734742205,GH020,F01
P0039,0.7116468810203702,GH020,F01
P0039,0.6921197228541976,GH020,F01
P0039,0.736279415033053,GH020,F01
P0039,0.7437839013571023,GH020,F01
P0039,0.7155330679958988,GH020,F01
P0039,0.7066238674131087,GH020,F01
P0039,0.7041547527106474,GH020,F01
P0039,0.6857115314926681,GH020,F01
P0039,0.7359653540436338,GH020,F01
P0039,0.773613557990911,GH020,F01
P0039,0.7510549282496127,GH020,F01
P0039,0.71200532476002,GH020,F01
P0039,0.7704568414712732,GH020,F01
P0039,0.7684696809746874,GH020,F01
P0039,0.8197916101869381,GH020,F01
P0039,0.7141417647599655,GH020,F01
P0039,0.7583302587651138,GH020,F01
P0039,0.712816258307135,GH020,F01
P0039,0.7093274140732566,GH020,F01
P0039,0.7379317060566796,GH020,F01
P0039,0.6772281192742853,GH020,F01
P0039,0.7136634832504114,GH020,F01
P0039,0.660019423449133,GH020,F01
P0039,0.6376070879081314,GH020,F01
P0039,0.6983005586211891,GH020,F01
P0039,0.7094778956034532,GH020,F01
P0039,0.7616898379686774,GH020,F01
P0039,0.8327818736883255,GH020,F01
P0039,0.835335485181546,GH020,F01
P0039,0.7556778985130682,GH020,F01
P0039,0.8217205063752205,GH020,F01
P0039,0.8349125908334186,GH020,F01
P0039,0.7454844794647348,GH020,F01
P0039,0.8719960656381188,GH020,F01
P0039,0.8437019567973715,GH020,F01
P0039,0.7675294005751474,GH020,F01
P0039,0.850555282515196,GH020,F01
P0039,0.789863631287027,GH020,F01
P0039,0.84299776365932,GH020,F01
P0039,0.7363715353178361,GH020,F01
P0039,0.7246624659318112,GH020,F01
P0039,0.7873139063778903,GH020,F01
P0039,0.7459499260900724,GH020,F01
P0039,0.8534269758862154,GH020,F01
P0039,0.8456646431362637,GH020,F01
P0039,0.7623839929664151,GH020,F01
P0039,0.8464947569769169,GH020,F01
P0039,0.8502101695171067,GH020,F01
P0039,0.8316798279503965,GH020,F01
P0039,0.859607910218716,GH020,F01
P0039,0.874882244605625,GH020,F01
P0039,0.873249381877779,GH020,F01
P0039,0.8565820555929944,GH020,F01
P0039,0.7760905451696117,GH020,F01
P0039,0.7521940817625876,GH020,F01
P0039,0.8633025881929616,GH020,F01
P0039,0.8636574600175981,GH020,F01
P0039,0.8078401604416513,GH020,F01
P0039,0.6871358152995515,GH020,F01
P0039,0.7151811423793032,GH020,F01
P0039,0.8165963821190675,GH020,F01
P0039,0.7252247274587449,GH020,F01
P0039,0.7856583355690527,GH020,F01
P0039,0.8252968123021638,GH020,F01
P0039,0.8564910565793982,GH020,F01
P0039,0.792342223608873,GH020,F01
P0039,0.8288586622803513,GH020,F01
P0039,0.8496825165483624,GH020,F01
P0039,0.8642463887816964,GH020,F01
P0039,0.8483671885717878,GH020,F01
P0039,0.8497449190205691,GH020,F01
P0039,0.8868088117753437,GH020,F01
P0039,0.8656729712160904,GH020,F01
P0039,0.839502546703794,GH020,F01
P0039,0.84488364776805,GH020,F01
P0039,0.7879618878719502,GH020,F01
P0039,0.7789275106168643,GH020,F01
P0039,0.8511531953100477,GH020,F01
P0039,0.859633009190514,GH020,F01
P0039,0.7585969801456914,GH020,F01
P0039,0.8345335114526488,GH020,F01
P0039,0.7900841626050025,GH020,F01
P0039,0.8109239295099915,GH020,F01
P0039,0.8497239573913178,GH020,F01
P0039,0.8599218726968683,GH020,F01
P0039,0.8883604152171487,GH020,F01
P0039,0.900888242681206,GH020,F01
P0039,0.8376549236496728,GH020,F01
P0039,0.7427779418132221,GH020,F01
P0039,0.8722855545857012,GH020,F01
P0039,0.7719734033698817,GH020,F01
P0039,0.7744341362578104,GH020,F01
P0039,0.8510728845212784,GH020,F01
P0039,0.7687518279767598,GH020,F01
P0039,0.6721712537739869,GH020,F01
P0039,0.6778723314207243,GH020,F01
P0039,0.7667879920657709,GH020,F01
P0039,0.8166287638845079,GH020,F01
P0039,0.7575343182759928,GH020,F01
P0039,0.8586602897969927,GH020,F01
P0039,0.8249244398215381,GH020,F01
P0039,0.8250252784036559,GH020,F01
P0039,0.788566144784109,GH020,F01
P0039,0.8579992217047647,GH020,F01
P0039,0.7938514917105363,GH020,F01
P0039,0.8466889073494221,GH020,F01
P0039,0.8931772070992274,GH020,F01
P0039,0.8652045756968995,GH020,F01
P0039,0.8900961429045016,GH020,F01
P0039,0.7736806637012712,GH020,F01
P0039,0.7515482823676606,GH020,F01
P0039,0.760138949456375,GH020,F01
P0039,0.8233924779125126,GH020,F01
P0039,0.7918043455236935,GH020,F01
P0039,0.8712750835944137,GH020,F01
P0039,0.8720142899726535,GH020,F01
P0039,0.8254323251822157,GH020,F01
P0039,0.7921450859631329,GH020,F01
P0039,0.8153741809370961,GH020,F01
P0039,0.839232887198775,GH020,F01
P0039,0.8971385091975843,GH020,F01
P0039,0.8774262331614372,GH020,F01
P0039,0.8590303917640413,GH020,F01
P0039,0.8705274680812125,GH020,F01
P0039,0.8420882229262571,GH020,F01
P0039,0.8785963377268612,GH020,F01
P0039,0.8465809358393882,GH020,F01
P0039,0.8474724935939221,GH020,F01
P0039,0.8653185582532058,GH020,F01
P0039,0.7711160331496248,GH020,F01
P0039,0.6543902016878631,GH020,F01
P0039,0.6179533069137251,GH020,F01
P0039,0.7183662344275424,GH020,F01
P0039,0.8062383540218253,GH020,F01
P0039,0.8603330550581242,GH020,F01
P0039,0.8232144601048559,GH020,F01
P0039,0.7723990793808772,GH020,F01
P0039,0.8659401164524054,GH020,F01
P0039,0.77435717473504,GH020,F01
P0039,0.8464116976592172,GH020,F01
P0039,0.8754773099915879,GH020,F01
P0039,0.8837863080944469,GH020,F01
P0039,0.8745120782684048,GH020,F01
P0039,0.7830635772905138,GH020,F01
P0039,0.8075838052380976,GH020,F01
P0039,0.8409845584308786,GH020,F01
P0039,0.8329106141550692,GH020,F01
P0040,0.7858773858897886,GH005,F01
P0040,0.7232494229856955,GH005,F01
P0040,0.8168323588502456,GH005,F01
P0040,0.8150188394418697,GH005,F01
P0040,0.8278385689640508,GH005,F01
P0040,0.8067342750469689,GH005,F01
P0040,0.8357387028075993,GH005,F01
P0040,0.7357344576571674,GH005,F01
P0040,0.8053461065935996,GH005,F01
P0040,0.7499735909785016,GH005,F01
P0040,0.7411645084352981,GH005,F01
P0040,0.7091398592115755,GH005,F01
P0040,0.7021018515964907,GH005,F01
P0040,0.6537345470975553,GH005,F01
P0040,0.6389540277323752,GH005,F01
P0040,0.6041592779689945,GH005,F01
P0040,0.7341819671232405,GH005,F01
P0040,0.7646686485017914,GH005,F01
P0040,0.7142762463950282,GH005,F01
P0040,0.7648359544553726,GH005,F01
P0040,0.7893874669222937,GH005,F01
P0040,0.714292282191865,GH005,F01
P0040,0.728196550311207,GH005,F01
P0040,0.7975951029846967,GH005,F01
P0040,0.6964050070789443,GH005,F01
P0040,0.6560453160090488,GH005,F01
P0040,0.7747849704323245,GH005,F01
P0040,0.7559724569427716,GH005,F01
P0040,0.7473486197109707,GH005,F01
P0040,0.6711658392027733,GH005,F01
P0040,0.6838646738323803,GH005,F01
P0040,0.6688198524442966,GH005,F01
P0040,0.6527031996151191,GH005,F01
P0040,0.7721420526524901,GH005,F01
P0040,0.6662664437284445,GH005,F01
P0040,0.7297040873864024,GH005,F01
P0040,0.6526534106228977,GH005,F01
P0040,0.7476447528406938,GH005,F01
P0040,0.6760672213307463,GH005,F01
P0040,0.6621797214177734,GH005,F01
P0040,0.7236750966005454,GH005,F01
P0040,0.680905689789002,GH005,F01
P0040,0.6527000676843938,GH005,F01
P0040,0.6697206444874404,GH005,F01
P0040,0.7696597765325298,GH005,F01
P0040,0.6488859523210595,GH005,F01
P0040,0.6681735173070625,GH005,F01
P0040,0.6713684966506486,GH005,F01
P0040,0.6125705486173553,GH005,F01
P0040,0.6653512914578518,GH005,F01
P0040,0.5043266676068552,GH005,F01
P0040,0.5967434627571492,GH005,F01
P0040,0.6317122232186824,GH005,F01
P0040,0.6623289004572213,GH005,F01
P0040,0.6292489877326927,GH005,F01
P0040,0.6635421938014757,GH005,F01
P0040,0.7106804868850738,GH005,F01
P0040,0.6819281146114397,GH005,F01
P0040,0.6879616162277886,GH005,F01
P0040,0.6881109841857452,GH005,F01
P0040,0.6467501162634394,GH005,F01
P0040,0.6993055006258444,GH005,F01
P0040,0.7768520513091839,GH005,F01
P0040,0.6770015906708604,GH005,F01
P0040,0.654976032078261,GH005,F01
P0040,0.6806596630304749,GH005,F01
P0040,0.6634095960608232,GH005,F01
P0040,0.6788055553875217,GH005,F01
P0040,0.6663426569583492,GH005,F01
P0040,0.6436257717066466,GH005,F01
P0040,0.6856664089990031,GH005,F01
P0040,0.6645067803072742,GH005,F01
P0040,0.6581280102039527,GH005,F01
P0040,0.6831250386022742,GH005,F01
P0040,0.6769390081333845,GH005,F01
P0040,0.694745546397289,GH005,F01
P0040,0.6968834487096093,GH005,F01
P0040,0.6868742300772038,GH005,F01
P0040,0.708628064745155,GH005,F01
P0040,0.6946680339127991,GH005,F01
P0040,0.733591399767257,GH005,F01
P0040,0.740494973577714,GH005,F01
P0040,0.7666047127421651,GH005,F01
P0040,0.7599325532865775,GH005,F01
P0040,0.64722774071346,GH005,F01
P0040,0.6101898355509798,GH005,F01
P0040,0.5863838650387125,GH005,F01
P0040,0.6209150679716489,GH005,F01
P0040,0.755994605153284,GH005,F01
P0040,0.7053041983122222,GH005,F01
P0040,0.7547387240469408,GH005,F01
P0040,0.7392682285554404,GH005,F01
P0040,0.745313449985558,GH005,F01
P0040,0.813189452093717,GH005,F01
P0040,0.7580305002836302,GH005,F01
P0040,0.8262877615979562,GH005,F01
P0040,0.7813758762380019,GH005,F01
P0040,0.8280182106026392,GH005,F01
P0040,0.8063187702336887,GH005,F01
P0040,0.7121544553414653,GH005,F01
P0040,0.841633791422785,GH005,F01
P0040,0.7059449752300564,GH005,F01
P0040,0.6994905474946289,GH005,F01
P0040,0.7361522700092185,GH005,F01
P0040,0.738991483042964,GH005,F01
P0040,0.7441822136971967,GH005,F01
P0040,0.7390376286202222,GH005,F01
P0040,0.7390484007047942,GH005,F01
P0040,0.7048918530251778,GH005,F01
P0040,0.8341333388717778,GH005,F01
P0040,0.8203789639126917,GH005,F01
P0040,0.7958093140801076,GH005,F01
P0040,0.7865876860601778,GH005,F01
P0040,0.8483948794998729,GH005,F01
P0040,0.8220788749168493,GH005,F01
P0040,0.8249246518442701,GH005,F01
P0040,0.8369676332301661,GH005,F01
P0040,0.7168578369550052,GH005,F01
P0040,0.7941982378911254,GH005,F01
P0040,0.7424046326612102,GH005,F01
P0040,0.6637615289646955,GH005,F01
P0040,0.6646729601145982,GH005,F01
P0040,0.5667042325889213,GH005,F01
P0040,0.6583944813717508,GH005,F01
P0040,0.7719970604181633,GH005,F01
P0040,0.8342962702648766,GH005,F01
P0040,0.8445343348746044,GH005,F01
P0040,0.8062496939834595,GH005,F01
P0040,0.8045222514824891,GH005,F01
P0040,0.8066697494173327,GH005,F01
P0040,0.8304334000743395,GH005,F01
P0040,0.8311420714389306,GH005,F01
P0040,0.8030595480341142,GH005,F01
P0040,0.8372777662747908,GH005,F01
P0040,0.8257490040494072,GH005,F01
P0040,0.7197006054417929,GH005,F01
P0040,0.8071457799772288,GH005,F01
P0040,0.812780006788553,GH005,F01
P0040,0.7322429114348196,GH005,F01
P0040,0.7426990733937378,GH005,F01
P0040,0.7147958276353167,GH005,F01
P0040,0.7700093243051546,GH005,F01
P0040,0.710709023990891,GH005,F01
P0040,0.8465627435354601,GH005,F01
P0040,0.8469089682078101,GH005,F01
P0040,0.8287997142894882,GH005,F01
P0040,0.7916120393517009,GH005,F01
P0040,0.7424359457900455,GH005,F01
P0040,0.804443636331426,GH005,F01
P0040,0.8339673511977399,GH005,F01
P0040,0.8134886723328155,GH005,F01
P0040,0.8060966827784253,GH005,F01
P0040,0.7835454516365484,GH005,F01
P0040,0.8048354307159571,GH005,F01
P0040,0.8365372540790476,GH005,F01
P0040,0.69238309724587,GH005,F01
P0040,0.6983169278718331,GH005,F01
P0040,0.6169491259315107,GH005,F01
P0040,0.5670169629484736,GH005,F01
P0040,0.661955141639917,GH005,F01
P0040,0.6415513364643165,GH005,F01
P0040,0.8199137685756313,GH005,F01
P0040,0.7509863068397231,GH005,F01
P0040,0.7600112224228833,GH005,F01
P0040,0.8025555773690525,GH005,F01
P0040,0.8304187454119564,GH005,F01
P0040,0.8303404092942808,GH005,F01
P0040,0.7839502499384319,GH005,F01
P0040,0.8561273946610451,GH005,F01
P0040,0.8130629882575766,GH005,F01
P0040,0.7794871289179495,GH005,F01
P0040,0.8216034457669021,GH005,F01
P0040,0.8374995747320056,GH005,F01
P0040,0.7673111968551204,GH005,F01
P0040,0.8224235212202009,GH005,F01
P0040,0.7270146579702391,GH005,F01
P0040,0.7421912432834036,GH005,F01
P0040,0.7137865691117161,GH005,F01
P0040,0.7251221714129578,GH005,F01
P0040,0.7913401862362585,GH005,F01
P0040,0.7153185949321628,GH005,F01
P0040,0.7105482236070438,GH005,F01
P0040,0.8218322596880742,GH005,F01
P0040,0.8530241584594606,GH005,F01
P0040,0.8309027896911508,GH005,F01
P0040,0.8206856646631627,GH005,F01
P0040,0.8381180588913774,GH005,F01
P0040,0.7501963847399831,GH005,F01
P0040,0.8255549207764213,GH005,F01
P0040,0.7396119525167703,GH005,F01
P0040,0.8083059164393469,GH005,F01
P0040,0.7931758343715777,GH005,F01
P0040,0.6831093873794326,GH005,F01
P0040,0.7465849704265872,GH005,F01
P0040,0.6226416198638884,GH005,F01
P0040,0.6767146870545683,GH005,F01
P0040,0.7325740977405348,GH005,F01
P0040,0.7045921141429827,GH005,F01
P0040,0.7690551685632971,GH005,F01
P0040,0.8114685315669838,GH005,F01
P0040,0.7702132440274068,GH005,F01
P0040,0.8038505291202135,GH005,F01
P0040,0.8214111298455693,GH005,F01
P0040,0.8495451817271312,GH005,F01
P0040,0.7946533951485009,GH005,F01
P0040,0.8121789814532757,GH005,F01
P0040,0.8647464772666916,GH005,F01
P0040,0.7259287100891636,GH005,F01
P0040,0.741458338998839,GH005,F01
P0040,0.798008317033868,GH005,F01
P0041,0.7823418187815787,GH004,F01
P0041,0.7646730519268558,GH004,F01
P0041,0.789321591897152,GH004,F01
P0041,0.7820657916514768,GH004,F01
P0041,0.7762604776630255,GH004,F01
P0041,0.7604119515567169,GH004,F01
P0041,0.7971634677574168,GH004,F01
P0041,0.7483176093182197,GH004,F01
P0041,0.6678203472266184,GH004,F01
P0041,0.7560188635588077,GH004,F01
P0041,0.7544531896307406,GH004,F01
P0041,0.7336383361655181,GH004,F01
P0041,0.6994452316736887,GH004,F01
P0041,0.6124618571815719,GH004,F01
P0041,0.5803648536169224,GH004,F01
P0041,0.5450043224489869,GH004,F01
P0041,0.6765044206241453,GH004,F01
P0041,0.7170375168111881,GH004,F01
P0041,0.7498099994948529,GH004,F01
P0041,0.6952278530093392,GH004,F01
P0041,0.682733315058289,GH004,F01
P0041,0.7594362865628042,GH004,F01
P0041,0.6802851281076006,GH004,F01
P0041,0.6717413038642897,GH004,F01
P0041,0.6908579079418963,GH004,F01
P0041,0.696271523451355,GH004,F01
P0041,0.6557364460111463,GH004,F01
P0041,0.6650781980154605,GH004,F01
P0041,0.6456553078915682,GH004,F01
P0041,0.658372270587635,GH004,F01
P0041,0.6505854751308586,GH004,F01
P0041,0.6535281237713084,GH004,F01
P0041,0.6111923891221428,GH004,F01
P0041,0.6614161467411386,GH004,F01
P0041,0.6304042797303779,GH004,F01
P0041,0.6568510289256037,GH004,F01
P0041,0.6555300115851894,GH004,F01
P0041,0.6953982033851771,GH004,F01
P0041,0.6977683198647352,GH004,F01
P0041,0.7254618354497728,GH004,F01
P0041,0.7483742606794674,GH004,F01
P0041,0.7463442893271247,GH004,F01
P0041,0.659218404187486,GH004,F01
P0041,0.6744819214897023,GH004,F01
P0041,0.6815503429971849,GH004,F01
P0041,0.6334078681448098,GH004,F01
P0041,0.5944285103634733,GH004,F01
P0041,0.6317554444102088,GH004,F01
P0041,0.5544067113930796,GH004,F01
P0041,0.5127177584121579,GH004,F01
P0041,0.5117790884285359,GH004,F01
P0041,0.5441008859565676,GH004,F01
P0041,0.6054559230567751,GH004,F01
P0041,0.6007517775152212,GH004,F01
P0041,0.6139628923279917,GH004,F01
P0041,0.6471286534105137,GH004,F01
P0041,0.654529106624543,GH004,F01
P0041,0.6473305409671937,GH004,F01
P0041,0.703915665577987,GH004,F01
P0041,0.6813729633382944,GH004,F01
P0041,0.6785752774954953,GH004,F01
P0041,0.6447097872771841,GH004,F01
P0041,0.6186774628470684,GH004,F01
P0041,0.6330932661911174,GH004,F01
P0041,0.5606250399648645,GH004,F01
P0041,0.6272422043566797,GH004,F01
P0041,0.6054379280686415,GH004,F01
P0041,0.6193461643099708,GH004,F01
P0041,0.7395374713871918,GH004,F01
P0041,0.68563495178647,GH004,F01
P0041,0.6401440730238875,GH004,F01
P0041,0.6502580608909969,GH004,F01
P0041,0.6789117656470534,GH004,F01
P0041,0.6160757544945568,GH004,F01
P0041,0.6466900525714954,GH004,F01
P0041,0.6548392034916296,GH004,F01
P0041,0.6728560970154698,GH004,F01
P0041,0.7719538700054542,GH004,F01
P0041,0.6661439163725916,GH004,F01
P0041,0.7336489325266988,GH004,F01
P0041,0.6458655717243894,GH004,F01
P0041,0.6098255511676629,GH004,F01
P0041,0.62304525804522,GH004,F01
P0041,0.6465148885032187,GH004,F01
P0041,0.6080093224705287,GH004,F01
P0041,0.5494987419454501,GH004,F01
P0041,0.5057003893839856,GH004,F01
P0041,0.6486156865911367,GH004,F01
P0041,0.7049711357854831,GH004,F01
P0041,0.6494533770228907,GH004,F01
P0041,0.7557608351010031,GH004,F01
P0041,0.64790373383151445,GH004,F01
P0041,0.7831952967023109,GH004,F01
P0041,0.758801276121294,GH004,F01
P0041,0.7333586692795845,GH004,F01
P0041,0.7753847773823286,GH004,F01
P0041,0.7447979367950215,GH004,F01
P0041,0.771950922203583,GH004,F01
P0041,0.7990925896142688,GH004,F01
P0041,0.7839091185438691,GH004,F01
P0041,0.7514218300093166,GH004,F01
P0041,0.6801568615226589,GH004,F01
P0041,0.7558854111227561,GH004,F01
P0041,0.7539720633984536,GH004,F01
P0041,0.6871095252015882,GH004,F01
P0041,0.7630716360543424,GH004,F01
P0041,0.6878246914567065,GH004,F01
P0041,0.8219457066147544,GH004,F01
P0041,0.7802147695004822,GH004,F01
P0041,0.8494153417902972,GH004,F01
P0041,0.8047555971210432,GH004,F01
P0041,0.7835232743894465,GH004,F01
P0041,0.7918930368626806,GH004,F01
P0041,0.7863249592666844,GH004,F01
P0041,0.7504869933536927,GH004,F01
P0041,0.8119379318130651,GH004,F01
P0041,0.7866813300183859,GH004,F01
P0041,0.7841871546403427,GH004,F01
P0041,0.7776028738396565,GH004,F01
P0041,0.7877217727828174,GH004,F01
P0041,0.6118874782040384,GH004,F01
P0041,0.6918989850297975,GH004,F01
P0041,0.5329777390625452,GH004,F01
P0041,0.731971756854545,GH004,F01
P0041,0.7807556627332806,GH004,F01
P0041,0.713453897828381,GH004,F01
P0041,0.7783057369063988,GH004,F01
P0041,0.7810157014306128,GH004,F01
P0041,0.7838620923024626,GH004,F01
P0041,0.8002143604345079,GH004,F01
P0041,0.7973926531455964,GH004,F01
P0041,0.7946859701880709,GH004,F01
P0041,0.7683776563132363,GH004,F01
P0041,0.7881090690597469,GH004,F01
P0041,0.785378998660622,GH004,F01
P0041,0.7747096396843095,GH004,F01
P0041,0.7458601095631304,GH004,F01
P0041,0.7457123177569008,GH004,F01
P0041,0.7549814755935526,GH004,F01
P0041,0.7615114794328386,GH004,F01
P0041,0.6980137557639873,GH004,F01
P0041,0.7186891633661132,GH004,F01
P0041,0.7350766137724597,GH004,F01
P0041,0.7501400676779514,GH004,F01
P0041,0.7245720774528541,GH004,F01
P0041,0.7480952193247421,GH004,F01
P0041,0.7807063184283584,GH004,F01
P0041,0.7471842513604509,GH004,F01
P0041,0.7936225853507687,GH004,F01
P0041,0.7670428253020105,GH004,F01
P0041,0.7778831242946879,GH004,F01
P0041,0.7930811010280117,GH004,F01
P0041,0.7615604987049555,GH004,F01
P0041,0.8258584812940327,GH004,F01
P0041,0.7340572218334117,GH004,F01
P0041,0.6084495801216434,GH004,F01
P0041,0.7068967628776915,GH004,F01
P0041,0.5291589577066819,GH004,F01
P0041,0.6331552927134003,GH004,F01
P0041,0.7443144971316891,GH004,F01
P0041,0.684278624666017,GH004,F01
P0041,0.6669715502660458,GH004,F01
P0041,0.7445676608657814,GH004,F01
P0041,0.7449688373158284,GH004,F01
P0041,0.7755871991619356,GH004,F01
P0041,0.7811068834631377,GH004,F01
P0041,0.784612061705099,GH004,F01
P0041,0.7957610228522312,GH004,F01
P0041,0.7467824983930899,GH004,F01
P0041,0.756966067244983,GH004,F01
P0041,0.7109576041122826,GH004,F01
P0041,0.7352498003508333,GH004,F01
P0041,0.7744575093126972,GH004,F01
P0041,0.6755109504831918,GH004,F01
P0041,0.7066577086762875,GH004,F01
P0041,0.8203829659478077,GH004,F01
P0041,0.6936932499776305,GH004,F01
P0041,0.7004290699079536,GH004,F01
P0041,0.8366637469705848,GH004,F01
P0041,0.7592616737836052,GH004,F01
P0041,0.7389534019091495,GH004,F01
P0041,0.7875511306303458,GH004,F01
P0041,0.793260135797844,GH004,F01
P0041,0.7408772814148346,GH004,F01
P0041,0.8118943060335396,GH004,F01
P0041,0.7900360703005628,GH004,F01
P0041,0.8060042510754937,GH004,F01
P0041,0.7220837093890021,GH004,F01
P0041,0.7306585149273184,GH004,F01
P0041,0.7457132583466932,GH004,F01
P0041,0.7705375316362244,GH004,F01
P0041,0.7573897854968581,GH004,F01
P0041,0.664823962815053,GH004,F01
P0041,0.5893700734767005,GH004,F01
P0041,0.6355767419928446,GH004,F01
P0041,0.6143826502565285,GH004,F01
P0041,0.6657630676297088,GH004,F01
P0041,0.6966126306333719,GH004,F01
P0041,0.7983400229065659,GH004,F01
P0041,0.8058612108443332,GH004,F01
P0041,0.7760276108090521,GH004,F01
P0041,0.7668186395997574,GH004,F01
P0041,0.6640604659690168,GH004,F01
P0041,0.8269001498175733,GH004,F01
P0041,0.7845844087069268,GH004,F01
P0041,0.7965191873328926,GH004,F01
P0041,0.7748930241647296,GH004,F01
P0041,0.7850456118087769,GH004,F01
P0041,0.7144196981483588,GH004,F01
P0041,0.7043405959853175,GH004,F01
P0042,0.8364008788350774,GH002,F01
P0042,0.7510470453882869,GH002,F01
P0042,0.8241372092642484,GH002,F01
P0042,0.741136314128968,GH002,F01
P0042,0.8372734379957523,GH002,F01
P0042,0.7834160953282724,GH002,F01
P0042,0.8054429374336508,GH002,F01
P0042,0.6749697540513505,GH002,F01
P0042,0.7081911068765716,GH002,F01
P0042,0.7379232215716434,GH002,F01
P0042,0.7795792909186483,GH002,F01
P0042,0.7218388895955963,GH002,F01
P0042,0.7946732834144814,GH002,F01
P0042,0.668774285057133,GH002,F01
P0042,0.7137976523174596,GH002,F01
P0042,0.5931898066166518,GH002,F01
P0042,0.6655155150311575,GH002,F01
P0042,0.66745901110435,GH002,F01
P0042,0.7133212464484944,GH002,F01
P0042,0.8038861592225395,GH002,F01
P0042,0.7778775999068686,GH002,F01
P0042,0.7649977940814483,GH002,F01
P0042,0.7688963291961426,GH002,F01
P0042,0.7634778028285583,GH002,F01
P0042,0.7029053067356221,GH002,F01
P0042,0.6801691410360726,GH002,F01
P0042,0.7751967932835061,GH002,F01
P0042,0.6568411721313461,GH002,F01
P0042,0.6832942051452033,GH002,F01
P0042,0.7748881083302138,GH002,F01
P0042,0.6469181314602338,GH002,F01
P0042,0.7100308008059953,GH002,F01
P0042,0.6656846012865442,GH002,F01
P0042,0.6599903761160163,GH002,F01
P0042,0.675979265301294,GH002,F01
P0042,0.7373876186479328,GH002,F01
P0042,0.6846565809682601,GH002,F01
P0042,0.6735289622239372,GH002,F01
P0042,0.7010933840720629,GH002,F01
P0042,0.7797990617379994,GH002,F01
P0042,0.6902673090756408,GH002,F01
P0042,0.686239551200913,GH002,F01
P0042,0.7724115957734287,GH002,F01
P0042,0.7042839223553102,GH002,F01
P0042,0.7051951461810857,GH002,F01
P0042,0.7132775549773276,GH002,F01
P0042,0.7231007223529019,GH002,F01
P0042,0.6821162876241212,GH002,F01
P0042,0.6121096800404281,GH002,F01
P0042,0.5932752556176966,GH002,F01
P0042,0.5558498408812717,GH002,F01
P0042,0.5696303483959462,GH002,F01
P0042,0.6500732221053396,GH002,F01
P0042,0.6636371501767891,GH002,F01
P0042,0.6835304251113764,GH002,F01
P0042,0.6934965847147122,GH002,F01
P0042,0.6925637904109393,GH002,F01
P0042,0.6801535502518726,GH002,F01
P0042,0.6607402735540137,GH002,F01
P0042,0.7723036943933073,GH002,F01
P0042,0.7003049773031942,GH002,F01
P0042,0.6945106145767632,GH002,F01
P0042,0.6855281015897768,GH002,F01
P0042,0.6703680485474621,GH002,F01
P0042,0.6667042543997282,GH002,F01
P0042,0.6184968615956213,GH002,F01
P0042,0.7037140036472529,GH002,F01
P0042,0.6796718582531381,GH002,F01
P0042,0.7045504572509206,GH002,F01
P0042,0.7158300382421998,GH002,F01
P0042,0.6966583672937741,GH002,F01
P0042,0.6869704092955764,GH002,F01
P0042,0.6610620271009551,GH002,F01
P0042,0.7964467156257088,GH002,F01
P0042,0.7001115746070357,GH002,F01
P0042,0.7912384495697545,GH002,F01
P0042,0.7168263652604103,GH002,F01
P0042,0.6817732026057094,GH002,F01
P0042,0.7993270255182283,GH002,F01
P0042,0.7109661664562673,GH002,F01
P0042,0.6733365922753423,GH002,F01
P0042,0.7651604671788309,GH002,F01
P0042,0.6854535054351905,GH002,F01
P0042,0.6625271602536442,GH002,F01
P0042,0.6393824391152362,GH002,F01
P0042,0.6010450666222135,GH002,F01
P0042,0.5936190333448973,GH002,F01
P0042,0.7453395440280279,GH002,F01
P0042,0.7588602378802546,GH002,F01
P0042,0.7021811834874727,GH002,F01
P0042,0.7857285563414237,GH002,F01
P0042,0.6571142176245556,GH002,F01
P0042,0.7892761061464524,GH002,F01
P0042,0.7922635729899404,GH002,F01
P0042,0.8138341449959885,GH002,F01
P0042,0.7890416336663119,GH002,F01
P0042,0.7101730980750017,GH002,F01
P0042,0.7979499258519366,GH002,F01
P0042,0.8222445726455279,GH002,F01
P0042,0.7018137326041796,GH002,F01
P0042,0.8242698742964184,GH002,F01
P0042,0.7248134149076565,GH002,F01
P0042,0.6893924220375165,GH002,F01
P0042,0.6867832426819763,GH002,F01
P0042,0.7149866210714081,GH002,F01
P0042,0.7199580201297247,GH002,F01
P0042,0.769330031883586,GH002,F01
P0042,0.7965772550373663,GH002,F01
P0042,0.8548789417179278,GH002,F01
P0042,0.8280352390847201,GH002,F01
P0042,0.8035901187720644,GH002,F01
P0042,0.80587106478926,GH002,F01
P0042,0.8090279348757953,GH002,F01
P0042,0.8346683094953268,GH002,F01
P0042,0.824782998114287,GH002,F01
P0042,0.7830488003839567,GH002,F01
P0042,0.8209211942146178,GH002,F01
P0042,0.8261449637427437,GH002,F01
P0042,0.7623535264204783,GH002,F01
P0042,0.784190133319106,GH002,F01
P0042,0.7596588639603007,GH002,F01
P0042,0.6532329255593494,GH002,F01
P0042,0.6258885763209499,GH002,F01
P0042,0.7148946478042841,GH002,F01
P0042,0.8106032393870638,GH002,F01
P0042,0.7594327622175937,GH002,F01
P0042,0.8100234681226288,GH002,F01
P0042,0.7977055837326177,GH002,F01
P0042,0.8424340672250569,GH002,F01
P0042,0.7722148252994051,GH002,F01
P0042,0.8071584507807801,GH002,F01
P0042,0.8260974817373554,GH002,F01
P0042,0.81395815058092,GH002,F01
P0042,0.8228366774838078,GH002,F01
P0042,0.7268501132606502,GH002,F01
P0042,0.6738608235288848,GH002,F01
P0042,0.8378883775306412,GH002,F01
P0042,0.7359779616382753,GH002,F01
P0042,0.7378458967854348,GH002,F01
P0042,0.7356667089936243,GH002,F01
P0042,0.6884091753656888,GH002,F01
P0042,0.7494476604250054,GH002,F01
P0042,0.6952745086204601,GH002,F01
P0042,0.8114573779306362,GH002,F01
P0042,0.7662968334150793,GH002,F01
P0042,0.7836530523368732,GH002,F01
P0042,0.8300393254903251,GH002,F01
P0042,0.8223763833146682,GH002,F01
P0042,0.806228606604126,GH002,F01
P0042,0.805946782747851,GH002,F01
P0042,0.8362195476944944,GH002,F01
P0042,0.8376617114724578,GH002,F01
P0042,0.7868606928353444,GH002,F01
P0042,0.7952871354757972,GH002,F01
P0042,0.6984367459503352,GH002,F01
P0042,0.8444537895197743,GH002,F01
P0042,0.7756971142963058,GH002,F01
P0042,0.5949230720856834,GH002,F01
P0042,0.6383594167234088,GH002,F01
P0042,0.7115191123037365,GH002,F01
P0042,0.7616504106668657,GH002,F01
P0042,0.8623417962060775,GH002,F01
P0042,0.77107949262718,GH002,F01
P0042,0.7781889709914364,GH002,F01
P0042,0.8361048072994215,GH002,F01
P0042,0.8186583706616862,GH002,F01
P0042,0.8291263310443521,GH002,F01
P0042,0.8039317618269577,GH002,F01
P0042,0.8154456223304382,GH002,F01
P0042,0.8110040208038197,GH002,F01
P0042,0.7844050006603307,GH002,F01
P0042,0.774443403629841,GH002,F01
P0042,0.7112799964662837,GH002,F01
P0042,0.6982202885931148,GH002,F01
P0042,0.7776168269913769,GH002,F01
P0042,0.7606781130872111,GH002,F01
P0042,0.782423221360495,GH002,F01
P0042,0.7941118229331092,GH002,F01
P0042,0.8223044558295278,GH002,F01
P0042,0.7745955193739846,GH002,F01
P0042,0.6701836921082449,GH002,F01
P0042,0.6967361543532958,GH002,F01
P0042,0.7930042750654306,GH002,F01
P0042,0.8306248630910736,GH002,F01
P0042,0.7891099192713211,GH002,F01
P0042,0.8386398744963788,GH002,F01
P0042,0.8230277886393412,GH002,F01
P0042,0.8089862064895502,GH002,F01
P0042,0.79276267939901,GH002,F01
P0042,0.8074264992291342,GH002,F01
P0042,0.8414207145646494,GH002,F01
P0042,0.7365300818080583,GH002,F01
P0042,0.7398688112957942,GH002,F01
P0042,0.6230610196029202,GH002,F01
P0042,0.6647255894268725,GH002,F01
P0042,0.6637267616323848,GH002,F01
P0042,0.7041269322281749,GH002,F01
P0042,0.749385376164409,GH002,F01
P0042,0.8455890410285618,GH002,F01
P0042,0.8120377575203961,GH002,F01
P0042,0.8141323694481327,GH002,F01
P0042,0.7904048056048507,GH002,F01
P0042,0.8485033153681467,GH002,F01
P0042,0.8227556608597347,GH002,F01
P0042,0.8317829504735892,GH002,F01
P0042,0.7802755642123431,GH002,F01
P0042,0.7963820916541317,GH002,F01
P0042,0.818614368034277,GH002,F01
P0042,0.7273564035691789,GH002,F01
P0042,0.7172502853307234,GH002,F01
P0043,0.8289712268764341,GH009,F06
P0043,0.7690220334349853,GH009,F06
P0043,0.7581602026445236,GH009,F06
P0043,0.8291146675397554,GH009,F06
P0043,0.8602686958425048,GH009,F06
P0043,0.8123668418928691,GH009,F06
P0043,0.8039459144189351,GH009,F06
P0043,0.8422455215118692,GH009,F06
P0043,0.8318490032822551,GH009,F06
P0043,0.8392742446292126,GH009,F06
P0043,0.8424752019108583,GH009,F06
P0043,0.8170483803208931,GH009,F06
P0043,0.7150477797778841,GH009,F06
P0043,0.7082626949871468,GH009,F06
P0043,0.656642800960948,GH009,F06
P0043,0.6225803121925553,GH009,F06
P0043,0.6985628664854692,GH009,F06
P0043,0.7216949742624941,GH009,F06
P0043,0.739788949228568,GH009,F06
P0043,0.8240976667865177,GH009,F06
P0043,0.8013198032606417,GH009,F06
P0043,0.8380774559675683,GH009,F06
P0043,0.7704154038521702,GH009,F06
P0043,0.7885557753666914,GH009,F06
P0043,0.8153951975147022,GH009,F06
P0043,0.8079752321711069,GH009,F06
P0043,0.8238954970233875,GH009,F06
P0043,0.7302158685400356,GH009,F06
P0043,0.6679035560616401,GH009,F06
P0043,0.7176006694585642,GH009,F06
P0043,0.6832332826457088,GH009,F06
P0043,0.7015230935644958,GH009,F06
P0043,0.7507891698900157,GH009,F06
P0043,0.8315387614760344,GH009,F06
P0043,0.7982865470149337,GH009,F06
P0043,0.7201204543888874,GH009,F06
P0043,0.7127367962770546,GH009,F06
P0043,0.7488848696072979,GH009,F06
P0043,0.7220269140824198,GH009,F06
P0043,0.7523043114445883,GH009,F06
P0043,0.7325915670786596,GH009,F06
P0043,0.7346794153346318,GH009,F06
P0043,0.7375480609753325,GH009,F06
P0043,0.7364489041606412,GH009,F06
P0043,0.7110013911452114,GH009,F06
P0043,0.7269411925583146,GH009,F06
P0043,0.7095519859059939,GH009,F06
P0043,0.7076573737890008,GH009,F06
P0043,0.6603249900786112,GH009,F06
P0043,0.5967294046277736,GH009,F06
P0043,0.5716115982685488,GH009,F06
P0043,0.6529063343826104,GH009,F06
P0043,0.6544512262243253,GH009,F06
P0043,0.7965630212559146,GH009,F06
P0043,0.8019254860547986,GH009,F06
P0043,0.685736233490015,GH009,F06
P0043,0.7210071368981489,GH009,F06
P0043,0.7342983725452573,GH009,F06
P0043,0.715477128412888,GH009,F06
P0043,0.6853447387120487,GH009,F06
P0043,0.8213985584365846,GH009,F06
P0043,0.718079525079289,GH009,F06
P0043,0.720983620958731,GH009,F06
P0043,0.7748854661135939,GH009,F06
P0043,0.7232737723450228,GH009,F06
P0043,0.7085256417839206,GH009,F06
P0043,0.6944404468985371,GH009,F06
P0043,0.7115448934330502,GH009,F06
P0043,0.7189816370540667,GH009,F06
P0043,0.6960461681058059,GH009,F06
P0043,0.712746008567552,GH009,F06
P0043,0.8156528665131373,GH009,F06
P0043,0.6979140300612994,GH009,F06
P0043,0.7221779164086155,GH009,F06
P0043,0.7388997710826902,GH009,F06
P0043,0.7240955724837533,GH009,F06
P0043,0.7337238295799566,GH009,F06
P0043,0.7499306128662908,GH009,F06
P0043,0.7417192807616922,GH009,F06
P0043,0.7691758529758,GH009,F06
P0043,0.7036247470111553,GH009,F06
P0043,0.8076759772536233,GH009,F06
P0043,0.7872709958016418,GH009,F06
P0043,0.7521085579020459,GH009,F06
P0043,0.6573864722640749,GH009,F06
P0043,0.7222911302032677,GH009,F06
P0043,0.597288011991982,GH009,F06
P0043,0.6835515163698248,GH009,F06
P0043,0.7165905402603779,GH009,F06
P0043,0.7512511922464096,GH009,F06
P0043,0.7717411020733776,GH009,F06
P0043,0.8209744507025141,GH009,F06
P0043,0.8513815316571126,GH009,F06
P0043,0.7984805081157454,GH009,F06
P0043,0.7783482308427336,GH009,F06
P0043,0.8152851884299852,GH009,F06
P0043,0.8522579750195054,GH009,F06
P0043,0.8217163972374696,GH009,F06
P0043,0.8133122524150032,GH009,F06
P0043,0.7683070544355091,GH009,F06
P0043,0.852636940621533,GH009,F06
P0043,0.851541449169138,GH009,F06
P0043,0.757923856461307,GH009,F06
P0043,0.8226388298391732,GH009,F06
P0043,0.7914290824312288,GH009,F06
P0043,0.7935385265541125,GH009,F06
P0043,0.7342803902100409,GH009,F06
P0043,0.7722268924215985,GH009,F06
P0043,0.8266746710948037,GH009,F06
P0043,0.8382191185884378,GH009,F06
P0043,0.8700568441135919,GH009,F06
P0043,0.8394405075572053,GH009,F06
P0043,0.8343706571166029,GH009,F06
P0043,0.75458262231764,GH009,F06
P0043,0.846529192353743,GH009,F06
P0043,0.7640511332052711,GH009,F06
P0043,0.8812867508845211,GH009,F06
P0043,0.8672934631993391,GH009,F06
P0043,0.8427055003900621,GH009,F06
P0043,0.8443526925881557,GH009,F06
P0043,0.691190701035378,GH009,F06
P0043,0.6130038526223972,GH009,F06
P0043,0.5807593187286402,GH009,F06
P0043,0.8237439082664773,GH009,F06
P0043,0.8037318099484674,GH009,F06
P0043,0.8073871703733507,GH009,F06
P0043,0.8376341792315593,GH009,F06
P0043,0.8689740882026941,GH009,F06
P0043,0.8468829236100398,GH009,F06
P0043,0.844849239217231,GH009,F06
P0043,0.8490215009728516,GH009,F06
P0043,0.8314178829885089,GH009,F06
P0043,0.8484158500728665,GH009,F06
P0043,0.8775425152461904,GH009,F06
P0043,0.8231466169272009,GH009,F06
P0043,0.7893567881438365,GH009,F06
P0043,0.830195960987779,GH009,F06
P0043,0.7897432881774504,GH009,F06
P0043,0.8364377761316093,GH009,F06
P0043,0.7566783601321871,GH009,F06
P0043,0.8270922741557306,GH009,F06
P0043,0.8128525009914299,GH009,F06
P0043,0.7877920915986208,GH009,F06
P0043,0.7784394430070395,GH009,F06
P0043,0.8433814893308785,GH009,F06
P0043,0.8874539956920833,GH009,F06
P0043,0.8129368381026929,GH009,F06
P0043,0.8784192188015038,GH009,F06
P0043,0.806056975569355,GH009,F06
P0043,0.8837689306108345,GH009,F06
P0043,0.83447392834580425,GH009,F06
P0043,0.8687909358012177,GH009,F06
P0043,0.8017675237012815,GH009,F06
P0043,0.795591552367106,GH009,F06
P0043,0.8381309157940322,GH009,F06
P0043,0.7723477329989862,GH009,F06
P0043,0.6731542863568628,GH009,F06
P0043,0.7707030707614827,GH009,F06
P0043,0.7289418060668347,GH009,F06
P0043,0.8336779762177232,GH009,F06
P0043,0.8129076168905095,GH009,F06
P0043,0.8838322986124374,GH009,F06
P0043,0.8738768971731536,GH009,F06
P0043,0.8432285067089648,GH009,F06
P0043,0.8392349711000424,GH009,F06
P0043,0.8390430786580998,GH009,F06
P0043,0.8475767362477535,GH009,F06
P0043,0.834487473296077,GH009,F06
P0043,0.8310164013580904,GH009,F06
P0043,0.8491984874195119,GH009,F06
P0043,0.8430654237729546,GH009,F06
P0043,0.8555095732590265,GH009,F06
P0043,0.8314206740621203,GH009,F06
P0043,0.8484191006319004,GH009,F06
P0043,0.8041275879539912,GH009,F06
P0043,0.8515382335835219,GH009,F06
P0043,0.7281885980826283,GH009,F06
P0043,0.852288495478473,GH009,F06
P0043,0.7578008233618914,GH009,F06
P0043,0.8451170754380412,GH009,F06
P0043,0.7356304033757712,GH009,F06
P0043,0.8303074162377891,GH009,F06
P0043,0.8536644723798134,GH009,F06
P0043,0.8261943957493711,GH009,F06
P0043,0.7986930411057565,GH009,F06
P0043,0.7882840991066504,GH009,F06
P0043,0.8481763471398924,GH009,F06
P0043,0.8503905936071849,GH009,F06
P0043,0.8395141854987832,GH009,F06
P0043,0.9041334763172644,GH009,F06
P0043,0.8830355448294634,GH009,F06
P0043,0.7293265656131773,GH009,F06
P0043,0.7944658223867412,GH009,F06
P0043,0.7092651555799062,GH009,F06
P0043,0.6067721571679461,GH009,F06
P0043,0.6660623215710366,GH009,F06
P0043,0.8341245307384012,GH009,F06
P0043,0.840194033061074,GH009,F06
P0043,0.8505681845127055,GH009,F06
P0043,0.8633679299559558,GH009,F06
P0043,0.8556795735004223,GH009,F06
P0043,0.8379605969176076,GH009,F06
P0043,0.8590183150655395,GH009,F06
P0043,0.9057320441177361,GH009,F06
P0043,0.852698532787667,GH009,F06
P0043,0.8660607159496713,GH009,F06
P0043,0.8663815420917699,GH009,F06
P0043,0.8474137354522998,GH009,F06
P0043,0.8045029306609905,GH009,F06
P0043,0.7217365380482675,GH009,F06
P0044,0.8175549074839318,GH017,F08
P0044,0.709556010478773,GH017,F08
P0044,0.7803769650470136,GH017,F08
P0044,0.8030677713436144,GH017,F08
P0044,0.8089880387482831,GH017,F08
P0044,0.7394758232873836,GH017,F08
P0044,0.8221978755788046,GH017,F08
P0044,0.7874847158833987,GH017,F08
P0044,0.8346973146594185,GH017,F08
P0044,0.8015941446650242,GH017,F08
P0044,0.6595584015006498,GH017,F08
P0044,0.6882263809353856,GH017,F08
P0044,0.7119780879748856,GH017,F08
P0044,0.6287090654939378,GH017,F08
P0044,0.5810538386477989,GH017,F08
P0044,0.5477622774024926,GH017,F08
P0044,0.6125606732346875,GH017,F08
P0044,0.7254576037654821,GH017,F08
P0044,0.6830895273173241,GH017,F08
P0044,0.7036194091727853,GH017,F08
P0044,0.8161109202721694,GH017,F08
P0044,0.7427132636892861,GH017,F08
P0044,0.7023201883061758,GH017,F08
P0044,0.7246462955323162,GH017,F08
P0044,0.726356151306194,GH017,F08
P0044,0.7324631074374858,GH017,F08
P0044,0.65826031290009,GH017,F08
P0044,0.6686160111069487,GH017,F08
P0044,0.719910433388637,GH017,F08
P0044,0.6696977090054594,GH017,F08
P0044,0.800448049803982,GH017,F08
P0044,0.683155182821707,GH017,F08
P0044,0.6510341034705174,GH017,F08
P0044,0.6915434538020919,GH017,F08
P0044,0.6534121940244461,GH017,F08
P0044,0.6504415991221261,GH017,F08
P0044,0.6465845075022112,GH017,F08
P0044,0.6829134228251003,GH017,F08
P0044,0.6924759309797301,GH017,F08
P0044,0.6728583940665559,GH017,F08
P0044,0.6961446533705328,GH017,F08
P0044,0.7607619162472564,GH017,F08
P0044,0.6992868183184644,GH017,F08
P0044,0.6945403742305742,GH017,F08
P0044,0.7010780138220455,GH017,F08
P0044,0.6542548981959577,GH017,F08
P0044,0.6314372804183376,GH017,F08
P0044,0.690751728193817,GH017,F08
P0044,0.5872312562501698,GH017,F08
P0044,0.5898429656018829,GH017,F08
P0044,0.6228477809716898,GH017,F08
P0044,0.5851724718570862,GH017,F08
P0044,0.6686704049549723,GH017,F08
P0044,0.6708539892335043,GH017,F08
P0044,0.6923403168657695,GH017,F08
P0044,0.6743349417757045,GH017,F08
P0044,0.7082243677976631,GH017,F08
P0044,0.7601781717421111,GH017,F08
P0044,0.6790857885136076,GH017,F08
P0044,0.6764597162537862,GH017,F08
P0044,0.6832133631382968,GH017,F08
P0044,0.6598995047955516,GH017,F08
P0044,0.7791079086862845,GH017,F08
P0044,0.663573965593264,GH017,F08
P0044,0.6732656164441851,GH017,F08
P0044,0.6621397121593161,GH017,F08
P0044,0.7018757613430594,GH017,F08
P0044,0.6806482920917489,GH017,F08
P0044,0.7104247635274422,GH017,F08
P0044,0.6614210361895253,GH017,F08
P0044,0.6627152233223007,GH017,F08
P0044,0.6835433726454464,GH017,F08
P0044,0.6939333043192137,GH017,F08
P0044,0.6898609653699994,GH017,F08
P0044,0.7206706218561724,GH017,F08
P0044,0.7026770094220784,GH017,F08
P0044,0.7820425682337222,GH017,F08
P0044,0.6815022511350621,GH017,F08
P0044,0.7552657883413045,GH017,F08
P0044,0.7782656769932677,GH017,F08
P0044,0.6692300081899137,GH017,F08
P0044,0.6962270849619423,GH017,F08
P0044,0.7548809174006064,GH017,F08
P0044,0.6801424315252074,GH017,F08
P0044,0.6244529091653509,GH017,F08
P0044,0.6172196056354289,GH017,F08
P0044,0.5454636242331373,GH017,F08
P0044,0.6106487236057832,GH017,F08
P0044,0.6663900473815194,GH017,F08
P0044,0.7545968878091301,GH017,F08
P0044,0.7010884633954935,GH017,F08
P0044,0.6974112855285094,GH017,F08
P0044,0.7059991576295561,GH017,F08
P0044,0.6962033868010696,GH017,F08
P0044,0.8305597367553001,GH017,F08
P0044,0.8417874057634036,GH017,F08
P0044,0.7858001453232104,GH017,F08
P0044,0.8025535310880533,GH017,F08
P0044,0.7886123454815102,GH017,F08
P0044,0.7376471585482544,GH017,F08
P0044,0.8102066608901938,GH017,F08
P0044,0.7232972245681972,GH017,F08
P0044,0.744955662065683,GH017,F08
P0044,0.7390917541524529,GH017,F08
P0044,0.7475288966664781,GH017,F08
P0044,0.7355418663900454,GH017,F08
P0044,0.7121184203654658,GH017,F08
P0044,0.7341968953720514,GH017,F08
P0044,0.8265038362738456,GH017,F08
P0044,0.7291468220640356,GH017,F08
P0044,0.7284208992575589,GH017,F08
P0044,0.8230596028956741,GH017,F08
P0044,0.8396034085652757,GH017,F08
P0044,0.8166836940611979,GH017,F08
P0044,0.8201832726572722,GH017,F08
P0044,0.8525506427650317,GH017,F08
P0044,0.8303827819772213,GH017,F08
P0044,0.7733665871343551,GH017,F08
P0044,0.8200796062153644,GH017,F08
P0044,0.7716548785729431,GH017,F08
P0044,0.6510298486599039,GH017,F08
P0044,0.6979107118808179,GH017,F08
P0044,0.6405385833753856,GH017,F08
P0044,0.6660308742392835,GH017,F08
P0044,0.7407323226640764,GH017,F08
P0044,0.8224458447957101,GH017,F08
P0044,0.8136315056820335,GH017,F08
P0044,0.7346176497443597,GH017,F08
P0044,0.8190236906613788,GH017,F08
P0044,0.7829025810148096,GH017,F08
P0044,0.8343062166933081,GH017,F08
P0044,0.7457023559134219,GH017,F08
P0044,0.8522843749769916,GH017,F08
P0044,0.8037843583294985,GH017,F08
P0044,0.7887711784402393,GH017,F08
P0044,0.8092453802191486,GH017,F08
P0044,0.7162942410522282,GH017,F08
P0044,0.7271462704114146,GH017,F08
P0044,0.6869689467402188,GH017,F08
P0044,0.7305893329736346,GH017,F08
P0044,0.732962097330775,GH017,F08
P0044,0.7337797020664228,GH017,F08
P0044,0.7577703342364478,GH017,F08
P0044,0.8042704767071115,GH017,F08
P0044,0.8286765725768818,GH017,F08
P0044,0.8337326393094106,GH017,F08
P0044,0.8397593511298317,GH017,F08
P0044,0.8553878242081946,GH017,F08
P0044,0.7813176086559296,GH017,F08
P0044,0.7355279678989444,GH017,F08
P0044,0.7415180893724046,GH017,F08
P0044,0.8237630977051587,GH017,F08
P0044,0.735028814214096,GH017,F08
P0044,0.8467665003576645,GH017,F08
P0044,0.7474355597728665,GH017,F08
P0044,0.7075633296530919,GH017,F08
P0044,0.6199993661140129,GH017,F08
P0044,0.6222224633366912,GH017,F08
P0044,0.5185366842782932,GH017,F08
P0044,0.780667147086856,GH017,F08
P0044,0.7047148291857102,GH017,F08
P0044,0.7732986426274455,GH017,F08
P0044,0.8546260533156895,GH017,F08
P0044,0.7963984707042613,GH017,F08
P0044,0.7891306427449586,GH017,F08
P0044,0.828241989260943,GH017,F08
P0044,0.8082802071997877,GH017,F08
P0044,0.8103429859674212,GH017,F08
P0044,0.8237628450440752,GH017,F08
P0044,0.8149214960446391,GH017,F08
P0044,0.8336420284280502,GH017,F08
P0044,0.7383806548135285,GH017,F08
P0044,0.7510845563032977,GH017,F08
P0044,0.714838430539986,GH017,F08
P0044,0.717412018809471,GH017,F08
P0044,0.7298137902186644,GH017,F08
P0044,0.7187587174197858,GH017,F08
P0044,0.7482567530168,GH017,F08
P0044,0.8128157786114574,GH017,F08
P0044,0.8088857691280336,GH017,F08
P0044,0.6807334022902007,GH017,F08
P0044,0.6993823416020505,GH017,F08
P0044,0.7761340006414361,GH017,F08
P0044,0.804200006162526,GH017,F08
P0044,0.8138342335307199,GH017,F08
P0044,0.8141345388330541,GH017,F08
P0044,0.8259724759326105,GH017,F08
P0044,0.790359542163001,GH017,F08
P0044,0.8390564004146184,GH017,F08
P0044,0.7644490889073388,GH017,F08
P0044,0.809472793302308,GH017,F08
P0044,0.7877047414688171,GH017,F08
P0044,0.7439927244564383,GH017,F08
P0044,0.6207438846911907,GH017,F08
P0044,0.5839580904548665,GH017,F08
P0044,0.6770396466485882,GH017,F08
P0044,0.7597821946031263,GH017,F08
P0044,0.8497166534393591,GH017,F08
P0044,0.7316705481666765,GH017,F08
P0044,0.700387982658876,GH017,F08
P0044,0.7583794240820216,GH017,F08
P0044,0.6939294568889415,GH017,F08
P0044,0.8718325047654361,GH017,F08
P0044,0.8500356439833054,GH017,F08
P0044,0.8159733774036921,GH017,F08
P0044,0.7752354099548795,GH017,F08
P0044,0.8362624356874508,GH017,F08
P0044,0.7030021823877555,GH017,F08
P0044,0.7214640881201426,GH017,F08
P0044,0.7047055490772569,GH017,F08
P0045,0.7620513772520605,GH005,F01
P0045,0.8010036963924405,GH005,F01
P0045,0.8665452552168483,GH005,F01
P0045,0.8073055929578677,GH005,F01
P0045,0.7200564277066573,GH005,F01
P0045,0.7790128814283989,GH005,F01
P0045,0.8141755616593599,GH005,F01
P0045,0.8271891660232963,GH005,F01
P0045,0.8369237098189224,GH005,F01
P0045,0.7900161644596634,GH005,F01
P0045,0.8145750909587351,GH005,F01
P0045,0.796590107305681,GH005,F01
P0045,0.8120650170679988,GH005,F01
P0045,0.7891439542255452,GH005,F01
P0045,0.6599364824691922,GH005,F01
P0045,0.7301763015880315,GH005,F01
P0045,0.6856485282551716,GH005,F01
P0045,0.702633472682471,GH005,F01
P0045,0.7792556092878973,GH005,F01
P0045,0.7582013380876129,GH005,F01
P0045,0.8131518364875764,GH005,F01
P0045,0.7429355816030725,GH005,F01
P0045,0.8412425961801534,GH005,F01
P0045,0.6980974051238097,GH005,F01
P0045,0.8365439888990693,GH005,F01
P0045,0.7103831142864949,GH005,F01
P0045,0.7371068434048784,GH005,F01
P0045,0.7238810801109952,GH005,F01
P0045,0.7094378568811186,GH005,F01
P0045,0.65962485321184,GH005,F01
P0045,0.6543979963597929,GH005,F01
P0045,0.7675017856396276,GH005,F01
P0045,0.683254647368743,GH005,F01
P0045,0.6850787248082938,GH005,F01
P0045,0.6743378241025307,GH005,F01
P0045,0.7817560605765063,GH005,F01
P0045,0.7047271708919423,GH005,F01
P0045,0.7747777027111058,GH005,F01
P0045,0.7062355320120796,GH005,F01
P0045,0.7089020458863191,GH005,F01
P0045,0.7140638200842433,GH005,F01
P0045,0.6862484699971082,GH005,F01
P0045,0.7083489406960173,GH005,F01
P0045,0.7115529331955144,GH005,F01
P0045,0.7708806892503225,GH005,F01
P0045,0.780447897671403,GH005,F01
P0045,0.6909154740997633,GH005,F01
P0045,0.7047070806381713,GH005,F01
P0045,0.679599866183541,GH005,F01
P0045,0.6228203516193987,GH005,F01
P0045,0.5767632577933761,GH005,F01
P0045,0.6275087825984523,GH005,F01
P0045,0.6640620250324313,GH005,F01
P0045,0.7930767698958183,GH005,F01
P0045,0.7361200457720841,GH005,F01
P0045,0.7138022878855488,GH005,F01
P0045,0.7094835997952241,GH005,F01
P0045,0.7101056997478858,GH005,F01
P0045,0.7224338199387782,GH005,F01
P0045,0.756173577119064,GH005,F01
P0045,0.6915524114550433,GH005,F01
P0045,0.7243879298184827,GH005,F01
P0045,0.6991347739867566,GH005,F01
P0045,0.7052174061224495,GH005,F01
P0045,0.7773451281415433,GH005,F01
P0045,0.6793529128552762,GH005,F01
P0045,0.709030451044927,GH005,F01
P0045,0.698991582328996,GH005,F01
P0045,0.7785181375953695,GH005,F01
P0045,0.6657764181137023,GH005,F01
P0045,0.7366704458427101,GH005,F01
P0045,0.7217080476999803,GH005,F01
P0045,0.7104223079854264,GH005,F01
P0045,0.7050720673238352,GH005,F01
P0045,0.6961459983239956,GH005,F01
P0045,0.7814625434018762,GH005,F01
P0045,0.7173224232985286,GH005,F01
P0045,0.7436433210065541,GH005,F01
P0045,0.8293246077114592,GH005,F01
P0045,0.840076912670233,GH005,F01
P0045,0.7577829432015015,GH005,F01
P0045,0.6624415078809526,GH005,F01
P0045,0.6593746445715243,GH005,F01
P0045,0.8201331584047374,GH005,F01
P0045,0.741763826223794,GH005,F01
P0045,0.6769348328570712,GH005,F01
P0045,0.6535014222755836,GH005,F01
P0045,0.6474827523730603,GH005,F01
P0045,0.6945828910858786,GH005,F01
P0045,0.82717107136666,GH005,F01
P0045,0.7469564496077721,GH005,F01
P0045,0.8171864778861332,GH005,F01
P0045,0.8131928782786122,GH005,F01
P0045,0.7259370890385326,GH005,F01
P0045,0.8234750966547429,GH005,F01
P0045,0.8171340242013807,GH005,F01
P0045,0.8169866338096372,GH005,F01
P0045,0.8198477756261462,GH005,F01
P0045,0.8338239559274088,GH005,F01
P0045,0.715703202094317,GH005,F01
P0045,0.7090480078584781,GH005,F01
P0045,0.7854207070708208,GH005,F01
P0045,0.7309487309775519,GH005,F01
P0045,0.7724855202370173,GH005,F01
P0045,0.8563147157044467,GH005,F01
P0045,0.7335318863161752,GH005,F01
P0045,0.8301509932997473,GH005,F01
P0045,0.7704421350960494,GH005,F01
P0045,0.8289559170241401,GH005,F01
P0045,0.866141658264403,GH005,F01
P0045,0.8504508803430527,GH005,F01
P0045,0.8463226417229774,GH005,F01
P0045,0.8301982983118487,GH005,F01
P0045,0.8146173292199537,GH005,F01
P0045,0.8331285576378816,GH005,F01
P0045,0.8236406875832425,GH005,F01
P0045,0.8898185563149598,GH005,F01
P0045,0.8290320206101071,GH005,F01
P0045,0.8123632762006227,GH005,F01
P0045,0.7520449391211655,GH005,F01
P0045,0.7905951123578197,GH005,F01
P0045,0.7432876129773819,GH005,F01
P0045,0.7305743488207559,GH005,F01
P0045,0.7420076747018031,GH005,F01
P0045,0.7778499944372499,GH005,F01
P0045,0.8617965267929882,GH005,F01
P0045,0.8421867138046125,GH005,F01
P0045,0.817873047969025,GH005,F01
P0045,0.9027033384905383,GH005,F01
P0045,0.8717272350694618,GH005,F01
P0045,0.8296733281947433,GH005,F01
P0045,0.8361581812817426,GH005,F01
P0045,0.8879348996349639,GH005,F01
P0045,0.8204253363829125,GH005,F01
P0045,0.8372477603858446,GH005,F01
P0045,0.7640125600306787,GH005,F01
P0045,0.8279849650712084,GH005,F01
P0045,0.8798599650796441,GH005,F01
P0045,0.7477792073880464,GH005,F01
P0045,0.757860987927512,GH005,F01
P0045,0.7285728178758193,GH005,F01
P0045,0.8430661220652429,GH005,F01
P0045,0.817152338398274,GH005,F01
P0045,0.799784274356318,GH005,F01
P0045,0.837712645717947,GH005,F01
P0045,0.7956692059518712,GH005,F01
P0045,0.7832796061520071,GH005,F01
P0045,0.847116520299614,GH005,F01
P0045,0.8504006360462137,GH005,F01
P0045,0.7974984854344922,GH005,F01
P0045,0.8178631574347319,GH005,F01
P0045,0.8365776602776585,GH005,F01
P0045,0.8205968253291953,GH005,F01
P0045,0.8575285214182126,GH005,F01
P0045,0.8206832529223472,GH005,F01
P0045,0.8277266609004599,GH005,F01
P0045,0.702042503892214,GH005,F01
P0045,0.6986390240869758,GH005,F01
P0045,0.5913978794648387,GH005,F01
P0045,0.7080082186429881,GH005,F01
P0045,0.833630529896977,GH005,F01
P0045,0.7479812663207216,GH005,F01
P0045,0.8151988971651244,GH005,F01
P0045,0.8062913004654843,GH005,F01
P0045,0.8282490957855723,GH005,F01
P0045,0.8277096518140714,GH005,F01
P0045,0.8595949550109854,GH005,F01
P0045,0.850347067557018,GH005,F01
P0045,0.8557800891969739,GH005,F01
P0045,0.8591742578535444,GH005,F01
P0045,0.789737041585105,GH005,F01
P0045,0.7656624306369764,GH005,F01
P0045,0.8296810624894957,GH005,F01
P0045,0.809172791291599,GH005,F01
P0045,0.8252776464212291,GH005,F01
P0045,0.748332800882571,GH005,F01
P0045,0.7273612137105662,GH005,F01
P0045,0.7989545464299096,GH005,F01
P0045,0.7608029905719186,GH005,F01
P0045,0.7291285044015849,GH005,F01
P0045,0.8273653261243238,GH005,F01
P0045,0.8345437060025046,GH005,F01
P0045,0.8380558876924564,GH005,F01
P0045,0.8752896703951718,GH005,F01
P0045,0.850415501705261,GH005,F01
P0045,0.7869897576745367,GH005,F01
P0045,0.8419780381190465,GH005,F01
P0045,0.843345594564236,GH005,F01
P0045,0.6842967319955794,GH005,F01
P0045,0.7200530619007051,GH005,F01
P0045,0.8455915223048357,GH005,F01
P0045,0.8167450996724761,GH005,F01
P0045,0.6744014640813087,GH005,F01
P0045,0.7486350110591885,GH005,F01
P0045,0.6079568690671628,GH005,F01
P0045,0.7818532740647771,GH005,F01
P0045,0.725243660853459,GH005,F01
P0045,0.7680076578752589,GH005,F01
P0045,0.8126371657583935,GH005,F01
P0045,0.7502946823179402,GH005,F01
P0045,0.8248385325628498,GH005,F01
P0045,0.8466653131388284,GH005,F01
P0045,0.8407473378970343,GH005,F01
P0045,0.897865253740663,GH005,F01
P0045,0.8644421818159509,GH005,F01
P0045,0.8400481851290238,GH005,F01
P0045,0.8587580467276292,GH005,F01
P0045,0.8390869526355298,GH005,F01
P0045,0.7627840254002954,GH005,F01
P0045,0.829957803862942,GH005,F01
P0046,0.8175175596860591,GH020,F01
P0046,0.8350479016050047,GH020,F01
P0046,0.8378141676081585,GH020,F01
P0046,0.7529417119199032,GH020,F01
P0046,0.8366349687034796,GH020,F01
P0046,0.7941675927977451,GH020,F01
P0046,0.7005799358065969,GH020,F01
P0046,0.8026729413879528,GH020,F01
P0046,0.8055162195909882,GH020,F01
P0046,0.7004357820697441,GH020,F01
P0046,0.8031182779330248,GH020,F01
P0046,0.7393335485482194,GH020,F01
P0046,0.7199214498271694,GH020,F01
P0046,0.6512869883637308,GH020,F01
P0046,0.6163668643982692,GH020,F01
P0046,0.6700691581692088,GH020,F01
P0046,0.6302190892108172,GH020,F01
P0046,0.7295099133330877,GH020,F01
P0046,0.7340254064168409,GH020,F01
P0046,0.8119936958472509,GH020,F01
P0046,0.7759251377564091,GH020,F01
P0046,0.7223184692905674,GH020,F01
P0046,0.7069735114592894,GH020,F01
P0046,0.7234633977475935,GH020,F01
P0046,0.7407962968999883,GH020,F01
P0046,0.7078873046669203,GH020,F01
P0046,0.673804762272413,GH020,F01
P0046,0.8241562385065138,GH020,F01
P0046,0.7536311226266798,GH020,F01
P0046,0.6946838454903768,GH020,F01
P0046,0.7421461899100492,GH020,F01
P0046,0.7028942638471123,GH020,F01
P0046,0.706750646104503,GH020,F01
P0046,0.6839195644916312,GH020,F01
P0046,0.6988477202254122,GH020,F01
P0046,0.660492839759628,GH020,F01
P0046,0.6819240308320247,GH020,F01
P0046,0.7193226612192029,GH020,F01
P0046,0.725353426270931,GH020,F01
P0046,0.7235886438502225,GH020,F01
P0046,0.6987573700227255,GH020,F01
P0046,0.6966371150940867,GH020,F01
P0046,0.6670146891954468,GH020,F01
P0046,0.7215087664804454,GH020,F01
P0046,0.6916061967658308,GH020,F01
P0046,0.6851815357068431,GH020,F01
P0046,0.6758343550622972,GH020,F01
P0046,0.6585570979226912,GH020,F01
P0046,0.6501837707080336,GH020,F01
P0046,0.5254784895659743,GH020,F01
P0046,0.5258479411009058,GH020,F01
P0046,0.563010416251605,GH020,F01
P0046,0.6761956463466826,GH020,F01
P0046,0.7038704853527274,GH020,F01
P0046,0.741113974671913,GH020,F01
P0046,0.6895639460003057,GH020,F01
P0046,0.6823973203357591,GH020,F01
P0046,0.7094437452619726,GH020,F01
P0046,0.7014195924092159,GH020,F01
P0046,0.7238111622706636,GH020,F01
P0046,0.6939645813802258,GH020,F01
P0046,0.671965937237488,GH020,F01
P0046,0.8102457584591748,GH020,F01
P0046,0.6233371557052724,GH020,F01
P0046,0.7123227539878206,GH020,F01
P0046,0.6612314373850035,GH020,F01
P0046,0.6553723144408024,GH020,F01
P0046,0.6599490107695624,GH020,F01
P0046,0.6985746354451835,GH020,F01
P0046,0.7120466284079996,GH020,F01
P0046,0.7433656657146819,GH020,F01
P0046,0.7534849299390971,GH020,F01
P0046,0.6785576744239779,GH020,F01
P0046,0.7066268314954097,GH020,F01
P0046,0.7037151669834864,GH020,F01
P0046,0.6817670461750865,GH020,F01
P0046,0.6953454891060886,GH020,F01
P0046,0.8164183112345905,GH020,F01
P0046,0.733205633249288,GH020,F01
P0046,0.7179451449456794,GH020,F01
P0046,0.6734911861366348,GH020,F01
P0046,0.7392010973747107,GH020,F01
P0046,0.7399415017808701,GH020,F01
P0046,0.724767634107186,GH020,F01
P0046,0.6342216051870062,GH020,F01
P0046,0.5951036134117189,GH020,F01
P0046,0.5961700861657144,GH020,F01
P0046,0.6248014783356901,GH020,F01
P0046,0.7204041417960465,GH020,F01
P0046,0.7493056675815649,GH020,F01
P0046,0.81047478436870235,GH020,F01
P0046,0.8254124919773317,GH020,F01
P0046,0.8204847944543595,GH020,F01
P0046,0.7946526138491591,GH020,F01
P0046,0.7954584774934723,GH020,F01
P0046,0.8137597768323911,GH020,F01
P0046,0.7830454703880134,GH020,F01
P0046,0.816717287736478,GH020,F01
P0046,0.7131155088176878,GH020,F01
P0046,0.8307006051655813,GH020,F01
P0046,0.7915335423464189,GH020,F01
P0046,0.8437953582169337,GH020,F01
P0046,0.8076309246446285,GH020,F01
P0046,0.8003981942517524,GH020,F01
P0046,0.8372573727220971,GH020,F01
P0046,0.8255808477225236,GH020,F01
P0046,0.8174571279836903,GH020,F01
P0046,0.8317359978883158,GH020,F01
P0046,0.7993555393752018,GH020,F01
P0046,0.8288909076316537,GH020,F01
P0046,0.8371949873341596,GH020,F01
P0046,0.8092430066031734,GH020,F01
P0046,0.8535899344648379,GH020,F01
P0046,0.7939097943385849,GH020,F01
P0046,0.7428210434606154,GH020,F01
P0046,0.7998492712117149,GH020,F01
P0046,0.8451621490334487,GH020,F01
P0046,0.8360297276790243,GH020,F01
P0046,0.8198248138187062,GH020,F01
P0046,0.8326311527841121,GH020,F01
P0046,0.7198738841333798,GH020,F01
P0046,0.7592527135568776,GH020,F01
P0046,0.6737325961498761,GH020,F01
P0046,0.7402378931206307,GH020,F01
P0046,0.8157837253121201,GH020,F01
P0046,0.7034355572796803,GH020,F01
P0046,0.7364256280083122,GH020,F01
P0046,0.8197843594171824,GH020,F01
P0046,0.8038060177429794,GH020,F01
P0046,0.7750947421987334,GH020,F01
P0046,0.7782567234148788,GH020,F01
P0046,0.812580319542445,GH020,F01
P0046,0.8420429022106407,GH020,F01
P0046,0.7873137974236336,GH020,F01
P0046,0.8345790067041731,GH020,F01
P0046,0.8016323442011823,GH020,F01
P0046,0.807504661341408,GH020,F01
P0046,0.8827921175771448,GH020,F01
P0046,0.8452255482035441,GH020,F01
P0046,0.8230679111644049,GH020,F01
P0046,0.8585272826664937,GH020,F01
P0046,0.8561346561379192,GH020,F01
P0046,0.7940241982183852,GH020,F01
P0046,0.769096939310496,GH020,F01
P0046,0.8422642318741411,GH020,F01
P0046,0.8097161257364436,GH020,F01
P0046,0.8192581396234998,GH020,F01
P0046,0.7918532638632262,GH020,F01
P0046,0.8114453396271908,GH020,F01
P0046,0.846004619453549,GH020,F01
P0046,0.8596126991759269,GH020,F01
P0046,0.8206936404667036,GH020,F01
P0046,0.8274893065036575,GH020,F01
P0046,0.84605785942059,GH020,F01
P0046,0.8499019581420956,GH020,F01
P0046,0.799851388219792,GH020,F01
P0046,0.767513942553151,GH020,F01
P0046,0.7138078640862412,GH020,F01
P0046,0.7178822523005826,GH020,F01
P0046,0.7287479996719252,GH020,F01
P0046,0.7792507429601406,GH020,F01
P0046,0.8252925491079761,GH020,F01
P0046,0.8290643444858872,GH020,F01
P0046,0.8128580890282119,GH020,F01
P0046,0.8235008102776562,GH020,F01
P0046,0.8417043356399262,GH020,F01
P0046,0.853842066512657,GH020,F01
P0046,0.8625024387217461,GH020,F01
P0046,0.8411623130308579,GH020,F01
P0046,0.8058170718216668,GH020,F01
P0046,0.8139938914774167,GH020,F01
P0046,0.827734060897616,GH020,F01
P0046,0.848340565661193,GH020,F01
P0046,0.7943289406646463,GH020,F01
P0046,0.7866296848153763,GH020,F01
P0046,0.8317759699614843,GH020,F01
P0046,0.7653862320443787,GH020,F01
P0046,0.8293051104048103,GH020,F01
P0046,0.7575072392552318,GH020,F01
P0046,0.76908948874569,GH020,F01
P0046,0.824549534527967,GH020,F01
P0046,0.8697097751368087,GH020,F01
P0046,0.81785513122105,GH020,F01
P0046,0.821876638399572,GH020,F01
P0046,0.7798699008034947,GH020,F01
P0046,0.8436604497392804,GH020,F01
P0046,0.8416571357191976,GH020,F01
P0046,0.8363987253086635,GH020,F01
P0046,0.7395096504028358,GH020,F01
P0046,0.8161425557525346,GH020,F01
P0046,0.8218514846897842,GH020,F01
P0046,0.8474168460443318,GH020,F01
P0046,0.6809661578194564,GH020,F01
P0046,0.7564448453384548,GH020,F01
P0046,0.630703809719617,GH020,F01
P0046,0.7351979681655312,GH020,F01
P0046,0.7989001795703026,GH020,F01
P0046,0.8101427341239353,GH020,F01
P0046,0.8570003601709456,GH020,F01
P0046,0.8202318710763598,GH020,F01
P0046,0.8552339894435643,GH020,F01
P0046,0.8399442512511934,GH020,F01
P0046,0.8237891044175444,GH020,F01
P0046,0.8277810388610031,GH020,F01
P0046,0.8320237592678476,GH020,F01
P0046,0.8510605043727506,GH020,F01
P0046,0.8216469351618204,GH020,F01
P0046,0.8351397651023968,GH020,F01
P0046,0.8514754397415993,GH020,F01
P0046,0.7436882329686159,GH020,F01
P0047,0.7861816912765883,GH014,F02
P0047,0.7889446611520364,GH014,F02
P0047,0.8365891156380297,GH014,F02
P0047,0.7626750013424451,GH014,F02
P0047,0.79303969643854,GH014,F02
P0047,0.7710855503570212,GH014,F02
P0047,0.6929286532774309,GH014,F02
P0047,0.7714817508194272,GH014,F02
P0047,0.755543432661065,GH014,F02
P0047,0.6381597090387015,GH014,F02
P0047,0.8216060097410235,GH014,F02
P0047,0.7672432989074204,GH014,F02
P0047,0.6411575391677253,GH014,F02
P0047,0.5985881273674224,GH014,F02
P0047,0.6072953454383926,GH014,F02
P0047,0.6276808639840986,GH014,F02
P0047,0.6053563168502845,GH014,F02
P0047,0.7332667179937989,GH014,F02
P0047,0.6670103101367157,GH014,F02
P0047,0.6950487915544291,GH014,F02
P0047,0.69358510085045,GH014,F02
P0047,0.6814839400051592,GH014,F02
P0047,0.6836023345649674,GH014,F02
P0047,0.6781031092302581,GH014,F02
P0047,0.7074244610565132,GH014,F02
P0047,0.7641902678068903,GH014,F02
P0047,0.6347099496154498,GH014,F02
P0047,0.6465671813690222,GH014,F02
P0047,0.6858915181512247,GH014,F02
P0047,0.6747717879747217,GH014,F02
P0047,0.7221366683095297,GH014,F02
P0047,0.6446257439644008,GH014,F02
P0047,0.677840550044746,GH014,F02
P0047,0.7187210456875627,GH014,F02
P0047,0.6807962581369065,GH014,F02
P0047,0.7101725880993195,GH014,F02
P0047,0.6485814265029998,GH014,F02
P0047,0.7295107012229185,GH014,F02
P0047,0.6442993383513137,GH014,F02
P0047,0.7246482175511032,GH014,F02
P0047,0.7075371832653033,GH014,F02
P0047,0.7104981649346357,GH014,F02
P0047,0.6670836260516186,GH014,F02
P0047,0.6406348696834394,GH014,F02
P0047,0.6252345272293603,GH014,F02
P0047,0.6913323320769945,GH014,F02
P0047,0.7011639348966234,GH014,F02
P0047,0.6876633654801741,GH014,F02
P0047,0.5634240178701017,GH014,F02
P0047,0.6171454111821615,GH014,F02
P0047,0.5461349206919645,GH014,F02
P0047,0.6043000322362972,GH014,F02
P0047,0.5817523078123409,GH014,F02
P0047,0.6863488879234465,GH014,F02
P0047,0.646253124792866,GH014,F02
P0047,0.77734379097453,GH014,F02
P0047,0.6606080857775541,GH014,F02
P0047,0.6879744177148441,GH014,F02
P0047,0.6462225245051596,GH014,F02
P0047,0.6538539778662771,GH014,F02
P0047,0.6772222792031288,GH014,F02
P0047,0.6812203843906112,GH014,F02
P0047,0.6310890593153077,GH014,F02
P0047,0.6085864617266423,GH014,F02
P0047,0.6401024483724017,GH014,F02
P0047,0.6440284110077578,GH014,F02
P0047,0.6582907415714357,GH014,F02
P0047,0.615454660666516,GH014,F02
P0047,0.6406134501436337,GH014,F02
P0047,0.6788527431346012,GH014,F02
P0047,0.651835766097279,GH014,F02
P0047,0.6861340669596327,GH014,F02
P0047,0.7011971652490465,GH014,F02
P0047,0.6729424275720994,GH014,F02
P0047,0.688226754899014,GH014,F02
P0047,0.6676271090383301,GH014,F02
P0047,0.6555284576306916,GH014,F02
P0047,0.6529906255904876,GH014,F02
P0047,0.6867183672086895,GH014,F02
P0047,0.7671332378031428,GH014,F02
P0047,0.6428944949052866,GH014,F02
P0047,0.6701087185474797,GH014,F02
P0047,0.7283548894606092,GH014,F02
P0047,0.6775055458617864,GH014,F02
P0047,0.6254200676335208,GH014,F02
P0047,0.565569802337071,GH014,F02
P0047,0.5647633629564862,GH014,F02
P0047,0.5979109707883644,GH014,F02
P0047,0.6599380182060445,GH014,F02
P0047,0.7263745862901333,GH014,F02
P0047,0.7699978947212336,GH014,F02
P0047,0.8053499297779217,GH014,F02
P0047,0.7432046020662776,GH014,F02
P0047,0.7813207997681949,GH014,F02
P0047,0.7718642372544269,GH014,F02
P0047,0.7805392958195551,GH014,F02
P0047,0.7965251548106729,GH014,F02
P0047,0.7763464385017322,GH014,F02
P0047,0.6777531383309078,GH014,F02
P0047,0.8249594766221184,GH014,F02
P0047,0.7138027148423908,GH014,F02
P0047,0.7999855990824155,GH014,F02
P0047,0.6857398221336317,GH014,F02
P0047,0.7855432330534562,GH014,F02
P0047,0.7684849005239303,GH014,F02
P0047,0.7960609558290607,GH014,F02
P0047,0.7855865097352639,GH014,F02
P0047,0.7025705267512096,GH014,F02
P0047,0.7217647728376663,GH014,F02
P0047,0.828920739236176,GH014,F02
P0047,0.702603604537604,GH014,F02
P0047,0.7431529295909716,GH014,F02
P0047,0.8361317402518232,GH014,F02
P0047,0.7897952207939689,GH014,F02
P0047,0.778848925366221,GH014,F02
P0047,0.7796825854048937,GH014,F02
P0047,0.7676741994714535,GH014,F02
P0047,0.7454359522474654,GH014,F02
P0047,0.7568860452355136,GH014,F02
P0047,0.7831905843724661,GH014,F02
P0047,0.7193032705025855,GH014,F02
P0047,0.6878747227574808,GH014,F02
P0047,0.6609386896272432,GH014,F02
P0047,0.7379285618839827,GH014,F02
P0047,0.738688405325885,GH014,F02
P0047,0.7466473731334936,GH014,F02
P0047,0.8051457575876116,GH014,F02
P0047,0.6967607686758585,GH014,F02
P0047,0.8280581049537775,GH014,F02
P0047,0.7906746608522425,GH014,F02
P0047,0.7527054767984315,GH014,F02
P0047,0.7804447828820656,GH014,F02
P0047,0.7950594691178047,GH014,F02
P0047,0.7775906855512442,GH014,F02
P0047,0.8080490393538459,GH014,F02
P0047,0.6632702247253268,GH014,F02
P0047,0.7129380797168636,GH014,F02
P0047,0.8057711518292558,GH014,F02
P0047,0.716625639679968,GH014,F02
P0047,0.6801495593956116,GH014,F02
P0047,0.7143444742808538,GH014,F02
P0047,0.6806730373121554,GH014,F02
P0047,0.7108754779189647,GH014,F02
P0047,0.8373025323503805,GH014,F02
P0047,0.7116401945125191,GH014,F02
P0047,0.8011606539183267,GH014,F02
P0047,0.8269213996817999,GH014,F02
P0047,0.778318202496541,GH014,F02
P0047,0.8190274890417549,GH014,F02
P0047,0.7330738032762472,GH014,F02
P0047,0.7571144212701505,GH014,F02
P0047,0.7849988937688658,GH014,F02
P0047,0.7545440945695503,GH014,F02
P0047,0.6638665575320127,GH014,F02
P0047,0.7314844353559279,GH014,F02
P0047,0.741185160430437,GH014,F02
P0047,0.6071728421689339,GH014,F02
P0047,0.7281160483530011,GH014,F02
P0047,0.5680503524573564,GH014,F02
P0047,0.6375160789059162,GH014,F02
P0047,0.6271627986093559,GH014,F02
P0047,0.7670454506374461,GH014,F02
P0047,0.8189634107443489,GH014,F02
P0047,0.7523025130137374,GH014,F02
P0047,0.780625437070417,GH014,F02
P0047,0.7291328965599055,GH014,F02
P0047,0.7924294478151146,GH014,F02
P0047,0.8000802306134684,GH014,F02
P0047,0.7940443497179209,GH014,F02
P0047,0.793403817092112,GH014,F02
P0047,0.7207887425080817,GH014,F02
P0047,0.6750723337511738,GH014,F02
P0047,0.7708309816784202,GH014,F02
P0047,0.7709708212384712,GH014,F02
P0047,0.796380361129873,GH014,F02
P0047,0.7014003798689523,GH014,F02
P0047,0.780302154437202,GH014,F02
P0047,0.7075680179484158,GH014,F02
P0047,0.7157128029495293,GH014,F02
P0047,0.7012855515695614,GH014,F02
P0047,0.7830960214837879,GH014,F02
P0047,0.7127642835412537,GH014,F02
P0047,0.7659009958819326,GH014,F02
P0047,0.8143457289168363,GH014,F02
P0047,0.8103735904048253,GH014,F02
P0047,0.7967981751255583,GH014,F02
P0047,0.8091571250109204,GH014,F02
P0047,0.6934255066178199,GH014,F02
P0047,0.8248520094361941,GH014,F02
P0047,0.8271937112934993,GH014,F02
P0047,0.8186822922426129,GH014,F02
P0047,0.7247100651814394,GH014,F02
P0047,0.7272736667737865,GH014,F02
P0047,0.7010750944895184,GH014,F02
P0047,0.598001272344956,GH014,F02
P0047,0.6447608349065702,GH014,F02
P0047,0.6688371322758426,GH014,F02
P0047,0.7566797061863855,GH014,F02
P0047,0.8113089192376485,GH014,F02
P0047,0.6886935978101781,GH014,F02
P0047,0.7870540913366876,GH014,F02
P0047,0.7949412694097051,GH014,F02
P0047,0.7916973166745691,GH014,F02
P0047,0.7763134025142686,GH014,F02
P0047,0.7492199011896535,GH014,F02
P0047,0.8225811971136495,GH014,F02
P0047,0.7895733122750558,GH014,F02
P0047,0.6915265951335867,GH014,F02
P0047,0.7887205501356457,GH014,F02
P0047,0.7959858463488902,GH014,F02
P0048,0.7760206035732714,GH007,F04
P0048,0.7411320939853353,GH007,F04
P0048,0.7440247479917984,GH007,F04
P0048,0.7675881549592994,GH007,F04
P0048,0.7091484915770687,GH007,F04
P0048,0.7762235082983359,GH007,F04
P0048,0.7406629711469671,GH007,F04
P0048,0.7606508774607504,GH007,F04
P0048,0.6429147240462082,GH007,F04
P0048,0.7565600308778965,GH007,F04
P0048,0.7445965242230865,GH007,F04
P0048,0.646103463847353,GH007,F04
P0048,0.7327658248484946,GH007,F04
P0048,0.6136738856686997,GH007,F04
P0048,0.5709701798752872,GH007,F04
P0048,0.5339349949304306,GH007,F04
P0048,0.682788911583491,GH007,F04
P0048,0.6219805814581493,GH007,F04
P0048,0.7187300723983875,GH007,F04
P0048,0.7193879912974895,GH007,F04
P0048,0.6650689634581985,GH007,F04
P0048,0.6876056399682114,GH007,F04
P0048,0.6430257399637809,GH007,F04
P0048,0.6396959348408816,GH007,F04
P0048,0.652499719458828,GH007,F04
P0048,0.6540528403003962,GH007,F04
P0048,0.6779426028233965,GH007,F04
P0048,0.6777130276381179,GH007,F04
P0048,0.6558306042924555,GH007,F04
P0048,0.6676489381877413,GH007,F04
P0048,0.6683558466838322,GH007,F04
P0048,0.7372418955517649,GH007,F04
P0048,0.6447579303745397,GH007,F04
P0048,0.7046507938198989,GH007,F04
P0048,0.70533231529376506,GH007,F04
P0048,0.6476146694877292,GH007,F04
P0048,0.6358961907835987,GH007,F04
P0048,0.6879343099634945,GH007,F04
P0048,0.6508569729679301,GH007,F04
P0048,0.6630183384828593,GH007,F04
P0048,0.6648764162556735,GH007,F04
P0048,0.6656754711200901,GH007,F04
P0048,0.665299592742181,GH007,F04
P0048,0.6145803906788255,GH007,F04
P0048,0.6275938068018787,GH007,F04
P0048,0.6017178753770623,GH007,F04
P0048,0.6618777337432353,GH007,F04
P0048,0.5905964280991639,GH007,F04
P0048,0.5802050574324077,GH007,F04
P0048,0.5179260923179388,GH007,F04
P0048,0.5172054493619034,GH007,F04
P0048,0.5626000088000941,GH007,F04
P0048,0.6085448347791041,GH007,F04
P0048,0.6623255610168705,GH007,F04
P0048,0.6428682439520648,GH007,F04
P0048,0.6667306474405768,GH007,F04
P0048,0.5944036909717021,GH007,F04
P0048,0.6769912071417292,GH007,F04
P0048,0.6656013711051879,GH007,F04
P0048,0.7775751014639329,GH007,F04
P0048,0.6966015040485984,GH007,F04
P0048,0.6514302386797304,GH007,F04
P0048,0.6398296192080316,GH007,F04
P0048,0.6584820992707702,GH007,F04
P0048,0.6009526167518573,GH007,F04
P0048,0.5950393945294103,GH007,F04
P0048,0.6461995551314351,GH007,F04
P0048,0.6689238481929412,GH007,F04
P0048,0.7052473849242407,GH007,F04
P0048,0.6447198663020767,GH007,F04
P0048,0.6594151383036174,GH007,F04
P0048,0.6752205157361952,GH007,F04
P0048,0.6635041120116314,GH007,F04
P0048,0.6541374355270265,GH007,F04
P0048,0.7260551300073258,GH007,F04
P0048,0.73120625148908025,GH007,F04
P0048,0.636894825783028,GH007,F04
P0048,0.6940183304417128,GH007,F04
P0048,0.643204895557673,GH007,F04
P0048,0.6707035383768174,GH007,F04
P0048,0.7615401715682797,GH007,F04
P0048,0.7266280934093791,GH007,F04
P0048,0.6613901641857152,GH007,F04
P0048,0.722767465663456,GH007,F04
P0048,0.6173761375589583,GH007,F04
P0048,0.5456195043766477,GH007,F04
P0048,0.519317623790281,GH007,F04
P0048,0.5922949584368744,GH007,F04
P0048,0.7025025553693232,GH007,F04
P0048,0.6342987742315843,GH007,F04
P0048,0.742813464265276,GH007,F04
P0048,0.6446951371950077,GH007,F04
P0048,0.7570969557556986,GH007,F04
P0048,0.7569779233560487,GH007,F04
P0048,0.7087963361056767,GH007,F04
P0048,0.7828408566015864,GH007,F04
P0048,0.7366756019400843,GH007,F04
P0048,0.7647384081920982,GH007,F04
P0048,0.7064669457250156,GH007,F04
P0048,0.6580421504646944,GH007,F04
P0048,0.7891223604039839,GH007,F04
P0048,0.7765222799864532,GH007,F04
P0048,0.7085487241192344,GH007,F04
P0048,0.7081714029792884,GH007,F04
P0048,0.7170430320184648,GH007,F04
P0048,0.7998868254718186,GH007,F04
P0048,0.7755693326324,GH007,F04
P0048,0.7419431022241104,GH007,F04
P0048,0.7528542192623077,GH007,F04
P0048,0.7680513726346783,GH007,F04
P0048,0.8030643432664003,GH007,F04
P0048,0.8158524676405537,GH007,F04
P0048,0.7726076516220939,GH007,F04
P0048,0.7758396849284926,GH007,F04
P0048,0.7902880028038243,GH007,F04
P0048,0.773078005366491,GH007,F04
P0048,0.7582767407394668,GH007,F04
P0048,0.6795355067723157,GH007,F04
P0048,0.7388248585190604,GH007,F04
P0048,0.7787539942799504,GH007,F04
P0048,0.6569457004755819,GH007,F04
P0048,0.6056620818979297,GH007,F04
P0048,0.5565735388279165,GH007,F04
P0048,0.70582649761091,GH007,F04
P0048,0.6238098700971034,GH007,F04
P0048,0.7607178076274211,GH007,F04
P0048,0.7478589059244342,GH007,F04
P0048,0.7671125159941462,GH007,F04
P0048,0.7136972919038137,GH007,F04
P0048,0.7524448485212485,GH007,F04
P0048,0.7705904966118522,GH007,F04
P0048,0.759019329597816,GH007,F04
P0048,0.79346347025385,GH007,F04
P0048,0.7785508611619133,GH007,F04
P0048,0.7848957821076334,GH007,F04
P0048,0.7414902988468285,GH007,F04
P0048,0.7189055428098127,GH007,F04
P0048,0.7704692178261473,GH007,F04
P0048,0.7937781498849312,GH007,F04
P0048,0.7590728140920754,GH007,F04
P0048,0.6654493632225014,GH007,F04
P0048,0.6983073417275256,GH007,F04
P0048,0.751816285763396,GH007,F04
P0048,0.7364164936007191,GH007,F04
P0048,0.8010535382386708,GH007,F04
P0048,0.7910789817507425,GH007,F04
P0048,0.7870301396108473,GH007,F04
P0048,0.7660627371518497,GH007,F04
P0048,0.8014769564955924,GH007,F04
P0048,0.7446924127069203,GH007,F04
P0048,0.7710499179365142,GH007,F04
P0048,0.7773529132576972,GH007,F04
P0048,0.8018855227804229,GH007,F04
P0048,0.6537050224524141,GH007,F04
P0048,0.7801182169940999,GH007,F04
P0048,0.7751765827389269,GH007,F04
P0048,0.5920474433121945,GH007,F04
P0048,0.5965703764986746,GH007,F04
P0048,0.5196116238626491,GH007,F04
P0048,0.6540704751932015,GH007,F04
P0048,0.7028459202429933,GH007,F04
P0048,0.7712770025329307,GH007,F04
P0048,0.7793322531509461,GH007,F04
P0048,0.7594324893598094,GH007,F04
P0048,0.7699834974541251,GH007,F04
P0048,0.764775847386453,GH007,F04
P0048,0.815964814357521,GH007,F04
P0048,0.7413585916012901,GH007,F04
P0048,0.7544710032508914,GH007,F04
P0048,0.7479165605691629,GH007,F04
P0048,0.7176787049903185,GH007,F04
P0048,0.6911345103960518,GH007,F04
P0048,0.6839091183619856,GH007,F04
P0048,0.7103197551628787,GH007,F04
P0048,0.6624364973467411,GH007,F04
P0048,0.6795992578041414,GH007,F04
P0048,0.7435318894091151,GH007,F04
P0048,0.7536666122109691,GH007,F04
P0048,0.6989839864291324,GH007,F04
P0048,0.7920918050385484,GH007,F04
P0048,0.7957139922557336,GH007,F04
P0048,0.8153941847197049,GH007,F04
P0048,0.7782613195981669,GH007,F04
P0048,0.7524597762613042,GH007,F04
P0048,0.7634616438729064,GH007,F04
P0048,0.740493701604053,GH007,F04
P0048,0.7678347589095529,GH007,F04
P0048,0.7492843610250194,GH007,F04
P0048,0.7797525449559706,GH007,F04
P0048,0.7424176008091212,GH007,F04
P0048,0.7886261971572427,GH007,F04
P0048,0.7135003941096294,GH007,F04
P0048,0.7299655502416696,GH007,F04
P0048,0.5549561068635769,GH007,F04
P0048,0.6618685251059331,GH007,F04
P0048,0.6136408971670259,GH007,F04
P0048,0.6576642613383527,GH007,F04
P0048,0.7803301267156222,GH007,F04
P0048,0.7129347690216575,GH007,F04
P0048,0.7631496933639265,GH007,F04
P0048,0.7820572038014381,GH007,F04
P0048,0.7681213011610675,GH007,F04
P0048,0.7818813898128596,GH007,F04
P0048,0.7438261224331203,GH007,F04
P0048,0.7425068164906125,GH007,F04
P0048,0.7733214199943383,GH007,F04
P0048,0.7507501012162938,GH007,F04
P0048,0.6670667973693071,GH007,F04
P0048,0.80215308112658,GH007,F04
P0048,0.7588950279907337,GH007,F04
P0049,0.749039168503881,GH001,F02
P0049,0.7753505314263353,GH001,F02
P0049,0.7797537877843014,GH001,F02
P0049,0.6867597496494898,GH001,F02
P0049,0.7738551366443642,GH001,F02
P0049,0.80612106985122145,GH001,F02
P0049,0.7314087278449078,GH001,F02
P0049,0.7873046107189665,GH001,F02
P0049,0.7170054823589967,GH001,F02
P0049,0.7644306462911913,GH001,F02
P0049,0.7653167585563208,GH001,F02
P0049,0.7549169981364615,GH001,F02
P0049,0.6623245122326468,GH001,F02
P0049,0.6026539835340333,GH001,F02
P0049,0.5781116258887288,GH001,F02
P0049,0.6634065888752652,GH001,F02
P0049,0.6703091418529041,GH001,F02
P0049,0.6458875743521503,GH001,F02
P0049,0.6667660609437772,GH001,F02
P0049,0.7455597428018147,GH001,F02
P0049,0.7464425510305599,GH001,F02
P0049,0.749945648381306,GH001,F02
P0049,0.6760327484938664,GH001,F02
P0049,0.6700089514739183,GH001,F02
P0049,0.7698008082661664,GH001,F02
P0049,0.7901623268246237,GH001,F02
P0049,0.6671929610556367,GH001,F02
P0049,0.6574578358490396,GH001,F02
P0049,0.6822549539031959,GH001,F02
P0049,0.6474093730922632,GH001,F02
P0049,0.6606361943869393,GH001,F02
P0049,0.6506619935404439,GH001,F02
P0049,0.6458672420555789,GH001,F02
P0049,0.6876105264795226,GH001,F02
P0049,0.6839476750946403,GH001,F02
P0049,0.6925858493130456,GH001,F02
P0049,0.6698077786461828,GH001,F02
P0049,0.662791368542949,GH001,F02
P0049,0.676837264565719,GH001,F02
P0049,0.6715016258957495,GH001,F02
P0049,0.7014989002130004,GH001,F02
P0049,0.7024189862986234,GH001,F02
P0049,0.7182774279211638,GH001,F02
P0049,0.751810966518832,GH001,F02
P0049,0.7161443554725254,GH001,F02
P0049,0.6574870683185705,GH001,F02
P0049,0.6253953666823986,GH001,F02
P0049,0.6567515530984778,GH001,F02
P0049,0.5932474577923756,GH001,F02
P0049,0.628893689064724,GH001,F02
P0049,0.5891167142249246,GH001,F02
P0049,0.5607052968616801,GH001,F02
P0049,0.6433365742197452,GH001,F02
P0049,0.6467391559803266,GH001,F02
P0049,0.6834941008607317,GH001,F02
P0049,0.6874529741998422,GH001,F02
P0049,0.6592008632006202,GH001,F02
P0049,0.6541126066786703,GH001,F02
P0049,0.6786048719558336,GH001,F02
P0049,0.7012700685248578,GH001,F02
P0049,0.6521406439423633,GH001,F02
P0049,0.7659820358211894,GH001,F02
P0049,0.6795905114588631,GH001,F02
P0049,0.7028447964658308,GH001,F02
P0049,0.6868155550142996,GH001,F02
P0049,0.6619941981026871,GH001,F02
P0049,0.638296673629105,GH001,F02
P0049,0.6765748156021276,GH001,F02
P0049,0.7482980410700428,GH001,F02
P0049,0.6516680430049153,GH001,F02
P0049,0.6447896067334634,GH001,F02
P0049,0.6583615078296019,GH001,F02
P0049,0.6564257695935448,GH001,F02
P0049,0.6912129043252386,GH001,F02
P0049,0.768063285381083,GH001,F02
P0049,0.6841962330659663,GH001,F02
P0049,0.7225553828003503,GH001,F02
P0049,0.7395911327426479,GH001,F02
P0049,0.7041465538752448,GH001,F02
P0049,0.774179689211305,GH001,F02
P0049,0.7335566636158896,GH001,F02
P0049,0.6676140477000733,GH001,F02
P0049,0.7241031043118951,GH001,F02
P0049,0.6761868478715096,GH001,F02
P0049,0.6264676210985121,GH001,F02
P0049,0.60728959457634,GH001,F02
P0049,0.6295535709822794,GH001,F02
P0049,0.6245094936146343,GH001,F02
P0049,0.7207519043068261,GH001,F02
P0049,0.6809713360209394,GH001,F02
P0049,0.7688327050369186,GH001,F02
P0049,0.7508531757512875,GH001,F02
P0049,0.6849776459520698,GH001,F02
P0049,0.6603106336646283,GH001,F02
P0049,0.7826135067447946,GH001,F02
P0049,0.7843589713566157,GH001,F02
P0049,0.711167058151506,GH001,F02
P0049,0.7324255553192874,GH001,F02
P0049,0.7346866768995833,GH001,F02
P0049,0.7152536981584136,GH001,F02
P0049,0.8116142742236342,GH001,F02
P0049,0.7882941268730665,GH001,F02
P0049,0.7707318437552594,GH001,F02
P0049,0.7693574987294556,GH001,F02
P0049,0.7175821061968163,GH001,F02
P0049,0.7191863256045106,GH001,F02
P0049,0.817169452733254,GH001,F02
P0049,0.7989142907405058,GH001,F02
P0049,0.7462605538547187,GH001,F02
P0049,0.8067888799254711,GH001,F02
P0049,0.7975145206439016,GH001,F02
P0049,0.7427020896289025,GH001,F02
P0049,0.8211748456365615,GH001,F02
P0049,0.8027240828759956,GH001,F02
P0049,0.6916958754796607,GH001,F02
P0049,0.8008281711830274,GH001,F02
P0049,0.8149269133675998,GH001,F02
P0049,0.741092573075166,GH001,F02
P0049,0.7825720233791006,GH001,F02
P0049,0.8170627751469131,GH001,F02
P0049,0.7283796305459619,GH001,F02
P0049,0.6182901103688437,GH001,F02
P0049,0.6146204630189422,GH001,F02
P0049,0.6510112472600305,GH001,F02
P0049,0.7016527946262451,GH001,F02
P0049,0.7366219681690295,GH001,F02
P0049,0.7504155672467867,GH001,F02
P0049,0.7965064433899126,GH001,F02
P0049,0.7452138088519128,GH001,F02
P0049,0.801531177048589,GH001,F02
P0049,0.7806480731550022,GH001,F02
P0049,0.7775980984742521,GH001,F02
P0049,0.7680642058542755,GH001,F02
P0049,0.8144062565349937,GH001,F02
P0049,0.8103749883709063,GH001,F02
P0049,0.7103549137140194,GH001,F02
P0049,0.8112138644059608,GH001,F02
P0049,0.7238215206117183,GH001,F02
P0049,0.6900633169084445,GH001,F02
P0049,0.6633823879977975,GH001,F02
P0049,0.8011150754421877,GH001,F02
P0049,0.7903870283100413,GH001,F02
P0049,0.6821647744015574,GH001,F02
P0049,0.7860377875419685,GH001,F02
P0049,0.7251021602295971,GH001,F02
P0049,0.8064002057941156,GH001,F02
P0049,0.7988838378036938,GH001,F02
P0049,0.8420890638681519,GH001,F02
P0049,0.822795789618539,GH001,F02
P0049,0.7948787579142229,GH001,F02
P0049,0.7489666074514111,GH001,F02
P0049,0.7418134463966186,GH001,F02
P0049,0.8002686877402546,GH001,F02
P0049,0.7770569757613188,GH001,F02
P0049,0.7662833706720323,GH001,F02
P0049,0.6900395820206497,GH001,F02
P0049,0.7473291487450198,GH001,F02
P0049,0.6069242245664429,GH001,F02
P0049,0.6820990920978871,GH001,F02
P0049,0.6101408155160177,GH001,F02
P0049,0.7562631271745655,GH001,F02
P0049,0.6932430231211708,GH001,F02
P0049,0.7731101416221328,GH001,F02
P0049,0.7150777412030964,GH001,F02
P0049,0.7890771440543352,GH001,F02
P0049,0.7603924683548603,GH001,F02
P0049,0.8008152342245988,GH001,F02
P0049,0.8117442947364699,GH001,F02
P0049,0.7479864976453926,GH001,F02
P0049,0.7883298137846164,GH001,F02
P0049,0.7290668405696407,GH001,F02
P0049,0.7662050902480236,GH001,F02
P0049,0.7669014215022631,GH001,F02
P0049,0.7947322604792365,GH001,F02
P0049,0.7992978555405444,GH001,F02
P0049,0.776426262179851,GH001,F02
P0049,0.6947096377986413,GH001,F02
P0049,0.7607515106427802,GH001,F02
P0049,0.7946396707283045,GH001,F02
P0049,0.7243730801151925,GH001,F02
P0049,0.7691429322122301,GH001,F02
P0049,0.8290101974514145,GH001,F02
P0049,0.80846119534999,GH001,F02
P0049,0.7795499160314349,GH001,F02
P0049,0.6980440484359882,GH001,F02
P0049,0.8090618606663306,GH001,F02
P0049,0.7638013728059238,GH001,F02
P0049,0.7837824731348515,GH001,F02
P0049,0.7645355147110799,GH001,F02
P0049,0.7982647647567772,GH001,F02
P0049,0.7737487035642988,GH001,F02
P0049,0.7859674489661101,GH001,F02
P0049,0.6479068282409103,GH001,F02
P0049,0.7068999999575694,GH001,F02
P0049,0.6159168625252969,GH001,F02
P0049,0.6173765748990306,GH001,F02
P0049,0.7349587496293888,GH001,F02
P0049,0.8058056618955052,GH001,F02
P0049,0.7905226777645598,GH001,F02
P0049,0.7606809510830571,GH001,F02
P0049,0.7962961132940591,GH001,F02
P0049,0.7416469020073879,GH001,F02
P0049,0.7639737822942965,GH001,F02
P0049,0.8155750674481562,GH001,F02
P0049,0.7153375842269251,GH001,F02
P0049,0.7605380148996422,GH001,F02
P0049,0.779503124504133,GH001,F02
P0049,0.7645134480595791,GH001,F02
P0049,0.77762262963333,GH001,F02
P0049,0.777807135948621,GH001,F02
P0050,0.7834143553109191,GH018,F06
P0050,0.8408623283386266,GH018,F06
P0050,0.8668191492802291,GH018,F06
P0050,0.8353347327104611,GH018,F06
P0050,0.8698223026900411,GH018,F06
P0050,0.7987620134595933,GH018,F06
P0050,0.8492157262042521,GH018,F06
P0050,0.7436129357463723,GH018,F06
P0050,0.7668371994909595,GH018,F06
P0050,0.8340040218563184,GH018,F06
P0050,0.8555103658400908,GH018,F06
P0050,0.8086352341380574,GH018,F06
P0050,0.7342627652431991,GH018,F06
P0050,0.7785681584971215,GH018,F06
P0050,0.687849350935821,GH018,F06
P0050,0.6627235749445545,GH018,F06
P0050,0.6785424069382663,GH018,F06
P0050,0.7322565889671676,GH018,F06
P0050,0.7485394701879311,GH018,F06
P0050,0.7662587626142641,GH018,F06
P0050,0.7236753314596587,GH018,F06
P0050,0.8061705486863323,GH018,F06
P0050,0.756878182039798,GH018,F06
P0050,0.7193341787465266,GH018,F06
P0050,0.7486282698378531,GH018,F06
P0050,0.7183447344787884,GH018,F06
P0050,0.7921470303017597,GH018,F06
P0050,0.7386744969250236,GH018,F06
P0050,0.7162748417560137,GH018,F06
P0050,0.6792759456503853,GH018,F06
P0050,0.7717606306228079,GH018,F06
P0050,0.7194377331975205,GH018,F06
P0050,0.7336287827659126,GH018,F06
P0050,0.7336373465439421,GH018,F06
P0050,0.6515409623646186,GH018,F06
P0050,0.7419094219472313,GH018,F06
P0050,0.7633148983945373,GH018,F06
P0050,0.7471094057944769,GH018,F06
P0050,0.6923310415237585,GH018,F06
P0050,0.7938475793231022,GH018,F06
P0050,0.7089674104884786,GH018,F06
P0050,0.7108416589543446,GH018,F06
P0050,0.7214018457545233,GH018,F06
P0050,0.736867711966769,GH018,F06
P0050,0.7547129990465844,GH018,F06
P0050,0.7006034614112013,GH018,F06
P0050,0.7172053952452273,GH018,F06
P0050,0.692339108860944,GH018,F06
P0050,0.606225291716729,GH018,F06
P0050,0.6317562844283424,GH018,F06
P0050,0.5457299246630957,GH018,F06
P0050,0.6395323601656262,GH018,F06
P0050,0.7430233559951305,GH018,F06
P0050,0.7523022045761752,GH018,F06
P0050,0.7577791377905756,GH018,F06
P0050,0.7420655291518352,GH018,F06
P0050,0.7002683337904047,GH018,F06
P0050,0.8188848277240377,GH018,F06
P0050,0.7167510750406249,GH018,F06
P0050,0.7015268407491638,GH018,F06
P0050,0.6896895754207878,GH018,F06
P0050,0.7094344496472428,GH018,F06
P0050,0.7422477558767931,GH018,F06
P0050,0.7037054315279309,GH018,F06
P0050,0.7433926665169216,GH018,F06
P0050,0.7047595435458378,GH018,F06
P0050,0.6896491977308513,GH018,F06
P0050,0.7847598175208271,GH018,F06
P0050,0.7371526608666067,GH018,F06
P0050,0.746785194701512,GH018,F06
P0050,0.6858066216725154,GH018,F06
P0050,0.687441712791034,GH018,F06
P0050,0.796291569229284,GH018,F06
P0050,0.7028276488670758,GH018,F06
P0050,0.8063564464579485,GH018,F06
P0050,0.7447718820153437,GH018,F06
P0050,0.7337126102587531,GH018,F06
P0050,0.7469474230945848,GH018,F06
P0050,0.8088859058431004,GH018,F06
P0050,0.8212002137583394,GH018,F06
P0050,0.7582206061919612,GH018,F06
P0050,0.8317833686785226,GH018,F06
P0050,0.6880967934550065,GH018,F06
P0050,0.8357218712442369,GH018,F06
P0050,0.7025691128167676,GH018,F06
P0050,0.733176851342405,GH018,F06
P0050,0.5686583967600272,GH018,F06
P0050,0.6582826688794894,GH018,F06
P0050,0.708635886762634,GH018,F06
P0050,0.8120057428533206,GH018,F06
P0050,0.8294081680840739,GH018,F06
P0050,0.8040458889273596,GH018,F06
P0050,0.8395970533269833,GH018,F06
P0050,0.844291909583498,GH018,F06
P0050,0.7308875547698526,GH018,F06
P0050,0.8548262182320051,GH018,F06
P0050,0.7437245300994776,GH018,F06
P0050,0.7572979554333706,GH018,F06
P0050,0.8389625896704241,GH018,F06
P0050,0.7220361816259583,GH018,F06
P0050,0.8033664048883747,GH018,F06
P0050,0.8458074476057741,GH018,F06
P0050,0.7469825783449944,GH018,F06
P0050,0.8401762688841421,GH018,F06
P0050,0.7955726058196547,GH018,F06
P0050,0.8536185702981152,GH018,F06
P0050,0.8570063874223864,GH018,F06
P0050,0.8529120571875073,GH018,F06
P0050,0.8505887796184063,GH018,F06
P0050,0.890923410572061,GH018,F06
P0050,0.8686389702661659,GH018,F06
P0050,0.7889654377821794,GH018,F06
P0050,0.8686204562460623,GH018,F06
P0050,0.8497681691082923,GH018,F06
P0050,0.8455249545733422,GH018,F06
P0050,0.8048689199877583,GH018,F06
P0050,0.8226166090443441,GH018,F06
P0050,0.8519345853528532,GH018,F06
P0050,0.8699790841069973,GH018,F06
P0050,0.8641748382810087,GH018,F06
P0050,0.7179119710603917,GH018,F06
P0050,0.7488527950484429,GH018,F06
P0050,0.6123327554935738,GH018,F06
P0050,0.7746114729405957,GH018,F06
P0050,0.8535393811201951,GH018,F06
P0050,0.8153563075670429,GH018,F06
P0050,0.8406810996389789,GH018,F06
P0050,0.8566303277565213,GH018,F06
P0050,0.9055074464870786,GH018,F06
P0050,0.8260348833620684,GH018,F06
P0050,0.868206148001856,GH018,F06
P0050,0.8622120334300442,GH018,F06
P0050,0.819086744891097,GH018,F06
P0050,0.8472642178584555,GH018,F06
P0050,0.8596006021081929,GH018,F06
P0050,0.8767486081666045,GH018,F06
P0050,0.8428567137055039,GH018,F06
P0050,0.8452278330503892,GH018,F06
P0050,0.7572903292960662,GH018,F06
P0050,0.8084426563348985,GH018,F06
P0050,0.7495181471006018,GH018,F06
P0050,0.7604689564073477,GH018,F06
P0050,0.8688523474884223,GH018,F06
P0050,0.8545202272533009,GH018,F06
P0050,0.8460829975644587,GH018,F06
P0050,0.8621069159119544,GH018,F06
P0050,0.8227247318936425,GH018,F06
P0050,0.8067468593655309,GH018,F06
P0050,0.8782050008914248,GH018,F06
P0050,0.7839720995772935,GH018,F06
P0050,0.8793324985165373,GH018,F06
P0050,0.8339579355386824,GH018,F06
P0050,0.8153502402245425,GH018,F06
P0050,0.8423869619173814,GH018,F06
P0050,0.8373646068192054,GH018,F06
P0050,0.8103978509321835,GH018,F06
P0050,0.7825838032549624,GH018,F06
P0050,0.702919910245571,GH018,F06
P0050,0.7347042238674951,GH018,F06
P0050,0.7797490131999758,GH018,F06
P0050,0.8369341199716774,GH018,F06
P0050,0.8625958436962229,GH018,F06
P0050,0.8445905370623468,GH018,F06
P0050,0.7924996562753215,GH018,F06
P0050,0.8921107017437108,GH018,F06
P0050,0.8810049500178059,GH018,F06
P0050,0.8206020174762255,GH018,F06
P0050,0.8954389635384913,GH018,F06
P0050,0.8147581402864387,GH018,F06
P0050,0.8619525295513228,GH018,F06
P0050,0.8512517118352413,GH018,F06
P0050,0.8775668439093255,GH018,F06
P0050,0.8724784559582561,GH018,F06
P0050,0.7360301120138077,GH018,F06
P0050,0.7450581458566569,GH018,F06
P0050,0.7673708158980013,GH018,F06
P0050,0.8235331464842314,GH018,F06
P0050,0.8386178325662695,GH018,F06
P0050,0.831500202506721,GH018,F06
P0050,0.8537609404716933,GH018,F06
P0050,0.8814725976642624,GH018,F06
P0050,0.7710532078923885,GH018,F06
P0050,0.7458983500433766,GH018,F06
P0050,0.8545330420589496,GH018,F06
P0050,0.8770958512381659,GH018,F06
P0050,0.8600530567423181,GH018,F06
P0050,0.792707103764278,GH018,F06
P0050,0.8450699389098469,GH018,F06
P0050,0.8492660558944655,GH018,F06
P0050,0.7779119036195907,GH018,F06
P0050,0.7719296687814962,GH018,F06
P0050,0.8489044385525328,GH018,F06
P0050,0.6767422555330497,GH018,F06
P0050,0.7288313398064032,GH018,F06
P0050,0.6748158951510569,GH018,F06
P0050,0.7605864085644678,GH018,F06
P0050,0.7339644048131483,GH018,F06
P0050,0.744532687109346,GH018,F06
P0050,0.8220408534878207,GH018,F06
P0050,0.8575279686765028,GH018,F06
P0050,0.7781444689115418,GH018,F06
P0050,0.8590971973348787,GH018,F06
P0050,0.8703281700881055,GH018,F06
P0050,0.8732054511740068,GH018,F06
P0050,0.8629029626350269,GH018,F06
P0050,0.7427001141665784,GH018,F06
P0050,0.7763375158567464,GH018,F06
P0050,0.9079524121051871,GH018,F06
P0050,0.8348754952092958,GH018,F06
P0050,0.8228158212133374,GH018,F06
P0051,0.8399119541668002,GH002,F01
P0051,0.8175721404408621,GH002,F01
P0051,0.8549992531944144,GH002,F01
P0051,0.7892674226467649,GH002,F01
P0051,0.8429930238572031,GH002,F01
P0051,0.8162422814154603,GH002,F01
P0051,0.8064774334179677,GH002,F01
P0051,0.6978893102602421,GH002,F01
P0051,0.805175675526701,GH002,F01
P0051,0.818351776524287,GH002,F01
P0051,0.7774591794185766,GH002,F01
P0051,0.7218966304174461,GH002,F01
P0051,0.7155862430532345,GH002,F01
P0051,0.6861421456867506,GH002,F01
P0051,0.7086338400323694,GH002,F01
P0051,0.6935411832371243,GH002,F01
P0051,0.6418722571429805,GH002,F01
P0051,0.6869829053921342,GH002,F01
P0051,0.7221925484348837,GH002,F01
P0051,0.806557664785152,GH002,F01
P0051,0.739251923613012,GH002,F01
P0051,0.7179470483857822,GH002,F01
P0051,0.8026776217080142,GH002,F01
P0051,0.7529374384634234,GH002,F01
P0051,0.6744592118701918,GH002,F01
P0051,0.7016498409072972,GH002,F01
P0051,0.8240666279005187,GH002,F01
P0051,0.7988508525704711,GH002,F01
P0051,0.7097199265791787,GH002,F01
P0051,0.6714942816318719,GH002,F01
P0051,0.6790719680967875,GH002,F01
P0051,0.6847967417063716,GH002,F01
P0051,0.7037241536389515,GH002,F01
P0051,0.6827707245069345,GH002,F01
P0051,0.7000743671682819,GH002,F01
P0051,0.7305963581294561,GH002,F01
P0051,0.6836074968663421,GH002,F01
P0051,0.7116541495685255,GH002,F01
P0051,0.7132295870148766,GH002,F01
P0051,0.728171219351653,GH002,F01
P0051,0.7030273803032903,GH002,F01
P0051,0.6754059662807529,GH002,F01
P0051,0.7006040349484306,GH002,F01
P0051,0.7366765385495285,GH002,F01
P0051,0.6891085843297109,GH002,F01
P0051,0.7147032652083021,GH002,F01
P0051,0.7138583585412892,GH002,F01
P0051,0.6922264704907746,GH002,F01
P0051,0.620960406377772,GH002,F01
P0051,0.6334347390991842,GH002,F01
P0051,0.5448817406147947,GH002,F01
P0051,0.6629501653202261,GH002,F01
P0051,0.650444274657114,GH002,F01
P0051,0.7153423642864766,GH002,F01
P0051,0.7066553706251445,GH002,F01
P0051,0.7600912486006322,GH002,F01
P0051,0.7835884180634615,GH002,F01
P0051,0.6838450129300803,GH002,F01
P0051,0.7275473114228622,GH002,F01
P0051,0.727035833201125,GH002,F01
P0051,0.6885372922008404,GH002,F01
P0051,0.7054094907405805,GH002,F01
P0051,0.6759046467634989,GH002,F01
P0051,0.7386986782921552,GH002,F01
P0051,0.731456459150083,GH002,F01
P0051,0.6900479672295265,GH002,F01
P0051,0.7717257988269627,GH002,F01
P0051,0.6843948243640832,GH002,F01
P0051,0.7857286084379083,GH002,F01
P0051,0.7006603552250279,GH002,F01
P0051,0.7439361291474428,GH002,F01
P0051,0.6892604347074084,GH002,F01
P0051,0.6766055998308609,GH002,F01
P0051,0.7639588813254001,GH002,F01
P0051,0.7150158818667015,GH002,F01
P0051,0.773780190368636,GH002,F01
P0051,0.7103584736428963,GH002,F01
P0051,0.7237564226892396,GH002,F01
P0051,0.7305742976145191,GH002,F01
P0051,0.679452597947528,GH002,F01
P0051,0.7143846125190034,GH002,F01
P0051,0.7275445636780848,GH002,F01
P0051,0.7073635491887891,GH002,F01
P0051,0.7164445610384919,GH002,F01
P0051,0.7182191253427304,GH002,F01
P0051,0.5705774467339245,GH002,F01
P0051,0.5899703030141312,GH002,F01
P0051,0.7640151199532166,GH002,F01
P0051,0.7571573353003201,GH002,F01
P0051,0.8400788347230099,GH002,F01
P0051,0.7860445014081412,GH002,F01
P0051,0.8006797196860063,GH002,F01
P0051,0.7425936566366602,GH002,F01
P0051,0.697360204715141,GH002,F01
P0051,0.7754905198238998,GH002,F01
P0051,0.8309986609475073,GH002,F01
P0051,0.8409415468976621,GH002,F01
P0051,0.7574203132612299,GH002,F01
P0051,0.8119660319623303,GH002,F01
P0051,0.7272723675622415,GH002,F01
P0051,0.8050059832049447,GH002,F01
P0051,0.8289608654737866,GH002,F01
P0051,0.7164489788021511,GH002,F01
P0051,0.7338501075669686,GH002,F01
P0051,0.7248361485420949,GH002,F01
P0051,0.8198461910389633,GH002,F01
P0051,0.8254291547948166,GH002,F01
P0051,0.7490535914363476,GH002,F01
P0051,0.8017491207843374,GH002,F01
P0051,0.7672413531855455,GH002,F01
P0051,0.8320826187191517,GH002,F01
P0051,0.8680436357996765,GH002,F01
P0051,0.8284503459898972,GH002,F01
P0051,0.8106207874223611,GH002,F01
P0051,0.8478759990240071,GH002,F01
P0051,0.7406072927579461,GH002,F01
P0051,0.8057676080131182,GH002,F01
P0051,0.8299127940814564,GH002,F01
P0051,0.7387759547487617,GH002,F01
P0051,0.8037027933446739,GH002,F01
P0051,0.789379765946165,GH002,F01
P0051,0.7099305136963296,GH002,F01
P0051,0.5867439495767176,GH002,F01
P0051,0.7289298190627171,GH002,F01
P0051,0.7049805264219157,GH002,F01
P0051,0.867252704713106,GH002,F01
P0051,0.8494788081673966,GH002,F01
P0051,0.8328736407906283,GH002,F01
P0051,0.7853106762673164,GH002,F01
P0051,0.8199299948766212,GH002,F01
P0051,0.8530544799815487,GH002,F01
P0051,0.7926182728772853,GH002,F01
P0051,0.8196554954292706,GH002,F01
P0051,0.77425809090476,GH002,F01
P0051,0.8665202140857222,GH002,F01
P0051,0.8288524133106576,GH002,F01
P0051,0.6906813081556005,GH002,F01
P0051,0.7791008803014796,GH002,F01
P0051,0.789523705960066,GH002,F01
P0051,0.7587261285420136,GH002,F01
P0051,0.737943386387257,GH002,F01
P0051,0.7511021839325827,GH002,F01
P0051,0.8081992463051917,GH002,F01
P0051,0.8709850093000676,GH002,F01
P0051,0.8578990081782012,GH002,F01
P0051,0.7691446435120588,GH002,F01
P0051,0.8297973758886342,GH002,F01
P0051,0.822825383258037,GH002,F01
P0051,0.8503196245980225,GH002,F01
P0051,0.7774665297433719,GH002,F01
P0051,0.8248915888453655,GH002,F01
P0051,0.813712795825295,GH002,F01
P0051,0.7644911285804612,GH002,F01
P0051,0.8030830485831422,GH002,F01
P0051,0.7980615134435236,GH002,F01
P0051,0.8210679365119773,GH002,F01
P0051,0.7738154137536949,GH002,F01
P0051,0.6857332754009313,GH002,F01
P0051,0.6020922298889175,GH002,F01
P0051,0.6931932267883373,GH002,F01
P0051,0.7544726002201678,GH002,F01
P0051,0.8192035096456852,GH002,F01
P0051,0.840488880754817,GH002,F01
P0051,0.8195806544759172,GH002,F01
P0051,0.8270922657544416,GH002,F01
P0051,0.8502215831102602,GH002,F01
P0051,0.8390907758884789,GH002,F01
P0051,0.8759222662052512,GH002,F01
P0051,0.8629423703326794,GH002,F01
P0051,0.779801362056571,GH002,F01
P0051,0.8169091082459151,GH002,F01
P0051,0.8293721049492649,GH002,F01
P0051,0.8531822965415601,GH002,F01
P0051,0.8355525935425319,GH002,F01
P0051,0.824821044974671,GH002,F01
P0051,0.8039335122953066,GH002,F01
P0051,0.7799351129321521,GH002,F01
P0051,0.8188906263014056,GH002,F01
P0051,0.8238562310706983,GH002,F01
P0051,0.8213802265984633,GH002,F01
P0051,0.8244531115942583,GH002,F01
P0051,0.8513762340067056,GH002,F01
P0051,0.8373222150826473,GH002,F01
P0051,0.8751567728441525,GH002,F01
P0051,0.8456700406165264,GH002,F01
P0051,0.8425840040201237,GH002,F01
P0051,0.8308706130011692,GH002,F01
P0051,0.8381329913117167,GH002,F01
P0051,0.8506090845329569,GH002,F01
P0051,0.834494624789003,GH002,F01
P0051,0.7397428111618071,GH002,F01
P0051,0.7923764312713442,GH002,F01
P0051,0.7618267166179749,GH002,F01
P0051,0.737430865935019,GH002,F01
P0051,0.6779479679010252,GH002,F01
P0051,0.6757074045724604,GH002,F01
P0051,0.70890608153832,GH002,F01
P0051,0.850853483963132,GH002,F01
P0051,0.8414676583256774,GH002,F01
P0051,0.8689009610117315,GH002,F01
P0051,0.8227473340598779,GH002,F01
P0051,0.8179823708351421,GH002,F01
P0051,0.828479555163817,GH002,F01
P0051,0.8546018189241225,GH002,F01
P0051,0.8388869464670948,GH002,F01
P0051,0.8482510787153476,GH002,F01
P0051,0.8351956021838843,GH002,F01
P0051,0.8293545394095407,GH002,F01
P0051,0.827615536875075,GH002,F01
P0051,0.8173131356742993,GH002,F01
P0052,0.7451780573384803,GH016,F05
P0052,0.7530000261782867,GH016,F05
P0052,0.7722936876487327,GH016,F05
P0052,0.7900386766592541,GH016,F05
P0052,0.7553166155864671,GH016,F05
P0052,0.7760480247483984,GH016,F05
P0052,0.7720523629586621,GH016,F05
P0052,0.7483541192363343,GH016,F05
P0052,0.7558507997820428,GH016,F05
P0052,0.7189519045577407,GH016,F05
P0052,0.6676032895296679,GH016,F05
P0052,0.7352043679575987,GH016,F05
P0052,0.6584438290149343,GH016,F05
P0052,0.7255637431955952,GH016,F05
P0052,0.578095507373383,GH016,F05
P0052,0.531978869366923,GH016,F05
P0052,0.6503799692278253,GH016,F05
P0052,0.6759225601093849,GH016,F05
P0052,0.6193071210998571,GH016,F05
P0052,0.6307684578368474,GH016,F05
P0052,0.7489310610117598,GH016,F05
P0052,0.6854379752695738,GH016,F05
P0052,0.6661993501891456,GH016,F05
P0052,0.7024490990015191,GH016,F05
P0052,0.7720150014821093,GH016,F05
P0052,0.7145375994074635,GH016,F05
P0052,0.6618585109279408,GH016,F05
P0052,0.5904830340725538,GH016,F05
P0052,0.6800511550956512,GH016,F05
P0052,0.6596254037359357,GH016,F05
P0052,0.6442768846310002,GH016,F05
P0052,0.6234440594080951,GH016,F05
P0052,0.6733090277283317,GH016,F05
P0052,0.6410887872636059,GH016,F05
P0052,0.6420364885020133,GH016,F05
P0052,0.6771533931896492,GH016,F05
P0052,0.6656629998100301,GH016,F05
P0052,0.6691617380272078,GH016,F05
P0052,0.7094953010879056,GH016,F05
P0052,0.6206715367194576,GH016,F05
P0052,0.6335052893148024,GH016,F05
P0052,0.6424749926454413,GH016,F05
P0052,0.6182735384765204,GH016,F05
P0052,0.6275830109542618,GH016,F05
P0052,0.6278362485082984,GH016,F05
P0052,0.6530683885219144,GH016,F05
P0052,0.6292344207983699,GH016,F05
P0052,0.6183576534762113,GH016,F05
P0052,0.5760020568251201,GH016,F05
P0052,0.5442065731484568,GH016,F05
P0052,0.5265947506806137,GH016,F05
P0052,0.5969636409118306,GH016,F05
P0052,0.6101540859091853,GH016,F05
P0052,0.6604448797316966,GH016,F05
P0052,0.6688080238353766,GH016,F05
P0052,0.640108759180228,GH016,F05
P0052,0.7045294259091204,GH016,F05
P0052,0.6436503616617245,GH016,F05
P0052,0.6481440539737567,GH016,F05
P0052,0.639664258744029,GH016,F05
P0052,0.6863606369937555,GH016,F05
P0052,0.6380234172650527,GH016,F05
P0052,0.5991331096739608,GH016,F05
P0052,0.6005327425287886,GH016,F05
P0052,0.6402743887092863,GH016,F05
P0052,0.6406976241834793,GH016,F05
P0052,0.6273052154877515,GH016,F05
P0052,0.636960003078969,GH016,F05
P0052,0.6451628818529552,GH016,F05
P0052,0.637097865182523,GH016,F05
P0052,0.6439238786905916,GH016,F05
P0052,0.6243724722885332,GH016,F05
P0052,0.6271000545946005,GH016,F05
P0052,0.6238261793839547,GH016,F05
P0052,0.6711519807376078,GH016,F05
P0052,0.6911464631078066,GH016,F05
P0052,0.7165402184492241,GH016,F05
P0052,0.6564919413925777,GH016,F05
P0052,0.7807374962608463,GH016,F05
P0052,0.7513316093235453,GH016,F05
P0052,0.6996159158407401,GH016,F05
P0052,0.6312572259240025,GH016,F05
P0052,0.655564770288764,GH016,F05
P0052,0.6942860451743723,GH016,F05
P0052,0.7129482984055859,GH016,F05
P0052,0.5872645674066158,GH016,F05
P0052,0.5399549406022047,GH016,F05
P0052,0.557589633012648,GH016,F05
P0052,0.7383307925717976,GH016,F05
P0052,0.7708396894550579,GH016,F05
P0052,0.682530608598355,GH016,F05
P0052,0.7546521522528543,GH016,F05
P0052,0.6826471364679514,GH016,F05
P0052,0.7595596875535775,GH016,F05
P0052,0.7474524938671736,GH016,F05
P0052,0.7371638185908955,GH016,F05
P0052,0.7148320085479839,GH016,F05
P0052,0.6533690378417848,GH016,F05
P0052,0.7505617510716744,GH016,F05
P0052,0.698054688411503,GH016,F05
P0052,0.6774687666571166,GH016,F05
P0052,0.7160594605070938,GH016,F05
P0052,0.7560738498646938,GH016,F05
P0052,0.6790104713456633,GH016,F05
P0052,0.6885031867421532,GH016,F05
P0052,0.6942327787518435,GH016,F05
P0052,0.6716705287276757,GH016,F05
P0052,0.7563025247521246,GH016,F05
P0052,0.7419350568783697,GH016,F05
P0052,0.7406901590261648,GH016,F05
P0052,0.8021809678633067,GH016,F05
P0052,0.7624473656589771,GH016,F05
P0052,0.7878224074377373,GH016,F05
P0052,0.788784878037033,GH016,F05
P0052,0.7744454073938586,GH016,F05
P0052,0.7622785400556384,GH016,F05
P0052,0.7485639377204433,GH016,F05
P0052,0.7185446811605486,GH016,F05
P0052,0.7511002383851169,GH016,F05
P0052,0.6891656919115975,GH016,F05
P0052,0.6620912254490215,GH016,F05
P0052,0.7047376154998674,GH016,F05
P0052,0.625903233202212,GH016,F05
P0052,0.731777953123363,GH016,F05
P0052,0.7324350807693049,GH016,F05
P0052,0.7323100101367676,GH016,F05
P0052,0.7526414192107865,GH016,F05
P0052,0.7680530581009983,GH016,F05
P0052,0.7407332135539783,GH016,F05
P0052,0.7843933191627215,GH016,F05
P0052,0.7974539191105582,GH016,F05
P0052,0.7695778841561556,GH016,F05
P0052,0.7505765641565911,GH016,F05
P0052,0.7768158873417984,GH016,F05
P0052,0.7859483210393318,GH016,F05
P0052,0.7352864218919242,GH016,F05
P0052,0.6018208174602329,GH016,F05
P0052,0.798119311527316,GH016,F05
P0052,0.7273595072572319,GH016,F05
P0052,0.654637098274956,GH016,F05
P0052,0.7602624375794179,GH016,F05
P0052,0.7474068655651687,GH016,F05
P0052,0.6806544842277005,GH016,F05
P0052,0.7639324801259051,GH016,F05
P0052,0.7534773239051695,GH016,F05
P0052,0.7685476333136554,GH016,F05
P0052,0.7939633065757203,GH016,F05
P0052,0.7223624107045695,GH016,F05
P0052,0.6926597304938628,GH016,F05
P0052,0.7762387849869715,GH016,F05
P0052,0.712972897902765,GH016,F05
P0052,0.7730153458481981,GH016,F05
P0052,0.7032255982895214,GH016,F05
P0052,0.6428371479058033,GH016,F05
P0052,0.7431745718266436,GH016,F05
P0052,0.8293933970733209,GH016,F05
P0052,0.743526458151763,GH016,F05
P0052,0.5670892156492595,GH016,F05
P0052,0.6377970570315838,GH016,F05
P0052,0.6261838086035704,GH016,F05
P0052,0.7220169872505037,GH016,F05
P0052,0.7447749892330551,GH016,F05
P0052,0.6546732718146621,GH016,F05
P0052,0.8022658629970827,GH016,F05
P0052,0.7792796127614862,GH016,F05
P0052,0.7650094615131953,GH016,F05
P0052,0.7877124909290848,GH016,F05
P0052,0.7547146913754887,GH016,F05
P0052,0.7343394291382012,GH016,F05
P0052,0.785654811116158,GH016,F05
P0052,0.7687702336728612,GH016,F05
P0052,0.7656963774642471,GH016,F05
P0052,0.6750788082488929,GH016,F05
P0052,0.7436167837099248,GH016,F05
P0052,0.6113428289926641,GH016,F05
P0052,0.6923858128900942,GH016,F05
P0052,0.7590261411295725,GH016,F05
P0052,0.733535960835693,GH016,F05
P0052,0.7448672543794239,GH016,F05
P0052,0.7623995123814065,GH016,F05
P0052,0.6883796478554344,GH016,F05
P0052,0.7591261478043652,GH016,F05
P0052,0.7683958213908806,GH016,F05
P0052,0.7954182553330615,GH016,F05
P0052,0.7579009379781122,GH016,F05
P0052,0.7889834337347277,GH016,F05
P0052,0.7306611111154313,GH016,F05
P0052,0.7480538069699724,GH016,F05
P0052,0.7790318365304006,GH016,F05
P0052,0.6782653953017972,GH016,F05
P0052,0.7866035148911306,GH016,F05
P0052,0.6658556601771447,GH016,F05
P0052,0.6198093061939035,GH016,F05
P0052,0.5540776461836365,GH016,F05
P0052,0.5988864633357919,GH016,F05
P0052,0.5784780343982485,GH016,F05
P0052,0.6831632328519739,GH016,F05
P0052,0.7754916143052397,GH016,F05
P0052,0.7755338071755162,GH016,F05
P0052,0.7313361890324519,GH016,F05
P0052,0.744121261788401,GH016,F05
P0052,0.7686537243591999,GH016,F05
P0052,0.7035727393250134,GH016,F05
P0052,0.8010706137407093,GH016,F05
P0052,0.7612105673627575,GH016,F05
P0052,0.7485337201163931,GH016,F05
P0052,0.7754504483956677,GH016,F05
P0052,0.7802668644607313,GH016,F05
P0052,0.6881293879484213,GH016,F05
P0052,0.6791799041445044,GH016,F05
P0053,0.8512672362764087,GH010,F03
P0053,0.8430141287064395,GH010,F03
P0053,0.8516628168980286,GH010,F03
P0053,0.7529934882956839,GH010,F03
P0053,0.8548296911304627,GH010,F03
P0053,0.762808853182209,GH010,F03
P0053,0.8505256891821134,GH010,F03
P0053,0.8478323431704761,GH010,F03
P0053,0.8424601281749865,GH010,F03
P0053,0.7565513784585115,GH010,F03
P0053,0.8528555632852967,GH010,F03
P0053,0.7551820795085818,GH010,F03
P0053,0.7388653863086541,GH010,F03
P0053,0.6779003277390615,GH010,F03
P0053,0.6374364083121515,GH010,F03
P0053,0.6814295953284961,GH010,F03
P0053,0.6582749489428394,GH010,F03
P0053,0.7371375382033677,GH010,F03
P0053,0.7448332551078384,GH010,F03
P0053,0.8366518135425365,GH010,F03
P0053,0.7409016730739671,GH010,F03
P0053,0.7879158925134694,GH010,F03
P0053,0.7253459111660903,GH010,F03
P0053,0.766559337197289,GH010,F03
P0053,0.7945051358662866,GH010,F03
P0053,0.730698415379031,GH010,F03
P0053,0.7703839996936406,GH010,F03
P0053,0.8263628118165486,GH010,F03
P0053,0.7195809381011355,GH010,F03
P0053,0.6901937545210032,GH010,F03
P0053,0.7578852346898327,GH010,F03
P0053,0.7565602790786209,GH010,F03
P0053,0.7640040508468542,GH010,F03
P0053,0.7178125382680788,GH010,F03
P0053,0.6844492095464314,GH010,F03
P0053,0.7190757949458322,GH010,F03
P0053,0.7081655160879358,GH010,F03
P0053,0.7061423758288725,GH010,F03
P0053,0.7277860722180155,GH010,F03
P0053,0.7095250668296669,GH010,F03
P0053,0.7093886790851,GH010,F03
P0053,0.7347524157983775,GH010,F03
P0053,0.7550621227063943,GH010,F03
P0053,0.7527162485009624,GH010,F03
P0053,0.7089759019318252,GH010,F03
P0053,0.732169161807029,GH010,F03
P0053,0.705074533397643,GH010,F03
P0053,0.696562454137906,GH010,F03
P0053,0.612784309778043,GH010,F03
P0053,0.6244248296940368,GH010,F03
P0053,0.5587780377102608,GH010,F03
P0053,0.6162715137709586,GH010,F03
P0053,0.6596475867392322,GH010,F03
P0053,0.6924925677876936,GH010,F03
P0053,0.719126946593747,GH010,F03
P0053,0.6995412920598755,GH010,F03
P0053,0.721080303960225,GH010,F03
P0053,0.7295388016429444,GH010,F03
P0053,0.8109224836695458,GH010,F03
P0053,0.7681941829862976,GH010,F03
P0053,0.725675943194727,GH010,F03
P0053,0.6699193159229231,GH010,F03
P0053,0.8199919438029399,GH010,F03
P0053,0.7471512215294879,GH010,F03
P0053,0.7013768780126572,GH010,F03
P0053,0.7132543468383754,GH010,F03
P0053,0.7163947489299525,GH010,F03
P0053,0.7777725191538564,GH010,F03
P0053,0.6944557256087485,GH010,F03
P0053,0.748159999085653,GH010,F03
P0053,0.683365223232028,GH010,F03
P0053,0.6927192920276343,GH010,F03
P0053,0.7581820270691757,GH010,F03
P0053,0.8026101267481547,GH010,F03
P0053,0.7257901280949466,GH010,F03
P0053,0.7279130688847658,GH010,F03
P0053,0.7519384359213864,GH010,F03
P0053,0.7104954606229066,GH010,F03
P0053,0.7481787406496759,GH010,F03
P0053,0.8409451036028934,GH010,F03
P0053,0.7176781074700933,GH010,F03
P0053,0.7252622088645595,GH010,F03
P0053,0.7802235773392149,GH010,F03
P0053,0.6765192591624761,GH010,F03
P0053,0.7601196334002382,GH010,F03
P0053,0.6519695233685107,GH010,F03
P0053,0.5919933782023894,GH010,F03
P0053,0.6600961348852604,GH010,F03
P0053,0.8163054387623062,GH010,F03
P0053,0.8813955955659785,GH010,F03
P0053,0.7996127568221959,GH010,F03
P0053,0.7555804417289559,GH010,F03
P0053,0.8649719266705901,GH010,F03
P0053,0.8409393227756701,GH010,F03
P0053,0.8268187576659543,GH010,F03
P0053,0.8666730184625172,GH010,F03
P0053,0.8247371629617111,GH010,F03
P0053,0.7844409918181667,GH010,F03
P0053,0.8237782212667131,GH010,F03
P0053,0.8339558097190838,GH010,F03
P0053,0.842681964776841,GH010,F03
P0053,0.8299006274578249,GH010,F03
P0053,0.729484885512598,GH010,F03
P0053,0.8055258896220157,GH010,F03
P0053,0.7817033590224071,GH010,F03
P0053,0.7553825261956499,GH010,F03
P0053,0.7886668273889957,GH010,F03
P0053,0.7883201503048458,GH010,F03
P0053,0.8459886681781522,GH010,F03
P0053,0.8441647697974867,GH010,F03
P0053,0.8829009981234962,GH010,F03
P0053,0.8521923515706155,GH010,F03
P0053,0.8427440978954146,GH010,F03
P0053,0.8980603578570208,GH010,F03
P0053,0.8384789561058679,GH010,F03
P0053,0.8383123023196786,GH010,F03
P0053,0.8457441234992463,GH010,F03
P0053,0.8635095722447695,GH010,F03
P0053,0.806921364213877,GH010,F03
P0053,0.7777483094308998,GH010,F03
P0053,0.7569943781010811,GH010,F03
P0053,0.7169127322265029,GH010,F03
P0053,0.6792827605810232,GH010,F03
P0053,0.843706027317717,GH010,F03
P0053,0.8368808117524028,GH010,F03
P0053,0.8340149965933952,GH010,F03
P0053,0.8399664001476431,GH010,F03
P0053,0.8876124835553321,GH010,F03
P0053,0.8329970304479566,GH010,F03
P0053,0.8648659822846742,GH010,F03
P0053,0.8640690598260333,GH010,F03
P0053,0.8795616499063542,GH010,F03
P0053,0.8678439122229907,GH010,F03
P0053,0.8561446685693099,GH010,F03
P0053,0.8393721684132959,GH010,F03
P0053,0.801680914651885,GH010,F03
P0053,0.7735506842356141,GH010,F03
P0053,0.8405477723385065,GH010,F03
P0053,0.7646117149694023,GH010,F03
P0053,0.7740955315730729,GH010,F03
P0053,0.8405175304671437,GH010,F03
P0053,0.8022230734979413,GH010,F03
P0053,0.8549752650826424,GH010,F03
P0053,0.8711569719033416,GH010,F03
P0053,0.8604186205142224,GH010,F03
P0053,0.8589650453455088,GH010,F03
P0053,0.8617011192000665,GH010,F03
P0053,0.8244467112032448,GH010,F03
P0053,0.8617683380469414,GH010,F03
P0053,0.8274828592826534,GH010,F03
P0053,0.8399363981323652,GH010,F03
P0053,0.881786326955897,GH010,F03
P0053,0.7938230466353814,GH010,F03
P0053,0.8839086716724891,GH010,F03
P0053,0.8327769543772688,GH010,F03
P0053,0.8466968162143639,GH010,F03
P0053,0.6832277201976524,GH010,F03
P0053,0.7608111769482883,GH010,F03
P0053,0.7319749208606589,GH010,F03
P0053,0.7758848300795156,GH010,F03
P0053,0.6870882853565832,GH010,F03
P0053,0.8623218458721156,GH010,F03
P0053,0.839544727374813,GH010,F03
P0053,0.8020819069432727,GH010,F03
P0053,0.9046457044259393,GH010,F03
P0053,0.8528136390778884,GH010,F03
P0053,0.8332203738961615,GH010,F03
P0053,0.8752423496750621,GH010,F03
P0053,0.8282324599887807,GH010,F03
P0053,0.844544922438961,GH010,F03
P0053,0.846544142018836,GH010,F03
P0053,0.8281263360907924,GH010,F03
P0053,0.7721237806235701,GH010,F03
P0053,0.8183455124966159,GH010,F03
P0053,0.8095476741393445,GH010,F03
P0053,0.7984947124149557,GH010,F03
P0053,0.7769837907240891,GH010,F03
P0053,0.7230344810224433,GH010,F03
P0053,0.7493853682752354,GH010,F03
P0053,0.8508920574288646,GH010,F03
P0053,0.8528038588053443,GH010,F03
P0053,0.855916359069934,GH010,F03
P0053,0.8349059932025319,GH010,F03
P0053,0.8323267627021687,GH010,F03
P0053,0.8940792850025159,GH010,F03
P0053,0.8997859609248275,GH010,F03
P0053,0.7831225558020328,GH010,F03
P0053,0.8337089114413169,GH010,F03
P0053,0.8646362417549772,GH010,F03
P0053,0.8653049222714614,GH010,F03
P0053,0.7122638421131643,GH010,F03
P0053,0.8742642300943549,GH010,F03
P0053,0.8109312555795357,GH010,F03
P0053,0.7162285480951899,GH010,F03
P0053,0.7451883372303478,GH010,F03
P0053,0.6902282927316662,GH010,F03
P0053,0.8618084633280763,GH010,F03
P0053,0.868700013390838,GH010,F03
P0053,0.8892202590770638,GH010,F03
P0053,0.8584524293881391,GH010,F03
P0053,0.8425233335565434,GH010,F03
P0053,0.8755822952881317,GH010,F03
P0053,0.8774417606823364,GH010,F03
P0053,0.8656008452984769,GH010,F03
P0053,0.8059639533036201,GH010,F03
P0053,0.8172576749782751,GH010,F03
P0053,0.8353228151695301,GH010,F03
P0053,0.8744606738051701,GH010,F03
P0053,0.7783805319146176,GH010,F03
P0053,0.8547426858090209,GH010,F03
P0054,0.7455924954877841,GH004,F01
P0054,0.8508414537540333,GH004,F01
P0054,0.8653185861359907,GH004,F01
P0054,0.7450079921179087,GH004,F01
P0054,0.8677441421783254,GH004,F01
P0054,0.8393695763471013,GH004,F01
P0054,0.8491675389583042,GH004,F01
P0054,0.8174324068308285,GH004,F01
P0054,0.8753587122772044,GH004,F01
P0054,0.7319255891126988,GH004,F01
P0054,0.7395139772950645,GH004,F01
P0054,0.7273205317372338,GH004,F01
P0054,0.6893157745386305,GH004,F01
P0054,0.7293294159831428,GH004,F01
P0054,0.6788165247207083,GH004,F01
P0054,0.6778978976557349,GH004,F01
P0054,0.7371981734702451,GH004,F01
P0054,0.7767350832718651,GH004,F01
P0054,0.732585793712879,GH004,F01
P0054,0.7014887496798603,GH004,F01
P0054,0.80440283766749,GH004,F01
P0054,0.7080071195008165,GH004,F01
P0054,0.83054111968353594,GH004,F01
P0054,0.6956966472706249,GH004,F01
P0054,0.8098169385739737,GH004,F01
P0054,0.7319887190081552,GH004,F01
P0054,0.7211518146693658,GH004,F01
P0054,0.7100182325053855,GH004,F01
P0054,0.7842187064644963,GH004,F01
P0054,0.6993394656563666,GH004,F01
P0054,0.7017209416781375,GH004,F01
P0054,0.6578142157506401,GH004,F01
P0054,0.7187854863170587,GH004,F01
P0054,0.7157871925077097,GH004,F01
P0054,0.673625646524761,GH004,F01
P0054,0.7401711487196837,GH004,F01
P0054,0.7738830487164017,GH004,F01
P0054,0.6720670446730388,GH004,F01
P0054,0.7164865115174618,GH004,F01
P0054,0.7023361150493268,GH004,F01
P0054,0.7404107519163267,GH004,F01
P0054,0.6795885599075405,GH004,F01
P0054,0.741871409235484,GH004,F01
P0054,0.7745993889403503,GH004,F01
P0054,0.7064402056945756,GH004,F01
P0054,0.7293161191540647,GH004,F01
P0054,0.711705494109893,GH004,F01
P0054,0.6957953021998935,GH004,F01
P0054,0.5978544471812944,GH004,F01
P0054,0.6507172279972455,GH004,F01
P0054,0.568660696487955,GH004,F01
P0054,0.6495418866531814,GH004,F01
P0054,0.6154218679858904,GH004,F01
P0054,0.6974373356372986,GH004,F01
P0054,0.6958919708523335,GH004,F01
P0054,0.7107439420440758,GH004,F01
P0054,0.6925165771535409,GH004,F01
P0054,0.7335775063718157,GH004,F01
P0054,0.7182232668072552,GH004,F01
P0054,0.7261212317698197,GH004,F01
P0054,0.6868459391866517,GH004,F01
P0054,0.7509609561405934,GH004,F01
P0054,0.7264347691036107,GH004,F01
P0054,0.7198078356632185,GH004,F01
P0054,0.6765333922430766,GH004,F01
P0054,0.6893539910516808,GH004,F01
P0054,0.7194512521997917,GH004,F01
P0054,0.677951362766826,GH004,F01
P0054,0.6994796381985906,GH004,F01
P0054,0.8012673051920657,GH004,F01
P0054,0.7383696522622986,GH004,F01
P0054,0.7335921438294242,GH004,F01
P0054,0.7696821917413964,GH004,F01
P0054,0.798323970119597,GH004,F01
P0054,0.7292485779136982,GH004,F01
P0054,0.7706838964982282,GH004,F01
P0054,0.7258873499030362,GH004,F01
P0054,0.7478809047936409,GH004,F01
P0054,0.6956289881830358,GH004,F01
P0054,0.787485651154965,GH004,F01
P0054,0.71741934297049,GH004,F01
P0054,0.700077125404673,GH004,F01
P0054,0.8280214006072609,GH004,F01
P0054,0.7905996213055304,GH004,F01
P0054,0.614273095362728,GH004,F01
P0054,0.6359139684678445,GH004,F01
P0054,0.6072438820436266,GH004,F01
P0054,0.6699677886595837,GH004,F01
P0054,0.6517630563028523,GH004,F01
P0054,0.8111988629950511,GH004,F01
P0054,0.7667014053585787,GH004,F01
P0054,0.8226168526265947,GH004,F01
P0054,0.7635462044378051,GH004,F01
P0054,0.8018838513457752,GH004,F01
P0054,0.81074065403081,GH004,F01
P0054,0.7257641811561383,GH004,F01
P0054,0.8302945591333296,GH004,F01
P0054,0.8296698400889209,GH004,F01
P0054,0.8125482103624784,GH004,F01
P0054,0.802389366593267,GH004,F01
P0054,0.7484578223042169,GH004,F01
P0054,0.8311906604213307,GH004,F01
P0054,0.7712192381370262,GH004,F01
P0054,0.7499886860098668,GH004,F01
P0054,0.7486516203757784,GH004,F01
P0054,0.7409383940469703,GH004,F01
P0054,0.7961359432397034,GH004,F01
P0054,0.8332233355651313,GH004,F01
P0054,0.8336254264035358,GH004,F01
P0054,0.8376739284130298,GH004,F01
P0054,0.8206688171202451,GH004,F01
P0054,0.8171482451258923,GH004,F01
P0054,0.8460319731752272,GH004,F01
P0054,0.8404845596294255,GH004,F01
P0054,0.857875456817746,GH004,F01
P0054,0.8831386012424505,GH004,F01
P0054,0.8369295941076889,GH004,F01
P0054,0.8391551572662327,GH004,F01
P0054,0.8523404840479551,GH004,F01
P0054,0.7456032729134715,GH004,F01
P0054,0.6935893060402147,GH004,F01
P0054,0.7891252898301634,GH004,F01
P0054,0.6203854147036412,GH004,F01
P0054,0.8176229348359523,GH004,F01
P0054,0.7249377022756902,GH004,F01
P0054,0.8850635937005157,GH004,F01
P0054,0.841571866892279,GH004,F01
P0054,0.8638880458506466,GH004,F01
P0054,0.7295421536930488,GH004,F01
P0054,0.8041584923932601,GH004,F01
P0054,0.8677081111674102,GH004,F01
P0054,0.8353537080567466,GH004,F01
P0054,0.8479743752240851,GH004,F01
P0054,0.8318496906030507,GH004,F01
P0054,0.8110194557658111,GH004,F01
P0054,0.8164832783038496,GH004,F01
P0054,0.8393258990905047,GH004,F01
P0054,0.8647072559755484,GH004,F01
P0054,0.833346978919975,GH004,F01
P0054,0.7601706965454841,GH004,F01
P0054,0.7781014623122084,GH004,F01
P0054,0.8518774274770352,GH004,F01
P0054,0.795351421891097,GH004,F01
P0054,0.8354900623771498,GH004,F01
P0054,0.8128531812257862,GH004,F01
P0054,0.8249058484930852,GH004,F01
P0054,0.8229567764152504,GH004,F01
P0054,0.833378595997893,GH004,F01
P0054,0.8477351642154072,GH004,F01
P0054,0.8343603691920982,GH004,F01
P0054,0.8732276826957072,GH004,F01
P0054,0.8114293735531809,GH004,F01
P0054,0.8687530871336454,GH004,F01
P0054,0.7266486725271761,GH004,F01
P0054,0.7927487196977889,GH004,F01
P0054,0.8446917036893176,GH004,F01
P0054,0.7846679690607713,GH004,F01
P0054,0.7211682580522628,GH004,F01
P0054,0.6085529719102468,GH004,F01
P0054,0.7493229221653622,GH004,F01
P0054,0.6604842065514377,GH004,F01
P0054,0.8276860207603451,GH004,F01
P0054,0.7807416804675269,GH004,F01
P0054,0.8332725184440118,GH004,F01
P0054,0.8572423790985821,GH004,F01
P0054,0.8077580412884642,GH004,F01
P0054,0.8444022359197088,GH004,F01
P0054,0.8740334545710452,GH004,F01
P0054,0.8444640576195094,GH004,F01
P0054,0.851487974713979,GH004,F01
P0054,0.8678952765540957,GH004,F01
P0054,0.8297121609076727,GH004,F01
P0054,0.7477898195696939,GH004,F01
P0054,0.8022945539620083,GH004,F01
P0054,0.7621570694992054,GH004,F01
P0054,0.7455910929271002,GH004,F01
P0054,0.8361087244720475,GH004,F01
P0054,0.8139563992341644,GH004,F01
P0054,0.8273442636094938,GH004,F01
P0054,0.8160193069048515,GH004,F01
P0054,0.7921410561933515,GH004,F01
P0054,0.8421488330758261,GH004,F01
P0054,0.8593556156192483,GH004,F01
P0054,0.8618197498573815,GH004,F01
P0054,0.8354376898656897,GH004,F01
P0054,0.8385196905070705,GH004,F01
P0054,0.8341674375802667,GH004,F01
P0054,0.8657507992024309,GH004,F01
P0054,0.8064559859994707,GH004,F01
P0054,0.8352179606731099,GH004,F01
P0054,0.8476963391506481,GH004,F01
P0054,0.8681563962881299,GH004,F01
P0054,0.6707344904375295,GH004,F01
P0054,0.6827839050073625,GH004,F01
P0054,0.633385671890583,GH004,F01
P0054,0.759849330586969,GH004,F01
P0054,0.8435724725128584,GH004,F01
P0054,0.844413432209766,GH004,F01
P0054,0.8599135724189693,GH004,F01
P0054,0.8473411083149486,GH004,F01
P0054,0.8382085500435579,GH004,F01
P0054,0.8169385534122313,GH004,F01
P0054,0.7678178960353454,GH004,F01
P0054,0.8609713979901578,GH004,F01
P0054,0.8488624735839431,GH004,F01
P0054,0.8427983674503193,GH004,F01
P0054,0.7543943475196982,GH004,F01
P0054,0.8107925060474105,GH004,F01
P0054,0.7438109804244549,GH004,F01
P0054,0.8382362622543695,GH004,F01
P0055,0.7405532650400108,GH012,F04
P0055,0.737990731599411,GH012,F04
P0055,0.8041859657749988,GH012,F04
P0055,0.8347657620398728,GH012,F04
P0055,0.8186929224403605,GH012,F04
P0055,0.814953225548414,GH012,F04
P0055,0.807760780552487,GH012,F04
P0055,0.8101352637647498,GH012,F04
P0055,0.7874555341665177,GH012,F04
P0055,0.7522701325490103,GH012,F04
P0055,0.713411868395409,GH012,F04
P0055,0.7952674621799287,GH012,F04
P0055,0.6828430142539671,GH012,F04
P0055,0.695856683965906,GH012,F04
P0055,0.7198786291397233,GH012,F04
P0055,0.6726686300203784,GH012,F04
P0055,0.7147555887282294,GH012,F04
P0055,0.7662180656287768,GH012,F04
P0055,0.8171249698123462,GH012,F04
P0055,0.7174126105264058,GH012,F04
P0055,0.7066276738623578,GH012,F04
P0055,0.741205922312889,GH012,F04
P0055,0.7910582379720539,GH012,F04
P0055,0.7069785763742323,GH012,F04
P0055,0.7849197145776908,GH012,F04
P0055,0.8188479094271032,GH012,F04
P0055,0.6989382966610692,GH012,F04
P0055,0.7178489028825844,GH012,F04
P0055,0.7070959100763953,GH012,F04
P0055,0.7156669119907936,GH012,F04
P0055,0.6930780018465592,GH012,F04
P0055,0.6675255353186226,GH012,F04
P0055,0.7133587283389753,GH012,F04
P0055,0.6945588415106139,GH012,F04
P0055,0.6954259523934847,GH012,F04
P0055,0.7253760805375443,GH012,F04
P0055,0.7005016398191365,GH012,F04
P0055,0.7256481591959707,GH012,F04
P0055,0.6975684474113056,GH012,F04
P0055,0.739596525335204,GH012,F04
P0055,0.6495158078401505,GH012,F04
P0055,0.6715233857109272,GH012,F04
P0055,0.6854776703593195,GH012,F04
P0055,0.6975664309062334,GH012,F04
P0055,0.6443506264208197,GH012,F04
P0055,0.7340960269919797,GH012,F04
P0055,0.6981210598624383,GH012,F04
P0055,0.7026478031469812,GH012,F04
P0055,0.6239699618069654,GH012,F04
P0055,0.6353815929707206,GH012,F04
P0055,0.575492560563353,GH012,F04
P0055,0.667139239280947,GH012,F04
P0055,0.6181731880498296,GH012,F04
P0055,0.6990863071134717,GH012,F04
P0055,0.7455316819078913,GH012,F04
P0055,0.7030467105959284,GH012,F04
P0055,0.7322729055342706,GH012,F04
P0055,0.6914888668232946,GH012,F04
P0055,0.702520019492382,GH012,F04
P0055,0.7338168864574245,GH012,F04
P0055,0.6958821158082231,GH012,F04
P0055,0.7227364661674683,GH012,F04
P0055,0.6576051103634201,GH012,F04
P0055,0.7235315096298832,GH012,F04
P0055,0.7203706348261418,GH012,F04
P0055,0.725936375256009,GH012,F04
P0055,0.7475218435911435,GH012,F04
P0055,0.6502482936178109,GH012,F04
P0055,0.6791776861363796,GH012,F04
P0055,0.7078959078705314,GH012,F04
P0055,0.702382817418122,GH012,F04
P0055,0.7743886896638054,GH012,F04
P0055,0.6758411541517992,GH012,F04
P0055,0.7029195808988422,GH012,F04
P0055,0.7263665981778251,GH012,F04
P0055,0.7535729689961165,GH012,F04
P0055,0.696362305045335,GH012,F04
P0055,0.6804767667562138,GH012,F04
P0055,0.7262421685425554,GH012,F04
P0055,0.7138357772247844,GH012,F04
P0055,0.6910509866391893,GH012,F04
P0055,0.7995991893043839,GH012,F04
P0055,0.6697328818571143,GH012,F04
P0055,0.7864943774535001,GH012,F04
P0055,0.6828638759713875,GH012,F04
P0055,0.6772526099421445,GH012,F04
P0055,0.5849440135307807,GH012,F04
P0055,0.7496258202514917,GH012,F04
P0055,0.7184039602456175,GH012,F04
P0055,0.7384537432282199,GH012,F04
P0055,0.7879476807516106,GH012,F04
P0055,0.7668674876337084,GH012,F04
P0055,0.818258880191037,GH012,F04
P0055,0.804232661383286,GH012,F04
P0055,0.8076906557402267,GH012,F04
P0055,0.8138146876264282,GH012,F04
P0055,0.7432439495032451,GH012,F04
P0055,0.8474733687449164,GH012,F04
P0055,0.7282399401835541,GH012,F04
P0055,0.7258588262986762,GH012,F04
P0055,0.7944610879903823,GH012,F04
P0055,0.7275013787866834,GH012,F04
P0055,0.7937124212324895,GH012,F04
P0055,0.8201829377879281,GH012,F04
P0055,0.7381283934886836,GH012,F04
P0055,0.777714568671131,GH012,F04
P0055,0.8335369531755049,GH012,F04
P0055,0.8329812149668543,GH012,F04
P0055,0.7981934517633704,GH012,F04
P0055,0.8531261888884173,GH012,F04
P0055,0.8357850978402386,GH012,F04
P0055,0.827990390976694,GH012,F04
P0055,0.8219514867615697,GH012,F04
P0055,0.8613400060672701,GH012,F04
P0055,0.8152749221722552,GH012,F04
P0055,0.8308096530761093,GH012,F04
P0055,0.8422583758890066,GH012,F04
P0055,0.8370441562960227,GH012,F04
P0055,0.7820932636513095,GH012,F04
P0055,0.751761337859637,GH012,F04
P0055,0.7133820657463698,GH012,F04
P0055,0.7257077087477555,GH012,F04
P0055,0.5833402891102029,GH012,F04
P0055,0.7510038313197198,GH012,F04
P0055,0.803243461222766,GH012,F04
P0055,0.7868956638504523,GH012,F04
P0055,0.7325021596967538,GH012,F04
P0055,0.848355730294415,GH012,F04
P0055,0.8135169917890847,GH012,F04
P0055,0.8142946697827159,GH012,F04
P0055,0.8376620222550468,GH012,F04
P0055,0.8187636419581059,GH012,F04
P0055,0.8334050759439245,GH012,F04
P0055,0.8370865766609958,GH012,F04
P0055,0.8103199910522223,GH012,F04
P0055,0.8546391126809384,GH012,F04
P0055,0.7247262190790316,GH012,F04
P0055,0.8400929285279769,GH012,F04
P0055,0.867667130740826,GH012,F04
P0055,0.7422723659276996,GH012,F04
P0055,0.8208130267287301,GH012,F04
P0055,0.8326772328480001,GH012,F04
P0055,0.8100433763829142,GH012,F04
P0055,0.8205651729081819,GH012,F04
P0055,0.8008132169793639,GH012,F04
P0055,0.8213623178339226,GH012,F04
P0055,0.8380356830480725,GH012,F04
P0055,0.7940198982948627,GH012,F04
P0055,0.8282576070183402,GH012,F04
P0055,0.8474859896959913,GH012,F04
P0055,0.8192062137353978,GH012,F04
P0055,0.8589844706646937,GH012,F04
P0055,0.7793726783347128,GH012,F04
P0055,0.8007004725312847,GH012,F04
P0055,0.7554106979244608,GH012,F04
P0055,0.7618392619314414,GH012,F04
P0055,0.7781571434661863,GH012,F04
P0055,0.7329788054675629,GH012,F04
P0055,0.5441775776659713,GH012,F04
P0055,0.7848091326886659,GH012,F04
P0055,0.8216223984362655,GH012,F04
P0055,0.8008984776141792,GH012,F04
P0055,0.8005312451092327,GH012,F04
P0055,0.8311765166600098,GH012,F04
P0055,0.813430070432122,GH012,F04
P0055,0.8160323321572427,GH012,F04
P0055,0.8353216130118594,GH012,F04
P0055,0.8481657192753514,GH012,F04
P0055,0.8489675036514566,GH012,F04
P0055,0.7887150452523767,GH012,F04
P0055,0.8735118993718648,GH012,F04
P0055,0.7796353892981587,GH012,F04
P0055,0.8406916406742249,GH012,F04
P0055,0.8716192409237572,GH012,F04
P0055,0.7206286366380239,GH012,F04
P0055,0.800675175173652,GH012,F04
P0055,0.7855155319204754,GH012,F04
P0055,0.7994804369430235,GH012,F04
P0055,0.8621898032519998,GH012,F04
P0055,0.8270530166999761,GH012,F04
P0055,0.8460732482514812,GH012,F04
P0055,0.8123841654703837,GH012,F04
P0055,0.7811299077129652,GH012,F04
P0055,0.8527441562379086,GH012,F04
P0055,0.7823206692783111,GH012,F04
P0055,0.8214373006524388,GH012,F04
P0055,0.7911047551857338,GH012,F04
P0055,0.8224199196622496,GH012,F04
P0055,0.8248098546431926,GH012,F04
P0055,0.819657976374273,GH012,F04
P0055,0.8454730299427669,GH012,F04
P0055,0.8504115249585317,GH012,F04
P0055,0.7802785173975085,GH012,F04
P0055,0.6695382121335485,GH012,F04
P0055,0.6833617909920726,GH012,F04
P0055,0.7245155578901507,GH012,F04
P0055,0.8135875572545382,GH012,F04
P0055,0.8416283777070974,GH012,F04
P0055,0.7457688082815339,GH012,F04
P0055,0.8449664464264551,GH012,F04
P0055,0.8485842913283251,GH012,F04
P0055,0.8162442964298201,GH012,F04
P0055,0.8076205046598717,GH012,F04
P0055,0.812298152719882,GH012,F04
P0055,0.816898715364451,GH012,F04
P0055,0.8375807751465026,GH012,F04
P0055,0.8340639104386598,GH012,F04
P0055,0.8157170914103149,GH012,F04
P0055,0.7711798500333109,GH012,F04
P0055,0.8319525638360321,GH012,F04
P0056,0.7860561374110386,GH004,F01
P0056,0.6760424275042006,GH004,F01
P0056,0.802590359687005,GH004,F01
P0056,0.714553794502737,GH004,F01
P0056,0.7751928442448451,GH004,F01
P0056,0.785848025079695,GH004,F01
P0056,0.7582341487478966,GH004,F01
P0056,0.7600955109266735,GH004,F01
P0056,0.7378346367754874,GH004,F01
P0056,0.6347011569393894,GH004,F01
P0056,0.6693102241835895,GH004,F01
P0056,0.7656307787933361,GH004,F01
P0056,0.775935931192259,GH004,F01
P0056,0.6309160054719606,GH004,F01
P0056,0.5697863465924499,GH004,F01
P0056,0.6278657888251719,GH004,F01
P0056,0.6764408276911471,GH004,F01
P0056,0.6530800775187678,GH004,F01
P0056,0.7781747830334383,GH004,F01
P0056,0.7754951500394723,GH004,F01
P0056,0.79405809499995,GH004,F01
P0056,0.7843267453165091,GH004,F01
P0056,0.7473275275863408,GH004,F01
P0056,0.6833454140282951,GH004,F01
P0056,0.7172221240074093,GH004,F01
P0056,0.7621238683228863,GH004,F01
P0056,0.6803075524615962,GH004,F01
P0056,0.6672840119502315,GH004,F01
P0056,0.7522714648552763,GH004,F01
P0056,0.6796041110551962,GH004,F01
P0056,0.6591670963940226,GH004,F01
P0056,0.6478140926065751,GH004,F01
P0056,0.6409044092263135,GH004,F01
P0056,0.6475393346505086,GH004,F01
P0056,0.6694347098468787,GH004,F01
P0056,0.6420873608497811,GH004,F01
P0056,0.696017282612784,GH004,F01
P0056,0.7949760904594909,GH004,F01
P0056,0.6805436224976908,GH004,F01
P0056,0.6769777626302025,GH004,F01
P0056,0.6687011552443608,GH004,F01
P0056,0.6645368122799843,GH004,F01
P0056,0.6262127780282992,GH004,F01
P0056,0.6452109134008107,GH004,F01
P0056,0.6196661174255911,GH004,F01
P0056,0.6741975691258358,GH004,F01
P0056,0.6291623013602855,GH004,F01
P0056,0.6823815541451794,GH004,F01
P0056,0.5651501852545034,GH004,F01
P0056,0.5690473686286647,GH004,F01
P0056,0.5082935521026684,GH004,F01
P0056,0.5596035304712685,GH004,F01
P0056,0.5946588018442267,GH004,F01
P0056,0.6883473465187024,GH004,F01
P0056,0.6810384190029081,GH004,F01
P0056,0.6717600296593104,GH004,F01
P0056,0.6743658704595286,GH004,F01
P0056,0.683967152059819,GH004,F01
P0056,0.6385219943558286,GH004,F01
P0056,0.6836324791580719,GH004,F01
P0056,0.6508363369146675,GH004,F01
P0056,0.6836437547987481,GH004,F01
P0056,0.6959430971822463,GH004,F01
P0056,0.6465361624308755,GH004,F01
P0056,0.6492650962990331,GH004,F01
P0056,0.6677346067969553,GH004,F01
P0056,0.6624508089846327,GH004,F01
P0056,0.6791008562649774,GH004,F01
P0056,0.6230594973119997,GH004,F01
P0056,0.6944354152595236,GH004,F01
P0056,0.6619502635255676,GH004,F01
P0056,0.7211237924557994,GH004,F01
P0056,0.6812428057565808,GH004,F01
P0056,0.7077629589598584,GH004,F01
P0056,0.6313985387558602,GH004,F01
P0056,0.7030698638464441,GH004,F01
P0056,0.6657509969305317,GH004,F01
P0056,0.6527523331817378,GH004,F01
P0056,0.665877971914061,GH004,F01
P0056,0.7259278363884523,GH004,F01
P0056,0.6938364980977691,GH004,F01
P0056,0.7265603866238262,GH004,F01
P0056,0.7369202440021144,GH004,F01
P0056,0.7419948594127429,GH004,F01
P0056,0.7019945112992071,GH004,F01
P0056,0.5937534054786963,GH004,F01
P0056,0.5431282965168046,GH004,F01
P0056,0.577293942131011,GH004,F01
P0056,0.6564946217016171,GH004,F01
P0056,0.7612966780583714,GH004,F01
P0056,0.6524062633768912,GH004,F01
P0056,0.6764263017658132,GH004,F01
P0056,0.8171151214367277,GH004,F01
P0056,0.7838741643684863,GH004,F01
P0056,0.7908640721433544,GH004,F01
P0056,0.6880222636783982,GH004,F01
P0056,0.776714575105069,GH004,F01
P0056,0.8004381391266687,GH004,F01
P0056,0.6947885344781308,GH004,F01
P0056,0.7068572947258893,GH004,F01
P0056,0.7339032435040241,GH004,F01
P0056,0.7604573052679993,GH004,F01
P0056,0.7715680014263991,GH004,F01
P0056,0.6820876031092821,GH004,F01
P0056,0.7401184262982955,GH004,F01
P0056,0.6693649101810423,GH004,F01
P0056,0.7141658311935741,GH004,F01
P0056,0.7627102810283329,GH004,F01
P0056,0.7739248794142227,GH004,F01
P0056,0.6840797124596,GH004,F01
P0056,0.8280237354462907,GH004,F01
P0056,0.8120319438687783,GH004,F01
P0056,0.782907387941361,GH004,F01
P0056,0.8120547629704362,GH004,F01
P0056,0.7895376989960313,GH004,F01
P0056,0.7782018046805773,GH004,F01
P0056,0.7798734550799715,GH004,F01
P0056,0.7731535204604267,GH004,F01
P0056,0.6666856131077026,GH004,F01
P0056,0.7234720426077339,GH004,F01
P0056,0.7300952922709633,GH004,F01
P0056,0.6849145158172354,GH004,F01
P0056,0.5901148471392148,GH004,F01
P0056,0.6939364564774106,GH004,F01
P0056,0.6585329900769813,GH004,F01
P0056,0.773249600485411,GH004,F01
P0056,0.7896488290993801,GH004,F01
P0056,0.8251076265584828,GH004,F01
P0056,0.8042961873563936,GH004,F01
P0056,0.8092837801202567,GH004,F01
P0056,0.8085772804732122,GH004,F01
P0056,0.7828570635849675,GH004,F01
P0056,0.8130935467816272,GH004,F01
P0056,0.7161760192791197,GH004,F01
P0056,0.792325914870123,GH004,F01
P0056,0.7486592747145783,GH004,F01
P0056,0.7850136579512997,GH004,F01
P0056,0.7235456337099591,GH004,F01
P0056,0.7959468548264571,GH004,F01
P0056,0.7221193420633354,GH004,F01
P0056,0.6818483511106493,GH004,F01
P0056,0.7722443603116333,GH004,F01
P0056,0.7540705024966547,GH004,F01
P0056,0.7343352397890283,GH004,F01
P0056,0.8236857456467254,GH004,F01
P0056,0.8092561844757536,GH004,F01
P0056,0.8146460280204979,GH004,F01
P0056,0.7859531963971391,GH004,F01
P0056,0.7353722262169515,GH004,F01
P0056,0.7374494844489035,GH004,F01
P0056,0.7708001124370012,GH004,F01
P0056,0.7746637898537038,GH004,F01
P0056,0.7904974833960567,GH004,F01
P0056,0.7947938077348072,GH004,F01
P0056,0.7886176593670741,GH004,F01
P0056,0.7912919168327213,GH004,F01
P0056,0.7041269117985429,GH004,F01
P0056,0.5623321343852361,GH004,F01
P0056,0.5582014005835791,GH004,F01
P0056,0.6885076723539645,GH004,F01
P0056,0.6618118103352133,GH004,F01
P0056,0.741822459648665,GH004,F01
P0056,0.7549005193023086,GH004,F01
P0056,0.7887911796771346,GH004,F01
P0056,0.774775808169152,GH004,F01
P0056,0.77201379788655,GH004,F01
P0056,0.7833338786419708,GH004,F01
P0056,0.7009796427230568,GH004,F01
P0056,0.7759245692793779,GH004,F01
P0056,0.775846242595213,GH004,F01
P0056,0.7167741756126406,GH004,F01
P0056,0.7686123824075359,GH004,F01
P0056,0.7241284044585117,GH004,F01
P0056,0.7918067954375396,GH004,F01
P0056,0.7580706917172136,GH004,F01
P0056,0.8297355365184695,GH004,F01
P0056,0.7336088199155093,GH004,F01
P0056,0.707781828788011,GH004,F01
P0056,0.8049337498723657,GH004,F01
P0056,0.7736871497980582,GH004,F01
P0056,0.7394382175143196,GH004,F01
P0056,0.7012628792942186,GH004,F01
P0056,0.8116776771244752,GH004,F01
P0056,0.7820800833092667,GH004,F01
P0056,0.7598064883648892,GH004,F01
P0056,0.7930103427500559,GH004,F01
P0056,0.8208780842811724,GH004,F01
P0056,0.7577849914070309,GH004,F01
P0056,0.6978791837335804,GH004,F01
P0056,0.7803792627172702,GH004,F01
P0056,0.7029826268424932,GH004,F01
P0056,0.7305153921078613,GH004,F01
P0056,0.6470278816189668,GH004,F01
P0056,0.6805666477598279,GH004,F01
P0056,0.6313430886585001,GH004,F01
P0056,0.6116724919363322,GH004,F01
P0056,0.6464442145965498,GH004,F01
P0056,0.837172352698947,GH004,F01
P0056,0.8069531223324357,GH004,F01
P0056,0.8162944584069423,GH004,F01
P0056,0.7886778176472241,GH004,F01
P0056,0.8115390509854244,GH004,F01
P0056,0.8038704423295738,GH004,F01
P0056,0.7830389284485032,GH004,F01
P0056,0.7710926384314563,GH004,F01
P0056,0.7755939715161979,GH004,F01
P0056,0.7800473048284955,GH004,F01
P0056,0.787428483125196,GH004,F01
P0056,0.8066247515354372,GH004,F01
P0056,0.7156124320583407,GH004,F01
P0057,0.7362687378302359,GH018,F06
P0057,0.7430712826828364,GH018,F06
P0057,0.6955093438765573,GH018,F06
P0057,0.7282325203151953,GH018,F06
P0057,0.7462121796541711,GH018,F06
P0057,0.7014413051580219,GH018,F06
P0057,0.7649899707727877,GH018,F06
P0057,0.7605226638522183,GH018,F06
P0057,0.7094257681345693,GH018,F06
P0057,0.7828604962082196,GH018,F06
P0057,0.7559779219075018,GH018,F06
P0057,0.6416861056614113,GH018,F06
P0057,0.6412616902856081,GH018,F06
P0057,0.6069950808493333,GH018,F06
P0057,0.6895934246420569,GH018,F06
P0057,0.6225776909227269,GH018,F06
P0057,0.7022161252571185,GH018,F06
P0057,0.7119329904391939,GH018,F06
P0057,0.7395707947163677,GH018,F06
P0057,0.6556329340606833,GH018,F06
P0057,0.6396476877809366,GH018,F06
P0057,0.7243756606861635,GH018,F06
P0057,0.6635331835397206,GH018,F06
P0057,0.7173033400736654,GH018,F06
P0057,0.7173180046785069,GH018,F06
P0057,0.7347020331359647,GH018,F06
P0057,0.6306946052464485,GH018,F06
P0057,0.6461461445843537,GH018,F06
P0057,0.633734385051676,GH018,F06
P0057,0.6230898140965352,GH018,F06
P0057,0.6582623524320251,GH018,F06
P0057,0.6651429417272239,GH018,F06
P0057,0.6956007358859027,GH018,F06
P0057,0.6296830923543377,GH018,F06
P0057,0.6315092673730816,GH018,F06
P0057,0.7104829657307145,GH018,F06
P0057,0.5997053404529324,GH018,F06
P0057,0.6236164912261302,GH018,F06
P0057,0.6099621698343816,GH018,F06
P0057,0.6416143132030108,GH018,F06
P0057,0.6516586230077706,GH018,F06
P0057,0.6680407722820314,GH018,F06
P0057,0.7113780386908436,GH018,F06
P0057,0.6611984299902693,GH018,F06
P0057,0.6612893841157318,GH018,F06
P0057,0.6355361051408337,GH018,F06
P0057,0.6623634762057973,GH018,F06
P0057,0.6069391899455079,GH018,F06
P0057,0.6068186194380228,GH018,F06
P0057,0.5475522802118103,GH018,F06
P0057,0.512814369594215,GH018,F06
P0057,0.5803827129423864,GH018,F06
P0057,0.6114121660570275,GH018,F06
P0057,0.6446664287945015,GH018,F06
P0057,0.6325456879350828,GH018,F06
P0057,0.6230983573714929,GH018,F06
P0057,0.6993235909193297,GH018,F06
P0057,0.655239727606525,GH018,F06
P0057,0.648689762840986,GH018,F06
P0057,0.6515170302941885,GH018,F06
P0057,0.6738159427739351,GH018,F06
P0057,0.644919344843482,GH018,F06
P0057,0.6358247610545731,GH018,F06
P0057,0.6883229744836943,GH018,F06
P0057,0.6944942387915777,GH018,F06
P0057,0.6180131153730599,GH018,F06
P0057,0.6404666926044732,GH018,F06
P0057,0.5977342652149977,GH018,F06
P0057,0.72906602284411,GH018,F06
P0057,0.6548223782908451,GH018,F06
P0057,0.7128854264803566,GH018,F06
P0057,0.6612732416229378,GH018,F06
P0057,0.6201152566865263,GH018,F06
P0057,0.6697234481219472,GH018,F06
P0057,0.689997435658315,GH018,F06
P0057,0.7046855468641481,GH018,F06
P0057,0.6602182263703539,GH018,F06
P0057,0.7609438439661642,GH018,F06
P0057,0.6490161103081358,GH018,F06
P0057,0.6103671591607575,GH018,F06
P0057,0.6880907411038241,GH018,F06
P0057,0.6458739775870904,GH018,F06
P0057,0.6382833281408962,GH018,F06
P0057,0.6874139654183692,GH018,F06
P0057,0.6203182267030258,GH018,F06
P0057,0.651232008786408,GH018,F06
P0057,0.5917980173165782,GH018,F06
P0057,0.5366968987080198,GH018,F06
P0057,0.592997223618253,GH018,F06
P0057,0.7263697676539789,GH018,F06
P0057,0.6505104393130597,GH018,F06
P0057,0.7470823548837081,GH018,F06
P0057,0.7480344961985247,GH018,F06
P0057,0.6920065723061338,GH018,F06
P0057,0.6301947568964634,GH018,F06
P0057,0.740274114880425,GH018,F06
P0057,0.7638724044399818,GH018,F06
P0057,0.7859850666978846,GH018,F06
P0057,0.7263861269759071,GH018,F06
P0057,0.7500774196664386,GH018,F06
P0057,0.6508587026030177,GH018,F06
P0057,0.6273614833524555,GH018,F06
P0057,0.6582020528892227,GH018,F06
P0057,0.77649453102604,GH018,F06
P0057,0.6831578073147784,GH018,F06
P0057,0.6450429192201848,GH018,F06
P0057,0.7771162847668126,GH018,F06
P0057,0.6977563209106784,GH018,F06
P0057,0.7791343114517256,GH018,F06
P0057,0.7758464916149812,GH018,F06
P0057,0.7641661949643984,GH018,F06
P0057,0.7470362301475791,GH018,F06
P0057,0.7695883186701904,GH018,F06
P0057,0.7611920132042167,GH018,F06
P0057,0.7507283435469964,GH018,F06
P0057,0.7923024745135907,GH018,F06
P0057,0.7702454998006518,GH018,F06
P0057,0.7355480938115105,GH018,F06
P0057,0.6673766454860459,GH018,F06
P0057,0.6159311604401666,GH018,F06
P0057,0.6188498387250709,GH018,F06
P0057,0.6257452264483021,GH018,F06
P0057,0.6706259648394473,GH018,F06
P0057,0.6564794648398682,GH018,F06
P0057,0.7264227335810298,GH018,F06
P0057,0.7650787747487295,GH018,F06
P0057,0.7709012623992022,GH018,F06
P0057,0.7524745511008339,GH018,F06
P0057,0.8109945590256847,GH018,F06
P0057,0.8008708365609848,GH018,F06
P0057,0.7704528368452478,GH018,F06
P0057,0.7432767372668599,GH018,F06
P0057,0.7817338635643122,GH018,F06
P0057,0.7669506079172407,GH018,F06
P0057,0.7879878330272063,GH018,F06
P0057,0.7549183374502879,GH018,F06
P0057,0.6895513683713523,GH018,F06
P0057,0.6664779279776969,GH018,F06
P0057,0.7781460481798568,GH018,F06
P0057,0.7333528935021211,GH018,F06
P0057,0.7213963700439591,GH018,F06
P0057,0.6863673644812485,GH018,F06
P0057,0.8143120090204213,GH018,F06
P0057,0.7844067043697688,GH018,F06
P0057,0.6732317967833933,GH018,F06
P0057,0.7631088898962217,GH018,F06
P0057,0.7955094405444166,GH018,F06
P0057,0.7533647744679814,GH018,F06
P0057,0.7490894735748074,GH018,F06
P0057,0.7764047653068579,GH018,F06
P0057,0.7528569573255253,GH018,F06
P0057,0.779467839891147,GH018,F06
P0057,0.794952195648088,GH018,F06
P0057,0.7809719887930606,GH018,F06
P0057,0.7244607141732096,GH018,F06
P0057,0.7132039573738819,GH018,F06
P0057,0.7104892457423583,GH018,F06
P0057,0.5897917778393443,GH018,F06
P0057,0.4997025203483019,GH018,F06
P0057,0.7310496043275722,GH018,F06
P0057,0.6696248994351762,GH018,F06
P0057,0.7354230111194977,GH018,F06
P0057,0.7254140269817927,GH018,F06
P0057,0.7696645145888141,GH018,F06
P0057,0.7922878195498448,GH018,F06
P0057,0.70802570581612,GH018,F06
P0057,0.7861903386118019,GH018,F06
P0057,0.7561118053168808,GH018,F06
P0057,0.8016190497828343,GH018,F06
P0057,0.7724705076320489,GH018,F06
P0057,0.7675236232583194,GH018,F06
P0057,0.7643152742926507,GH018,F06
P0057,0.7157886131870833,GH018,F06
P0057,0.6784820459913559,GH018,F06
P0057,0.7422845309333166,GH018,F06
P0057,0.6920806969047104,GH018,F06
P0057,0.7661139156268917,GH018,F06
P0057,0.6070843182327621,GH018,F06
P0057,0.6825039547322774,GH018,F06
P0057,0.7427731026225682,GH018,F06
P0057,0.7770124998533539,GH018,F06
P0057,0.7863566999227861,GH018,F06
P0057,0.8036947095068228,GH018,F06
P0057,0.7783639348008506,GH018,F06
P0057,0.8080955854706035,GH018,F06
P0057,0.7636183854048787,GH018,F06
P0057,0.7765853550557259,GH018,F06
P0057,0.7861014765286615,GH018,F06
P0057,0.7534159367945688,GH018,F06
P0057,0.7506320663896197,GH018,F06
P0057,0.6574595655475973,GH018,F06
P0057,0.6560797243921876,GH018,F06
P0057,0.6646259489692586,GH018,F06
P0057,0.5843781524692448,GH018,F06
P0057,0.6160680857151726,GH018,F06
P0057,0.7159726259965797,GH018,F06
P0057,0.725196051425344,GH018,F06
P0057,0.6993235839746492,GH018,F06
P0057,0.6804641804069348,GH018,F06
P0057,0.7358410830438049,GH018,F06
P0057,0.7697235084450309,GH018,F06
P0057,0.776197175677305,GH018,F06
P0057,0.7833097134789276,GH018,F06
P0057,0.6743996496248433,GH018,F06
P0057,0.7258156731510724,GH018,F06
P0057,0.7519079546133837,GH018,F06
P0057,0.6775805689556071,GH018,F06
P0057,0.7920430593852225,GH018,F06
P0057,0.743105631179183,GH018,F06
P0057,0.7566095957476674,GH018,F06
P0058,0.7718274537819187,GH008,F05
P0058,0.7442365112994783,GH008,F05
P0058,0.7618850144919501,GH008,F05
P0058,0.757948931417004,GH008,F05
P0058,0.74014488026843,GH008,F05
P0058,0.7997808873724241,GH008,F05
P0058,0.7945892228928376,GH008,F05
P0058,0.7972993866701795,GH008,F05
P0058,0.7370607178749341,GH008,F05
P0058,0.7368170568014186,GH008,F05
P0058,0.7562549983583409,GH008,F05
P0058,0.6773350506293265,GH008,F05
P0058,0.6904851927988633,GH008,F05
P0058,0.7247333742431044,GH008,F05
P0058,0.6271610199509086,GH008,F05
P0058,0.6245447048887616,GH008,F05
P0058,0.6173763524893912,GH008,F05
P0058,0.6050220740263815,GH008,F05
P0058,0.7464325422650961,GH008,F05
P0058,0.6543479136778271,GH008,F05
P0058,0.7254686316916998,GH008,F05
P0058,0.6973588511487193,GH008,F05
P0058,0.7897863768910974,GH008,F05
P0058,0.6526905097313419,GH008,F05
P0058,0.643784464273782,GH008,F05
P0058,0.7199479234040678,GH008,F05
P0058,0.7202395924342166,GH008,F05
P0058,0.6593892514054471,GH008,F05
P0058,0.6863430878399077,GH008,F05
P0058,0.6463153733781813,GH008,F05
P0058,0.6224357556265084,GH008,F05
P0058,0.6833222292663811,GH008,F05
P0058,0.6584913357794214,GH008,F05
P0058,0.5937433516020579,GH008,F05
P0058,0.648936138365436,GH008,F05
P0058,0.6039669317261708,GH008,F05
P0058,0.6257493717740283,GH008,F05
P0058,0.6661080595775011,GH008,F05
P0058,0.6436055448137405,GH008,F05
P0058,0.604245104384389,GH008,F05
P0058,0.6586911008019132,GH008,F05
P0058,0.6750693001906731,GH008,F05
P0058,0.6512746254341905,GH008,F05
P0058,0.6135882245158505,GH008,F05
P0058,0.6418486858238669,GH008,F05
P0058,0.6110300427647612,GH008,F05
P0058,0.5881856971904682,GH008,F05
P0058,0.6416546476142744,GH008,F05
P0058,0.588309825276395,GH008,F05
P0058,0.5146139907386983,GH008,F05
P0058,0.5342436573554372,GH008,F05
P0058,0.5746707542299878,GH008,F05
P0058,0.662057808115274,GH008,F05
P0058,0.6644791637072095,GH008,F05
P0058,0.6384433059543657,GH008,F05
P0058,0.6563072204975431,GH008,F05
P0058,0.6350340819221154,GH008,F05
P0058,0.5975779410380652,GH008,F05
P0058,0.6883933841906266,GH008,F05
P0058,0.658562482129127,GH008,F05
P0058,0.6476128337237501,GH008,F05
P0058,0.6526234669002117,GH008,F05
P0058,0.6671757942051522,GH008,F05
P0058,0.658107496969427,GH008,F05
P0058,0.6595766446290539,GH008,F05
P0058,0.660099456882604,GH008,F05
P0058,0.6573940542899548,GH008,F05
P0058,0.6793282516049292,GH008,F05
P0058,0.6203692088854291,GH008,F05
P0058,0.7551268999989313,GH008,F05
P0058,0.7047367841766256,GH008,F05
P0058,0.6561781506319582,GH008,F05
P0058,0.6889433923548727,GH008,F05
P0058,0.662346188988636,GH008,F05
P0058,0.7099443040740974,GH008,F05
P0058,0.759671498125146,GH008,F05
P0058,0.6497882943764595,GH008,F05
P0058,0.6205692019233108,GH008,F05
P0058,0.6601790402228851,GH008,F05
P0058,0.689269609329206,GH008,F05
P0058,0.6949607993515339,GH008,F05
P0058,0.7178979986243978,GH008,F05
P0058,0.7074418640859094,GH008,F05
P0058,0.6630788412566334,GH008,F05
P0058,0.59162192396068,GH008,F05
P0058,0.5775252680535428,GH008,F05
P0058,0.5592174829777019,GH008,F05
P0058,0.704138652728652,GH008,F05
P0058,0.6880355368577343,GH008,F05
P0058,0.7685460608390238,GH008,F05
P0058,0.6671514170340225,GH008,F05
P0058,0.7550784944388844,GH008,F05
P0058,0.7799750919350982,GH008,F05
P0058,0.7369779741255084,GH008,F05
P0058,0.6596083589875602,GH008,F05
P0058,0.7787212989424707,GH008,F05
P0058,0.6915287843700075,GH008,F05
P0058,0.7811409708730325,GH008,F05
P0058,0.7753690159941318,GH008,F05
P0058,0.7658693120400044,GH008,F05
P0058,0.7939386753896329,GH008,F05
P0058,0.7750991558099903,GH008,F05
P0058,0.747091846359868,GH008,F05
P0058,0.7783121043115432,GH008,F05
P0058,0.6477707645855787,GH008,F05
P0058,0.7756718337550232,GH008,F05
P0058,0.6752118998331952,GH008,F05
P0058,0.7630005355854139,GH008,F05
P0058,0.7614487714488837,GH008,F05
P0058,0.7948458932172673,GH008,F05
P0058,0.8128738080271655,GH008,F05
P0058,0.7845355177304517,GH008,F05
P0058,0.8014697237976571,GH008,F05
P0058,0.7497051051224414,GH008,F05
P0058,0.7646322291365094,GH008,F05
P0058,0.7656182814630538,GH008,F05
P0058,0.7421087205078738,GH008,F05
P0058,0.8108029970243376,GH008,F05
P0058,0.7668267689068774,GH008,F05
P0058,0.6775350402712987,GH008,F05
P0058,0.6631800591296152,GH008,F05
P0058,0.6246664756448249,GH008,F05
P0058,0.6263679403422567,GH008,F05
P0058,0.6137308393692841,GH008,F05
P0058,0.7641248011170312,GH008,F05
P0058,0.696599473041891,GH008,F05
P0058,0.8170676253758169,GH008,F05
P0058,0.7882674534625513,GH008,F05
P0058,0.7904969249912079,GH008,F05
P0058,0.7694340071207347,GH008,F05
P0058,0.8207909143574095,GH008,F05
P0058,0.8104034060155385,GH008,F05
P0058,0.7583159665991578,GH008,F05
P0058,0.760244676190237,GH008,F05
P0058,0.7679414489540248,GH008,F05
P0058,0.785851502644224,GH008,F05
P0058,0.7567337164842766,GH008,F05
P0058,0.6894036860988633,GH008,F05
P0058,0.7338479517754621,GH008,F05
P0058,0.7730614291654153,GH008,F05
P0058,0.6634516612762982,GH008,F05
P0058,0.7462597126521303,GH008,F05
P0058,0.716731296594575,GH008,F05
P0058,0.7315250615826849,GH008,F05
P0058,0.734900751718714,GH008,F05
P0058,0.7840591418907853,GH008,F05
P0058,0.7992124342016623,GH008,F05
P0058,0.730329895702452,GH008,F05
P0058,0.7796762277857406,GH008,F05
P0058,0.7796870969442834,GH008,F05
P0058,0.7865313711835822,GH008,F05
P0058,0.8267791231734634,GH008,F05
P0058,0.7707253608518565,GH008,F05
P0058,0.8025899628366675,GH008,F05
P0058,0.777639348479001,GH008,F05
P0058,0.76022284395141,GH008,F05
P0058,0.6601003027779934,GH008,F05
P0058,0.6236135125185802,GH008,F05
P0058,0.6435802601785613,GH008,F05
P0058,0.549802261039533,GH008,F05
P0058,0.6593485880857759,GH008,F05
P0058,0.8284255885099048,GH008,F05
P0058,0.761470319430581,GH008,F05
P0058,0.801541813363204,GH008,F05
P0058,0.7496107947762284,GH008,F05
P0058,0.7794581191315066,GH008,F05
P0058,0.7624189060591642,GH008,F05
P0058,0.7561588095348196,GH008,F05
P0058,0.7424935653378851,GH008,F05
P0058,0.7799062066254747,GH008,F05
P0058,0.8068531208185095,GH008,F05
P0058,0.7675892719889232,GH008,F05
P0058,0.7661234016535453,GH008,F05
P0058,0.7643105246215942,GH008,F05
P0058,0.6745335013485806,GH008,F05
P0058,0.6978117979746059,GH008,F05
P0058,0.7624837795953048,GH008,F05
P0058,0.753118183038504,GH008,F05
P0058,0.7484572328651575,GH008,F05
P0058,0.7245118597447503,GH008,F05
P0058,0.6913633736867543,GH008,F05
P0058,0.7949662520094085,GH008,F05
P0058,0.7727683495658654,GH008,F05
P0058,0.811430567141978,GH008,F05
P0058,0.7749970828821305,GH008,F05
P0058,0.814538441349462,GH008,F05
P0058,0.7953078421690231,GH008,F05
P0058,0.7714504125146076,GH008,F05
P0058,0.7935272650340566,GH008,F05
P0058,0.7850542318749922,GH008,F05
P0058,0.748249341677575,GH008,F05
P0058,0.670619608710702,GH008,F05
P0058,0.7130583806727306,GH008,F05
P0058,0.6637294661475044,GH008,F05
P0058,0.5444494767471736,GH008,F05
P0058,0.6376552428190918,GH008,F05
P0058,0.7088604000971529,GH008,F05
P0058,0.7789549346991171,GH008,F05
P0058,0.6964911216724682,GH008,F05
P0058,0.763448688457103,GH008,F05
P0058,0.8125537673435156,GH008,F05
P0058,0.7883824959873885,GH008,F05
P0058,0.7713461532740418,GH008,F05
P0058,0.7968907261233649,GH008,F05
P0058,0.8352272191288467,GH008,F05
P0058,0.6864562855510379,GH008,F05
P0058,0.7887284158954702,GH008,F05
P0058,0.7452892653260167,GH008,F05
P0058,0.6420283803131599,GH008,F05
P0058,0.6865765411994781,GH008,F05
P0059,0.8182086189343865,GH013,F08
P0059,0.870775327674391,GH013,F08
P0059,0.7981685438856098,GH013,F08
P0059,0.7614110294509991,GH013,F08
P0059,0.8839614968261442,GH013,F08
P0059,0.8502109835685427,GH013,F08
P0059,0.8306981260317676,GH013,F08
P0059,0.7336516299938208,GH013,F08
P0059,0.8530450223357868,GH013,F08
P0059,0.762149671019798,GH013,F08
P0059,0.7458254699667668,GH013,F08
P0059,0.791340086426804,GH013,F08
P0059,0.8083488028294943,GH013,F08
P0059,0.749422962442937,GH013,F08
P0059,0.6586741481152506,GH013,F08
P0059,0.6106508402764413,GH013,F08
P0059,0.7902797331355832,GH013,F08
P0059,0.7671714328591118,GH013,F08
P0059,0.701706932730273,GH013,F08
P0059,0.7018193835172851,GH013,F08
P0059,0.8407508351363986,GH013,F08
P0059,0.8174666421653448,GH013,F08
P0059,0.7478549288634597,GH013,F08
P0059,0.809544120984595,GH013,F08
P0059,0.8057525561404563,GH013,F08
P0059,0.7622680578531479,GH013,F08
P0059,0.778172023826428,GH013,F08
P0059,0.7869313907033509,GH013,F08
P0059,0.7956645304969253,GH013,F08
P0059,0.7569212850717273,GH013,F08
P0059,0.6903326302137057,GH013,F08
P0059,0.6644067355325094,GH013,F08
P0059,0.7005749378332266,GH013,F08
P0059,0.7042115036389242,GH013,F08
P0059,0.6955308197517528,GH013,F08
P0059,0.7090091784756092,GH013,F08
P0059,0.8049654848286805,GH013,F08
P0059,0.7762027529427855,GH013,F08
P0059,0.7213740566972929,GH013,F08
P0059,0.7485331839675199,GH013,F08
P0059,0.7009585536892277,GH013,F08
P0059,0.7098567832892809,GH013,F08
P0059,0.6903594623599083,GH013,F08
P0059,0.6994879395997782,GH013,F08
P0059,0.709920300059294,GH013,F08
P0059,0.682371169875886,GH013,F08
P0059,0.7088731303576166,GH013,F08
P0059,0.6890029992150369,GH013,F08
P0059,0.6504642331911401,GH013,F08
P0059,0.6262431256657831,GH013,F08
P0059,0.5819319123939576,GH013,F08
P0059,0.604937780829705,GH013,F08
P0059,0.645533892032986,GH013,F08
P0059,0.7140490340263367,GH013,F08
P0059,0.7094262581729335,GH013,F08
P0059,0.7583313601024047,GH013,F08
P0059,0.7117225679059913,GH013,F08
P0059,0.7391504532330774,GH013,F08
P0059,0.7242830176223415,GH013,F08
P0059,0.7648418434945625,GH013,F08
P0059,0.7133036563789572,GH013,F08
P0059,0.7088102036525307,GH013,F08
P0059,0.7863258227264331,GH013,F08
P0059,0.6986220759698037,GH013,F08
P0059,0.721916221273537,GH013,F08
P0059,0.6976924226799944,GH013,F08
P0059,0.7074958359121833,GH013,F08
P0059,0.7187250955264872,GH013,F08
P0059,0.6954781026582827,GH013,F08
P0059,0.6939269619083858,GH013,F08
P0059,0.7403227035525933,GH013,F08
P0059,0.7324982732808616,GH013,F08
P0059,0.7109089892212553,GH013,F08
P0059,0.752634665162389,GH013,F08
P0059,0.7246874668436629,GH013,F08
P0059,0.7337022172763474,GH013,F08
P0059,0.7598185303552175,GH013,F08
P0059,0.7345901155858212,GH013,F08
P0059,0.7178685588798038,GH013,F08
P0059,0.7428158251344235,GH013,F08
P0059,0.7361388410839702,GH013,F08
P0059,0.7242634785005678,GH013,F08
P0059,0.8154097827142506,GH013,F08
P0059,0.790078208498404,GH013,F08
P0059,0.6885038995324863,GH013,F08
P0059,0.6311101185794417,GH013,F08
P0059,0.5979915669415719,GH013,F08
P0059,0.6570076160735812,GH013,F08
P0059,0.7370144872147317,GH013,F08
P0059,0.7716404889731842,GH013,F08
P0059,0.8050697952516217,GH013,F08
P0059,0.8039553998905212,GH013,F08
P0059,0.8342540194840233,GH013,F08
P0059,0.8059261115973038,GH013,F08
P0059,0.8176509902388239,GH013,F08
P0059,0.820647391355893,GH013,F08
P0059,0.7945348955723213,GH013,F08
P0059,0.8953218379635891,GH013,F08
P0059,0.7823356114460402,GH013,F08
P0059,0.8088225637647899,GH013,F08
P0059,0.8315651009518001,GH013,F08
P0059,0.8379692563258178,GH013,F08
P0059,0.718593964831719,GH013,F08
P0059,0.7572500950207778,GH013,F08
P0059,0.855106918627282,GH013,F08
P0059,0.7734462252881592,GH013,F08
P0059,0.7906769245800801,GH013,F08
P0059,0.8437765031875268,GH013,F08
P0059,0.8280331151783715,GH013,F08
P0059,0.7827566711121906,GH013,F08
P0059,0.844377027328097,GH013,F08
P0059,0.8746643795094957,GH013,F08
P0059,0.7919616840245646,GH013,F08
P0059,0.8520404286669321,GH013,F08
P0059,0.8707159466155048,GH013,F08
P0059,0.8574705243488508,GH013,F08
P0059,0.82077710842451,GH013,F08
P0059,0.882383420117996,GH013,F08
P0059,0.7549189999978749,GH013,F08
P0059,0.8554882123480502,GH013,F08
P0059,0.8199413018783961,GH013,F08
P0059,0.6935134284056221,GH013,F08
P0059,0.7283087765643885,GH013,F08
P0059,0.7287962179692952,GH013,F08
P0059,0.730690066681051,GH013,F08
P0059,0.806723336539849,GH013,F08
P0059,0.8606440108654551,GH013,F08
P0059,0.8488725299364676,GH013,F08
P0059,0.8318402558301414,GH013,F08
P0059,0.8594528737244433,GH013,F08
P0059,0.8308810161786313,GH013,F08
P0059,0.8762868712909897,GH013,F08
P0059,0.8592513387094696,GH013,F08
P0059,0.8536543706348138,GH013,F08
P0059,0.8884555721090388,GH013,F08
P0059,0.7516661532989789,GH013,F08
P0059,0.8420685108626516,GH013,F08
P0059,0.7449238787645733,GH013,F08
P0059,0.8398829150002752,GH013,F08
P0059,0.7592062090519124,GH013,F08
P0059,0.8596626496943018,GH013,F08
P0059,0.83089053652011,GH013,F08
P0059,0.7444403138167994,GH013,F08
P0059,0.8585364893507001,GH013,F08
P0059,0.7559902420500063,GH013,F08
P0059,0.8462517112181112,GH013,F08
P0059,0.8460313874337977,GH013,F08
P0059,0.8657771072536159,GH013,F08
P0059,0.8194445833516442,GH013,F08
P0059,0.818326414254254,GH013,F08
P0059,0.8789116372494812,GH013,F08
P0059,0.8534871444276293,GH013,F08
P0059,0.8706012668855958,GH013,F08
P0059,0.8687286549633984,GH013,F08
P0059,0.8194662027674697,GH013,F08
P0059,0.8577280204780682,GH013,F08
P0059,0.7064828877953021,GH013,F08
P0059,0.7077283459510575,GH013,F08
P0059,0.7449956309101834,GH013,F08
P0059,0.6925082434292975,GH013,F08
P0059,0.8208094468834062,GH013,F08
P0059,0.8311567548633204,GH013,F08
P0059,0.8148348025096429,GH013,F08
P0059,0.8630720130175638,GH013,F08
P0059,0.8496274473086821,GH013,F08
P0059,0.8524742223398677,GH013,F08
P0059,0.8496417562005513,GH013,F08
P0059,0.8691912862242713,GH013,F08
P0059,0.8421251753345015,GH013,F08
P0059,0.875685403043616,GH013,F08
P0059,0.8152836490688478,GH013,F08
P0059,0.886516737068041,GH013,F08
P0059,0.7575159879795107,GH013,F08
P0059,0.8496944342900525,GH013,F08
P0059,0.7980054826570514,GH013,F08
P0059,0.7135848676806934,GH013,F08
P0059,0.7894174611604233,GH013,F08
P0059,0.7687153264321088,GH013,F08
P0059,0.8488854705710194,GH013,F08
P0059,0.8264972641737295,GH013,F08
P0059,0.8604027493418036,GH013,F08
P0059,0.8496497890814686,GH013,F08
P0059,0.8264109193887114,GH013,F08
P0059,0.8320004998256635,GH013,F08
P0059,0.872059076719388,GH013,F08
P0059,0.8643022458661823,GH013,F08
P0059,0.8576649043618358,GH013,F08
P0059,0.8851299924095367,GH013,F08
P0059,0.8377342357030781,GH013,F08
P0059,0.8035057754623055,GH013,F08
P0059,0.7869905854016203,GH013,F08
P0059,0.8137750978632841,GH013,F08
P0059,0.8077833465330498,GH013,F08
P0059,0.6429946084199334,GH013,F08
P0059,0.6676023428440437,GH013,F08
P0059,0.7626172465726972,GH013,F08
P0059,0.7684807061799842,GH013,F08
P0059,0.8512934110837247,GH013,F08
P0059,0.8910983307618694,GH013,F08
P0059,0.8551242251208614,GH013,F08
P0059,0.7936233992853033,GH013,F08
P0059,0.8414664265682265,GH013,F08
P0059,0.8756390234863002,GH013,F08
P0059,0.766551217924891,GH013,F08
P0059,0.7280702104758631,GH013,F08
P0059,0.8183980454056262,GH013,F08
P0059,0.8477648700230125,GH013,F08
P0059,0.8707231638946998,GH013,F08
P0059,0.8621108044789936,GH013,F08
P0059,0.8582743008425384,GH013,F08
P0060,0.7665218840725964,GH004,F01
P0060,0.7651539359969244,GH004,F01
P0060,0.7704956873815773,GH004,F01
P0060,0.7892359394872818,GH004,F01
P0060,0.7472390495086879,GH004,F01
P0060,0.752076947214721,GH004,F01
P0060,0.7577134895315891,GH004,F01
P0060,0.7493516943416318,GH004,F01
P0060,0.7608014058993444,GH004,F01
P0060,0.6637758723617933,GH004,F01
P0060,0.7846867396913824,GH004,F01
P0060,0.6781735982101351,GH004,F01
P0060,0.7502103829378636,GH004,F01
P0060,0.6137327296977055,GH004,F01
P0060,0.5665043377757489,GH004,F01
P0060,0.5350084934917188,GH004,F01
P0060,0.5785571071564399,GH004,F01
P0060,0.6222313353012245,GH004,F01
P0060,0.7475127843199566,GH004,F01
P0060,0.6561495984253365,GH004,F01
P0060,0.7601047971229618,GH004,F01
P0060,0.6915581804271046,GH004,F01
P0060,0.7546363067758997,GH004,F01
P0060,0.7365690613330835,GH004,F01
P0060,0.6774250477498415,GH004,F01
P0060,0.6792499943618084,GH004,F01
P0060,0.5874958153239223,GH004,F01
P0060,0.5733557929830024,GH004,F01
P0060,0.6165257287360543,GH004,F01
P0060,0.5966126984951381,GH004,F01
P0060,0.5980094252888564,GH004,F01
P0060,0.6906712373299158,GH004,F01
P0060,0.7011342017140572,GH004,F01
P0060,0.6199736682527992,GH004,F01
P0060,0.6252185308231801,GH004,F01
P0060,0.6381848623480308,GH004,F01
P0060,0.6334514462848183,GH004,F01
P0060,0.7026232055659208,GH004,F01
P0060,0.6442945070544739,GH004,F01
P0060,0.6845078362840221,GH004,F01
P0060,0.618606286985841,GH004,F01
P0060,0.6373080193653754,GH004,F01
P0060,0.6771718853985121,GH004,F01
P0060,0.6429475748202177,GH004,F01
P0060,0.6456848527272382,GH004,F01
P0060,0.6427414723235197,GH004,F01
P0060,0.6146556525036021,GH004,F01
P0060,0.6066007675476099,GH004,F01
P0060,0.6042519437561256,GH004,F01
P0060,0.5810927004384216,GH004,F01
P0060,0.5423719337353461,GH004,F01
P0060,0.5384528891198971,GH004,F01
P0060,0.5861095130442773,GH004,F01
P0060,0.6451713300969767,GH004,F01
P0060,0.6084418176335101,GH004,F01
P0060,0.6855688030861437,GH004,F01
P0060,0.6404024185360134,GH004,F01
P0060,0.6368529788447568,GH004,F01
P0060,0.6143031936232745,GH004,F01
P0060,0.6180076629351869,GH004,F01
P0060,0.6097385336058659,GH004,F01
P0060,0.6127000728926998,GH004,F01
P0060,0.6529693152141283,GH004,F01
P0060,0.6290249117118321,GH004,F01
P0060,0.6277334040620632,GH004,F01
P0060,0.7060213021665188,GH004,F01
P0060,0.6186524179225336,GH004,F01
P0060,0.6084212032114907,GH004,F01
P0060,0.6273573797425092,GH004,F01
P0060,0.6502392488474618,GH004,F01
P0060,0.6581619087302432,GH004,F01
P0060,0.6483315278168376,GH004,F01
P0060,0.6120266947162292,GH004,F01
P0060,0.7290188489381502,GH004,F01
P0060,0.6120300021725573,GH004,F01
P0060,0.6476871031580635,GH004,F01
P0060,0.7479102406342074,GH004,F01
P0060,0.7394767542705708,GH004,F01
P0060,0.696957951941365,GH004,F01
P0060,0.7162392380261701,GH004,F01
P0060,0.6715297552847517,GH004,F01
P0060,0.6412839112971267,GH004,F01
P0060,0.7331336988459223,GH004,F01
P0060,0.6238805061436109,GH004,F01
P0060,0.5427443833621097,GH004,F01
P0060,0.6496542632164503,GH004,F01
P0060,0.531406169602195,GH004,F01
P0060,0.565061928598664,GH004,F01
P0060,0.606783341805458,GH004,F01
P0060,0.7755426229939894,GH004,F01
P0060,0.7425246718998756,GH004,F01
P0060,0.6697334463990323,GH004,F01
P0060,0.7493093339578732,GH004,F01
P0060,0.7315036925396883,GH004,F01
P0060,0.7234921242380303,GH004,F01
P0060,0.7210367345134693,GH004,F01
P0060,0.7611645687151909,GH004,F01
P0060,0.6423665419897058,GH004,F01
P0060,0.7156791852933501,GH004,F01
P0060,0.7426698361829859,GH004,F01
P0060,0.7859993189822206,GH004,F01
P0060,0.7405442352120932,GH004,F01
P0060,0.7728448047258429,GH004,F01
P0060,0.6669850963908175,GH004,F01
P0060,0.7457978188677559,GH004,F01
P0060,0.6666391326285573,GH004,F01
P0060,0.7139102908934092,GH004,F01
P0060,0.6751855352996502,GH004,F01
P0060,0.780022242111562,GH004,F01
P0060,0.7314723286735664,GH004,F01
P0060,0.7878902476887375,GH004,F01
P0060,0.7591290624120084,GH004,F01
P0060,0.75218704836768,GH004,F01
P0060,0.7537348293423058,GH004,F01
P0060,0.7794749743431094,GH004,F01
P0060,0.7351409535600102,GH004,F01
P0060,0.7537518511653095,GH004,F01
P0060,0.6839773924807675,GH004,F01
P0060,0.7378516579036412,GH004,F01
P0060,0.6607192682830753,GH004,F01
P0060,0.7664740502316548,GH004,F01
P0060,0.660854958123206,GH004,F01
P0060,0.545895066490399,GH004,F01
P0060,0.6937057381049594,GH004,F01
P0060,0.7402042784104473,GH004,F01
P0060,0.7031189006372346,GH004,F01
P0060,0.7001288945847001,GH004,F01
P0060,0.7242334768552593,GH004,F01
P0060,0.7903077414675902,GH004,F01
P0060,0.7650887844972301,GH004,F01
P0060,0.7587283427268113,GH004,F01
P0060,0.7886342950308659,GH004,F01
P0060,0.7830103207110516,GH004,F01
P0060,0.7649850305385633,GH004,F01
P0060,0.7488892398537599,GH004,F01
P0060,0.7791863620718925,GH004,F01
P0060,0.7610017146243211,GH004,F01
P0060,0.7086398211868048,GH004,F01
P0060,0.751495701938211,GH004,F01
P0060,0.6626983639107829,GH004,F01
P0060,0.6231344132069184,GH004,F01
P0060,0.7010499863158152,GH004,F01
P0060,0.8125854114376062,GH004,F01
P0060,0.7443024509055324,GH004,F01
P0060,0.7566949441298365,GH004,F01
P0060,0.7902817450356849,GH004,F01
P0060,0.7550232444981145,GH004,F01
P0060,0.7347750709522168,GH004,F01
P0060,0.7562676357280286,GH004,F01
P0060,0.795936907842469,GH004,F01
P0060,0.7348530570350236,GH004,F01
P0060,0.6902150648603587,GH004,F01
P0060,0.813578948394668,GH004,F01
P0060,0.7361079316244379,GH004,F01
P0060,0.7065360200006373,GH004,F01
P0060,0.6357332592666353,GH004,F01
P0060,0.6835623081748862,GH004,F01
P0060,0.6739854486270983,GH004,F01
P0060,0.6460061988958684,GH004,F01
P0060,0.6233962638763413,GH004,F01
P0060,0.6864039013956195,GH004,F01
P0060,0.7417629105022999,GH004,F01
P0060,0.5989695144697321,GH004,F01
P0060,0.7681298731852945,GH004,F01
P0060,0.7388033786738392,GH004,F01
P0060,0.7375449733211792,GH004,F01
P0060,0.6884087366161674,GH004,F01
P0060,0.7594641256639513,GH004,F01
P0060,0.7477148366599861,GH004,F01
P0060,0.7554892607607394,GH004,F01
P0060,0.7447694326365377,GH004,F01
P0060,0.7886970727308478,GH004,F01
P0060,0.6715698588172541,GH004,F01
P0060,0.7662337383827279,GH004,F01
P0060,0.715245702998104,GH004,F01
P0060,0.6791188409620232,GH004,F01
P0060,0.6344723372366439,GH004,F01
P0060,0.6811070728714087,GH004,F01
P0060,0.6979559472568919,GH004,F01
P0060,0.7625248478399206,GH004,F01
P0060,0.7756379979700027,GH004,F01
P0060,0.7667498086438069,GH004,F01
P0060,0.771865777687264,GH004,F01
P0060,0.7779154148919267,GH004,F01
P0060,0.7771506628949978,GH004,F01
P0060,0.7796246660519524,GH004,F01
P0060,0.740396926589325,GH004,F01
P0060,0.7336529312452923,GH004,F01
P0060,0.7471797740355872,GH004,F01
P0060,0.743147535785151,GH004,F01
P0060,0.7612621464747726,GH004,F01
P0060,0.7735265651394981,GH004,F01
P0060,0.6600120584536548,GH004,F01
P0060,0.6522716107802261,GH004,F01
P0060,0.5682297110282829,GH004,F01
P0060,0.5928421246750264,GH004,F01
P0060,0.747174706309108,GH004,F01
P0060,0.6950622607593372,GH004,F01
P0060,0.7127952088103973,GH004,F01
P0060,0.7791540599028838,GH004,F01
P0060,0.7826051640396485,GH004,F01
P0060,0.7753292925762266,GH004,F01
P0060,0.6664029173666205,GH004,F01
P0060,0.802056042836076,GH004,F01
P0060,0.7762728932535765,GH004,F01
P0060,0.7678440339697721,GH004,F01
P0060,0.706268827621067,GH004,F01
P0060,0.6871010545118665,GH004,F01
P0060,0.7109457851592803,GH004,F01
P0060,0.6840471015308708,GH004,F01
P0061,0.7691782968863333,GH017,F08
P0061,0.792347803250599,GH017,F08
P0061,0.7698697492549308,GH017,F08
P0061,0.8191161583578785,GH017,F08
P0061,0.7609224282868419,GH017,F08
P0061,0.7986065080588556,GH017,F08
P0061,0.7278771962413538,GH017,F08
P0061,0.7191377112213397,GH017,F08
P0061,0.7830620451859589,GH017,F08
P0061,0.7103816748964333,GH017,F08
P0061,0.7859395758276116,GH017,F08
P0061,0.756924616815535,GH017,F08
P0061,0.7548404066025036,GH017,F08
P0061,0.6856897739830574,GH017,F08
P0061,0.5970309441060399,GH017,F08
P0061,0.6439097569258304,GH017,F08
P0061,0.7029080162463521,GH017,F08
P0061,0.7549645972909671,GH017,F08
P0061,0.749609960244647,GH017,F08
P0061,0.699876252925505,GH017,F08
P0061,0.7722071129600404,GH017,F08
P0061,0.7305571295911467,GH017,F08
P0061,0.7212533322540602,GH017,F08
P0061,0.7678931353969095,GH017,F08
P0061,0.7508185445267428,GH017,F08
P0061,0.6426955727390892,GH017,F08
P0061,0.6806105303230205,GH017,F08
P0061,0.7001953642642814,GH017,F08
P0061,0.6597959417891364,GH017,F08
P0061,0.6521913997891576,GH017,F08
P0061,0.6626014675912715,GH017,F08
P0061,0.6131614366034196,GH017,F08
P0061,0.6678165002097808,GH017,F08
P0061,0.7134433948323434,GH017,F08
P0061,0.645559736837536,GH017,F08
P0061,0.6604954707309811,GH017,F08
P0061,0.6389925897953366,GH017,F08
P0061,0.6636807475321718,GH017,F08
P0061,0.657652172586302,GH017,F08
P0061,0.6894484270890716,GH017,F08
P0061,0.7304660665924835,GH017,F08
P0061,0.6840121365790414,GH017,F08
P0061,0.6937488709554566,GH017,F08
P0061,0.625662751220626,GH017,F08
P0061,0.6186380337477844,GH017,F08
P0061,0.5923262916047326,GH017,F08
P0061,0.6002043549480502,GH017,F08
P0061,0.6653890815400405,GH017,F08
P0061,0.6360005524847655,GH017,F08
P0061,0.5562100481019311,GH017,F08
P0061,0.519440670366463,GH017,F08
P0061,0.5319082782331926,GH017,F08
P0061,0.60947953459549,GH017,F08
P0061,0.6471521731568924,GH017,F08
P0061,0.6167578898780566,GH017,F08
P0061,0.6267568376236811,GH017,F08
P0061,0.6536854666793049,GH017,F08
P0061,0.6747283920501095,GH017,F08
P0061,0.6599814076975927,GH017,F08
P0061,0.6974399842816907,GH017,F08
P0061,0.6604249392426996,GH017,F08
P0061,0.7017486093148747,GH017,F08
P0061,0.7006436691028215,GH017,F08
P0061,0.6707442187677617,GH017,F08
P0061,0.6515347567384377,GH017,F08
P0061,0.6482821150597895,GH017,F08
P0061,0.6372482710373497,GH017,F08
P0061,0.6542124783050951,GH017,F08
P0061,0.6357459953331727,GH017,F08
P0061,0.7420322129211823,GH017,F08
P0061,0.6818536270061173,GH017,F08
P0061,0.6954934797490672,GH017,F08
P0061,0.6536720984141883,GH017,F08
P0061,0.7048690690979663,GH017,F08
P0061,0.6829674317380761,GH017,F08
P0061,0.7256272154535188,GH017,F08
P0061,0.7047800252548799,GH017,F08
P0061,0.7370613522151059,GH017,F08
P0061,0.7308164958140682,GH017,F08
P0061,0.6185268743806127,GH017,F08
P0061,0.7210897495140606,GH017,F08
P0061,0.7308988318529215,GH017,F08
P0061,0.7220308586677928,GH017,F08
P0061,0.7709345872344866,GH017,F08
P0061,0.7034598204839362,GH017,F08
P0061,0.5372534352866368,GH017,F08
P0061,0.5274925190076645,GH017,F08
P0061,0.5925421227811656,GH017,F08
P0061,0.6589832626420852,GH017,F08
P0061,0.7911535215305168,GH017,F08
P0061,0.785445201773332,GH017,F08
P0061,0.7783064682582727,GH017,F08
P0061,0.6877276153118438,GH017,F08
P0061,0.6766287538499097,GH017,F08
P0061,0.7942038983547751,GH017,F08
P0061,0.7029177875498427,GH017,F08
P0061,0.7962034161575833,GH017,F08
P0061,0.7759500811220875,GH017,F08
P0061,0.7760852492336777,GH017,F08
P0061,0.7955118347831338,GH017,F08
P0061,0.6917497139933249,GH017,F08
P0061,0.6752342804069098,GH017,F08
P0061,0.6807437651954952,GH017,F08
P0061,0.7219440241648868,GH017,F08
P0061,0.7584994903843495,GH017,F08
P0061,0.7884839817057552,GH017,F08
P0061,0.7562568049722976,GH017,F08
P0061,0.8126506021136635,GH017,F08
P0061,0.6785818975500181,GH017,F08
P0061,0.7480893668999579,GH017,F08
P0061,0.775029980059034,GH017,F08
P0061,0.7455855351631575,GH017,F08
P0061,0.7976325741635814,GH017,F08
P0061,0.800348350188402,GH017,F08
P0061,0.7636899952140246,GH017,F08
P0061,0.8199457439833795,GH017,F08
P0061,0.8205370497936022,GH017,F08
P0061,0.6793833425461357,GH017,F08
P0061,0.795690629298194,GH017,F08
P0061,0.8144179838789184,GH017,F08
P0061,0.694432393533073,GH017,F08
P0061,0.6264388235457029,GH017,F08
P0061,0.5840607015336329,GH017,F08
P0061,0.6606017254023692,GH017,F08
P0061,0.7647837716952924,GH017,F08
P0061,0.777728674830499,GH017,F08
P0061,0.7816317130981384,GH017,F08
P0061,0.798027644008014,GH017,F08
P0061,0.8144203316676958,GH017,F08
P0061,0.8238017745150343,GH017,F08
P0061,0.7931643792322601,GH017,F08
P0061,0.7299512914162882,GH017,F08
P0061,0.7511746044513673,GH017,F08
P0061,0.7543890423333489,GH017,F08
P0061,0.7706873733779986,GH017,F08
P0061,0.7270954760621544,GH017,F08
P0061,0.7607905594770142,GH017,F08
P0061,0.7703564196627288,GH017,F08
P0061,0.7242525816573184,GH017,F08
P0061,0.7037880772271877,GH017,F08
P0061,0.7033435455562521,GH017,F08
P0061,0.7296560607055474,GH017,F08
P0061,0.7853946658376667,GH017,F08
P0061,0.8261706303820584,GH017,F08
P0061,0.8293218995456222,GH017,F08
P0061,0.7840804335328628,GH017,F08
P0061,0.7942352553194556,GH017,F08
P0061,0.8039884512377904,GH017,F08
P0061,0.7038221918283342,GH017,F08
P0061,0.743259287610857,GH017,F08
P0061,0.8165440020035781,GH017,F08
P0061,0.7883835871006051,GH017,F08
P0061,0.728094036560189,GH017,F08
P0061,0.7912731868618023,GH017,F08
P0061,0.7963103954810601,GH017,F08
P0061,0.7955967687958169,GH017,F08
P0061,0.7405518648278976,GH017,F08
P0061,0.7052694429431695,GH017,F08
P0061,0.5385383854868285,GH017,F08
P0061,0.6717881497977677,GH017,F08
P0061,0.6636465076049383,GH017,F08
P0061,0.7881754088004477,GH017,F08
P0061,0.7599853790337199,GH017,F08
P0061,0.8044947708524508,GH017,F08
P0061,0.8315430818402423,GH017,F08
P0061,0.7883392769948614,GH017,F08
P0061,0.7900259459874113,GH017,F08
P0061,0.8080942089098849,GH017,F08
P0061,0.7383034012088743,GH017,F08
P0061,0.7706196225833322,GH017,F08
P0061,0.782092295990391,GH017,F08
P0061,0.7473447689011338,GH017,F08
P0061,0.748331405074509,GH017,F08
P0061,0.7868841427524564,GH017,F08
P0061,0.790010967219247,GH017,F08
P0061,0.7459560351367199,GH017,F08
P0061,0.6882970867690578,GH017,F08
P0061,0.7992631087271268,GH017,F08
P0061,0.8281944699465464,GH017,F08
P0061,0.6645855885610542,GH017,F08
P0061,0.784136853415746,GH017,F08
P0061,0.7942296179420754,GH017,F08
P0061,0.7938129102875706,GH017,F08
P0061,0.7415867457023664,GH017,F08
P0061,0.788291176520426,GH017,F08
P0061,0.6957471465801591,GH017,F08
P0061,0.7887492274628124,GH017,F08
P0061,0.7496041858314125,GH017,F08
P0061,0.7868213851584575,GH017,F08
P0061,0.7750144247640606,GH017,F08
P0061,0.7735710878601174,GH017,F08
P0061,0.7913386925471201,GH017,F08
P0061,0.6318555264760259,GH017,F08
P0061,0.6379947052696305,GH017,F08
P0061,0.6183012496573347,GH017,F08
P0061,0.6280160567815946,GH017,F08
P0061,0.6517937060274028,GH017,F08
P0061,0.835628176345275,GH017,F08
P0061,0.8041036578843017,GH017,F08
P0061,0.8142370528329081,GH017,F08
P0061,0.834357392106877,GH017,F08
P0061,0.7749037413289549,GH017,F08
P0061,0.7991742222198864,GH017,F08
P0061,0.7931628492147542,GH017,F08
P0061,0.7860925425737165,GH017,F08
P0061,0.7741046389172347,GH017,F08
P0061,0.8296667774369666,GH017,F08
P0061,0.7467467644291971,GH017,F08
P0061,0.6776007531989691,GH017,F08
P0061,0.7292767242555914,GH017,F08
P0062,0.8250128968797709,GH013,F08
P0062,0.8527981291568115,GH013,F08
P0062,0.8635324400868967,GH013,F08
P0062,0.8667216293355557,GH013,F08
P0062,0.8349976169739263,GH013,F08
P0062,0.8055831336578955,GH013,F08
P0062,0.8565328462019789,GH013,F08
P0062,0.8622005914223125,GH013,F08
P0062,0.8237404924253162,GH013,F08
P0062,0.8167385115084991,GH013,F08
P0062,0.8476706240860088,GH013,F08
P0062,0.735864450950775,GH013,F08
P0062,0.8243370050716065,GH013,F08
P0062,0.674573649904113,GH013,F08
P0062,0.6473495193523154,GH013,F08
P0062,0.6075298782451554,GH013,F08
P0062,0.7576953877632423,GH013,F08
P0062,0.7158541050722184,GH013,F08
P0062,0.7543276386500377,GH013,F08
P0062,0.7564222917597995,GH013,F08
P0062,0.80803108204189,GH013,F08
P0062,0.7588188472885912,GH013,F08
P0062,0.8199908770348061,GH013,F08
P0062,0.8227463830774171,GH013,F08
P0062,0.8088953991548148,GH013,F08
P0062,0.7559673539565479,GH013,F08
P0062,0.7333747258264443,GH013,F08
P0062,0.7802894221399166,GH013,F08
P0062,0.687238970139663,GH013,F08
P0062,0.7338414614304583,GH013,F08
P0062,0.6868427392910393,GH013,F08
P0062,0.7277904852669786,GH013,F08
P0062,0.7925329489124944,GH013,F08
P0062,0.7215689953393881,GH013,F08
P0062,0.7169828625199367,GH013,F08
P0062,0.7214343261187689,GH013,F08
P0062,0.7473618975370429,GH013,F08
P0062,0.7212132888666768,GH013,F08
P0062,0.6782369503400217,GH013,F08
P0062,0.7175601592469101,GH013,F08
P0062,0.8128433886368637,GH013,F08
P0062,0.7066201152019835,GH013,F08
P0062,0.69656413933755,GH013,F08
P0062,0.7257592299988379,GH013,F08
P0062,0.6939701825535404,GH013,F08
P0062,0.712879529473617,GH013,F08
P0062,0.6902396215630511,GH013,F08
P0062,0.6693357708916968,GH013,F08
P0062,0.6158699537322285,GH013,F08
P0062,0.5525296931958005,GH013,F08
P0062,0.5917640333008185,GH013,F08
P0062,0.6566156546690782,GH013,F08
P0062,0.6307240608330011,GH013,F08
P0062,0.7265518102075986,GH013,F08
P0062,0.6734987064189252,GH013,F08
P0062,0.7010270763998973,GH013,F08
P0062,0.7238567300788658,GH013,F08
P0062,0.7960423768289182,GH013,F08
P0062,0.7017660322331998,GH013,F08
P0062,0.71060600048508,GH013,F08
P0062,0.7433927564236996,GH013,F08
P0062,0.6959100016210387,GH013,F08
P0062,0.7340756103300576,GH013,F08
P0062,0.7068735172106184,GH013,F08
P0062,0.7235887713591069,GH013,F08
P0062,0.7100688105315958,GH013,F08
P0062,0.6973096824373128,GH013,F08
P0062,0.7166783923007901,GH013,F08
P0062,0.714793614954883,GH013,F08
P0062,0.8058106204942159,GH013,F08
P0062,0.6999598048888007,GH013,F08
P0062,0.7116847747717763,GH013,F08
P0062,0.7046384719063642,GH013,F08
P0062,0.828191853887575,GH013,F08
P0062,0.7101647913410617,GH013,F08
P0062,0.7489282659305243,GH013,F08
P0062,0.7316951451143974,GH013,F08
P0062,0.7716879938595235,GH013,F08
P0062,0.7299702767044121,GH013,F08
P0062,0.7116903418108892,GH013,F08
P0062,0.7328234995657077,GH013,F08
P0062,0.8035691452920369,GH013,F08
P0062,0.6991889498690815,GH013,F08
P0062,0.7053207889062634,GH013,F08
P0062,0.679160811336993,GH013,F08
P0062,0.6411867183495287,GH013,F08
P0062,0.6818862457758275,GH013,F08
P0062,0.724418491947083,GH013,F08
P0062,0.6667299466736523,GH013,F08
P0062,0.7140179511526308,GH013,F08
P0062,0.695412968021118,GH013,F08
P0062,0.722090781979079,GH013,F08
P0062,0.7419040759012991,GH013,F08
P0062,0.7761355862657724,GH013,F08
P0062,0.7536770374433575,GH013,F08
P0062,0.8194090601909718,GH013,F08
P0062,0.8261627572625855,GH013,F08
P0062,0.8071603223443611,GH013,F08
P0062,0.8471817438371146,GH013,F08
P0062,0.8125330887508438,GH013,F08
P0062,0.7195572835994573,GH013,F08
P0062,0.7586820001852456,GH013,F08
P0062,0.7423042280499916,GH013,F08
P0062,0.7445120026587513,GH013,F08
P0062,0.8066767440188056,GH013,F08
P0062,0.8269469960136417,GH013,F08
P0062,0.8211977601007073,GH013,F08
P0062,0.7998416463225764,GH013,F08
P0062,0.84174245367589,GH013,F08
P0062,0.8556444273524588,GH013,F08
P0062,0.8081861778700034,GH013,F08
P0062,0.8552000816433672,GH013,F08
P0062,0.8293369852838026,GH013,F08
P0062,0.8442830556334713,GH013,F08
P0062,0.8230248950328074,GH013,F08
P0062,0.8216083029235458,GH013,F08
P0062,0.8710370917623158,GH013,F08
P0062,0.781795435717604,GH013,F08
P0062,0.8534274666599275,GH013,F08
P0062,0.832176231680743,GH013,F08
P0062,0.7143829178062754,GH013,F08
P0062,0.7361550844830524,GH013,F08
P0062,0.7365651741846555,GH013,F08
P0062,0.7623888970465925,GH013,F08
P0062,0.8042773192421492,GH013,F08
P0062,0.8420288942727353,GH013,F08
P0062,0.7509827056197181,GH013,F08
P0062,0.8398124159838022,GH013,F08
P0062,0.7625610990330087,GH013,F08
P0062,0.8153854246814476,GH013,F08
P0062,0.8864059651964379,GH013,F08
P0062,0.8735952717196269,GH013,F08
P0062,0.725786626108804,GH013,F08
P0062,0.8308527046639727,GH013,F08
P0062,0.8001429412827522,GH013,F08
P0062,0.7801855342553963,GH013,F08
P0062,0.8052130891872248,GH013,F08
P0062,0.8152768269565672,GH013,F08
P0062,0.8305248503826222,GH013,F08
P0062,0.7182497105766034,GH013,F08
P0062,0.7884204719144142,GH013,F08
P0062,0.8582377343053798,GH013,F08
P0062,0.7384304818005231,GH013,F08
P0062,0.8812298545790795,GH013,F08
P0062,0.8425155671806307,GH013,F08
P0062,0.8714761819761461,GH013,F08
P0062,0.7823770350764596,GH013,F08
P0062,0.852827078646982,GH013,F08
P0062,0.8637452246481323,GH013,F08
P0062,0.8066288263350291,GH013,F08
P0062,0.8421640593641028,GH013,F08
P0062,0.8156983266831423,GH013,F08
P0062,0.8912298683894455,GH013,F08
P0062,0.8661048877954052,GH013,F08
P0062,0.7825904567071358,GH013,F08
P0062,0.8368078224727089,GH013,F08
P0062,0.7298096026630444,GH013,F08
P0062,0.6731575243448562,GH013,F08
P0062,0.6089762475635864,GH013,F08
P0062,0.7471307475091478,GH013,F08
P0062,0.7768386667636684,GH013,F08
P0062,0.826544359195761,GH013,F08
P0062,0.8489998259756764,GH013,F08
P0062,0.8544829812824752,GH013,F08
P0062,0.8420207817770486,GH013,F08
P0062,0.8387283074246672,GH013,F08
P0062,0.8048260452476405,GH013,F08
P0062,0.8594280273248579,GH013,F08
P0062,0.8567629697026614,GH013,F08
P0062,0.8216002205487324,GH013,F08
P0062,0.7705303400508162,GH013,F08
P0062,0.8385506022444029,GH013,F08
P0062,0.8501887815626259,GH013,F08
P0062,0.7192731449963926,GH013,F08
P0062,0.8337529543207234,GH013,F08
P0062,0.7233853860442848,GH013,F08
P0062,0.8390496956563268,GH013,F08
P0062,0.7668827511223766,GH013,F08
P0062,0.8194851646362884,GH013,F08
P0062,0.8530158700814522,GH013,F08
P0062,0.7332991535931184,GH013,F08
P0062,0.798620114175921,GH013,F08
P0062,0.8258223606140193,GH013,F08
P0062,0.8134254072118368,GH013,F08
P0062,0.8634455307129537,GH013,F08
P0062,0.86544661576318,GH013,F08
P0062,0.7523739878365409,GH013,F08
P0062,0.8789159301486974,GH013,F08
P0062,0.8613230829740163,GH013,F08
P0062,0.7420454180874607,GH013,F08
P0062,0.886141656874267,GH013,F08
P0062,0.7529925013033817,GH013,F08
P0062,0.787062140350046,GH013,F08
P0062,0.6398165862918211,GH013,F08
P0062,0.7229421034569886,GH013,F08
P0062,0.6998441867970341,GH013,F08
P0062,0.7309289229413338,GH013,F08
P0062,0.8405102720115232,GH013,F08
P0062,0.7470859211153184,GH013,F08
P0062,0.772059152470507,GH013,F08
P0062,0.8125795521957415,GH013,F08
P0062,0.848543468570882,GH013,F08
P0062,0.8432824125463012,GH013,F08
P0062,0.8839474464604727,GH013,F08
P0062,0.8318098294961357,GH013,F08
P0062,0.8887102226488443,GH013,F08
P0062,0.8887742923205543,GH013,F08
P0062,0.8108036622449242,GH013,F08
P0062,0.8425353408422526,GH013,F08
P0062,0.7463105280218694,GH013,F08
P0063,0.828983243714561,GH019,F08
P0063,0.8486161184561469,GH019,F08
P0063,0.8356838528360142,GH019,F08
P0063,0.851654606210445,GH019,F08
P0063,0.8670429660743844,GH019,F08
P0063,0.8428049361753089,GH019,F08
P0063,0.8452170184420864,GH019,F08
P0063,0.8411897555884815,GH019,F08
P0063,0.7359990791615119,GH019,F08
P0063,0.7410303063722945,GH019,F08
P0063,0.7705226993099192,GH019,F08
P0063,0.6989208323584352,GH019,F08
P0063,0.7402725982371504,GH019,F08
P0063,0.7170459985101477,GH019,F08
P0063,0.6878958937681064,GH019,F08
P0063,0.606623523715877,GH019,F08
P0063,0.7511358551642999,GH019,F08
P0063,0.7546313132197007,GH019,F08
P0063,0.8333184927345745,GH019,F08
P0063,0.7174298473845889,GH019,F08
P0063,0.8139948103981891,GH019,F08
P0063,0.8131701394439133,GH019,F08
P0063,0.7988407369711926,GH019,F08
P0063,0.7947229643013851,GH019,F08
P0063,0.8052264531276131,GH019,F08
P0063,0.7319697308839647,GH019,F08
P0063,0.7445624922230901,GH019,F08
P0063,0.7496811424774946,GH019,F08
P0063,0.7331676520501458,GH019,F08
P0063,0.7120506395074553,GH019,F08
P0063,0.7066061587315822,GH019,F08
P0063,0.666885119456764,GH019,F08
P0063,0.698295182487093,GH019,F08
P0063,0.7296793952905501,GH019,F08
P0063,0.7897579643060814,GH019,F08
P0063,0.7586184612728244,GH019,F08
P0063,0.6938864537223879,GH019,F08
P0063,0.700288561623963,GH019,F08
P0063,0.7027949571986023,GH019,F08
P0063,0.7748144332001778,GH019,F08
P0063,0.7256619678372294,GH019,F08
P0063,0.7289152326177627,GH019,F08
P0063,0.6938923475775898,GH019,F08
P0063,0.7206328945289365,GH019,F08
P0063,0.74416288433242,GH019,F08
P0063,0.6816836836831265,GH019,F08
P0063,0.7109799439092167,GH019,F08
P0063,0.7575691454894387,GH019,F08
P0063,0.6284276723788881,GH019,F08
P0063,0.6189349084739003,GH019,F08
P0063,0.5685310533895982,GH019,F08
P0063,0.6271294676525214,GH019,F08
P0063,0.7080946923682822,GH019,F08
P0063,0.7474589353350105,GH019,F08
P0063,0.736696287803001,GH019,F08
P0063,0.7200323248796027,GH019,F08
P0063,0.7679283471583919,GH019,F08
P0063,0.7234271182523553,GH019,F08
P0063,0.7409041861696088,GH019,F08
P0063,0.6948599318211889,GH019,F08
P0063,0.7372811500255946,GH019,F08
P0063,0.7005763238882611,GH019,F08
P0063,0.745236773762788,GH019,F08
P0063,0.714191810268662,GH019,F08
P0063,0.7516710892035137,GH019,F08
P0063,0.6918362923262372,GH019,F08
P0063,0.6816449793498429,GH019,F08
P0063,0.6450008774604964,GH019,F08
P0063,0.7020401278169943,GH019,F08
P0063,0.6864691336022841,GH019,F08
P0063,0.7436604819310659,GH019,F08
P0063,0.7595928537794538,GH019,F08
P0063,0.6946528672022753,GH019,F08
P0063,0.7456108457422209,GH019,F08
P0063,0.731030878615626,GH019,F08
P0063,0.7436598582466168,GH019,F08
P0063,0.7430373303037032,GH019,F08
P0063,0.8535485019667338,GH019,F08
P0063,0.7499430072641329,GH019,F08
P0063,0.7760278630492579,GH019,F08
P0063,0.7878041580062853,GH019,F08
P0063,0.7920422928226982,GH019,F08
P0063,0.8039828205907401,GH019,F08
P0063,0.8130545760654364,GH019,F08
P0063,0.6844000798408769,GH019,F08
P0063,0.6644986550392538,GH019,F08
P0063,0.7327435093685893,GH019,F08
P0063,0.6526255316154254,GH019,F08
P0063,0.7491261948658066,GH019,F08
P0063,0.8258353999053314,GH019,F08
P0063,0.8485015880209452,GH019,F08
P0063,0.8278448362961086,GH019,F08
P0063,0.7665908545982432,GH019,F08
P0063,0.8684594585659102,GH019,F08
P0063,0.8385554229101664,GH019,F08
P0063,0.7889740729435585,GH019,F08
P0063,0.7780234119101922,GH019,F08
P0063,0.858098944310795,GH019,F08
P0063,0.8233089990469058,GH019,F08
P0063,0.8316039237156021,GH019,F08
P0063,0.861271841622313,GH019,F08
P0063,0.8274837516161032,GH019,F08
P0063,0.8514828211176475,GH019,F08
P0063,0.760767256342998,GH019,F08
P0063,0.7289156254669779,GH019,F08
P0063,0.7793852170312551,GH019,F08
P0063,0.8211028798338359,GH019,F08
P0063,0.7649920101502619,GH019,F08
P0063,0.832182512295219,GH019,F08
P0063,0.8749016128259612,GH019,F08
P0063,0.7989834631056781,GH019,F08
P0063,0.7780622435896322,GH019,F08
P0063,0.8587493516138477,GH019,F08
P0063,0.8511065707210058,GH019,F08
P0063,0.8507927961881656,GH019,F08
P0063,0.835666926988861,GH019,F08
P0063,0.8730149994064837,GH019,F08
P0063,0.8464313200671405,GH019,F08
P0063,0.8463774072067887,GH019,F08
P0063,0.8191210158426812,GH019,F08
P0063,0.7014534613121425,GH019,F08
P0063,0.7143680151146964,GH019,F08
P0063,0.6612706386161182,GH019,F08
P0063,0.7262650977686816,GH019,F08
P0063,0.7515082838329378,GH019,F08
P0063,0.8548596139282391,GH019,F08
P0063,0.8804948262040604,GH019,F08
P0063,0.8707356710456599,GH019,F08
P0063,0.8322146939196587,GH019,F08
P0063,0.8649712551856216,GH019,F08
P0063,0.8540250502367223,GH019,F08
P0063,0.8830101492392274,GH019,F08
P0063,0.8791959150006419,GH019,F08
P0063,0.8406936718829698,GH019,F08
P0063,0.7639496247471841,GH019,F08
P0063,0.8754662434074134,GH019,F08
P0063,0.8203716496592771,GH019,F08
P0063,0.7443232839771216,GH019,F08
P0063,0.8692679193011631,GH019,F08
P0063,0.860135265540191,GH019,F08
P0063,0.7558988909307558,GH019,F08
P0063,0.7814866704786382,GH019,F08
P0063,0.8040705699263125,GH019,F08
P0063,0.7510259508121087,GH019,F08
P0063,0.853069847223092,GH019,F08
P0063,0.8107372812211006,GH019,F08
P0063,0.8571074971869123,GH019,F08
P0063,0.8573996272518405,GH019,F08
P0063,0.8254340970391338,GH019,F08
P0063,0.833561275995328,GH019,F08
P0063,0.8458650047859925,GH019,F08
P0063,0.8254617531461763,GH019,F08
P0063,0.763550069042723,GH019,F08
P0063,0.8232938998342432,GH019,F08
P0063,0.8181397094155541,GH019,F08
P0063,0.7701316443247992,GH019,F08
P0063,0.7978127359970872,GH019,F08
P0063,0.6749504341440883,GH019,F08
P0063,0.7265289590516006,GH019,F08
P0063,0.6828266301081156,GH019,F08
P0063,0.8348856909048867,GH019,F08
P0063,0.8536108304710416,GH019,F08
P0063,0.7951092885695117,GH019,F08
P0063,0.8220996448641971,GH019,F08
P0063,0.908080234116401,GH019,F08
P0063,0.81088507603231,GH019,F08
P0063,0.8617290324052995,GH019,F08
P0063,0.8721577160266645,GH019,F08
P0063,0.8620618575386155,GH019,F08
P0063,0.8789413463388379,GH019,F08
P0063,0.9003642630755826,GH019,F08
P0063,0.8170605474279224,GH019,F08
P0063,0.8108191237428373,GH019,F08
P0063,0.830441386326442,GH019,F08
P0063,0.8174492682315955,GH019,F08
P0063,0.7676624557080751,GH019,F08
P0063,0.8229945639235329,GH019,F08
P0063,0.7954423993778067,GH019,F08
P0063,0.6949074525604254,GH019,F08
P0063,0.6961530371172209,GH019,F08
P0063,0.8295762606861407,GH019,F08
P0063,0.833070131215026,GH019,F08
P0063,0.8821857702082859,GH019,F08
P0063,0.8322049789352367,GH019,F08
P0063,0.8418648737524006,GH019,F08
P0063,0.84282714862637,GH019,F08
P0063,0.8371111965535919,GH019,F08
P0063,0.8129934788664378,GH019,F08
P0063,0.8538779395916866,GH019,F08
P0063,0.7161128299546566,GH019,F08
P0063,0.8658907449380235,GH019,F08
P0063,0.7693469064592593,GH019,F08
P0063,0.7872036430426764,GH019,F08
P0063,0.7584528530099286,GH019,F08
P0063,0.7096369559141105,GH019,F08
P0063,0.7968450701261504,GH019,F08
P0063,0.8277417572538571,GH019,F08
P0063,0.7664085700835771,GH019,F08
P0063,0.8624051777763765,GH019,F08
P0063,0.8500059021183943,GH019,F08
P0063,0.8614581764857486,GH019,F08
P0063,0.8807365972351119,GH019,F08
P0063,0.893434371210484,GH019,F08
P0063,0.8737058502843703,GH019,F08
P0063,0.8755760555869236,GH019,F08
P0063,0.8410275099819953,GH019,F08
P0063,0.8656761659731255,GH019,F08
P0063,0.8886552179180508,GH019,F08
P0063,0.8200697534588176,GH019,F08
P0063,0.8514590549680573,GH019,F08
P0064,0.8118073567477511,GH011,F05
P0064,0.8037468246528304,GH011,F05
P0064,0.7761276224769703,GH011,F05
P0064,0.8013577957857524,GH011,F05
P0064,0.7816924066913803,GH011,F05
P0064,0.8061110357033203,GH011,F05
P0064,0.8071610081562808,GH011,F05
P0064,0.6894925604582266,GH011,F05
P0064,0.6890846495689289,GH011,F05
P0064,0.8000868686845672,GH011,F05
P0064,0.784273373455413,GH011,F05
P0064,0.7482264448449468,GH011,F05
P0064,0.693850859011014,GH011,F05
P0064,0.7476453759989098,GH011,F05
P0064,0.6930610079358324,GH011,F05
P0064,0.649393140530678,GH011,F05
P0064,0.571761517887939,GH011,F05
P0064,0.6893130283408988,GH011,F05
P0064,0.6305448340772474,GH011,F05
P0064,0.6469878047675622,GH011,F05
P0064,0.7275367941708595,GH011,F05
P0064,0.7509221310226228,GH011,F05
P0064,0.6788836819249646,GH011,F05
P0064,0.734153800990096,GH011,F05
P0064,0.703267766345795,GH011,F05
P0064,0.7872419838392669,GH011,F05
P0064,0.6741222175153816,GH011,F05
P0064,0.6595370060497217,GH011,F05
P0064,0.6589014966987852,GH011,F05
P0064,0.6574505402989276,GH011,F05
P0064,0.5922144849454188,GH011,F05
P0064,0.7457532422008595,GH011,F05
P0064,0.675593125998529,GH011,F05
P0064,0.6651178790326143,GH011,F05
P0064,0.6378174192522671,GH011,F05
P0064,0.6833181974837901,GH011,F05
P0064,0.6777086872571161,GH011,F05
P0064,0.6773130126394022,GH011,F05
P0064,0.6359868306374714,GH011,F05
P0064,0.6528206275036487,GH011,F05
P0064,0.652850852667164,GH011,F05
P0064,0.6593478272893544,GH011,F05
P0064,0.6354922993536021,GH011,F05
P0064,0.6661220410103695,GH011,F05
P0064,0.6995142932148352,GH011,F05
P0064,0.6477167134221844,GH011,F05
P0064,0.6378634830325053,GH011,F05
P0064,0.6548209794061846,GH011,F05
P0064,0.5591137429657211,GH011,F05
P0064,0.5394346689470805,GH011,F05
P0064,0.5298455260211966,GH011,F05
P0064,0.6395060625461375,GH011,F05
P0064,0.6755890879199355,GH011,F05
P0064,0.6629765736608632,GH011,F05
P0064,0.6570040821429038,GH011,F05
P0064,0.7012556347565462,GH011,F05
P0064,0.6361052177717559,GH011,F05
P0064,0.7660449413427685,GH011,F05
P0064,0.6535746527819017,GH011,F05
P0064,0.7100748036930458,GH011,F05
P0064,0.6647087222623993,GH011,F05
P0064,0.7056827535208506,GH011,F05
P0064,0.6501535632614642,GH011,F05
P0064,0.6597724186411991,GH011,F05
P0064,0.6502163640089632,GH011,F05
P0064,0.7024289678820366,GH011,F05
P0064,0.6357781780607454,GH011,F05
P0064,0.6947592018967687,GH011,F05
P0064,0.6794164591634739,GH011,F05
P0064,0.6097168142593961,GH011,F05
P0064,0.5924817731191906,GH011,F05
P0064,0.6587008100189518,GH011,F05
P0064,0.67161284601868,GH011,F05
P0064,0.6642721941566835,GH011,F05
P0064,0.6897643218016888,GH011,F05
P0064,0.6312117080136751,GH011,F05
P0064,0.7733122478468911,GH011,F05
P0064,0.7502920153579756,GH011,F05
P0064,0.6734704902824665,GH011,F05
P0064,0.7857261362848185,GH011,F05
P0064,0.6727934856214627,GH011,F05
P0064,0.695189015487486,GH011,F05
P0064,0.7034812342660358,GH011,F05
P0064,0.7004920122058227,GH011,F05
P0064,0.6067149305437095,GH011,F05
P0064,0.640789785077316,GH011,F05
P0064,0.5988987990217364,GH011,F05
P0064,0.6977154451809157,GH011,F05
P0064,0.7253594223908821,GH011,F05
P0064,0.6672459791820897,GH011,F05
P0064,0.7619895885876711,GH011,F05
P0064,0.6915425158764306,GH011,F05
P0064,0.7123773919444053,GH011,F05
P0064,0.773853514323514,GH011,F05
P0064,0.7656607285729413,GH011,F05
P0064,0.7890513368790482,GH011,F05
P0064,0.7629558699982926,GH011,F05
P0064,0.786987445801298,GH011,F05
P0064,0.7898311925870224,GH011,F05
P0064,0.6810792285341289,GH011,F05
P0064,0.6968071570703329,GH011,F05
P0064,0.6949843204013382,GH011,F05
P0064,0.8246923666777011,GH011,F05
P0064,0.720424487383499,GH011,F05
P0064,0.8031178895951402,GH011,F05
P0064,0.6899645112843118,GH011,F05
P0064,0.7763031862807123,GH011,F05
P0064,0.7912405245228094,GH011,F05
P0064,0.7715079781821257,GH011,F05
P0064,0.817627100987745,GH011,F05
P0064,0.7681372816873933,GH011,F05
P0064,0.7987585795317468,GH011,F05
P0064,0.8221909057720421,GH011,F05
P0064,0.7630519985087167,GH011,F05
P0064,0.7990130077073276,GH011,F05
P0064,0.754526657686397,GH011,F05
P0064,0.8186692193020434,GH011,F05
P0064,0.8068646052630768,GH011,F05
P0064,0.7544839168122078,GH011,F05
P0064,0.7798987858134274,GH011,F05
P0064,0.7031332195539537,GH011,F05
P0064,0.6319526999559707,GH011,F05
P0064,0.6064514213108639,GH011,F05
P0064,0.7579672589511447,GH011,F05
P0064,0.6702542893101419,GH011,F05
P0064,0.8050114323621139,GH011,F05
P0064,0.7640686170443959,GH011,F05
P0064,0.790138811674458,GH011,F05
P0064,0.8201936411080817,GH011,F05
P0064,0.7722999162878066,GH011,F05
P0064,0.7897674593581768,GH011,F05
P0064,0.7795697244298964,GH011,F05
P0064,0.7927295830284216,GH011,F05
P0064,0.8136794771427983,GH011,F05
P0064,0.78704152683466,GH011,F05
P0064,0.7368974832548625,GH011,F05
P0064,0.6972024751884623,GH011,F05
P0064,0.7928485045754311,GH011,F05
P0064,0.7105662352011927,GH011,F05
P0064,0.6635076550207774,GH011,F05
P0064,0.7948011866585799,GH011,F05
P0064,0.7433756444657974,GH011,F05
P0064,0.7166279939553926,GH011,F05
P0064,0.7349046353741449,GH011,F05
P0064,0.682757738896252,GH011,F05
P0064,0.829537364400303,GH011,F05
P0064,0.8046702011659551,GH011,F05
P0064,0.7463720865246711,GH011,F05
P0064,0.7753933942078456,GH011,F05
P0064,0.7940950694788069,GH011,F05
P0064,0.8210961600903532,GH011,F05
P0064,0.7936451990249973,GH011,F05
P0064,0.7295327646561072,GH011,F05
P0064,0.7961286558777977,GH011,F05
P0064,0.8076412344639033,GH011,F05
P0064,0.6556996337460237,GH011,F05
P0064,0.6178954537190905,GH011,F05
P0064,0.6360241464710403,GH011,F05
P0064,0.560987889902318,GH011,F05
P0064,0.732953278761084,GH011,F05
P0064,0.6639333175391546,GH011,F05
P0064,0.6924695813074251,GH011,F05
P0064,0.7932547361178118,GH011,F05
P0064,0.7795991574963956,GH011,F05
P0064,0.7922100518158953,GH011,F05
P0064,0.7901928181734993,GH011,F05
P0064,0.8150033652340772,GH011,F05
P0064,0.8048480289705762,GH011,F05
P0064,0.7834948620789448,GH011,F05
P0064,0.7500486016752095,GH011,F05
P0064,0.7703988718105029,GH011,F05
P0064,0.7840530292794221,GH011,F05
P0064,0.7696710669726302,GH011,F05
P0064,0.6900899377229076,GH011,F05
P0064,0.7283138190783207,GH011,F05
P0064,0.7376847635671244,GH011,F05
P0064,0.7907760089014846,GH011,F05
P0064,0.7077701404775361,GH011,F05
P0064,0.8025175011202316,GH011,F05
P0064,0.7439758705544808,GH011,F05
P0064,0.6844720079252513,GH011,F05
P0064,0.8269770973217063,GH011,F05
P0064,0.7924244792569187,GH011,F05
P0064,0.8360731365935691,GH011,F05
P0064,0.8122505941697001,GH011,F05
P0064,0.824678425451742,GH011,F05
P0064,0.811352515537699,GH011,F05
P0064,0.8281567397067618,GH011,F05
P0064,0.729506498222553,GH011,F05
P0064,0.773435651713909,GH011,F05
P0064,0.7963516742112459,GH011,F05
P0064,0.689756828588177,GH011,F05
P0064,0.7613085497053624,GH011,F05
P0064,0.7583598341491139,GH011,F05
P0064,0.5900138970606085,GH011,F05
P0064,0.6453205689373618,GH011,F05
P0064,0.7244823498853196,GH011,F05
P0064,0.8112501598630404,GH011,F05
P0064,0.7915145317947689,GH011,F05
P0064,0.7738598577293696,GH011,F05
P0064,0.7940546586475363,GH011,F05
P0064,0.7095975079257144,GH011,F05
P0064,0.7822555411052687,GH011,F05
P0064,0.8018144190242903,GH011,F05
P0064,0.7849566811133839,GH011,F05
P0064,0.7789944873608399,GH011,F05
P0064,0.7837229575822809,GH011,F05
P0064,0.7305139570404893,GH011,F05
P0064,0.7291807468258648,GH011,F05
P0064,0.7137865626508721,GH011,F05
P0065,0.8840442062324595,GH020,F01
P0065,0.885847188003362,GH020,F01
P0065,0.7665803557425173,GH020,F01
P0065,0.809221474116708,GH020,F01
P0065,0.8862575651316121,GH020,F01
P0065,0.835978878358556,GH020,F01
P0065,0.865653682473098,GH020,F01
P0065,0.8461892430389105,GH020,F01
P0065,0.832302261584203,GH020,F01
P0065,0.779419799807164,GH020,F01
P0065,0.7256452655201545,GH020,F01
P0065,0.8165727045508435,GH020,F01
P0065,0.8427048364896054,GH020,F01
P0065,0.6803544271598964,GH020,F01
P0065,0.6244905890172979,GH020,F01
P0065,0.6155143506885503,GH020,F01
P0065,0.6532550411193747,GH020,F01
P0065,0.7116645843117072,GH020,F01
P0065,0.8382439334411392,GH020,F01
P0065,0.7527092006055298,GH020,F01
P0065,0.8416505006826301,GH020,F01
P0065,0.7665167996590561,GH020,F01
P0065,0.744501494409605,GH020,F01
P0065,0.7392855172160678,GH020,F01
P0065,0.7971174068852767,GH020,F01
P0065,0.710265402818993,GH020,F01
P0065,0.7913042223863378,GH020,F01
P0065,0.7189393200370235,GH020,F01
P0065,0.7185477057896084,GH020,F01
P0065,0.7228654570730813,GH020,F01
P0065,0.670030448586713,GH020,F01
P0065,0.7063420950310412,GH020,F01
P0065,0.6833084199475797,GH020,F01
P0065,0.7140413336619775,GH020,F01
P0065,0.7414919258138031,GH020,F01
P0065,0.8249520535613246,GH020,F01
P0065,0.727869231549657,GH020,F01
P0065,0.7066163936415821,GH020,F01
P0065,0.7223047704929683,GH020,F01
P0065,0.6900716798893004,GH020,F01
P0065,0.8180978709847223,GH020,F01
P0065,0.7352096490577308,GH020,F01
P0065,0.8013764219019913,GH020,F01
P0065,0.793317320120497,GH020,F01
P0065,0.6846312974280183,GH020,F01
P0065,0.725177961881414,GH020,F01
P0065,0.7164736139860957,GH020,F01
P0065,0.6975372093521186,GH020,F01
P0065,0.6409076522616244,GH020,F01
P0065,0.6381656859479141,GH020,F01
P0065,0.5841805799054094,GH020,F01
P0065,0.6168688930213178,GH020,F01
P0065,0.6634075750042742,GH020,F01
P0065,0.6850401045311018,GH020,F01
P0065,0.723739200139389,GH020,F01
P0065,0.7278837401903246,GH020,F01
P0065,0.7039755800323527,GH020,F01
P0065,0.6594659142718948,GH020,F01
P0065,0.7305699975681648,GH020,F01
P0065,0.7177134033951283,GH020,F01
P0065,0.7376300121660113,GH020,F01
P0065,0.7425073638271333,GH020,F01
P0065,0.7131161325944697,GH020,F01
P0065,0.6903415616726051,GH020,F01
P0065,0.7067160580747904,GH020,F01
P0065,0.7136861499007056,GH020,F01
P0065,0.6896827038794099,GH020,F01
P0065,0.6870463543608577,GH020,F01
P0065,0.6936313101696024,GH020,F01
P0065,0.733646986730101,GH020,F01
P0065,0.7515702878776129,GH020,F01
P0065,0.764725268087512,GH020,F01
P0065,0.7962059762618802,GH020,F01
P0065,0.7632474511057773,GH020,F01
P0065,0.8304226211646728,GH020,F01
P0065,0.744632786031637,GH020,F01
P0065,0.7405514832226615,GH020,F01
P0065,0.7224603266868529,GH020,F01
P0065,0.7448326929607746,GH020,F01
P0065,0.7423662883746236,GH020,F01
P0065,0.8391263471301227,GH020,F01
P0065,0.7937535942046506,GH020,F01
P0065,0.7067432616963166,GH020,F01
P0065,0.688416631027107,GH020,F01
P0065,0.6844084953456494,GH020,F01
P0065,0.644616951689576,GH020,F01
P0065,0.6363861473551006,GH020,F01
P0065,0.6666377830179777,GH020,F01
P0065,0.731442199201082,GH020,F01
P0065,0.7454433977963668,GH020,F01
P0065,0.8396648308085972,GH020,F01
P0065,0.8468630065578814,GH020,F01
P0065,0.8508151431667993,GH020,F01
P0065,0.861663927415155,GH020,F01
P0065,0.8024506586213304,GH020,F01
P0065,0.8539055096653895,GH020,F01
P0065,0.8426797345686168,GH020,F01
P0065,0.8376975586637618,GH020,F01
P0065,0.8521910299203866,GH020,F01
P0065,0.8543759650897419,GH020,F01
P0065,0.8277070182056749,GH020,F01
P0065,0.7830728063210721,GH020,F01
P0065,0.7824838878766114,GH020,F01
P0065,0.7492785066295183,GH020,F01
P0065,0.7644518643339747,GH020,F01
P0065,0.7594662131924307,GH020,F01
P0065,0.8386383376568998,GH020,F01
P0065,0.7512155794490016,GH020,F01
P0065,0.8601017726149096,GH020,F01
P0065,0.8422156048741255,GH020,F01
P0065,0.8455033504495287,GH020,F01
P0065,0.8692606538226944,GH020,F01
P0065,0.8801381530010252,GH020,F01
P0065,0.8597911540220138,GH020,F01
P0065,0.8471227170524689,GH020,F01
P0065,0.8376853240029152,GH020,F01
P0065,0.8440718947520285,GH020,F01
P0065,0.8451351019144363,GH020,F01
P0065,0.8511589212068146,GH020,F01
P0065,0.8522690211488569,GH020,F01
P0065,0.825160753382328,GH020,F01
P0065,0.6979534359369666,GH020,F01
P0065,0.7319786150484254,GH020,F01
P0065,0.6931349586272575,GH020,F01
P0065,0.8167978465297153,GH020,F01
P0065,0.8855187466957449,GH020,F01
P0065,0.858478310272758,GH020,F01
P0065,0.8425747487412685,GH020,F01
P0065,0.8682123552783524,GH020,F01
P0065,0.8883773755579545,GH020,F01
P0065,0.8383821585757519,GH020,F01
P0065,0.8229390312372068,GH020,F01
P0065,0.853594943811704,GH020,F01
P0065,0.8435270552655438,GH020,F01
P0065,0.8541698471902808,GH020,F01
P0065,0.8356874631510309,GH020,F01
P0065,0.8486573724225662,GH020,F01
P0065,0.8085065280806516,GH020,F01
P0065,0.8897039379775717,GH020,F01
P0065,0.7391952486837547,GH020,F01
P0065,0.7614869957414494,GH020,F01
P0065,0.8561130931379007,GH020,F01
P0065,0.8280920442939659,GH020,F01
P0065,0.7383849667077599,GH020,F01
P0065,0.8174235927058601,GH020,F01
P0065,0.7805045390627556,GH020,F01
P0065,0.8598654111314197,GH020,F01
P0065,0.7794594715770256,GH020,F01
P0065,0.8062688708748766,GH020,F01
P0065,0.8172125499512063,GH020,F01
P0065,0.7793910349618387,GH020,F01
P0065,0.819909111341342,GH020,F01
P0065,0.8355422369106935,GH020,F01
P0065,0.8560099268869464,GH020,F01
P0065,0.7921522999917724,GH020,F01
P0065,0.7722277955160632,GH020,F01
P0065,0.8256821897130511,GH020,F01
P0065,0.7313993954079254,GH020,F01
P0065,0.6024908120028584,GH020,F01
P0065,0.677670441021344,GH020,F01
P0065,0.7998191753382469,GH020,F01
P0065,0.8734389969904807,GH020,F01
P0065,0.806513740835683,GH020,F01
P0065,0.7554817684099234,GH020,F01
P0065,0.8742603100651283,GH020,F01
P0065,0.8649595231505917,GH020,F01
P0065,0.8403638141183313,GH020,F01
P0065,0.8415667219400459,GH020,F01
P0065,0.8654757268119603,GH020,F01
P0065,0.8411491431682644,GH020,F01
P0065,0.8462215819202945,GH020,F01
P0065,0.8252841316577669,GH020,F01
P0065,0.7751778420220561,GH020,F01
P0065,0.8580618531749505,GH020,F01
P0065,0.8297216793338715,GH020,F01
P0065,0.8623757036785235,GH020,F01
P0065,0.7862285949816866,GH020,F01
P0065,0.7578496470516439,GH020,F01
P0065,0.8154462015989293,GH020,F01
P0065,0.7855318761109953,GH020,F01
P0065,0.8006294158764469,GH020,F01
P0065,0.8741694423478085,GH020,F01
P0065,0.8131920984652202,GH020,F01
P0065,0.834359477289914,GH020,F01
P0065,0.8504731432438947,GH020,F01
P0065,0.8867509827173842,GH020,F01
P0065,0.7758948207294593,GH020,F01
P0065,0.8511197656565688,GH020,F01
P0065,0.8687284840969788,GH020,F01
P0065,0.8544866783467681,GH020,F01
P0065,0.8231351356360683,GH020,F01
P0065,0.8157788108146401,GH020,F01
P0065,0.8318133376336228,GH020,F01
P0065,0.6998591663044793,GH020,F01
P0065,0.7224791893835156,GH020,F01
P0065,0.7641591905762981,GH020,F01
P0065,0.8403063309127548,GH020,F01
P0065,0.8339405434282902,GH020,F01
P0065,0.8664630592740122,GH020,F01
P0065,0.8143508949772306,GH020,F01
P0065,0.8152915104563092,GH020,F01
P0065,0.7877738624079581,GH020,F01
P0065,0.8576353010995512,GH020,F01
P0065,0.8545318459197216,GH020,F01
P0065,0.8275891018230157,GH020,F01
P0065,0.8305841933674509,GH020,F01
P0065,0.8496316431850299,GH020,F01
P0065,0.8444781411529192,GH020,F01
P0065,0.869212865165161,GH020,F01
P0065,0.8423254155904021,GH020,F01
P0066,0.7775669863120976,GH019,F08
P0066,0.755650060043655,GH019,F08
P0066,0.7589043567553391,GH019,F08
P0066,0.7686559676414538,GH019,F08
P0066,0.7578333753149771,GH019,F08
P0066,0.7770685958092605,GH019,F08
P0066,0.6934545316139133,GH019,F08
P0066,0.7209672305296055,GH019,F08
P0066,0.8199839150687556,GH019,F08
P0066,0.8183897438927504,GH019,F08
P0066,0.6331394248760689,GH019,F08
P0066,0.7421653910101295,GH019,F08
P0066,0.6660366525801668,GH019,F08
P0066,0.6148596878755928,GH019,F08
P0066,0.6400487487482172,GH019,F08
P0066,0.622009448531087,GH019,F08
P0066,0.6628512727624539,GH019,F08
P0066,0.7229813916298475,GH019,F08
P0066,0.716190245237064,GH019,F08
P0066,0.6615250391426941,GH019,F08
P0066,0.6744063393598085,GH019,F08
P0066,0.708629677896213,GH019,F08
P0066,0.6936696033100693,GH019,F08
P0066,0.6645704076373994,GH019,F08
P0066,0.7451945635450063,GH019,F08
P0066,0.6289862786408648,GH019,F08
P0066,0.67626990629465,GH019,F08
P0066,0.7021993818719705,GH019,F08
P0066,0.6798122418341442,GH019,F08
P0066,0.6630276578578377,GH019,F08
P0066,0.6317972944428584,GH019,F08
P0066,0.6396497086424748,GH019,F08
P0066,0.6204713235341157,GH019,F08
P0066,0.6406249513926778,GH019,F08
P0066,0.6960315907181279,GH019,F08
P0066,0.680856315529376,GH019,F08
P0066,0.6730771731771165,GH019,F08
P0066,0.6761447220225258,GH019,F08
P0066,0.7183756493011566,GH019,F08
P0066,0.6882565544658107,GH019,F08
P0066,0.641613520354087,GH019,F08
P0066,0.6558381406773541,GH019,F08
P0066,0.638289844031793,GH019,F08
P0066,0.6568821168744678,GH019,F08
P0066,0.7351417890566241,GH019,F08
P0066,0.6343706330387243,GH019,F08
P0066,0.7131000457644567,GH019,F08
P0066,0.6956055730109126,GH019,F08
P0066,0.6538629665263384,GH019,F08
P0066,0.5489050928918745,GH019,F08
P0066,0.5328968514152452,GH019,F08
P0066,0.5450053182833243,GH019,F08
P0066,0.622751249385239,GH019,F08
P0066,0.7144605581921657,GH019,F08
P0066,0.6313935504218149,GH019,F08
P0066,0.6353069459940333,GH019,F08
P0066,0.6355843936498928,GH019,F08
P0066,0.6417595813269519,GH019,F08
P0066,0.6606988750423248,GH019,F08
P0066,0.6374909180225613,GH019,F08
P0066,0.6867937014790683,GH019,F08
P0066,0.7650279141220009,GH019,F08
P0066,0.6718304928474176,GH019,F08
P0066,0.6654373229872337,GH019,F08
P0066,0.652255296254661,GH019,F08
P0066,0.6554386493310272,GH019,F08
P0066,0.7261107848960715,GH019,F08
P0066,0.6743741866367837,GH019,F08
P0066,0.759109028223466,GH019,F08
P0066,0.6082804652121137,GH019,F08
P0066,0.6489685260946808,GH019,F08
P0066,0.6604427215294733,GH019,F08
P0066,0.65465131519832,GH019,F08
P0066,0.6529184789165958,GH019,F08
P0066,0.6598899888325029,GH019,F08
P0066,0.672050539221209,GH019,F08
P0066,0.7425818135340013,GH019,F08
P0066,0.7529680150902046,GH019,F08
P0066,0.664665776152586,GH019,F08
P0066,0.644577073616581,GH019,F08
P0066,0.694477402193881,GH019,F08
P0066,0.7183545341529431,GH019,F08
P0066,0.5867136970155284,GH019,F08
P0066,0.6454236950245329,GH019,F08
P0066,0.6240927100489034,GH019,F08
P0066,0.5692980369246737,GH019,F08
P0066,0.52521224090614,GH019,F08
P0066,0.6036168988772614,GH019,F08
P0066,0.7268682862032453,GH019,F08
P0066,0.6498869225051238,GH019,F08
P0066,0.756583966087433,GH019,F08
P0066,0.63192917868133,GH019,F08
P0066,0.6940890196273007,GH019,F08
P0066,0.6602176099214215,GH019,F08
P0066,0.775137669296579,GH019,F08
P0066,0.7690802878981468,GH019,F08
P0066,0.7758910680725043,GH019,F08
P0066,0.7783185552893707,GH019,F08
P0066,0.781369696170292,GH019,F08
P0066,0.683958207418745,GH019,F08
P0066,0.8132412951332642,GH019,F08
P0066,0.7620811925731878,GH019,F08
P0066,0.7864958288099089,GH019,F08
P0066,0.6397638652447,GH019,F08
P0066,0.6964352279141586,GH019,F08
P0066,0.7994082578232492,GH019,F08
P0066,0.6925146590140213,GH019,F08
P0066,0.8000665365982873,GH019,F08
P0066,0.8161458690732182,GH019,F08
P0066,0.7687956029080449,GH019,F08
P0066,0.7695178324839913,GH019,F08
P0066,0.7627007319190086,GH019,F08
P0066,0.7847508528419129,GH019,F08
P0066,0.8145209420742707,GH019,F08
P0066,0.8010716179289815,GH019,F08
P0066,0.8111345393579401,GH019,F08
P0066,0.7901856999898534,GH019,F08
P0066,0.699971344553408,GH019,F08
P0066,0.732415092282268,GH019,F08
P0066,0.777251434386938,GH019,F08
P0066,0.6436983987690754,GH019,F08
P0066,0.5811937680055913,GH019,F08
P0066,0.6465210488908913,GH019,F08
P0066,0.7104005924218496,GH019,F08
P0066,0.6641824476243199,GH019,F08
P0066,0.7718327533283176,GH019,F08
P0066,0.6932280872811413,GH019,F08
P0066,0.7679408329090015,GH019,F08
P0066,0.7647993336585862,GH019,F08
P0066,0.7798800825594471,GH019,F08
P0066,0.8227138763579745,GH019,F08
P0066,0.760770956997016,GH019,F08
P0066,0.7766818844309833,GH019,F08
P0066,0.7926566204951899,GH019,F08
P0066,0.7717088371851353,GH019,F08
P0066,0.8152389457382891,GH019,F08
P0066,0.765325089662113,GH019,F08
P0066,0.6779689325829452,GH019,F08
P0066,0.6800718537659803,GH019,F08
P0066,0.6759908238018266,GH019,F08
P0066,0.8109586464611569,GH019,F08
P0066,0.6657896284271823,GH019,F08
P0066,0.649055733588279,GH019,F08
P0066,0.6625315095690824,GH019,F08
P0066,0.7997737659835573,GH019,F08
P0066,0.7814744483494045,GH019,F08
P0066,0.7596847060640564,GH019,F08
P0066,0.7436565665029394,GH019,F08
P0066,0.7646326929159052,GH019,F08
P0066,0.8043112954097136,GH019,F08
P0066,0.7302033905238858,GH019,F08
P0066,0.7869345037452146,GH019,F08
P0066,0.7565251817526278,GH019,F08
P0066,0.768113107685062,GH019,F08
P0066,0.6347487488800888,GH019,F08
P0066,0.7165846471789592,GH019,F08
P0066,0.642781411930876,GH019,F08
P0066,0.6015927776185714,GH019,F08
P0066,0.6130295571071017,GH019,F08
P0066,0.5959369089393531,GH019,F08
P0066,0.735705658031754,GH019,F08
P0066,0.7909603228122049,GH019,F08
P0066,0.7782704391757008,GH019,F08
P0066,0.7622392430127962,GH019,F08
P0066,0.8259140978717192,GH019,F08
P0066,0.788443648556431,GH019,F08
P0066,0.7770609585069967,GH019,F08
P0066,0.7438453901449127,GH019,F08
P0066,0.7090139350523568,GH019,F08
P0066,0.7541592208599505,GH019,F08
P0066,0.7633082062728855,GH019,F08
P0066,0.802777813444311,GH019,F08
P0066,0.7892290873378689,GH019,F08
P0066,0.7510787262453696,GH019,F08
P0066,0.7218712733100908,GH019,F08
P0066,0.6965195196346209,GH019,F08
P0066,0.7574286277195778,GH019,F08
P0066,0.6502615362025012,GH019,F08
P0066,0.7552332942221199,GH019,F08
P0066,0.7249143021004005,GH019,F08
P0066,0.8159059049868893,GH019,F08
P0066,0.6786304449769903,GH019,F08
P0066,0.8016004346910884,GH019,F08
P0066,0.8292245760343769,GH019,F08
P0066,0.7859446899085991,GH019,F08
P0066,0.8043904772476071,GH019,F08
P0066,0.7958896447195063,GH019,F08
P0066,0.799518974910693,GH019,F08
P0066,0.6667974250133895,GH019,F08
P0066,0.8058047090176657,GH019,F08
P0066,0.7971379495795365,GH019,F08
P0066,0.7669067449653666,GH019,F08
P0066,0.6706566538244806,GH019,F08
P0066,0.6907250710858887,GH019,F08
P0066,0.584062350000841,GH019,F08
P0066,0.7250583743320801,GH019,F08
P0066,0.7614273730522293,GH019,F08
P0066,0.6732337489718435,GH019,F08
P0066,0.6647514344549093,GH019,F08
P0066,0.8116807531120931,GH019,F08
P0066,0.8013437712994904,GH019,F08
P0066,0.7958853394588306,GH019,F08
P0066,0.7542426992796176,GH019,F08
P0066,0.7933455009821438,GH019,F08
P0066,0.8141823268366695,GH019,F08
P0066,0.7915420908055222,GH019,F08
P0066,0.76772696937975,GH019,F08
P0066,0.7966263200984809,GH019,F08
P0066,0.771962421236092,GH019,F08
P0066,0.8136397451576167,GH019,F08
P0067,0.7727631042424221,GH017,F08
P0067,0.7765115324563068,GH017,F08
P0067,0.7817002175524168,GH017,F08
P0067,0.7879201403342422,GH017,F08
P0067,0.6952386542802387,GH017,F08
P0067,0.7708211142910922,GH017,F08
P0067,0.8160285517028205,GH017,F08
P0067,0.7467171913635267,GH017,F08
P0067,0.7531516017920012,GH017,F08
P0067,0.6764061934825853,GH017,F08
P0067,0.6248788938666167,GH017,F08
P0067,0.6523804845206875,GH017,F08
P0067,0.7035614743300905,GH017,F08
P0067,0.6265650059623395,GH017,F08
P0067,0.5779600447061973,GH017,F08
P0067,0.535977357240479,GH017,F08
P0067,0.602643748114385,GH017,F08
P0067,0.6794581334717853,GH017,F08
P0067,0.7240191342711462,GH017,F08
P0067,0.6357535410830559,GH017,F08
P0067,0.7590250151525189,GH017,F08
P0067,0.7125485286312879,GH017,F08
P0067,0.6549552002044091,GH017,F08
P0067,0.685859221514502,GH017,F08
P0067,0.75507816158697,GH017,F08
P0067,0.6529751717832989,GH017,F08
P0067,0.6555563453361467,GH017,F08
P0067,0.6361398752807215,GH017,F08
P0067,0.7287874399899597,GH017,F08
P0067,0.6493807733419793,GH017,F08
P0067,0.6325513138633387,GH017,F08
P0067,0.7330147115900622,GH017,F08
P0067,0.6303781177107195,GH017,F08
P0067,0.6319961797785549,GH017,F08
P0067,0.6595027962537838,GH017,F08
P0067,0.6342522005723109,GH017,F08
P0067,0.64930734571394,GH017,F08
P0067,0.6241257249772022,GH017,F08
P0067,0.6368209315978896,GH017,F08
P0067,0.6378569478188872,GH017,F08
P0067,0.5887480720907444,GH017,F08
P0067,0.6857104333270039,GH017,F08
P0067,0.6777864483855038,GH017,F08
P0067,0.7091211491001731,GH017,F08
P0067,0.6156457846755383,GH017,F08
P0067,0.6514835997844636,GH017,F08
P0067,0.606125378886883,GH017,F08
P0067,0.5971828821479278,GH017,F08
P0067,0.5644811773485109,GH017,F08
P0067,0.5270178490290863,GH017,F08
P0067,0.5204448112530636,GH017,F08
P0067,0.5698348267170245,GH017,F08
P0067,0.5396901520052455,GH017,F08
P0067,0.5922143165841111,GH017,F08
P0067,0.6297915561371973,GH017,F08
P0067,0.6246101165152014,GH017,F08
P0067,0.6414755235678778,GH017,F08
P0067,0.5923264026254338,GH017,F08
P0067,0.6378113633508846,GH017,F08
P0067,0.5907367992140654,GH017,F08
P0067,0.6428141341923465,GH017,F08
P0067,0.6554783859781695,GH017,F08
P0067,0.6373224450211522,GH017,F08
P0067,0.6343102251031812,GH017,F08
P0067,0.6110183354233536,GH017,F08
P0067,0.6232300684362231,GH017,F08
P0067,0.601899075789537,GH017,F08
P0067,0.6127448330305985,GH017,F08
P0067,0.657614946588591,GH017,F08
P0067,0.6144881556019982,GH017,F08
P0067,0.6321147942550197,GH017,F08
P0067,0.6502761971716565,GH017,F08
P0067,0.7237808942762612,GH017,F08
P0067,0.6345683956276178,GH017,F08
P0067,0.6384020893890023,GH017,F08
P0067,0.6052732899243676,GH017,F08
P0067,0.6125708386849502,GH017,F08
P0067,0.6481347700356693,GH017,F08
P0067,0.7410234409456619,GH017,F08
P0067,0.6301612551592785,GH017,F08
P0067,0.6515698220028755,GH017,F08
P0067,0.7263708905288301,GH017,F08
P0067,0.6451669785724254,GH017,F08
P0067,0.5936283180467279,GH017,F08
P0067,0.6390593698313073,GH017,F08
P0067,0.5225574502387926,GH017,F08
P0067,0.5215929233775176,GH017,F08
P0067,0.5404396299686645,GH017,F08
P0067,0.7164222523905485,GH017,F08
P0067,0.6306771722932832,GH017,F08
P0067,0.7348161368181411,GH017,F08
P0067,0.7657571493285134,GH017,F08
P0067,0.6627833158145408,GH017,F08
P0067,0.708066472628133,GH017,F08
P0067,0.7719019190019659,GH017,F08
P0067,0.6480245237601915,GH017,F08
P0067,0.6175571812669693,GH017,F08
P0067,0.7486329767687558,GH017,F08
P0067,0.6716716205521841,GH017,F08
P0067,0.7683337574798044,GH017,F08
P0067,0.7036106271043269,GH017,F08
P0067,0.7543650271462028,GH017,F08
P0067,0.7495867080765786,GH017,F08
P0067,0.7119094877767647,GH017,F08
P0067,0.7133732023007071,GH017,F08
P0067,0.6513629513325323,GH017,F08
P0067,0.735884300322703,GH017,F08
P0067,0.7039856407904067,GH017,F08
P0067,0.7562170356969593,GH017,F08
P0067,0.7779276033586737,GH017,F08
P0067,0.7931695888455509,GH017,F08
P0067,0.6630720740442188,GH017,F08
P0067,0.7625469379889274,GH017,F08
P0067,0.7584879978101645,GH017,F08
P0067,0.7640039342965578,GH017,F08
P0067,0.7834347155328839,GH017,F08
P0067,0.7510907727548112,GH017,F08
P0067,0.776654239561561,GH017,F08
P0067,0.7405090065139217,GH017,F08
P0067,0.7628534824701861,GH017,F08
P0067,0.6008029963566398,GH017,F08
P0067,0.710205171562753,GH017,F08
P0067,0.6132364843929764,GH017,F08
P0067,0.6456635453871623,GH017,F08
P0067,0.7369998767022283,GH017,F08
P0067,0.7424969699383317,GH017,F08
P0067,0.7236210106470509,GH017,F08
P0067,0.6816150633991866,GH017,F08
P0067,0.7238039322052424,GH017,F08
P0067,0.7317802774135265,GH017,F08
P0067,0.7539135681672433,GH017,F08
P0067,0.7664901992639667,GH017,F08
P0067,0.7413662750353249,GH017,F08
P0067,0.767324611441678,GH017,F08
P0067,0.7539363350684324,GH017,F08
P0067,0.7676402625009253,GH017,F08
P0067,0.7617709563874062,GH017,F08
P0067,0.7795789393159157,GH017,F08
P0067,0.6921398196094886,GH017,F08
P0067,0.6741086058826781,GH017,F08
P0067,0.7071513676922273,GH017,F08
P0067,0.6559424728173663,GH017,F08
P0067,0.8300354647673176,GH017,F08
P0067,0.8587081321589058,GH017,F08
P0067,0.7708946295155299,GH017,F08
P0067,0.7633157504438771,GH017,F08
P0067,0.7876241588173645,GH017,F08
P0067,0.7751289890272035,GH017,F08
P0067,0.7625906543475588,GH017,F08
P0067,0.6979875469228224,GH017,F08
P0067,0.6964971182151183,GH017,F08
P0067,0.73242781376851,GH017,F08
P0067,0.67999623244385,GH017,F08
P0067,0.6892431879885121,GH017,F08
P0067,0.6580548563224549,GH017,F08
P0067,0.6354222674702945,GH017,F08
P0067,0.6231489076485389,GH017,F08
P0067,0.6223177333032621,GH017,F08
P0067,0.6623525363096123,GH017,F08
P0067,0.6849974130778599,GH017,F08
P0067,0.7580568674220501,GH017,F08
P0067,0.6691367324412039,GH017,F08
P0067,0.7760935169344237,GH017,F08
P0067,0.7737466773959089,GH017,F08
P0067,0.8125110875985497,GH017,F08
P0067,0.7424698684505681,GH017,F08
P0067,0.6900070311389159,GH017,F08
P0067,0.767612721286795,GH017,F08
P0067,0.7855318176528404,GH017,F08
P0067,0.7754156672220641,GH017,F08
P0067,0.7532899467242848,GH017,F08
P0067,0.7804405469640127,GH017,F08
P0067,0.7041313235435975,GH017,F08
P0067,0.7816453118677462,GH017,F08
P0067,0.7137295238101774,GH017,F08
P0067,0.7347460162877716,GH017,F08
P0067,0.6460036804477404,GH017,F08
P0067,0.7466564124196858,GH017,F08
P0067,0.6899328424724911,GH017,F08
P0067,0.6947832123478975,GH017,F08
P0067,0.7350503487216395,GH017,F08
P0067,0.7755823530514306,GH017,F08
P0067,0.7533561956894429,GH017,F08
P0067,0.7157028038415421,GH017,F08
P0067,0.7368156778540289,GH017,F08
P0067,0.7777769761092196,GH017,F08
P0067,0.8007616228379335,GH017,F08
P0067,0.7748459640707134,GH017,F08
P0067,0.7415344549345889,GH017,F08
P0067,0.7867722942619623,GH017,F08
P0067,0.7582968661003043,GH017,F08
P0067,0.6944890606888259,GH017,F08
P0067,0.6590272649457931,GH017,F08
P0067,0.6291993376710696,GH017,F08
P0067,0.6632549037749232,GH017,F08
P0067,0.610533466304545,GH017,F08
P0067,0.7418977260639413,GH017,F08
P0067,0.7043590879813327,GH017,F08
P0067,0.8037711105085187,GH017,F08
P0067,0.6736313964108138,GH017,F08
P0067,0.7915163785071488,GH017,F08
P0067,0.7716687716205142,GH017,F08
P0067,0.783985029013322,GH017,F08
P0067,0.7420834393547854,GH017,F08
P0067,0.7634787184241792,GH017,F08
P0067,0.7830726570104356,GH017,F08
P0067,0.6772573677629391,GH017,F08
P0067,0.820021368599625,GH017,F08
P0067,0.7103107927944827,GH017,F08
P0067,0.7483751906857606,GH017,F08
P0068,0.8663994154148034,GH013,F08
P0068,0.8557309289896003,GH013,F08
P0068,0.8379123455324932,GH013,F08
P0068,0.8518537343187264,GH013,F08
P0068,0.8563102669763365,GH013,F08
P0068,0.8827245389602179,GH013,F08
P0068,0.861008264383486,GH013,F08
P0068,0.8544965248280733,GH013,F08
P0068,0.7582184101513433,GH013,F08
P0068,0.8201693162047115,GH013,F08
P0068,0.8509526449024409,GH013,F08
P0068,0.7314882957243827,GH013,F08
P0068,0.8456191087382063,GH013,F08
P0068,0.807009787017998,GH013,F08
P0068,0.6854456331007964,GH013,F08
P0068,0.7256165625750927,GH013,F08
P0068,0.6629528883011209,GH013,F08
P0068,0.7973408230135088,GH013,F08
P0068,0.8226492339360854,GH013,F08
P0068,0.7180045500158109,GH013,F08
P0068,0.7385051758405793,GH013,F08
P0068,0.817321065160245,GH013,F08
P0068,0.763044341250514,GH013,F08
P0068,0.7357586993548076,GH013,F08
P0068,0.7454281599206299,GH013,F08
P0068,0.7870646607181097,GH013,F08
P0068,0.7370499354022947,GH013,F08
P0068,0.7875957906699234,GH013,F08
P0068,0.7591522025724124,GH013,F08
P0068,0.7798465902634215,GH013,F08
P0068,0.7293794136358849,GH013,F08
P0068,0.721024685638803,GH013,F08
P0068,0.8114337117605203,GH013,F08
P0068,0.6964111236089491,GH013,F08
P0068,0.785391575944365,GH013,F08
P0068,0.7070619434195674,GH013,F08
P0068,0.6832237250748401,GH013,F08
P0068,0.7364356432469014,GH013,F08
P0068,0.7483868784664685,GH013,F08
P0068,0.7565362579884396,GH013,F08
P0068,0.7386030888139113,GH013,F08
P0068,0.7310103523312146,GH013,F08
P0068,0.7231663642246845,GH013,F08
P0068,0.7326974987891812,GH013,F08
P0068,0.7331410407747834,GH013,F08
P0068,0.7069402583704334,GH013,F08
P0068,0.7443381693131945,GH013,F08
P0068,0.6836337733278424,GH013,F08
P0068,0.6635214072827068,GH013,F08
P0068,0.544900911203694,GH013,F08
P0068,0.6124348158190708,GH013,F08
P0068,0.6203254046985126,GH013,F08
P0068,0.6783581771414458,GH013,F08
P0068,0.7250014990923653,GH013,F08
P0068,0.6787759758223457,GH013,F08
P0068,0.7639893431735663,GH013,F08
P0068,0.7207092623149268,GH013,F08
P0068,0.749002236181773,GH013,F08
P0068,0.7348876998579323,GH013,F08
P0068,0.7290505063641266,GH013,F08
P0068,0.7451577639628819,GH013,F08
P0068,0.7391060575671836,GH013,F08
P0068,0.7666488722354607,GH013,F08
P0068,0.69021795071744,GH013,F08
P0068,0.7668199185966647,GH013,F08
P0068,0.7028696461243003,GH013,F08
P0068,0.6648348530253595,GH013,F08
P0068,0.7449703628107859,GH013,F08
P0068,0.692625753323127,GH013,F08
P0068,0.719113049602997,GH013,F08
P0068,0.7025203849174013,GH013,F08
P0068,0.7291547615682564,GH013,F08
P0068,0.7669744414271373,GH013,F08
P0068,0.6774367451541486,GH013,F08
P0068,0.7422370430670455,GH013,F08
P0068,0.752632249308963,GH013,F08
P0068,0.7098998874071899,GH013,F08
P0068,0.7013798542216924,GH013,F08
P0068,0.6925681619707351,GH013,F08
P0068,0.7018817184630971,GH013,F08
P0068,0.6864036169044679,GH013,F08
P0068,0.8313451941623273,GH013,F08
P0068,0.7221963339918361,GH013,F08
P0068,0.7361034276438283,GH013,F08
P0068,0.6601121759609428,GH013,F08
P0068,0.678823563328482,GH013,F08
P0068,0.7409942384016601,GH013,F08
P0068,0.6722412487634614,GH013,F08
P0068,0.7852333398050724,GH013,F08
P0068,0.8370238522687667,GH013,F08
P0068,0.7230967082995887,GH013,F08
P0068,0.8254131581768629,GH013,F08
P0068,0.754017437073768,GH013,F08
P0068,0.8354289896755487,GH013,F08
P0068,0.838706957392976,GH013,F08
P0068,0.8644565781490271,GH013,F08
P0068,0.8291649874434034,GH013,F08
P0068,0.8140375850291891,GH013,F08
P0068,0.7403905237156415,GH013,F08
P0068,0.8295760924888179,GH013,F08
P0068,0.7941894247281674,GH013,F08
P0068,0.8363684982841058,GH013,F08
P0068,0.7674226596448852,GH013,F08
P0068,0.7491941749372375,GH013,F08
P0068,0.8628119916633706,GH013,F08
P0068,0.7816099306114037,GH013,F08
P0068,0.7509670327740579,GH013,F08
P0068,0.7629920273490993,GH013,F08
P0068,0.7534129960958534,GH013,F08
P0068,0.8519005044966551,GH013,F08
P0068,0.8441207981886804,GH013,F08
P0068,0.8566473024254916,GH013,F08
P0068,0.8585898617569131,GH013,F08
P0068,0.8311756560274797,GH013,F08
P0068,0.8181548028581433,GH013,F08
P0068,0.8483903041754324,GH013,F08
P0068,0.8666735892673169,GH013,F08
P0068,0.8828594630097698,GH013,F08
P0068,0.8775469703099706,GH013,F08
P0068,0.8801176562432808,GH013,F08
P0068,0.810604342424331,GH013,F08
P0068,0.7618111800969748,GH013,F08
P0068,0.7312671627013472,GH013,F08
P0068,0.6317467135659158,GH013,F08
P0068,0.7310094190548637,GH013,F08
P0068,0.8665036795630362,GH013,F08
P0068,0.7940213343596957,GH013,F08
P0068,0.8649299369462317,GH013,F08
P0068,0.827850374693395,GH013,F08
P0068,0.879479845732459,GH013,F08
P0068,0.8041013351138678,GH013,F08
P0068,0.8626884593176383,GH013,F08
P0068,0.8598053004043404,GH013,F08
P0068,0.8721646050495995,GH013,F08
P0068,0.8492101462087888,GH013,F08
P0068,0.8642507662197244,GH013,F08
P0068,0.7829583416696144,GH013,F08
P0068,0.8702203650131061,GH013,F08
P0068,0.8245040740134392,GH013,F08
P0068,0.7507157699542383,GH013,F08
P0068,0.8644508683961414,GH013,F08
P0068,0.8616227552472708,GH013,F08
P0068,0.849790993214412,GH013,F08
P0068,0.8392150786511002,GH013,F08
P0068,0.8496262589109814,GH013,F08
P0068,0.8350614411674557,GH013,F08
P0068,0.8513894314741368,GH013,F08
P0068,0.8556085744445113,GH013,F08
P0068,0.7956405750721316,GH013,F08
P0068,0.8233554654973536,GH013,F08
P0068,0.7835406526741046,GH013,F08
P0068,0.8650456042622814,GH013,F08
P0068,0.8323480891860932,GH013,F08
P0068,0.8284485224697145,GH013,F08
P0068,0.7656103345533745,GH013,F08
P0068,0.8572987042400763,GH013,F08
P0068,0.7338226314160242,GH013,F08
P0068,0.6775343177140462,GH013,F08
P0068,0.7373314854040555,GH013,F08
P0068,0.7815585411587003,GH013,F08
P0068,0.7647903229680199,GH013,F08
P0068,0.8732429001211363,GH013,F08
P0068,0.7325596309388317,GH013,F08
P0068,0.8540632293134345,GH013,F08
P0068,0.8217409743901457,GH013,F08
P0068,0.8811066065499891,GH013,F08
P0068,0.8257157728794696,GH013,F08
P0068,0.8696619414036616,GH013,F08
P0068,0.8077967931713074,GH013,F08
P0068,0.8915198940813598,GH013,F08
P0068,0.845924474373943,GH013,F08
P0068,0.8730411331903367,GH013,F08
P0068,0.8251257323468633,GH013,F08
P0068,0.8131886424974307,GH013,F08
P0068,0.7717816095444822,GH013,F08
P0068,0.7862695969655411,GH013,F08
P0068,0.7082011666779486,GH013,F08
P0068,0.8127376257652736,GH013,F08
P0068,0.7215760930080742,GH013,F08
P0068,0.8581602836758158,GH013,F08
P0068,0.8950141925738783,GH013,F08
P0068,0.9000290979340766,GH013,F08
P0068,0.8835813014170367,GH013,F08
P0068,0.8191538030261967,GH013,F08
P0068,0.8449879704653476,GH013,F08
P0068,0.8632264585683533,GH013,F08
P0068,0.8636907626395308,GH013,F08
P0068,0.776571586548754,GH013,F08
P0068,0.8191928021692687,GH013,F08
P0068,0.8432614011406411,GH013,F08
P0068,0.8628550575608813,GH013,F08
P0068,0.7712859434319087,GH013,F08
P0068,0.7331782446273087,GH013,F08
P0068,0.659271148069413,GH013,F08
P0068,0.7368662942321899,GH013,F08
P0068,0.6813109200040631,GH013,F08
P0068,0.7039184526276382,GH013,F08
P0068,0.8903269280487475,GH013,F08
P0068,0.7704588618804058,GH013,F08
P0068,0.8683726857626821,GH013,F08
P0068,0.7541808126676152,GH013,F08
P0068,0.8556726813844321,GH013,F08
P0068,0.8522018957843519,GH013,F08
P0068,0.8614516142354673,GH013,F08
P0068,0.8710920910767807,GH013,F08
P0068,0.8720477530799301,GH013,F08
P0068,0.8712916499773936,GH013,F08
P0068,0.8511697192656134,GH013,F08
P0068,0.8698453670314726,GH013,F08
P0068,0.8505050919204721,GH013,F08
P0069,0.6938865300815776,GH020,F01
P0069,0.7132363913395761,GH020,F01
P0069,0.8291608933196181,GH020,F01
P0069,0.8249861842882141,GH020,F01
P0069,0.8159779260891457,GH020,F01
P0069,0.8325673074108966,GH020,F01
P0069,0.6917440778481317,GH020,F01
P0069,0.8197290850090861,GH020,F01
P0069,0.779735158367596,GH020,F01
P0069,0.7898487408850452,GH020,F01
P0069,0.7737402614385968,GH020,F01
P0069,0.7532523797339665,GH020,F01
P0069,0.7959849211302316,GH020,F01
P0069,0.6938827560924336,GH020,F01
P0069,0.6324289583591143,GH020,F01
P0069,0.5358207253468993,GH020,F01
P0069,0.6281521442892318,GH020,F01
P0069,0.8060481815167684,GH020,F01
P0069,0.7672161969075502,GH020,F01
P0069,0.7262618472736238,GH020,F01
P0069,0.710730743041658,GH020,F01
P0069,0.6767266059330872,GH020,F01
P0069,0.6890349943008314,GH020,F01
P0069,0.7206989366483461,GH020,F01
P0069,0.6997891084189508,GH020,F01
P0069,0.6604751940253313,GH020,F01
P0069,0.7629510186627555,GH020,F01
P0069,0.7555725653105414,GH020,F01
P0069,0.6421602286997261,GH020,F01
P0069,0.764347179223226,GH020,F01
P0069,0.6642081510326739,GH020,F01
P0069,0.6877213497988163,GH020,F01
P0069,0.6937522733677985,GH020,F01
P0069,0.6492797040661035,GH020,F01
P0069,0.7022790893595628,GH020,F01
P0069,0.7076971150138573,GH020,F01
P0069,0.6696482813777032,GH020,F01
P0069,0.6973015076709033,GH020,F01
P0069,0.6629913644205391,GH020,F01
P0069,0.7552486015968514,GH020,F01
P0069,0.7152031526252763,GH020,F01
P0069,0.6777020510469783,GH020,F01
P0069,0.7303555967745585,GH020,F01
P0069,0.6748473094469158,GH020,F01
P0069,0.6389306970237383,GH020,F01
P0069,0.6883331718920545,GH020,F01
P0069,0.6518592191731677,GH020,F01
P0069,0.6465857616589592,GH020,F01
P0069,0.6616206593905068,GH020,F01
P0069,0.5672138000844162,GH020,F01
P0069,0.5602193961325361,GH020,F01
P0069,0.6546604190058964,GH020,F01
P0069,0.6304740987024902,GH020,F01
P0069,0.6677326015428791,GH020,F01
P0069,0.6712611201349667,GH020,F01
P0069,0.6906952934297584,GH020,F01
P0069,0.7564847728517619,GH020,F01
P0069,0.6995596648581929,GH020,F01
P0069,0.6742609339109461,GH020,F01
P0069,0.6880335811961603,GH020,F01
P0069,0.7085693794852547,GH020,F01
P0069,0.6934743256408102,GH020,F01
P0069,0.6592513988395174,GH020,F01
P0069,0.6654013168967028,GH020,F01
P0069,0.6786408429255286,GH020,F01
P0069,0.7626831775116797,GH020,F01
P0069,0.6921394742655413,GH020,F01
P0069,0.6911026121671595,GH020,F01
P0069,0.6987128672394641,GH020,F01
P0069,0.6544221308269708,GH020,F01
P0069,0.6720262508929248,GH020,F01
P0069,0.6495911221563865,GH020,F01
P0069,0.6672235562791796,GH020,F01
P0069,0.7507526849435717,GH020,F01
P0069,0.6605369693412358,GH020,F01
P0069,0.7347770382718726,GH020,F01
P0069,0.7351209147533926,GH020,F01
P0069,0.7580020490123173,GH020,F01
P0069,0.7140340948545862,GH020,F01
P0069,0.7548089326173149,GH020,F01
P0069,0.77064447935754,GH020,F01
P0069,0.6867486003741862,GH020,F01
P0069,0.788913638114747,GH020,F01
P0069,0.6660823445362178,GH020,F01
P0069,0.6347054552313928,GH020,F01
P0069,0.6391669962459402,GH020,F01
P0069,0.5408057616111367,GH020,F01
P0069,0.6543452464099727,GH020,F01
P0069,0.6646595181913664,GH020,F01
P0069,0.7313179850103919,GH020,F01
P0069,0.73106649818488,GH020,F01
P0069,0.7215047414447923,GH020,F01
P0069,0.7828680734173442,GH020,F01
P0069,0.8005172250995254,GH020,F01
P0069,0.7960248914303186,GH020,F01
P0069,0.706930104951323,GH020,F01
P0069,0.7798825915162828,GH020,F01
P0069,0.7955498422378531,GH020,F01
P0069,0.7067425879209934,GH020,F01
P0069,0.821436086857499,GH020,F01
P0069,0.7160501344748332,GH020,F01
P0069,0.6961644266610378,GH020,F01
P0069,0.709944540541077,GH020,F01
P0069,0.7042886052272835,GH020,F01
P0069,0.8573784419803274,GH020,F01
P0069,0.7260850182986429,GH020,F01
P0069,0.7471711153354447,GH020,F01
P0069,0.6867987406430938,GH020,F01
P0069,0.7531792256757239,GH020,F01
P0069,0.8641644651172157,GH020,F01
P0069,0.8197828410926613,GH020,F01
P0069,0.8111181402259304,GH020,F01
P0069,0.8090347365056015,GH020,F01
P0069,0.8276328581213535,GH020,F01
P0069,0.7494586159915284,GH020,F01
P0069,0.8428276723066426,GH020,F01
P0069,0.7418847137205465,GH020,F01
P0069,0.824623239093361,GH020,F01
P0069,0.6845907810452687,GH020,F01
P0069,0.8291442433805829,GH020,F01
P0069,0.7835782563797972,GH020,F01
P0069,0.6665686730431173,GH020,F01
P0069,0.5531272903272731,GH020,F01
P0069,0.6276861623100256,GH020,F01
P0069,0.8119583651175789,GH020,F01
P0069,0.8777893332696567,GH020,F01
P0069,0.7387168505948989,GH020,F01
P0069,0.817410356137849,GH020,F01
P0069,0.7359980103432158,GH020,F01
P0069,0.8047864407539175,GH020,F01
P0069,0.7960781130992791,GH020,F01
P0069,0.7912055950252466,GH020,F01
P0069,0.839499729904786,GH020,F01
P0069,0.807845291292656,GH020,F01
P0069,0.70698666648354,GH020,F01
P0069,0.8352990238259344,GH020,F01
P0069,0.818684785183095,GH020,F01
P0069,0.7225971231720211,GH020,F01
P0069,0.8112685431075699,GH020,F01
P0069,0.7587637249438214,GH020,F01
P0069,0.7289429589700154,GH020,F01
P0069,0.7167095625655568,GH020,F01
P0069,0.7330915981200916,GH020,F01
P0069,0.7716863139869669,GH020,F01
P0069,0.7050577740192024,GH020,F01
P0069,0.7181272773937621,GH020,F01
P0069,0.7772042451407951,GH020,F01
P0069,0.8349892558091081,GH020,F01
P0069,0.8234807601322297,GH020,F01
P0069,0.8650891891528559,GH020,F01
P0069,0.822547188778505,GH020,F01
P0069,0.7786058750668748,GH020,F01
P0069,0.8132915501122019,GH020,F01
P0069,0.8103453396936696,GH020,F01
P0069,0.7690360555760606,GH020,F01
P0069,0.6789192553496654,GH020,F01
P0069,0.7639943200415893,GH020,F01
P0069,0.668060241992172,GH020,F01
P0069,0.6733650802699489,GH020,F01
P0069,0.66726779229561894,GH020,F01
P0069,0.8384211811234972,GH020,F01
P0069,0.7753395807190576,GH020,F01
P0069,0.7989682503690448,GH020,F01
P0069,0.7088147414081996,GH020,F01
P0069,0.7233135418405174,GH020,F01
P0069,0.7711536224412904,GH020,F01
P0069,0.8284478050560575,GH020,F01
P0069,0.8206237037289823,GH020,F01
P0069,0.8087231644242933,GH020,F01
P0069,0.7641571136407999,GH020,F01
P0069,0.738260405796335,GH020,F01
P0069,0.8457417533905657,GH020,F01
P0069,0.7057804529428195,GH020,F01
P0069,0.8226387519579392,GH020,F01
P0069,0.7104267739469454,GH020,F01
P0069,0.7315954853353793,GH020,F01
P0069,0.6559234418816894,GH020,F01
P0069,0.7552663206392841,GH020,F01
P0069,0.8660718338115677,GH020,F01
P0069,0.7819728908760069,GH020,F01
P0069,0.701032718674272,GH020,F01
P0069,0.8203326881306511,GH020,F01
P0069,0.7698021669230178,GH020,F01
P0069,0.7974658326698831,GH020,F01
P0069,0.7919340110267739,GH020,F01
P0069,0.7880211811504413,GH020,F01
P0069,0.8022077775992489,GH020,F01
P0069,0.8348866981742821,GH020,F01
P0069,0.8170793493349056,GH020,F01
P0069,0.7360083542485738,GH020,F01
P0069,0.820248291962948,GH020,F01
P0069,0.8176280487233671,GH020,F01
P0069,0.6824795990201785,GH020,F01
P0069,0.6635537408518216,GH020,F01
P0069,0.6964418038185493,GH020,F01
P0069,0.7017005528756947,GH020,F01
P0069,0.6818763807118935,GH020,F01
P0069,0.7636702791311827,GH020,F01
P0069,0.8128564653008011,GH020,F01
P0069,0.7395211009609396,GH020,F01
P0069,0.8151653199477144,GH020,F01
P0069,0.8787232309617142,GH020,F01
P0069,0.7342010251153689,GH020,F01
P0069,0.8085525018297353,GH020,F01
P0069,0.827135113474119,GH020,F01
P0069,0.8241114242370281,GH020,F01
P0069,0.832357973422066,GH020,F01
P0069,0.736856590477486,GH020,F01
P0069,0.7498070486805497,GH020,F01
P0069,0.7154583211655147,GH020,F01
P0070,0.6975111260523011,GH002,F01
P0070,0.814250751930338,GH002,F01
P0070,0.8136898557478329,GH002,F01
P0070,0.7867774238575487,GH002,F01
P0070,0.7995040788870004,GH002,F01
P0070,0.6958420277232797,GH002,F01
P0070,0.7816263785293807,GH002,F01
P0070,0.7846094283187415,GH002,F01
P0070,0.792932060716066,GH002,F01
P0070,0.7162584707944035,GH002,F01
P0070,0.7171637814851541,GH002,F01
P0070,0.6390478280909199,GH002,F01
P0070,0.6662158540596663,GH002,F01
P0070,0.7219154944164914,GH002,F01
P0070,0.6801477065931036,GH002,F01
P0070,0.6165860382961657,GH002,F01
P0070,0.5842149544244243,GH002,F01
P0070,0.7041239513331452,GH002,F01
P0070,0.6814032962661287,GH002,F01
P0070,0.7005608086478811,GH002,F01
P0070,0.7809988701119467,GH002,F01
P0070,0.7662402406119639,GH002,F01
P0070,0.7581611896829151,GH002,F01
P0070,0.6864664960095067,GH002,F01
P0070,0.7558100871137623,GH002,F01
P0070,0.6765523376472523,GH002,F01
P0070,0.6302796641415623,GH002,F01
P0070,0.6500525701487149,GH002,F01
P0070,0.6980194352400644,GH002,F01
P0070,0.6755831444436254,GH002,F01
P0070,0.674970414499664,GH002,F01
P0070,0.6533234052807736,GH002,F01
P0070,0.6224774265984289,GH002,F01
P0070,0.7495740771730385,GH002,F01
P0070,0.6692850698895879,GH002,F01
P0070,0.6462226996182805,GH002,F01
P0070,0.6967260296748207,GH002,F01
P0070,0.5965456365872502,GH002,F01
P0070,0.6450784661515113,GH002,F01
P0070,0.6909594853794245,GH002,F01
P0070,0.6515089834087828,GH002,F01
P0070,0.6179312941635396,GH002,F01
P0070,0.6790507302652277,GH002,F01
P0070,0.633833830050199,GH002,F01
P0070,0.6441663530214585,GH002,F01
P0070,0.6906587784553464,GH002,F01
P0070,0.6684616295260033,GH002,F01
P0070,0.6882701216696586,GH002,F01
P0070,0.6402898524370286,GH002,F01
P0070,0.5725393151876288,GH002,F01
P0070,0.5134433460467103,GH002,F01
P0070,0.5649788116556581,GH002,F01
P0070,0.5926198539775639,GH002,F01
P0070,0.6465160794688555,GH002,F01
P0070,0.6550744681640945,GH002,F01
P0070,0.669097900161811,GH002,F01
P0070,0.678223046161774,GH002,F01
P0070,0.709364408367982,GH002,F01
P0070,0.7010419302036037,GH002,F01
P0070,0.6592576213093688,GH002,F01
P0070,0.6982401627115081,GH002,F01
P0070,0.7080999617823936,GH002,F01
P0070,0.6870389080243261,GH002,F01
P0070,0.6454748233589754,GH002,F01
P0070,0.6571340090465617,GH002,F01
P0070,0.6445770242980211,GH002,F01
P0070,0.6807355989954832,GH002,F01
P0070,0.6369774260188044,GH002,F01
P0070,0.6380395845339955,GH002,F01
P0070,0.6783902251311349,GH002,F01
P0070,0.7592097436908303,GH002,F01
P0070,0.6850591850785062,GH002,F01
P0070,0.6532164764929982,GH002,F01
P0070,0.7138755866823238,GH002,F01
P0070,0.6746056870677687,GH002,F01
P0070,0.675942232702099,GH002,F01
P0070,0.6950650341083439,GH002,F01
P0070,0.6554144402184455,GH002,F01
P0070,0.6925679642704554,GH002,F01
P0070,0.687707379303233,GH002,F01
P0070,0.663625594307818,GH002,F01
P0070,0.7041694353994818,GH002,F01
P0070,0.7362593746929726,GH002,F01
P0070,0.685489163091618,GH002,F01
P0070,0.6393808482221712,GH002,F01
P0070,0.5906674392212665,GH002,F01
P0070,0.5476679829482649,GH002,F01
P0070,0.6218513889644285,GH002,F01
P0070,0.6388950975429493,GH002,F01
P0070,0.6679606406632328,GH002,F01
P0070,0.7160131798967788,GH002,F01
P0070,0.7737552212764753,GH002,F01
P0070,0.726612273726927,GH002,F01
P0070,0.7498622461793968,GH002,F01
P0070,0.7518412950887466,GH002,F01
P0070,0.7855293983287625,GH002,F01
P0070,0.7646619774742123,GH002,F01
P0070,0.7649509112881534,GH002,F01
P0070,0.7766442771164456,GH002,F01
P0070,0.7612381276981349,GH002,F01
P0070,0.7551195073876114,GH002,F01
P0070,0.683390257633212,GH002,F01
P0070,0.6927335279318803,GH002,F01
P0070,0.7972817464313642,GH002,F01
P0070,0.6998834854095284,GH002,F01
P0070,0.7792377949433283,GH002,F01
P0070,0.7161934992974095,GH002,F01
P0070,0.7640249633868338,GH002,F01
P0070,0.6980197654353653,GH002,F01
P0070,0.7267910255887297,GH002,F01
P0070,0.8334162463263409,GH002,F01
P0070,0.7589685667780757,GH002,F01
P0070,0.7679140158729921,GH002,F01
P0070,0.7998710856432483,GH002,F01
P0070,0.7774404100010103,GH002,F01
P0070,0.7662918570970044,GH002,F01
P0070,0.7577897741585445,GH002,F01
P0070,0.7843448685845299,GH002,F01
P0070,0.7585891110159355,GH002,F01
P0070,0.7242582352291433,GH002,F01
P0070,0.7664994976278257,GH002,F01
P0070,0.6256158364298176,GH002,F01
P0070,0.5461636088631142,GH002,F01
P0070,0.633223893099421,GH002,F01
P0070,0.7120077171421254,GH002,F01
P0070,0.7101758538904621,GH002,F01
P0070,0.7573168873328485,GH002,F01
P0070,0.7588183819407227,GH002,F01
P0070,0.799577449434691,GH002,F01
P0070,0.785229390256607,GH002,F01
P0070,0.7908178623456064,GH002,F01
P0070,0.8067314123348243,GH002,F01
P0070,0.8092350595752487,GH002,F01
P0070,0.7709806192694652,GH002,F01
P0070,0.7547994154248765,GH002,F01
P0070,0.6701537631525746,GH002,F01
P0070,0.7860612143806405,GH002,F01
P0070,0.6376605686817868,GH002,F01
P0070,0.6918766723376362,GH002,F01
P0070,0.6769171877682437,GH002,F01
P0070,0.7143025792590701,GH002,F01
P0070,0.7380991734398068,GH002,F01
P0070,0.653246166295319,GH002,F01
P0070,0.6741778299503565,GH002,F01
P0070,0.796252731244371,GH002,F01
P0070,0.6801497962839408,GH002,F01
P0070,0.7848238656480988,GH002,F01
P0070,0.782043785669763,GH002,F01
P0070,0.80570725841195,GH002,F01
P0070,0.8217785774090914,GH002,F01
P0070,0.7886587913677876,GH002,F01
P0070,0.7268445718106662,GH002,F01
P0070,0.7743664584376833,GH002,F01
P0070,0.7745570471417026,GH002,F01
P0070,0.8308957406387218,GH002,F01
P0070,0.7118288427602766,GH002,F01
P0070,0.7174619439158911,GH002,F01
P0070,0.7254547141289073,GH002,F01
P0070,0.6523009576920693,GH002,F01
P0070,0.6625961316675761,GH002,F01
P0070,0.7652559724249172,GH002,F01
P0070,0.7847115778463754,GH002,F01
P0070,0.700409044842202,GH002,F01
P0070,0.7786188616721242,GH002,F01
P0070,0.7685237142751702,GH002,F01
P0070,0.7800137751891598,GH002,F01
P0070,0.8083544463449615,GH002,F01
P0070,0.7873817058203351,GH002,F01
P0070,0.7476417117659324,GH002,F01
P0070,0.7123644724431781,GH002,F01
P0070,0.7769982865971529,GH002,F01
P0070,0.8049107932297008,GH002,F01
P0070,0.7830763308805742,GH002,F01
P0070,0.7660398796879954,GH002,F01
P0070,0.7329629066068382,GH002,F01
P0070,0.7635570794105716,GH002,F01
P0070,0.648704619394508,GH002,F01
P0070,0.7029058693878191,GH002,F01
P0070,0.796265997993843,GH002,F01
P0070,0.7740345952935176,GH002,F01
P0070,0.7852159275009418,GH002,F01
P0070,0.7914325876049157,GH002,F01
P0070,0.7783479950465294,GH002,F01
P0070,0.771681011125776,GH002,F01
P0070,0.764532675645405,GH002,F01
P0070,0.7995520386447236,GH002,F01
P0070,0.7906659154251892,GH002,F01
P0070,0.811600011885777,GH002,F01
P0070,0.8166839839823702,GH002,F01
P0070,0.8274661433173609,GH002,F01
P0070,0.714063796712237,GH002,F01
P0070,0.7503094626326905,GH002,F01
P0070,0.6595952818810817,GH002,F01
P0070,0.7105490710064009,GH002,F01
P0070,0.6564148475180316,GH002,F01
P0070,0.7029800172027679,GH002,F01
P0070,0.6682027640140094,GH002,F01
P0070,0.776373162552556,GH002,F01
P0070,0.7828970503722062,GH002,F01
P0070,0.698063530728514,GH002,F01
P0070,0.8035279747585816,GH002,F01
P0070,0.7876424169929135,GH002,F01
P0070,0.8217939306696525,GH002,F01
P0070,0.7767170051689491,GH002,F01
P0070,0.7571084433066488,GH002,F01
P0070,0.8095765165454796,GH002,F01
P0070,0.8021583067921548,GH002,F01
P0070,0.7750441584579202,GH002,F01
P0070,0.8056393143412204,GH002,F01
P0070,0.6637331301607343,GH002,F01
P0071,0.7838701355972062,GH017,F08
P0071,0.8337897476511918,GH017,F08
P0071,0.8457164305418148,GH017,F08
P0071,0.846779780634846,GH017,F08
P0071,0.8118032776580194,GH017,F08
P0071,0.8751499573862827,GH017,F08
P0071,0.8342225006742476,GH017,F08
P0071,0.7831961466524497,GH017,F08
P0071,0.850969978742545,GH017,F08
P0071,0.8176957198893826,GH017,F08
P0071,0.8218262824700249,GH017,F08
P0071,0.7405130767860705,GH017,F08
P0071,0.7297012405128593,GH017,F08
P0071,0.6539413210599769,GH017,F08
P0071,0.6515924670599444,GH017,F08
P0071,0.7351790410153927,GH017,F08
P0071,0.6802707841267439,GH017,F08
P0071,0.7834785722778831,GH017,F08
P0071,0.7889291239369076,GH017,F08
P0071,0.7307880376759696,GH017,F08
P0071,0.7861575998689779,GH017,F08
P0071,0.8199564503110295,GH017,F08
P0071,0.6978631520248331,GH017,F08
P0071,0.7424691311474615,GH017,F08
P0071,0.8064840418848146,GH017,F08
P0071,0.7608695956423671,GH017,F08
P0071,0.7339021375574708,GH017,F08
P0071,0.7721044498964802,GH017,F08
P0071,0.7142530870379984,GH017,F08
P0071,0.8159431223481853,GH017,F08
P0071,0.6976381752083334,GH017,F08
P0071,0.715922792349615,GH017,F08
P0071,0.7332007436186625,GH017,F08
P0071,0.7379643734862242,GH017,F08
P0071,0.7735767416432178,GH017,F08
P0071,0.7078168988192017,GH017,F08
P0071,0.7891012493137084,GH017,F08
P0071,0.7301896183530657,GH017,F08
P0071,0.7267269702807034,GH017,F08
P0071,0.7527306149523614,GH017,F08
P0071,0.799663928782574,GH017,F08
P0071,0.7028753902840388,GH017,F08
P0071,0.7133279374315227,GH017,F08
P0071,0.8301115374265252,GH017,F08
P0071,0.7307399352678646,GH017,F08
P0071,0.735452414880124,GH017,F08
P0071,0.6963911239413438,GH017,F08
P0071,0.7111186717256499,GH017,F08
P0071,0.6420126790029329,GH017,F08
P0071,0.6282171973427604,GH017,F08
P0071,0.5784431788315089,GH017,F08
P0071,0.6422413852725689,GH017,F08
P0071,0.6488203953394859,GH017,F08
P0071,0.8165786062377923,GH017,F08
P0071,0.7086303788083508,GH017,F08
P0071,0.6831458297331047,GH017,F08
P0071,0.6703882737784806,GH017,F08
P0071,0.7439483723923123,GH017,F08
P0071,0.7296596218546906,GH017,F08
P0071,0.7455144296893615,GH017,F08
P0071,0.7197856302088999,GH017,F08
P0071,0.682837984660074,GH017,F08
P0071,0.764801149117132,GH017,F08
P0071,0.675441369061239,GH017,F08
P0071,0.74517798439854,GH017,F08
P0071,0.7476259647228392,GH017,F08
P0071,0.7275202193881072,GH017,F08
P0071,0.7012089948972319,GH017,F08
P0071,0.7252194210141738,GH017,F08
P0071,0.7208550943155142,GH017,F08
P0071,0.7945208334348933,GH017,F08
P0071,0.6859576564333902,GH017,F08
P0071,0.7322109798588196,GH017,F08
P0071,0.7489357365532134,GH017,F08
P0071,0.711078974645601,GH017,F08
P0071,0.7391643327769436,GH017,F08
P0071,0.7177811187887686,GH017,F08
P0071,0.7233353669796307,GH017,F08
P0071,0.7581321638065911,GH017,F08
P0071,0.7117611917280584,GH017,F08
P0071,0.7591755924332217,GH017,F08
P0071,0.7973410092188483,GH017,F08
P0071,0.6884416739193014,GH017,F08
P0071,0.7325884640510639,GH017,F08
P0071,0.7505831907137682,GH017,F08
P0071,0.6493171133172343,GH017,F08
P0071,0.6443690209403728,GH017,F08
P0071,0.7227357350171185,GH017,F08
P0071,0.8570074722785495,GH017,F08
P0071,0.8408766530099226,GH017,F08
P0071,0.8215159630050088,GH017,F08
P0071,0.7798529953840806,GH017,F08
P0071,0.8212683122691496,GH017,F08
P0071,0.7250068859181392,GH017,F08
P0071,0.8215315499900209,GH017,F08
P0071,0.8627691971790968,GH017,F08
P0071,0.8363745552051899,GH017,F08
P0071,0.7657119537948374,GH017,F08
P0071,0.7846152297483999,GH017,F08
P0071,0.8177115742649076,GH017,F08
P0071,0.8313687929931893,GH017,F08
P0071,0.8617739774117247,GH017,F08
P0071,0.7779103916078469,GH017,F08
P0071,0.8223513881115408,GH017,F08
P0071,0.7709785211392138,GH017,F08
P0071,0.8854465610888209,GH017,F08
P0071,0.8460410318829378,GH017,F08
P0071,0.8297938476559569,GH017,F08
P0071,0.8545582913048545,GH017,F08
P0071,0.8620368221650352,GH017,F08
P0071,0.8479556896356535,GH017,F08
P0071,0.7341270496993396,GH017,F08
P0071,0.8089522732791015,GH017,F08
P0071,0.8819952215185316,GH017,F08
P0071,0.8160758231806423,GH017,F08
P0071,0.899253272590641,GH017,F08
P0071,0.8636789963879381,GH017,F08
P0071,0.8383201254638004,GH017,F08
P0071,0.837170800877735,GH017,F08
P0071,0.7603152790267169,GH017,F08
P0071,0.788937563968827,GH017,F08
P0071,0.7620784655249643,GH017,F08
P0071,0.7408581598193338,GH017,F08
P0071,0.6755628300206565,GH017,F08
P0071,0.8330967096416695,GH017,F08
P0071,0.8352170424022587,GH017,F08
P0071,0.8373130193684118,GH017,F08
P0071,0.8137016980281874,GH017,F08
P0071,0.8129136820251871,GH017,F08
P0071,0.8245246488937714,GH017,F08
P0071,0.8530434293696543,GH017,F08
P0071,0.8338490523306308,GH017,F08
P0071,0.7560107275544441,GH017,F08
P0071,0.8315772565467175,GH017,F08
P0071,0.8612629456767089,GH017,F08
P0071,0.8496326636144593,GH017,F08
P0071,0.7990139143196381,GH017,F08
P0071,0.7707925790531824,GH017,F08
P0071,0.7341548017948999,GH017,F08
P0071,0.7914178501005336,GH017,F08
P0071,0.7758616694373086,GH017,F08
P0071,0.8591587923158136,GH017,F08
P0071,0.8395164479268311,GH017,F08
P0071,0.7971981268437847,GH017,F08
P0071,0.873485413133737,GH017,F08
P0071,0.756531815675392,GH017,F08
P0071,0.8582925353569812,GH017,F08
P0071,0.8785314990978197,GH017,F08
P0071,0.7731975785190788,GH017,F08
P0071,0.8458025081825741,GH017,F08
P0071,0.8506924379440296,GH017,F08
P0071,0.8031587383590453,GH017,F08
P0071,0.8332129855357755,GH017,F08
P0071,0.8670174053715277,GH017,F08
P0071,0.7401452706248156,GH017,F08
P0071,0.7778823300259818,GH017,F08
P0071,0.7922157531095151,GH017,F08
P0071,0.761219059691741,GH017,F08
P0071,0.6385137781493745,GH017,F08
P0071,0.7345200373179724,GH017,F08
P0071,0.7550288154309603,GH017,F08
P0071,0.8656550536391856,GH017,F08
P0071,0.8516688086933127,GH017,F08
P0071,0.8885444065902289,GH017,F08
P0071,0.8294417412499087,GH017,F08
P0071,0.8738849524879158,GH017,F08
P0071,0.8874298305759066,GH017,F08
P0071,0.8608975822404238,GH017,F08
P0071,0.8695326637032125,GH017,F08
P0071,0.8669095391854361,GH017,F08
P0071,0.8853502449199534,GH017,F08
P0071,0.7988059112921687,GH017,F08
P0071,0.720727814941166,GH017,F08
P0071,0.8943979110583467,GH017,F08
P0071,0.7663360425854483,GH017,F08
P0071,0.7478174095689123,GH017,F08
P0071,0.8379700927975737,GH017,F08
P0071,0.8488001305864348,GH017,F08
P0071,0.8417422409266657,GH017,F08
P0071,0.6995146800639207,GH017,F08
P0071,0.859433762804183,GH017,F08
P0071,0.8833268520257767,GH017,F08
P0071,0.8664469362225136,GH017,F08
P0071,0.8544382383937823,GH017,F08
P0071,0.8559856524263909,GH017,F08
P0071,0.8433582977537775,GH017,F08
P0071,0.86462286009342,GH017,F08
P0071,0.8356895002435931,GH017,F08
P0071,0.8495807957906982,GH017,F08
P0071,0.8646449077665779,GH017,F08
P0071,0.8076040580067199,GH017,F08
P0071,0.8435634620753019,GH017,F08
P0071,0.8163763464159483,GH017,F08
P0071,0.752301756585718,GH017,F08
P0071,0.6287468377409806,GH017,F08
P0071,0.6718211081469893,GH017,F08
P0071,0.751368072109012,GH017,F08
P0071,0.7797009872518167,GH017,F08
P0071,0.7562890389172735,GH017,F08
P0071,0.8835608183837406,GH017,F08
P0071,0.768888527493838,GH017,F08
P0071,0.8677959529148727,GH017,F08
P0071,0.8714772032388147,GH017,F08
P0071,0.8636579237517932,GH017,F08
P0071,0.8582084175589381,GH017,F08
P0071,0.7588399333120581,GH017,F08
P0071,0.8566277959889447,GH017,F08
P0071,0.8561684907399192,GH017,F08
P0071,0.8555670860094853,GH017,F08
P0071,0.8465541158400841,GH017,F08
P0072,0.6620439288050003,GH013,F08
P0072,0.7537049538290261,GH013,F08
P0072,0.7639474997291725,GH013,F08
P0072,0.786302319396803,GH013,F08
P0072,0.7403870016275661,GH013,F08
P0072,0.7641973451459536,GH013,F08
P0072,0.7644338125214583,GH013,F08
P0072,0.8140934954174636,GH013,F08
P0072,0.742829426946263,GH013,F08
P0072,0.750814561638798,GH013,F08
P0072,0.7653082953863849,GH013,F08
P0072,0.6830278371942394,GH013,F08
P0072,0.6438544630131385,GH013,F08
P0072,0.6201017392792052,GH013,F08
P0072,0.6169422927978423,GH013,F08
P0072,0.5513387016795309,GH013,F08
P0072,0.621091104139163,GH013,F08
P0072,0.7275184777830062,GH013,F08
P0072,0.755264813661534,GH013,F08
P0072,0.6656301578810605,GH013,F08
P0072,0.7253836839509852,GH013,F08
P0072,0.7291137205876717,GH013,F08
P0072,0.6517960859911707,GH013,F08
P0072,0.7742319669545915,GH013,F08
P0072,0.7507288629638206,GH013,F08
P0072,0.6599510950807614,GH013,F08
P0072,0.7164125794816442,GH013,F08
P0072,0.635340288194031,GH013,F08
P0072,0.6883766416933077,GH013,F08
P0072,0.6257796501807624,GH013,F08
P0072,0.6373093429148735,GH013,F08
P0072,0.6193851076979469,GH013,F08
P0072,0.6160037200379762,GH013,F08
P0072,0.6412304068330765,GH013,F08
P0072,0.7326747080516521,GH013,F08
P0072,0.6270188795907926,GH013,F08
P0072,0.653718046342269,GH013,F08
P0072,0.669096412531803,GH013,F08
P0072,0.675975728930611,GH013,F08
P0072,0.6909652290741486,GH013,F08
P0072,0.7013333534856856,GH013,F08
P0072,0.6701704729535871,GH013,F08
P0072,0.6813315398489257,GH013,F08
P0072,0.6593759435232307,GH013,F08
P0072,0.7147448924187598,GH013,F08
P0072,0.6109257439688489,GH013,F08
P0072,0.7071779022025013,GH013,F08
P0072,0.6816040656287026,GH013,F08
P0072,0.6589390409261522,GH013,F08
P0072,0.5726499476379142,GH013,F08
P0072,0.5298801290317329,GH013,F08
P0072,0.5610481409754261,GH013,F08
P0072,0.5767086784255102,GH013,F08
P0072,0.6408718218927514,GH013,F08
P0072,0.633088382298113,GH013,F08
P0072,0.6871434501549558,GH013,F08
P0072,0.7067358267756227,GH013,F08
P0072,0.7029425904632796,GH013,F08
P0072,0.6583073050002891,GH013,F08
P0072,0.6942614035914157,GH013,F08
P0072,0.6685739598618354,GH013,F08
P0072,0.666549860085179,GH013,F08
P0072,0.7152291655758828,GH013,F08
P0072,0.6341124315372956,GH013,F08
P0072,0.6247325327633482,GH013,F08
P0072,0.6407305552947448,GH013,F08
P0072,0.6505689101358486,GH013,F08
P0072,0.660014649973812,GH013,F08
P0072,0.6260062383780844,GH013,F08
P0072,0.6037538245867932,GH013,F08
P0072,0.6325616816417091,GH013,F08
P0072,0.6247385207247373,GH013,F08
P0072,0.6533412691449668,GH013,F08
P0072,0.6676344607206939,GH013,F08
P0072,0.6716571820909563,GH013,F08
P0072,0.6485957135952867,GH013,F08
P0072,0.7816456048868221,GH013,F08
P0072,0.6908885675923004,GH013,F08
P0072,0.7314548105675479,GH013,F08
P0072,0.6861392626531096,GH013,F08
P0072,0.6432089337099909,GH013,F08
P0072,0.75574327236036,GH013,F08
P0072,0.6692846014588835,GH013,F08
P0072,0.7048341084276167,GH013,F08
P0072,0.6764967582064139,GH013,F08
P0072,0.5691510237162112,GH013,F08
P0072,0.5361490697711219,GH013,F08
P0072,0.573326444445927,GH013,F08
P0072,0.7152374196766954,GH013,F08
P0072,0.6417817127202344,GH013,F08
P0072,0.6815991466250769,GH013,F08
P0072,0.7685994000509816,GH013,F08
P0072,0.7646026691732674,GH013,F08
P0072,0.7594562306968387,GH013,F08
P0072,0.6657838102613259,GH013,F08
P0072,0.7921980092903242,GH013,F08
P0072,0.7735975558175897,GH013,F08
P0072,0.7638406540636334,GH013,F08
P0072,0.7536103404659275,GH013,F08
P0072,0.7737622782060922,GH013,F08
P0072,0.7473796160782457,GH013,F08
P0072,0.6678255508110812,GH013,F08
P0072,0.7032308376767236,GH013,F08
P0072,0.7484404463249529,GH013,F08
P0072,0.7577571360945119,GH013,F08
P0072,0.687462678872985,GH013,F08
P0072,0.7660492847306579,GH013,F08
P0072,0.785201995308091,GH013,F08
P0072,0.7595364569853457,GH013,F08
P0072,0.7532373604545431,GH013,F08
P0072,0.8197298787603179,GH013,F08
P0072,0.7742422082612525,GH013,F08
P0072,0.7825288651924466,GH013,F08
P0072,0.7975226056682031,GH013,F08
P0072,0.7622873426268463,GH013,F08
P0072,0.7695847707567379,GH013,F08
P0072,0.7087387368178572,GH013,F08
P0072,0.7411299441844348,GH013,F08
P0072,0.7755913390953089,GH013,F08
P0072,0.767123256291084,GH013,F08
P0072,0.7489872060951578,GH013,F08
P0072,0.7340816589545793,GH013,F08
P0072,0.5470644698518146,GH013,F08
P0072,0.7252563644411884,GH013,F08
P0072,0.6791907992392262,GH013,F08
P0072,0.6885820943381628,GH013,F08
P0072,0.8176972267380976,GH013,F08
P0072,0.7313448844673144,GH013,F08
P0072,0.8155311340875184,GH013,F08
P0072,0.7761673104846837,GH013,F08
P0072,0.7940312851447192,GH013,F08
P0072,0.7580658485274132,GH013,F08
P0072,0.7686166342187069,GH013,F08
P0072,0.8065158631768017,GH013,F08
P0072,0.79829201027726715,GH013,F08
P0072,0.7950223811370877,GH013,F08
P0072,0.7448294057554716,GH013,F08
P0072,0.8105941284765156,GH013,F08
P0072,0.706428526610103,GH013,F08
P0072,0.7264576199306955,GH013,F08
P0072,0.7061574002525294,GH013,F08
P0072,0.7389396783978686,GH013,F08
P0072,0.6675657825675964,GH013,F08
P0072,0.7411553968501261,GH013,F08
P0072,0.7812132327325353,GH013,F08
P0072,0.7483996343965197,GH013,F08
P0072,0.8081700226821389,GH013,F08
P0072,0.7627919628721599,GH013,F08
P0072,0.7903366080802182,GH013,F08
P0072,0.7948465880511023,GH013,F08
P0072,0.7928966025816652,GH013,F08
P0072,0.7749276507603193,GH013,F08
P0072,0.7156154255487231,GH013,F08
P0072,0.7985005354435145,GH013,F08
P0072,0.7628066491209997,GH013,F08
P0072,0.7439115683929436,GH013,F08
P0072,0.6253715348457635,GH013,F08
P0072,0.6688488924858093,GH013,F08
P0072,0.5862434865776884,GH013,F08
P0072,0.6729528757140442,GH013,F08
P0072,0.7416334282944852,GH013,F08
P0072,0.6908261508506981,GH013,F08
P0072,0.7885793274912258,GH013,F08
P0072,0.7540502178217373,GH013,F08
P0072,0.7906238193095437,GH013,F08
P0072,0.7538587757477598,GH013,F08
P0072,0.7120835818568805,GH013,F08
P0072,0.7531136822648379,GH013,F08
P0072,0.7971530682091367,GH013,F08
P0072,0.7708629319309626,GH013,F08
P0072,0.7953969924611423,GH013,F08
P0072,0.726420141335712,GH013,F08
P0072,0.703219236455142,GH013,F08
P0072,0.7701067520607044,GH013,F08
P0072,0.7257585847716609,GH013,F08
P0072,0.7217493516877544,GH013,F08
P0072,0.7917021093018876,GH013,F08
P0072,0.6789092432905216,GH013,F08
P0072,0.6889826231529828,GH013,F08
P0072,0.747314966399818,GH013,F08
P0072,0.7204536775892973,GH013,F08
P0072,0.778453695817633,GH013,F08
P0072,0.7493310885922542,GH013,F08
P0072,0.830824122482296,GH013,F08
P0072,0.7967531213441866,GH013,F08
P0072,0.7765978968108426,GH013,F08
P0072,0.7421262617101172,GH013,F08
P0072,0.6726341547603094,GH013,F08
P0072,0.7651004014274712,GH013,F08
P0072,0.770523504073365,GH013,F08
P0072,0.785405460408513,GH013,F08
P0072,0.6648197697756385,GH013,F08
P0072,0.6228668511794467,GH013,F08
P0072,0.6494115549838635,GH013,F08
P0072,0.5751085208841271,GH013,F08
P0072,0.6963145481689941,GH013,F08
P0072,0.7236628844461126,GH013,F08
P0072,0.7493722065511705,GH013,F08
P0072,0.790554398124596,GH013,F08
P0072,0.7820388048511648,GH013,F08
P0072,0.7632996984515257,GH013,F08
P0072,0.8021380816665804,GH013,F08
P0072,0.7801228371961084,GH013,F08
P0072,0.7820349043995036,GH013,F08
P0072,0.7594358531068768,GH013,F08
P0072,0.8081758497289284,GH013,F08
P0072,0.6737666395095165,GH013,F08
P0072,0.7561520292281249,GH013,F08
P0072,0.7684468593495876,GH013,F08
P0072,0.7202115527894821,GH013,F08
P0073,0.8051231526869703,GH014,F02
P0073,0.8206527269955162,GH014,F02
P0073,0.843083929066589,GH014,F02
P0073,0.6993642425828246,GH014,F02
P0073,0.8256930096514973,GH014,F02
P0073,0.7195472147358241,GH014,F02
P0073,0.8284472260952759,GH014,F02
P0073,0.8234773312033957,GH014,F02
P0073,0.8267642356882375,GH014,F02
P0073,0.8023291163499923,GH014,F02
P0073,0.7526460175611838,GH014,F02
P0073,0.7937740365654389,GH014,F02
P0073,0.717078659598913,GH014,F02
P0073,0.7353783542905477,GH014,F02
P0073,0.7433762060097202,GH014,F02
P0073,0.5803361429360571,GH014,F02
P0073,0.7354675385266157,GH014,F02
P0073,0.7055067170044205,GH014,F02
P0073,0.7133887343843568,GH014,F02
P0073,0.7294526316372921,GH014,F02
P0073,0.6938041718390671,GH014,F02
P0073,0.7516805218271286,GH014,F02
P0073,0.7731081716224351,GH014,F02
P0073,0.7074579622058633,GH014,F02
P0073,0.7244732498465871,GH014,F02
P0073,0.7631610858240114,GH014,F02
P0073,0.7563254803712667,GH014,F02
P0073,0.7412711357299353,GH014,F02
P0073,0.7243595637703462,GH014,F02
P0073,0.702527094894299,GH014,F02
P0073,0.7205195721704013,GH014,F02
P0073,0.6775517748406253,GH014,F02
P0073,0.6395981215116826,GH014,F02
P0073,0.6713278157574795,GH014,F02
P0073,0.6812928716986844,GH014,F02
P0073,0.6900914135215139,GH014,F02
P0073,0.6776252302847023,GH014,F02
P0073,0.70864446896305755,GH014,F02
P0073,0.697295940346937,GH014,F02
P0073,0.7857252897640111,GH014,F02
P0073,0.7290054809212138,GH014,F02
P0073,0.7143588668029265,GH014,F02
P0073,0.7005154495055683,GH014,F02
P0073,0.7126424599706094,GH014,F02
P0073,0.6525880410260153,GH014,F02
P0073,0.6554615088237824,GH014,F02
P0073,0.6853710958155849,GH014,F02
P0073,0.6793535603203454,GH014,F02
P0073,0.6040064307163985,GH014,F02
P0073,0.6135282997055512,GH014,F02
P0073,0.5682202520663935,GH014,F02
P0073,0.5964591058552856,GH014,F02
P0073,0.634719302585134,GH014,F02
P0073,0.7013619216642761,GH014,F02
P0073,0.6990620960682401,GH014,F02
P0073,0.7157529775597098,GH014,F02
P0073,0.6256923264845077,GH014,F02
P0073,0.7058190495826161,GH014,F02
P0073,0.7048764838539363,GH014,F02
P0073,0.6960846170272617,GH014,F02
P0073,0.6892216861595521,GH014,F02
P0073,0.6886062950785427,GH014,F02
P0073,0.710002664205325,GH014,F02
P0073,0.7928991073359637,GH014,F02
P0073,0.6792413010874307,GH014,F02
P0073,0.6875970565835029,GH014,F02
P0073,0.7295953100985397,GH014,F02
P0073,0.6902860299324654,GH014,F02
P0073,0.7526448591981872,GH014,F02
P0073,0.7062785074537564,GH014,F02
P0073,0.7240248606531633,GH014,F02
P0073,0.7040674026893203,GH014,F02
P0073,0.7113482785691264,GH014,F02
P0073,0.7400423705569653,GH014,F02
P0073,0.7238790486501385,GH014,F02
P0073,0.7043057984533164,GH014,F02
P0073,0.6747942142901873,GH014,F02
P0073,0.6689118404414857,GH014,F02
P0073,0.6974907606771104,GH014,F02
P0073,0.697726290774448,GH014,F02
P0073,0.7386997477066584,GH014,F02
P0073,0.709672226552611,GH014,F02
P0073,0.7300224389950954,GH014,F02
P0073,0.6897523135871361,GH014,F02
P0073,0.6715399375430031,GH014,F02
P0073,0.6371504297335088,GH014,F02
P0073,0.6235388719146332,GH014,F02
P0073,0.7465162287740871,GH014,F02
P0073,0.7737631337041024,GH014,F02
P0073,0.736833731449465,GH014,F02
P0073,0.79672009090239,GH014,F02
P0073,0.7073791846089426,GH014,F02
P0073,0.7974164774582371,GH014,F02
P0073,0.8333508416390181,GH014,F02
P0073,0.7923332454584546,GH014,F02
P0073,0.7981687740160559,GH014,F02
P0073,0.8331346885151778,GH014,F02
P0073,0.7513314427753236,GH014,F02
P0073,0.786272337334104,GH014,F02
P0073,0.8207467262205191,GH014,F02
P0073,0.8063574903030577,GH014,F02
P0073,0.7890736728441715,GH014,F02
P0073,0.789801396174496,GH014,F02
P0073,0.8143453837652134,GH014,F02
P0073,0.8267742254451064,GH014,F02
P0073,0.73967846807279,GH014,F02
P0073,0.801615168010329,GH014,F02
P0073,0.7931040904351455,GH014,F02
P0073,0.8334641144603304,GH014,F02
P0073,0.8106579458119239,GH014,F02
P0073,0.8256370723720403,GH014,F02
P0073,0.7585004580722158,GH014,F02
P0073,0.7879946303432599,GH014,F02
P0073,0.8275215572788623,GH014,F02
P0073,0.8304525759701932,GH014,F02
P0073,0.849320186562468,GH014,F02
P0073,0.8341824045692049,GH014,F02
P0073,0.809769790918096,GH014,F02
P0073,0.8303674784957992,GH014,F02
P0073,0.8019540732824388,GH014,F02
P0073,0.7967111873758348,GH014,F02
P0073,0.782620473996524,GH014,F02
P0073,0.6545200142964006,GH014,F02
P0073,0.7452956593527921,GH014,F02
P0073,0.8101221529192858,GH014,F02
P0073,0.8007014114850762,GH014,F02
P0073,0.8487253872744993,GH014,F02
P0073,0.8138810913431739,GH014,F02
P0073,0.855593883176151,GH014,F02
P0073,0.8380746189842991,GH014,F02
P0073,0.839176897753283,GH014,F02
P0073,0.8199343608758471,GH014,F02
P0073,0.8103693103677259,GH014,F02
P0073,0.8251333815595394,GH014,F02
P0073,0.8542032379974008,GH014,F02
P0073,0.8114021569798409,GH014,F02
P0073,0.8048289704479735,GH014,F02
P0073,0.8246936801583433,GH014,F02
P0073,0.7018853002441122,GH014,F02
P0073,0.804630493680449,GH014,F02
P0073,0.806901662761587,GH014,F02
P0073,0.8251952989087936,GH014,F02
P0073,0.7698425797291766,GH014,F02
P0073,0.8019891379084763,GH014,F02
P0073,0.8301465183410208,GH014,F02
P0073,0.8728314040881225,GH014,F02
P0073,0.8006739762098155,GH014,F02
P0073,0.819195868467323,GH014,F02
P0073,0.8358708797544775,GH014,F02
P0073,0.8573184667370205,GH014,F02
P0073,0.8536962810318638,GH014,F02
P0073,0.8663018504452069,GH014,F02
P0073,0.8090460642849812,GH014,F02
P0073,0.7879129223521951,GH014,F02
P0073,0.792910110033709,GH014,F02
P0073,0.8390547934731782,GH014,F02
P0073,0.69790117918747,GH014,F02
P0073,0.738514646361695,GH014,F02
P0073,0.6963391058368537,GH014,F02
P0073,0.7509292582937567,GH014,F02
P0073,0.7588667615158533,GH014,F02
P0073,0.8228577682851073,GH014,F02
P0073,0.8371480879907325,GH014,F02
P0073,0.8321072139683047,GH014,F02
P0073,0.8285868104749787,GH014,F02
P0073,0.8435498037221625,GH014,F02
P0073,0.8680704214564796,GH014,F02
P0073,0.8543564101668844,GH014,F02
P0073,0.8204718691010368,GH014,F02
P0073,0.8806766447268083,GH014,F02
P0073,0.8223686242747523,GH014,F02
P0073,0.8542948663009133,GH014,F02
P0073,0.7676242696997727,GH014,F02
P0073,0.7837872747827208,GH014,F02
P0073,0.7952932996238105,GH014,F02
P0073,0.8197661221856991,GH014,F02
P0073,0.8211719514406326,GH014,F02
P0073,0.8364173786350478,GH014,F02
P0073,0.8167369471851273,GH014,F02
P0073,0.8126050132609082,GH014,F02
P0073,0.865197753344116,GH014,F02
P0073,0.8088477428555355,GH014,F02
P0073,0.8266645801358805,GH014,F02
P0073,0.7298639467126745,GH014,F02
P0073,0.7718315883475331,GH014,F02
P0073,0.8198760315530664,GH014,F02
P0073,0.8118411751483942,GH014,F02
P0073,0.8558355586153331,GH014,F02
P0073,0.8375370230395476,GH014,F02
P0073,0.7998850865990763,GH014,F02
P0073,0.8397530662704841,GH014,F02
P0073,0.8529229782228898,GH014,F02
P0073,0.7904367202809602,GH014,F02
P0073,0.7337083914545467,GH014,F02
P0073,0.6537569540303949,GH014,F02
P0073,0.7081693375641208,GH014,F02
P0073,0.7918931532266478,GH014,F02
P0073,0.7185239419791808,GH014,F02
P0073,0.859297711364245,GH014,F02
P0073,0.7628006589292168,GH014,F02
P0073,0.7568759751606983,GH014,F02
P0073,0.8311461682896868,GH014,F02
P0073,0.8466609515697283,GH014,F02
P0073,0.8539410139793879,GH014,F02
P0073,0.7382854000035476,GH014,F02
P0073,0.8529136256690363,GH014,F02
P0073,0.847961201642126,GH014,F02
P0073,0.777581415071667,GH014,F02
P0073,0.8417998199354984,GH014,F02
P0073,0.8080589700189825,GH014,F02
P0074,0.8474489917321687,GH005,F01
P0074,0.8484426440155586,GH005,F01
P0074,0.8587168392449468,GH005,F01
P0074,0.8416410069955638,GH005,F01
P0074,0.8309772716829241,GH005,F01
P0074,0.8290875158580471,GH005,F01
P0074,0.8289050864742108,GH005,F01
P0074,0.8103892181114937,GH005,F01
P0074,0.8336469090224791,GH005,F01
P0074,0.72892769577733,GH005,F01
P0074,0.8184379954842954,GH005,F01
P0074,0.7140913727176885,GH005,F01
P0074,0.7006933217937008,GH005,F01
P0074,0.625667315225691,GH005,F01
P0074,0.6997495451874818,GH005,F01
P0074,0.5949733662564411,GH005,F01
P0074,0.6448852271361804,GH005,F01
P0074,0.703014952737108,GH005,F01
P0074,0.7515517239769928,GH005,F01
P0074,0.7390394125208568,GH005,F01
P0074,0.8289142082013226,GH005,F01
P0074,0.8537775044257986,GH005,F01
P0074,0.7553792085834103,GH005,F01
P0074,0.8008560793585736,GH005,F01
P0074,0.7470001507953387,GH005,F01
P0074,0.7253547299771915,GH005,F01
P0074,0.7220091169447,GH005,F01
P0074,0.7614538508243776,GH005,F01
P0074,0.6833655077967132,GH005,F01
P0074,0.7154227016853574,GH005,F01
P0074,0.7296092080196571,GH005,F01
P0074,0.7065477962834471,GH005,F01
P0074,0.7047061926830136,GH005,F01
P0074,0.6906739932293924,GH005,F01
P0074,0.6924493150951253,GH005,F01
P0074,0.744720251457355,GH005,F01
P0074,0.757925231045455,GH005,F01
P0074,0.6993451597978131,GH005,F01
P0074,0.6690957067836765,GH005,F01
P0074,0.8144815027033598,GH005,F01
P0074,0.7033826692276244,GH005,F01
P0074,0.7400692463867597,GH005,F01
P0074,0.7121305007807385,GH005,F01
P0074,0.6795348259359691,GH005,F01
P0074,0.7008550657677416,GH005,F01
P0074,0.6562242086823709,GH005,F01
P0074,0.7072949347357914,GH005,F01
P0074,0.8580297149504004,GH005,F01
P0074,0.6403411930980923,GH005,F01
P0074,0.5553279100007531,GH005,F01
P0074,0.5854632837309878,GH005,F01
P0074,0.674700379338118,GH005,F01
P0074,0.7405444835499417,GH005,F01
P0074,0.7256352214432757,GH005,F01
P0074,0.6620116872842093,GH005,F01
P0074,0.7073007220673946,GH005,F01
P0074,0.7542714910556748,GH005,F01
P0074,0.7140287908971971,GH005,F01
P0074,0.747658811722371,GH005,F01
P0074,0.6608486377260187,GH005,F01
P0074,0.7431567597427847,GH005,F01
P0074,0.6904411358923085,GH005,F01
P0074,0.6968400785996948,GH005,F01
P0074,0.6971005045370635,GH005,F01
P0074,0.757765914335862,GH005,F01
P0074,0.6850218161986587,GH005,F01
P0074,0.6830188071457728,GH005,F01
P0074,0.6709831909834281,GH005,F01
P0074,0.7504531713913404,GH005,F01
P0074,0.7927134941379127,GH005,F01
P0074,0.717501509118953,GH005,F01
P0074,0.7185068505501359,GH005,F01
P0074,0.7074920138444482,GH005,F01
P0074,0.7162557316329483,GH005,F01
P0074,0.7167435719379912,GH005,F01
P0074,0.7460282882100979,GH005,F01
P0074,0.7195911148403202,GH005,F01
P0074,0.8046493098687137,GH005,F01
P0074,0.7518432114643379,GH005,F01
P0074,0.8130006486631921,GH005,F01
P0074,0.7200148928603898,GH005,F01
P0074,0.8316403386584168,GH005,F01
P0074,0.7005047623507875,GH005,F01
P0074,0.7059465996590922,GH005,F01
P0074,0.6663245619550318,GH005,F01
P0074,0.6863205124191536,GH005,F01
P0074,0.6111130585555277,GH005,F01
P0074,0.7429735222024921,GH005,F01
P0074,0.7542601769347793,GH005,F01
P0074,0.8125394842112613,GH005,F01
P0074,0.7685921799501405,GH005,F01
P0074,0.8140703597729351,GH005,F01
P0074,0.7226222381785526,GH005,F01
P0074,0.85981404785728,GH005,F01
P0074,0.8488150933711037,GH005,F01
P0074,0.8430812756986894,GH005,F01
P0074,0.7331250534065733,GH005,F01
P0074,0.805204660184353,GH005,F01
P0074,0.8006657869776161,GH005,F01
P0074,0.8175145506822049,GH005,F01
P0074,0.7997359707997272,GH005,F01
P0074,0.8290621806675764,GH005,F01
P0074,0.806995534526345,GH005,F01
P0074,0.7152929693285517,GH005,F01
P0074,0.7844615801477798,GH005,F01
P0074,0.756817580686627,GH005,F01
P0074,0.810026329739348,GH005,F01
P0074,0.7465006187435701,GH005,F01
P0074,0.7848285968636213,GH005,F01
P0074,0.7244013311084243,GH005,F01
P0074,0.8809951418027882,GH005,F01
P0074,0.8482671466594169,GH005,F01
P0074,0.8887591562007663,GH005,F01
P0074,0.8377123662843234,GH005,F01
P0074,0.8521085442612205,GH005,F01
P0074,0.8516493972857645,GH005,F01
P0074,0.8625942767534165,GH005,F01
P0074,0.833568740698827,GH005,F01
P0074,0.8431507601424113,GH005,F01
P0074,0.7332700832063068,GH005,F01
P0074,0.7250459312464191,GH005,F01
P0074,0.7036402329444328,GH005,F01
P0074,0.6407228071285761,GH005,F01
P0074,0.7688861917906712,GH005,F01
P0074,0.8144252913806281,GH005,F01
P0074,0.835619136339606,GH005,F01
P0074,0.8185803551050836,GH005,F01
P0074,0.8553716289146404,GH005,F01
P0074,0.8216007640803507,GH005,F01
P0074,0.8314746697846532,GH005,F01
P0074,0.8453199774779258,GH005,F01
P0074,0.8557811643661117,GH005,F01
P0074,0.8036034637639129,GH005,F01
P0074,0.8618304495701311,GH005,F01
P0074,0.8181409197352625,GH005,F01
P0074,0.7612125439547381,GH005,F01
P0074,0.7708527296370316,GH005,F01
P0074,0.8125604460447283,GH005,F01
P0074,0.6651104188618497,GH005,F01
P0074,0.8050519815841425,GH005,F01
P0074,0.849427950066564,GH005,F01
P0074,0.830975087008276,GH005,F01
P0074,0.7593041828210965,GH005,F01
P0074,0.8070242134714618,GH005,F01
P0074,0.7033399480721789,GH005,F01
P0074,0.8271919947006684,GH005,F01
P0074,0.8807078560773086,GH005,F01
P0074,0.8915345215741534,GH005,F01
P0074,0.8604282200434605,GH005,F01
P0074,0.8019931443741468,GH005,F01
P0074,0.8028266920192291,GH005,F01
P0074,0.8478700050314407,GH005,F01
P0074,0.8757177980851101,GH005,F01
P0074,0.8159709865647863,GH005,F01
P0074,0.8197835795530768,GH005,F01
P0074,0.8352652839292136,GH005,F01
P0074,0.7728480831205604,GH005,F01
P0074,0.6663911100885507,GH005,F01
P0074,0.5747535357995076,GH005,F01
P0074,0.6516950275126685,GH005,F01
P0074,0.7698560254187699,GH005,F01
P0074,0.7290637705047879,GH005,F01
P0074,0.7732649494559037,GH005,F01
P0074,0.7695929888050781,GH005,F01
P0074,0.8252263689251764,GH005,F01
P0074,0.8513959794961877,GH005,F01
P0074,0.824351086907646,GH005,F01
P0074,0.8506207356160729,GH005,F01
P0074,0.8033453168391584,GH005,F01
P0074,0.8501964764874075,GH005,F01
P0074,0.843261146469863,GH005,F01
P0074,0.821695921306323,GH005,F01
P0074,0.8744168132910507,GH005,F01
P0074,0.7582142654519898,GH005,F01
P0074,0.6954282374428732,GH005,F01
P0074,0.733378453468539,GH005,F01
P0074,0.7552475930238638,GH005,F01
P0074,0.7842279246657793,GH005,F01
P0074,0.863887060004219,GH005,F01
P0074,0.745488531053009,GH005,F01
P0074,0.7898314548406651,GH005,F01
P0074,0.8505572359020135,GH005,F01
P0074,0.7958858000259754,GH005,F01
P0074,0.8645778967489693,GH005,F01
P0074,0.831569887222094,GH005,F01
P0074,0.8105272757166215,GH005,F01
P0074,0.821130807925554,GH005,F01
P0074,0.779096127898841,GH005,F01
P0074,0.8431376692596965,GH005,F01
P0074,0.8475101363141433,GH005,F01
P0074,0.8253166942778468,GH005,F01
P0074,0.8613900851506987,GH005,F01
P0074,0.7645377555238999,GH005,F01
P0074,0.6762495070575919,GH005,F01
P0074,0.6931877867073013,GH005,F01
P0074,0.8299373201269861,GH005,F01
P0074,0.7863063388506993,GH005,F01
P0074,0.7693051358369779,GH005,F01
P0074,0.7549866168238104,GH005,F01
P0074,0.8523624251851357,GH005,F01
P0074,0.8610345399910785,GH005,F01
P0074,0.8508378773927301,GH005,F01
P0074,0.8094282218218446,GH005,F01
P0074,0.82896220425172,GH005,F01
P0074,0.8319355772949123,GH005,F01
P0074,0.8463821517051079,GH005,F01
P0074,0.8457041175300172,GH005,F01
P0074,0.8448441479787218,GH005,F01
P0074,0.8627298390538243,GH005,F01
P0074,0.7764720252183264,GH005,F01
P0075,0.7476094491265746,GH002,F01
P0075,0.7700323871145717,GH002,F01
P0075,0.8614832750752112,GH002,F01
P0075,0.8246013073368429,GH002,F01
P0075,0.8202195043703508,GH002,F01
P0075,0.8402404706497162,GH002,F01
P0075,0.8474197049928519,GH002,F01
P0075,0.8499254521015726,GH002,F01
P0075,0.8377590077041417,GH002,F01
P0075,0.7488552013392621,GH002,F01
P0075,0.7302853213832049,GH002,F01
P0075,0.7482896129391641,GH002,F01
P0075,0.7215931252375847,GH002,F01
P0075,0.666221871750187,GH002,F01
P0075,0.780403152302348,GH002,F01
P0075,0.6021047011412974,GH002,F01
P0075,0.685203263096371,GH002,F01
P0075,0.7168476013560037,GH002,F01
P0075,0.73739554774028,GH002,F01
P0075,0.7167332798175408,GH002,F01
P0075,0.8380698928200879,GH002,F01
P0075,0.7480518804392869,GH002,F01
P0075,0.7098813496341522,GH002,F01
P0075,0.7172619848262408,GH002,F01
P0075,0.6937453202534655,GH002,F01
P0075,0.7600160886352549,GH002,F01
P0075,0.7023035956942775,GH002,F01
P0075,0.7115653226799408,GH002,F01
P0075,0.7355654711330945,GH002,F01
P0075,0.7292992067508082,GH002,F01
P0075,0.708984212656987,GH002,F01
P0075,0.6911564315859322,GH002,F01
P0075,0.7163080211727593,GH002,F01
P0075,0.6802012986305227,GH002,F01
P0075,0.6867638376581167,GH002,F01
P0075,0.732942841803803,GH002,F01
P0075,0.7275191841284133,GH002,F01
P0075,0.7138513005407727,GH002,F01
P0075,0.7359653595283143,GH002,F01
P0075,0.6964022702183458,GH002,F01
P0075,0.6914302309489493,GH002,F01
P0075,0.7605416982142231,GH002,F01
P0075,0.7588956282545296,GH002,F01
P0075,0.7331036700787418,GH002,F01
P0075,0.7377060810880024,GH002,F01
P0075,0.714690616223546,GH002,F01
P0075,0.6724656911774683,GH002,F01
P0075,0.7300521944228847,GH002,F01
P0075,0.6427496808081755,GH002,F01
P0075,0.5911343153791828,GH002,F01
P0075,0.5409790694115123,GH002,F01
P0075,0.6268636180686368,GH002,F01
P0075,0.668751755181089,GH002,F01
P0075,0.7355671212806033,GH002,F01
P0075,0.6900936000188477,GH002,F01
P0075,0.6721697639002953,GH002,F01
P0075,0.6842982836444453,GH002,F01
P0075,0.7079838832577734,GH002,F01
P0075,0.7091429413509663,GH002,F01
P0075,0.6859016522926848,GH002,F01
P0075,0.6794153685368582,GH002,F01
P0075,0.7942970291890672,GH002,F01
P0075,0.6738261002528311,GH002,F01
P0075,0.697623011143472,GH002,F01
P0075,0.6915490275822718,GH002,F01
P0075,0.7196854845770916,GH002,F01
P0075,0.7019472327486,GH002,F01
P0075,0.755973702053087,GH002,F01
P0075,0.7168843932520614,GH002,F01
P0075,0.750225925614801,GH002,F01
P0075,0.6963890599064212,GH002,F01
P0075,0.7544223725302868,GH002,F01
P0075,0.7544763473421351,GH002,F01
P0075,0.7887561990156997,GH002,F01
P0075,0.7507686659565626,GH002,F01
P0075,0.7635537656035849,GH002,F01
P0075,0.8357640025369719,GH002,F01
P0075,0.684931078806938,GH002,F01
P0075,0.7168033649955419,GH002,F01
P0075,0.7135421107482907,GH002,F01
P0075,0.6985207869338776,GH002,F01
P0075,0.8146453759804585,GH002,F01
P0075,0.7877315715386263,GH002,F01
P0075,0.7276658760350684,GH002,F01
P0075,0.6616503064421707,GH002,F01
P0075,0.716256635481895,GH002,F01
P0075,0.5914363475512117,GH002,F01
P0075,0.7417721120494627,GH002,F01
P0075,0.6843411148853195,GH002,F01
P0075,0.6806816058905409,GH002,F01
P0075,0.8457137175243326,GH002,F01
P0075,0.836386702435343,GH002,F01
P0075,0.8214657193096042,GH002,F01
P0075,0.8147601776764958,GH002,F01
P0075,0.8286196205476782,GH002,F01
P0075,0.7975791970117099,GH002,F01
P0075,0.7798406275697135,GH002,F01
P0075,0.8340473908180026,GH002,F01
P0075,0.7261158940591778,GH002,F01
P0075,0.8249768443541078,GH002,F01
P0075,0.8355361712607782,GH002,F01
P0075,0.8328363217186946,GH002,F01
P0075,0.8502915121896373,GH002,F01
P0075,0.7241220308300851,GH002,F01
P0075,0.8288424890511776,GH002,F01
P0075,0.8340196787544055,GH002,F01
P0075,0.7953319021267626,GH002,F01
P0075,0.8033193929264937,GH002,F01
P0075,0.8482847336442741,GH002,F01
P0075,0.7503464691016828,GH002,F01
P0075,0.8506953228354461,GH002,F01
P0075,0.8690834472716054,GH002,F01
P0075,0.8379995203549697,GH002,F01
P0075,0.8844144903778467,GH002,F01
P0075,0.8333927014082587,GH002,F01
P0075,0.8280192465689789,GH002,F01
P0075,0.8452920968354035,GH002,F01
P0075,0.8333577287508914,GH002,F01
P0075,0.7205391130528853,GH002,F01
P0075,0.7748341517218748,GH002,F01
P0075,0.7777275741579383,GH002,F01
P0075,0.7581665783868619,GH002,F01
P0075,0.6941860527650817,GH002,F01
P0075,0.7676230201005176,GH002,F01
P0075,0.7867410067131156,GH002,F01
P0075,0.8495777135554495,GH002,F01
P0075,0.8122599995347242,GH002,F01
P0075,0.8187318632684887,GH002,F01
P0075,0.8713941001853168,GH002,F01
P0075,0.8342055209349348,GH002,F01
P0075,0.8598251061317945,GH002,F01
P0075,0.8673844032610148,GH002,F01
P0075,0.8656532687085295,GH002,F01
P0075,0.8565297403150296,GH002,F01
P0075,0.8617297196902529,GH002,F01
P0075,0.8475991358575165,GH002,F01
P0075,0.8225219137651837,GH002,F01
P0075,0.820809173859818,GH002,F01
P0075,0.7148300287241508,GH002,F01
P0075,0.8259169847629445,GH002,F01
P0075,0.8054899608683944,GH002,F01
P0075,0.8187793581290101,GH002,F01
P0075,0.7588677024141308,GH002,F01
P0075,0.8078679549547779,GH002,F01
P0075,0.8030815058123892,GH002,F01
P0075,0.835872453296134,GH002,F01
P0075,0.8523215738674866,GH002,F01
P0075,0.8654658925283524,GH002,F01
P0075,0.8526133514073997,GH002,F01
P0075,0.8649121981587965,GH002,F01
P0075,0.8657059320965541,GH002,F01
P0075,0.8435424397105373,GH002,F01
P0075,0.7950116677017727,GH002,F01
P0075,0.792321945571373,GH002,F01
P0075,0.8732473591860815,GH002,F01
P0075,0.7628881793764335,GH002,F01
P0075,0.8088957130741058,GH002,F01
P0075,0.6890816934917531,GH002,F01
P0075,0.6075918200828356,GH002,F01
P0075,0.6418447223673983,GH002,F01
P0075,0.8010542836964191,GH002,F01
P0075,0.8514542379766582,GH002,F01
P0075,0.836716679990347,GH002,F01
P0075,0.8009562050907612,GH002,F01
P0075,0.8523743473048864,GH002,F01
P0075,0.8252398368853554,GH002,F01
P0075,0.8189193727167758,GH002,F01
P0075,0.8466688170280922,GH002,F01
P0075,0.7954558660566331,GH002,F01
P0075,0.8048564045990649,GH002,F01
P0075,0.8116005972981699,GH002,F01
P0075,0.848058564097414,GH002,F01
P0075,0.8249277947161816,GH002,F01
P0075,0.8978502974298931,GH002,F01
P0075,0.8319238016016015,GH002,F01
P0075,0.7101473894288511,GH002,F01
P0075,0.7248039201158581,GH002,F01
P0075,0.7246648203024095,GH002,F01
P0075,0.7411119048541988,GH002,F01
P0075,0.8321189063050942,GH002,F01
P0075,0.8845502664954794,GH002,F01
P0075,0.7431091663647222,GH002,F01
P0075,0.834206449891962,GH002,F01
P0075,0.8276153736842017,GH002,F01
P0075,0.8506956016785415,GH002,F01
P0075,0.8333432954183546,GH002,F01
P0075,0.8671701864914341,GH002,F01
P0075,0.8893850273181341,GH002,F01
P0075,0.8149106379229816,GH002,F01
P0075,0.8159705123365941,GH002,F01
P0075,0.8472033901750622,GH002,F01
P0075,0.8391185596481278,GH002,F01
P0075,0.7787784429025046,GH002,F01
P0075,0.7506168031585887,GH002,F01
P0075,0.6195362468668496,GH002,F01
P0075,0.7475237801975092,GH002,F01
P0075,0.8285496628738441,GH002,F01
P0075,0.8448488459608433,GH002,F01
P0075,0.7755011134114479,GH002,F01
P0075,0.7734542142535681,GH002,F01
P0075,0.8549793298769789,GH002,F01
P0075,0.8332135975304225,GH002,F01
P0075,0.8315267614500925,GH002,F01
P0075,0.8720580139754174,GH002,F01
P0075,0.7381807638081992,GH002,F01
P0075,0.837874853859415,GH002,F01
P0075,0.8410922980812121,GH002,F01
P0075,0.8262147436459242,GH002,F01
P0075,0.8332133865897579,GH002,F01
P0075,0.8380854132229033,GH002,F01
P0076,0.7969687269379249,GH019,F08
P0076,0.8124734523886686,GH019,F08
P0076,0.761848446172144,GH019,F08
P0076,0.7457628033210932,GH019,F08
P0076,0.7884121136671909,GH019,F08
P0076,0.7817867705469327,GH019,F08
P0076,0.7810508763515468,GH019,F08
P0076,0.8031696615283097,GH019,F08
P0076,0.7817479616154078,GH019,F08
P0076,0.7717267946550578,GH019,F08
P0076,0.737310676625262,GH019,F08
P0076,0.7707872394485255,GH019,F08
P0076,0.7694673189594519,GH019,F08
P0076,0.6971450617691684,GH019,F08
P0076,0.598399259783813,GH019,F08
P0076,0.6094967004977259,GH019,F08
P0076,0.6638064046891619,GH019,F08
P0076,0.7355004403288382,GH019,F08
P0076,0.678827236007359,GH019,F08
P0076,0.6985585261222979,GH019,F08
P0076,0.7778384168402237,GH019,F08
P0076,0.7545745939123464,GH019,F08
P0076,0.652302595178552,GH019,F08
P0076,0.6452614970955479,GH019,F08
P0076,0.6728268257172911,GH019,F08
P0076,0.6877747554365461,GH019,F08
P0076,0.7340833462488541,GH019,F08
P0076,0.6786089405344767,GH019,F08
P0076,0.6748602672439613,GH019,F08
P0076,0.7219688506292279,GH019,F08
P0076,0.7511930082956272,GH019,F08
P0076,0.676104768389569,GH019,F08
P0076,0.6757325568862842,GH019,F08
P0076,0.6911421087485887,GH019,F08
P0076,0.683965193302894,GH019,F08
P0076,0.6726089559390427,GH019,F08
P0076,0.6357554796904108,GH019,F08
P0076,0.6456105308542055,GH019,F08
P0076,0.6158083873291318,GH019,F08
P0076,0.7195744411824871,GH019,F08
P0076,0.6438819372213307,GH019,F08
P0076,0.6863752853873646,GH019,F08
P0076,0.6200346082794269,GH019,F08
P0076,0.6673685127344373,GH019,F08
P0076,0.6743005105750688,GH019,F08
P0076,0.6564464654962058,GH019,F08
P0076,0.6206833862629604,GH019,F08
P0076,0.6801579691278217,GH019,F08
P0076,0.6203482423439077,GH019,F08
P0076,0.5766220073490371,GH019,F08
P0076,0.5226451705071801,GH019,F08
P0076,0.6096138513843238,GH019,F08
P0076,0.6074144422669281,GH019,F08
P0076,0.6544587418982917,GH019,F08
P0076,0.5961580608957973,GH019,F08
P0076,0.662417541369507,GH019,F08
P0076,0.662234823852553,GH019,F08
P0076,0.6859961326593702,GH019,F08
P0076,0.6910402306325645,GH019,F08
P0076,0.6666915402447174,GH019,F08
P0076,0.6888327383042863,GH019,F08
P0076,0.7317280075995832,GH019,F08
P0076,0.6488953987333733,GH019,F08
P0076,0.6966606091703929,GH019,F08
P0076,0.6536172380932228,GH019,F08
P0076,0.6459806072285142,GH019,F08
P0076,0.6965210990556183,GH019,F08
P0076,0.6552607197473093,GH019,F08
P0076,0.6708116655479466,GH019,F08
P0076,0.7019039685347408,GH019,F08
P0076,0.6977965670343964,GH019,F08
P0076,0.6899024873493129,GH019,F08
P0076,0.6858506511277319,GH019,F08
P0076,0.7810083408065013,GH019,F08
P0076,0.6861534530247352,GH019,F08
P0076,0.6956272087415719,GH019,F08
P0076,0.6783629405771734,GH019,F08
P0076,0.764195711371773,GH019,F08
P0076,0.6602882064580281,GH019,F08
P0076,0.7280763542839808,GH019,F08
P0076,0.6747990499811313,GH019,F08
P0076,0.7138638198848881,GH019,F08
P0076,0.6732284890978858,GH019,F08
P0076,0.6556860703017751,GH019,F08
P0076,0.6486733951612828,GH019,F08
P0076,0.5952063449945246,GH019,F08
P0076,0.6520451935757198,GH019,F08
P0076,0.7006087072656048,GH019,F08
P0076,0.7286158081673526,GH019,F08
P0076,0.7513351008708625,GH019,F08
P0076,0.76354602754305,GH019,F08
P0076,0.767454128668587,GH019,F08
P0076,0.7813730186053557,GH019,F08
P0076,0.7449504284677048,GH019,F08
P0076,0.7610866936544679,GH019,F08
P0076,0.6778097776004464,GH019,F08
P0076,0.7271674313376084,GH019,F08
P0076,0.7548867589197878,GH019,F08
P0076,0.670174042356485,GH019,F08
P0076,0.7639281943766817,GH019,F08
P0076,0.7264892881127147,GH019,F08
P0076,0.708770903059241,GH019,F08
P0076,0.7778784674335746,GH019,F08
P0076,0.7766556278849853,GH019,F08
P0076,0.6868312608260307,GH019,F08
P0076,0.685954418184767,GH019,F08
P0076,0.7570590571347963,GH019,F08
P0076,0.7717244183370792,GH019,F08
P0076,0.7892669250950101,GH019,F08
P0076,0.7818487180504846,GH019,F08
P0076,0.7877378029554305,GH019,F08
P0076,0.8036739576390357,GH019,F08
P0076,0.7621537245800818,GH019,F08
P0076,0.82134154454080055,GH019,F08
P0076,0.7680082864938056,GH019,F08
P0076,0.7677106553854651,GH019,F08
P0076,0.7931528031404694,GH019,F08
P0076,0.8408772572693328,GH019,F08
P0076,0.7560585308423298,GH019,F08
P0076,0.6356785589145477,GH019,F08
P0076,0.7478179137956649,GH019,F08
P0076,0.7069590020154564,GH019,F08
P0076,0.631465371814214,GH019,F08
P0076,0.703438097969376,GH019,F08
P0076,0.7027913543704112,GH019,F08
P0076,0.6995430106917796,GH019,F08
P0076,0.7807036617821633,GH019,F08
P0076,0.775122666085296,GH019,F08
P0076,0.7644761373113718,GH019,F08
P0076,0.8133460981328294,GH019,F08
P0076,0.7831531094984917,GH019,F08
P0076,0.8029019819090111,GH019,F08
P0076,0.7873909831361705,GH019,F08
P0076,0.753002309785875,GH019,F08
P0076,0.7851011721720367,GH019,F08
P0076,0.8300044841857266,GH019,F08
P0076,0.7303067730764676,GH019,F08
P0076,0.6637015909942516,GH019,F08
P0076,0.7592801362371011,GH019,F08
P0076,0.7627358000931548,GH019,F08
P0076,0.8285010407033169,GH019,F08
P0076,0.7163654371430914,GH019,F08
P0076,0.7733609746233656,GH019,F08
P0076,0.8045600156390712,GH019,F08
P0076,0.7111586467534674,GH019,F08
P0076,0.7334274332385898,GH019,F08
P0076,0.8325649195183014,GH019,F08
P0076,0.762696926669791,GH019,F08
P0076,0.7569892558789806,GH019,F08
P0076,0.7895135956576119,GH019,F08
P0076,0.8094464219670703,GH019,F08
P0076,0.7790481146148036,GH019,F08
P0076,0.7961472258623853,GH019,F08
P0076,0.723215762201836,GH019,F08
P0076,0.8114087962995427,GH019,F08
P0076,0.6533101119587509,GH019,F08
P0076,0.7458358471904168,GH019,F08
P0076,0.6202294967253243,GH019,F08
P0076,0.6177532724129029,GH019,F08
P0076,0.7067063008767482,GH019,F08
P0076,0.7358598903636758,GH019,F08
P0076,0.7923123810163211,GH019,F08
P0076,0.768628619269811,GH019,F08
P0076,0.8293549940244405,GH019,F08
P0076,0.7820030718089882,GH019,F08
P0076,0.7884752548469842,GH019,F08
P0076,0.7905715074203593,GH019,F08
P0076,0.7679541510741669,GH019,F08
P0076,0.788806925757628,GH019,F08
P0076,0.750094565608573,GH019,F08
P0076,0.7649949437779227,GH019,F08
P0076,0.7958586155715699,GH019,F08
P0076,0.7821226205145357,GH019,F08
P0076,0.7983036203713164,GH019,F08
P0076,0.6755650878249535,GH019,F08
P0076,0.7001119919721939,GH019,F08
P0076,0.8129104728265775,GH019,F08
P0076,0.8028212185314935,GH019,F08
P0076,0.7355108307350475,GH019,F08
P0076,0.7647350847300403,GH019,F08
P0076,0.7619211641339783,GH019,F08
P0076,0.7935830197954754,GH019,F08
P0076,0.7841896909803728,GH019,F08
P0076,0.8147176011011986,GH019,F08
P0076,0.775880520419161,GH019,F08
P0076,0.7782431665035011,GH019,F08
P0076,0.8153001132373481,GH019,F08
P0076,0.7668191538373017,GH019,F08
P0076,0.7306426512676379,GH019,F08
P0076,0.7344536993679035,GH019,F08
P0076,0.8064036705391018,GH019,F08
P0076,0.6658698504763805,GH019,F08
P0076,0.671552658700301,GH019,F08
P0076,0.5710303133678608,GH019,F08
P0076,0.6563532978436111,GH019,F08
P0076,0.7184056359622515,GH019,F08
P0076,0.7298814296380065,GH019,F08
P0076,0.808083399854291,GH019,F08
P0076,0.789470671293361,GH019,F08
P0076,0.7816819320034198,GH019,F08
P0076,0.7811297484559411,GH019,F08
P0076,0.8525875410064367,GH019,F08
P0076,0.7758811290209746,GH019,F08
P0076,0.804986242085738,GH019,F08
P0076,0.7690820892116997,GH019,F08
P0076,0.7956182236042728,GH019,F08
P0076,0.7616220926651421,GH019,F08
P0076,0.7726013289438173,GH019,F08
P0076,0.8072287768123051,GH019,F08
P0076,0.7582832193919202,GH019,F08
P0077,0.8300247363363411,GH019,F08
P0077,0.8045701872539036,GH019,F08
P0077,0.7985569423015477,GH019,F08
P0077,0.8393638371936758,GH019,F08
P0077,0.8089616699522288,GH019,F08
P0077,0.8154547826182333,GH019,F08
P0077,0.824366475908894,GH019,F08
P0077,0.8038630305752642,GH019,F08
P0077,0.8150617779384193,GH019,F08
P0077,0.8177856580943759,GH019,F08
P0077,0.8026155656173436,GH019,F08
P0077,0.735757410376725,GH019,F08
P0077,0.6977851478437316,GH019,F08
P0077,0.8091671685673791,GH019,F08
P0077,0.650351618147652,GH019,F08
P0077,0.6533425428972114,GH019,F08
P0077,0.6237192676274864,GH019,F08
P0077,0.7585849198103896,GH019,F08
P0077,0.7269905905711614,GH019,F08
P0077,0.7346817259443323,GH019,F08
P0077,0.719595202821967,GH019,F08
P0077,0.7139747565878413,GH019,F08
P0077,0.7123695766718489,GH019,F08
P0077,0.7467547095923089,GH019,F08
P0077,0.6819606436547512,GH019,F08
P0077,0.7064527057706252,GH019,F08
P0077,0.7638122458595684,GH019,F08
P0077,0.7475893408647135,GH019,F08
P0077,0.7313560386149318,GH019,F08
P0077,0.6975870192655614,GH019,F08
P0077,0.6856606064116119,GH019,F08
P0077,0.6804162170472758,GH019,F08
P0077,0.6945393795206131,GH019,F08
P0077,0.7491171685242064,GH019,F08
P0077,0.691978998592117,GH019,F08
P0077,0.6557541494450796,GH019,F08
P0077,0.6964916306589068,GH019,F08
P0077,0.7007871091954802,GH019,F08
P0077,0.6794205279733002,GH019,F08
P0077,0.6728734843611627,GH019,F08
P0077,0.6981593286839199,GH019,F08
P0077,0.7399118467133596,GH019,F08
P0077,0.7001682408558779,GH019,F08
P0077,0.684942183958096,GH019,F08
P0077,0.7299327870255035,GH019,F08
P0077,0.7144258093421348,GH019,F08
P0077,0.7259664001868746,GH019,F08
P0077,0.6608487189641901,GH019,F08
P0077,0.6302329210240412,GH019,F08
P0077,0.6339632432704472,GH019,F08
P0077,0.5471959224466694,GH019,F08
P0077,0.5842612389110896,GH019,F08
P0077,0.6968809861023325,GH019,F08
P0077,0.6650099261795194,GH019,F08
P0077,0.7607425087739083,GH019,F08
P0077,0.7217076743542146,GH019,F08
P0077,0.6688879724497949,GH019,F08
P0077,0.7263771098477969,GH019,F08
P0077,0.7005265960653846,GH019,F08
P0077,0.7057385436493031,GH019,F08
P0077,0.7240012184567554,GH019,F08
P0077,0.6940989558516043,GH019,F08
P0077,0.726840133499868,GH019,F08
P0077,0.696874939078282,GH019,F08
P0077,0.6109575606059521,GH019,F08
P0077,0.667533835684188,GH019,F08
P0077,0.6853861092413983,GH019,F08
P0077,0.707621681049481,GH019,F08
P0077,0.7410345012503707,GH019,F08
P0077,0.6854867201792901,GH019,F08
P0077,0.714403398487057,GH019,F08
P0077,0.6926952872814409,GH019,F08
P0077,0.7721006107452089,GH019,F08
P0077,0.7177137010517343,GH019,F08
P0077,0.7296648359003379,GH019,F08
P0077,0.6982888624329868,GH019,F08
P0077,0.7328642107618342,GH019,F08
P0077,0.722654241856265,GH019,F08
P0077,0.7220508332985502,GH019,F08
P0077,0.7015306799276846,GH019,F08
P0077,0.6841806141530667,GH019,F08
P0077,0.7956014256736522,GH019,F08
P0077,0.6962507784045529,GH019,F08
P0077,0.7080266481712993,GH019,F08
P0077,0.6723838342926516,GH019,F08
P0077,0.6466787849797829,GH019,F08
P0077,0.6381278828683342,GH019,F08
P0077,0.634319077195884,GH019,F08
P0077,0.6131160549534725,GH019,F08
P0077,0.7934343828420812,GH019,F08
P0077,0.8000059127391176,GH019,F08
P0077,0.7353737085019848,GH019,F08
P0077,0.7959235697076303,GH019,F08
P0077,0.720062829544654,GH019,F08
P0077,0.7047258770308855,GH019,F08
P0077,0.7390025877683186,GH019,F08
P0077,0.8223807921192768,GH019,F08
P0077,0.7436273114462006,GH019,F08
P0077,0.834331319804997,GH019,F08
P0077,0.8187105611003264,GH019,F08
P0077,0.8043950678209443,GH019,F08
P0077,0.8318010585243663,GH019,F08
P0077,0.8235124595751339,GH019,F08
P0077,0.7265241596566038,GH019,F08
P0077,0.814861890554101,GH019,F08
P0077,0.8356898694379488,GH019,F08
P0077,0.8484525245392405,GH019,F08
P0077,0.8081886078681222,GH019,F08
P0077,0.8155426064502296,GH019,F08
P0077,0.8287277359335072,GH019,F08
P0077,0.8432785981381578,GH019,F08
P0077,0.8040061236053079,GH019,F08
P0077,0.7997961792211906,GH019,F08
P0077,0.8447595692703179,GH019,F08
P0077,0.8417727201665824,GH019,F08
P0077,0.810201743001317,GH019,F08
P0077,0.7839889134277036,GH019,F08
P0077,0.8206227573299877,GH019,F08
P0077,0.8300493630175146,GH019,F08
P0077,0.8660928446400433,GH019,F08
P0077,0.6837547403706015,GH019,F08
P0077,0.7843553118783456,GH019,F08
P0077,0.6152478358265551,GH019,F08
P0077,0.7497335771985445,GH019,F08
P0077,0.8481926009190407,GH019,F08
P0077,0.8221037310463181,GH019,F08
P0077,0.8535081707387455,GH019,F08
P0077,0.8241171282351045,GH019,F08
P0077,0.8146920415747367,GH019,F08
P0077,0.7768011029763171,GH019,F08
P0077,0.8344031635078369,GH019,F08
P0077,0.8262345774576672,GH019,F08
P0077,0.814531246562234,GH019,F08
P0077,0.8541769191555856,GH019,F08
P0077,0.8204742197877045,GH019,F08
P0077,0.8240993676177489,GH019,F08
P0077,0.7939319371336757,GH019,F08
P0077,0.806537495986308,GH019,F08
P0077,0.8181268634972603,GH019,F08
P0077,0.8598459297226895,GH019,F08
P0077,0.8083199342900788,GH019,F08
P0077,0.726212666054309,GH019,F08
P0077,0.8128679394734857,GH019,F08
P0077,0.8238361114398138,GH019,F08
P0077,0.8706811677522176,GH019,F08
P0077,0.8574369795086293,GH019,F08
P0077,0.8222461767059928,GH019,F08
P0077,0.7706900159842206,GH019,F08
P0077,0.7881552905275901,GH019,F08
P0077,0.7779758250240704,GH019,F08
P0077,0.7960558561645537,GH019,F08
P0077,0.8145457565330879,GH019,F08
P0077,0.8139948974943232,GH019,F08
P0077,0.8215380106263078,GH019,F08
P0077,0.8048132797616203,GH019,F08
P0077,0.7989451393383302,GH019,F08
P0077,0.756127026076552,GH019,F08
P0077,0.7246478838549351,GH019,F08
P0077,0.7135425115868367,GH019,F08
P0077,0.6650002489895649,GH019,F08
P0077,0.7385835547965955,GH019,F08
P0077,0.8616763888146639,GH019,F08
P0077,0.7847440401897321,GH019,F08
P0077,0.8079475310797949,GH019,F08
P0077,0.8028828438436952,GH019,F08
P0077,0.8402546450704415,GH019,F08
P0077,0.7881535686390442,GH019,F08
P0077,0.7965710302595699,GH019,F08
P0077,0.7802706104097681,GH019,F08
P0077,0.8322728469575015,GH019,F08
P0077,0.8185792373103568,GH019,F08
P0077,0.8275444890584667,GH019,F08
P0077,0.8137422228199921,GH019,F08
P0077,0.8200275579327138,GH019,F08
P0077,0.866784352033048,GH019,F08
P0077,0.682561214779516,GH019,F08
P0077,0.7116214354031297,GH019,F08
P0077,0.7781305626017982,GH019,F08
P0077,0.8631870471392865,GH019,F08
P0077,0.8318924257252245,GH019,F08
P0077,0.8185185078178602,GH019,F08
P0077,0.8176530704126382,GH019,F08
P0077,0.8213783015366645,GH019,F08
P0077,0.805431178454342,GH019,F08
P0077,0.790172480528894,GH019,F08
P0077,0.8198637198293209,GH019,F08
P0077,0.8261872626226826,GH019,F08
P0077,0.8127797820009286,GH019,F08
P0077,0.84613635621526,GH019,F08
P0077,0.8275570238313065,GH019,F08
P0077,0.8192665689736759,GH019,F08
P0077,0.852034800240289,GH019,F08
P0077,0.7197134301918466,GH019,F08
P0077,0.7439634245914991,GH019,F08
P0077,0.6479065359188215,GH019,F08
P0077,0.7360691870668514,GH019,F08
P0077,0.7693552581736948,GH019,F08
P0077,0.8371520074039583,GH019,F08
P0077,0.8320050185403681,GH019,F08
P0077,0.8417316807004003,GH019,F08
P0077,0.8372840414371948,GH019,F08
P0077,0.8443272539913348,GH019,F08
P0077,0.8200847952155119,GH019,F08
P0077,0.8013400900356555,GH019,F08
P0077,0.8367623660713666,GH019,F08
P0077,0.8462458475527508,GH019,F08
P0077,0.8079550684112411,GH019,F08
P0077,0.7823088111305704,GH019,F08
P0077,0.8504789608046842,GH019,F08
P0077,0.8010651151027908,GH019,F08
P0078,0.8025056731025468,GH009,F06
P0078,0.7809050338445961,GH009,F06
P0078,0.7922627520169665,GH009,F06
P0078,0.7979467299415085,GH009,F06
P0078,0.7943661221423562,GH009,F06
P0078,0.7847951760702113,GH009,F06
P0078,0.7997782275485406,GH009,F06
P0078,0.6943319253278238,GH009,F06
P0078,0.8122524353722157,GH009,F06
P0078,0.8166961442461466,GH009,F06
P0078,0.7499538464853134,GH009,F06
P0078,0.7553980293756154,GH009,F06
P0078,0.7442668535602431,GH009,F06
P0078,0.620879419384141,GH009,F06
P0078,0.5483550666064069,GH009,F06
P0078,0.5827459168462251,GH009,F06
P0078,0.6698845524910743,GH009,F06
P0078,0.7490187913464094,GH009,F06
P0078,0.749692289536352,GH009,F06
P0078,0.7658207569150236,GH009,F06
P0078,0.7582357366630108,GH009,F06
P0078,0.7236748877648435,GH009,F06
P0078,0.6891074668207612,GH009,F06
P0078,0.672015794248642,GH009,F06
P0078,0.7627503909423138,GH009,F06
P0078,0.6804029826184228,GH009,F06
P0078,0.6918184815616282,GH009,F06
P0078,0.6720442202757533,GH009,F06
P0078,0.66096211173239106,GH009,F06
P0078,0.6978441166190683,GH009,F06
P0078,0.7734999538548649,GH009,F06
P0078,0.600205701282757,GH009,F06
P0078,0.6578673080763637,GH009,F06
P0078,0.6705901250091675,GH009,F06
P0078,0.6327111050025761,GH009,F06
P0078,0.7444935314246736,GH009,F06
P0078,0.669346167251572,GH009,F06
P0078,0.68323416994708,GH009,F06
P0078,0.7698049534181483,GH009,F06
P0078,0.6814304483660141,GH009,F06
P0078,0.6772105285581514,GH009,F06
P0078,0.6615174116030529,GH009,F06
P0078,0.7271635785591154,GH009,F06
P0078,0.6828309577989574,GH009,F06
P0078,0.7430133688656512,GH009,F06
P0078,0.6402909048775527,GH009,F06
P0078,0.6536175177055905,GH009,F06
P0078,0.6061524050307692,GH009,F06
P0078,0.6493439663511181,GH009,F06
P0078,0.6055855167936286,GH009,F06
P0078,0.5320233227208978,GH009,F06
P0078,0.5877680908304483,GH009,F06
P0078,0.6074326190841977,GH009,F06
P0078,0.6493910120195295,GH009,F06
P0078,0.7268110907890704,GH009,F06
P0078,0.6147570876920575,GH009,F06
P0078,0.6954099239396017,GH009,F06
P0078,0.6513632521011434,GH009,F06
P0078,0.6329134737826132,GH009,F06
P0078,0.7081530565997647,GH009,F06
P0078,0.6285935239983923,GH009,F06
P0078,0.6973224101773542,GH009,F06
P0078,0.6948302295118408,GH009,F06
P0078,0.7142093400493892,GH009,F06
P0078,0.6507779431100577,GH009,F06
P0078,0.6663861222934928,GH009,F06
P0078,0.7298816982652881,GH009,F06
P0078,0.7680725347358075,GH009,F06
P0078,0.65529404784151,GH009,F06
P0078,0.6193440216350165,GH009,F06
P0078,0.6369743184791244,GH009,F06
P0078,0.7115792910427069,GH009,F06
P0078,0.6712868213672174,GH009,F06
P0078,0.6872062873906709,GH009,F06
P0078,0.6761606264017453,GH009,F06
P0078,0.7896934440083433,GH009,F06
P0078,0.680656733992087,GH009,F06
P0078,0.7238145874536467,GH009,F06
P0078,0.7057321276262679,GH009,F06
P0078,0.6600067429682747,GH009,F06
P0078,0.7556346728831319,GH009,F06
P0078,0.7179304378089053,GH009,F06
P0078,0.6993340795220127,GH009,F06
P0078,0.6517043698869455,GH009,F06
P0078,0.6249437169947201,GH009,F06
P0078,0.5486390894735811,GH009,F06
P0078,0.5364643633616347,GH009,F06
P0078,0.5358828848229347,GH009,F06
P0078,0.6884194793478243,GH009,F06
P0078,0.6908118774729489,GH009,F06
P0078,0.7173445010098736,GH009,F06
P0078,0.7944247092750557,GH009,F06
P0078,0.7056313956141185,GH009,F06
P0078,0.7970867359867609,GH009,F06
P0078,0.8063926483637968,GH009,F06
P0078,0.7801635931502972,GH009,F06
P0078,0.6899822894354275,GH009,F06
P0078,0.8017693760149338,GH009,F06
P0078,0.7962354061367105,GH009,F06
P0078,0.7969482681117721,GH009,F06
P0078,0.7663894596506888,GH009,F06
P0078,0.7762425336658343,GH009,F06
P0078,0.7692446866196955,GH009,F06
P0078,0.6943687581514718,GH009,F06
P0078,0.8076257400715658,GH009,F06
P0078,0.6952098560633545,GH009,F06
P0078,0.6802601748289829,GH009,F06
P0078,0.7861761502140249,GH009,F06
P0078,0.7648133356703107,GH009,F06
P0078,0.7913521421982345,GH009,F06
P0078,0.7117659550566076,GH009,F06
P0078,0.7878634322889942,GH009,F06
P0078,0.7235533519975812,GH009,F06
P0078,0.781001707648822,GH009,F06
P0078,0.8011132870005394,GH009,F06
P0078,0.7862428426749654,GH009,F06
P0078,0.7643323811669691,GH009,F06
P0078,0.7908434303703726,GH009,F06
P0078,0.8060446050934048,GH009,F06
P0078,0.7680881485452367,GH009,F06
P0078,0.6801869067494796,GH009,F06
P0078,0.6089875929220617,GH009,F06
P0078,0.6229879879615674,GH009,F06
P0078,0.6996857872169929,GH009,F06
P0078,0.685475750844242,GH009,F06
P0078,0.7585430358768201,GH009,F06
P0078,0.7564107752931293,GH009,F06
P0078,0.7151742429166719,GH009,F06
P0078,0.7898914504839629,GH009,F06
P0078,0.8130306260570509,GH009,F06
P0078,0.801915932325757,GH009,F06
P0078,0.8319722898134052,GH009,F06
P0078,0.8102894492229381,GH009,F06
P0078,0.762456128221457,GH009,F06
P0078,0.7883986401854216,GH009,F06
P0078,0.7843982057701995,GH009,F06
P0078,0.7620616020056583,GH009,F06
P0078,0.7159759285826613,GH009,F06
P0078,0.7819758221797828,GH009,F06
P0078,0.7127425111551929,GH009,F06
P0078,0.7881449497325853,GH009,F06
P0078,0.6554059135776155,GH009,F06
P0078,0.8084001286936111,GH009,F06
P0078,0.8283639599238676,GH009,F06
P0078,0.7297722324069021,GH009,F06
P0078,0.7714302045467236,GH009,F06
P0078,0.8135038657085816,GH009,F06
P0078,0.7698356453270828,GH009,F06
P0078,0.7765928670100902,GH009,F06
P0078,0.8255034049943454,GH009,F06
P0078,0.7765073613903404,GH009,F06
P0078,0.8205150600923271,GH009,F06
P0078,0.715499401058632,GH009,F06
P0078,0.7813122573238409,GH009,F06
P0078,0.7518486371257141,GH009,F06
P0078,0.7581745981775568,GH009,F06
P0078,0.6837328613801881,GH009,F06
P0078,0.6227374346081541,GH009,F06
P0078,0.6354903917590304,GH009,F06
P0078,0.6870347939906408,GH009,F06
P0078,0.7201502968141167,GH009,F06
P0078,0.7600021977361232,GH009,F06
P0078,0.8154572158913038,GH009,F06
P0078,0.7970910729908024,GH009,F06
P0078,0.7838701526172431,GH009,F06
P0078,0.771674402171219,GH009,F06
P0078,0.7983071895428292,GH009,F06
P0078,0.8188453878478151,GH009,F06
P0078,0.8121957995010106,GH009,F06
P0078,0.8440351962808872,GH009,F06
P0078,0.7733480949083485,GH009,F06
P0078,0.7754855073640224,GH009,F06
P0078,0.7909096441885552,GH009,F06
P0078,0.7280747900908182,GH009,F06
P0078,0.75000647485185,GH009,F06
P0078,0.7219552314492595,GH009,F06
P0078,0.6590744953027265,GH009,F06
P0078,0.7158286901611564,GH009,F06
P0078,0.7850490589986482,GH009,F06
P0078,0.6854957292133519,GH009,F06
P0078,0.8172535332165062,GH009,F06
P0078,0.8166828804770616,GH009,F06
P0078,0.837471446124207,GH009,F06
P0078,0.6679161854010788,GH009,F06
P0078,0.8213554389061908,GH009,F06
P0078,0.8042778852882579,GH009,F06
P0078,0.7783990381336847,GH009,F06
P0078,0.8013181219777796,GH009,F06
P0078,0.7748075483847363,GH009,F06
P0078,0.7729497136498034,GH009,F06
P0078,0.7566718637011997,GH009,F06
P0078,0.7671984771941688,GH009,F06
P0078,0.7277112438592878,GH009,F06
P0078,0.6961725202901918,GH009,F06
P0078,0.6771419858791785,GH009,F06
P0078,0.6145548206354748,GH009,F06
P0078,0.7433469620305753,GH009,F06
P0078,0.7755028780602936,GH009,F06
P0078,0.8393653894133082,GH009,F06
P0078,0.6686560526526728,GH009,F06
P0078,0.8148494229089767,GH009,F06
P0078,0.8110726342867496,GH009,F06
P0078,0.8006595013988872,GH009,F06
P0078,0.712117071912037,GH009,F06
P0078,0.7769400859579583,GH009,F06
P0078,0.8038581199581237,GH009,F06
P0078,0.7679368793647076,GH009,F06
P0078,0.7153887401856225,GH009,F06
P0078,0.7754649914843691,GH009,F06
P0078,0.7694867939969564,GH009,F06
P0079,0.8778531303987386,GH017,F08
P0079,0.7798962314188149,GH017,F08
P0079,0.8777240560211821,GH017,F08
P0079,0.8548380192909839,GH017,F08
P0079,0.8319924258975413,GH017,F08
P0079,0.844620521511505,GH017,F08
P0079,0.8422309760245946,GH017,F08
P0079,0.8622648755365528,GH017,F08
P0079,0.7955487455478928,GH017,F08
P0079,0.7939478731051418,GH017,F08
P0079,0.7566389722437903,GH017,F08
P0079,0.8062307475254343,GH017,F08
P0079,0.8383692059182071,GH017,F08
P0079,0.7515441441793197,GH017,F08
P0079,0.7340468673683836,GH017,F08
P0079,0.5902344910188351,GH017,F08
P0079,0.6578759131703708,GH017,F08
P0079,0.7368997523882319,GH017,F08
P0079,0.8139558235449131,GH017,F08
P0079,0.8584658977245914,GH017,F08
P0079,0.7800497090226012,GH017,F08
P0079,0.7884681267547636,GH017,F08
P0079,0.7922580637389642,GH017,F08
P0079,0.7460141235466664,GH017,F08
P0079,0.7773278220243995,GH017,F08
P0079,0.8075564201192877,GH017,F08
P0079,0.7678603292809552,GH017,F08
P0079,0.7336934416271905,GH017,F08
P0079,0.7047573405822861,GH017,F08
P0079,0.8133082291498784,GH017,F08
P0079,0.7255337282906456,GH017,F08
P0079,0.7127521813085235,GH017,F08
P0079,0.7175622116301883,GH017,F08
P0079,0.7128814278759816,GH017,F08
P0079,0.7249160571442952,GH017,F08
P0079,0.6778552615323955,GH017,F08
P0079,0.7106018152785399,GH017,F08
P0079,0.8118777135594802,GH017,F08
P0079,0.6988046424048235,GH017,F08
P0079,0.7237396697298919,GH017,F08
P0079,0.814671949823498,GH017,F08
P0079,0.7315552915048664,GH017,F08
P0079,0.7549673517414072,GH017,F08
P0079,0.684805127441449,GH017,F08
P0079,0.7432856077950362,GH017,F08
P0079,0.7271729771040573,GH017,F08
P0079,0.6888331979707543,GH017,F08
P0079,0.716107204843859,GH017,F08
P0079,0.6653703798216215,GH017,F08
P0079,0.608207063866507,GH017,F08
P0079,0.6528611160914323,GH017,F08
P0079,0.626788162706423,GH017,F08
P0079,0.677329791771007,GH017,F08
P0079,0.7335334895272898,GH017,F08
P0079,0.7387000443239642,GH017,F08
P0079,0.7048225721325126,GH017,F08
P0079,0.8182500958716725,GH017,F08
P0079,0.6902024653596267,GH017,F08
P0079,0.7301991369442902,GH017,F08
P0079,0.7601106930128608,GH017,F08
P0079,0.7179372804590464,GH017,F08
P0079,0.764464188288961,GH017,F08
P0079,0.7415533283297637,GH017,F08
P0079,0.7268334281548909,GH017,F08
P0079,0.772637445172113,GH017,F08
P0079,0.7111873559223335,GH017,F08
P0079,0.7804029410080454,GH017,F08
P0079,0.7298917048307172,GH017,F08
P0079,0.6735222542020448,GH017,F08
P0079,0.7676762990206005,GH017,F08
P0079,0.8033899934565867,GH017,F08
P0079,0.7468107432896006,GH017,F08
P0079,0.7634922541986603,GH017,F08
P0079,0.6846727404662636,GH017,F08
P0079,0.7428038803197062,GH017,F08
P0079,0.7703730574852228,GH017,F08
P0079,0.816300825583386,GH017,F08
P0079,0.8222661622212343,GH017,F08
P0079,0.7198133043674613,GH017,F08
P0079,0.7361326918531179,GH017,F08
P0079,0.7397786514417505,GH017,F08
P0079,0.7155218146000648,GH017,F08
P0079,0.8216107780350598,GH017,F08
P0079,0.8067883090753455,GH017,F08
P0079,0.7274688140184552,GH017,F08
P0079,0.6727420913381539,GH017,F08
P0079,0.6468582713729163,GH017,F08
P0079,0.6615002528716232,GH017,F08
P0079,0.7088239170075692,GH017,F08
P0079,0.8181224397687683,GH017,F08
P0079,0.8123716121409073,GH017,F08
P0079,0.8345349588792257,GH017,F08
P0079,0.8326428346409178,GH017,F08
P0079,0.8617421400389931,GH017,F08
P0079,0.849947784692627,GH017,F08
P0079,0.8587885408732143,GH017,F08
P0079,0.8340995976485799,GH017,F08
P0079,0.8136012429512086,GH017,F08
P0079,0.8610228035776383,GH017,F08
P0079,0.8186875953843775,GH017,F08
P0079,0.8383537364185147,GH017,F08
P0079,0.833396830510156,GH017,F08
P0079,0.6973439275218458,GH017,F08
P0079,0.746322903820114,GH017,F08
P0079,0.7661768167823787,GH017,F08
P0079,0.8417709154842828,GH017,F08
P0079,0.7833428234328497,GH017,F08
P0079,0.7852052108651482,GH017,F08
P0079,0.8472122760601558,GH017,F08
P0079,0.8598382177739616,GH017,F08
P0079,0.8507444047313926,GH017,F08
P0079,0.8779087374968529,GH017,F08
P0079,0.8720881848532203,GH017,F08
P0079,0.8350133835592655,GH017,F08
P0079,0.8486301641492748,GH017,F08
P0079,0.7436470688936465,GH017,F08
P0079,0.7669268113769226,GH017,F08
P0079,0.8145409784685526,GH017,F08
P0079,0.7989887863011654,GH017,F08
P0079,0.8405762725626428,GH017,F08
P0079,0.714468733692558,GH017,F08
P0079,0.7454509506218724,GH017,F08
P0079,0.623266683597373,GH017,F08
P0079,0.7182695223958218,GH017,F08
P0079,0.7193446825161168,GH017,F08
P0079,0.8831602867769687,GH017,F08
P0079,0.8292389909077569,GH017,F08
P0079,0.7750618163367955,GH017,F08
P0079,0.8707348342054746,GH017,F08
P0079,0.8738661745331124,GH017,F08
P0079,0.8369270386789937,GH017,F08
P0079,0.8660024089177225,GH017,F08
P0079,0.8642911145081604,GH017,F08
P0079,0.8224125760351293,GH017,F08
P0079,0.8392384246207577,GH017,F08
P0079,0.8583283994784258,GH017,F08
P0079,0.8515104935176576,GH017,F08
P0079,0.8260733445873542,GH017,F08
P0079,0.7940597436924559,GH017,F08
P0079,0.8382474388899037,GH017,F08
P0079,0.8270683121102178,GH017,F08
P0079,0.7485932488300225,GH017,F08
P0079,0.775021806282882,GH017,F08
P0079,0.8741228328465004,GH017,F08
P0079,0.8402319324950992,GH017,F08
P0079,0.8724768744837573,GH017,F08
P0079,0.7736706962511863,GH017,F08
P0079,0.8026725617834106,GH017,F08
P0079,0.835174045605371,GH017,F08
P0079,0.8445356045826337,GH017,F08
P0079,0.8811958938897266,GH017,F08
P0079,0.8805760184728741,GH017,F08
P0079,0.832959807798557,GH017,F08
P0079,0.8773265416913897,GH017,F08
P0079,0.88138997866296,GH017,F08
P0079,0.7683052834911894,GH017,F08
P0079,0.7119876118978284,GH017,F08
P0079,0.6278614019331744,GH017,F08
P0079,0.63272568498244,GH017,F08
P0079,0.741296901722175,GH017,F08
P0079,0.8027667292474941,GH017,F08
P0079,0.7741854815160335,GH017,F08
P0079,0.8078068616877631,GH017,F08
P0079,0.822683881710597,GH017,F08
P0079,0.9036215976616339,GH017,F08
P0079,0.832484544854627,GH017,F08
P0079,0.8373974686682392,GH017,F08
P0079,0.8544291740122457,GH017,F08
P0079,0.8540694384568136,GH017,F08
P0079,0.8565837186961626,GH017,F08
P0079,0.8926536211624347,GH017,F08
P0079,0.852524033533164,GH017,F08
P0079,0.7904849448242692,GH017,F08
P0079,0.7774196428569013,GH017,F08
P0079,0.8448500189476361,GH017,F08
P0079,0.8732181534585866,GH017,F08
P0079,0.7609430051053891,GH017,F08
P0079,0.7767774927904911,GH017,F08
P0079,0.8607591322303363,GH017,F08
P0079,0.777412996198573,GH017,F08
P0079,0.8278234098582596,GH017,F08
P0079,0.8419804662178383,GH017,F08
P0079,0.7892607517195954,GH017,F08
P0079,0.872053992480249,GH017,F08
P0079,0.8431759065820876,GH017,F08
P0079,0.8730652048344384,GH017,F08
P0079,0.8813568381444048,GH017,F08
P0079,0.8704171554626006,GH017,F08
P0079,0.859006084167943,GH017,F08
P0079,0.7765366313512988,GH017,F08
P0079,0.8570090842986198,GH017,F08
P0079,0.7331905107816044,GH017,F08
P0079,0.6989424167247267,GH017,F08
P0079,0.7066598142606375,GH017,F08
P0079,0.7491252513064415,GH017,F08
P0079,0.754206329456111,GH017,F08
P0079,0.8101946339054036,GH017,F08
P0079,0.871651428184419,GH017,F08
P0079,0.7489559267489122,GH017,F08
P0079,0.8717595455827399,GH017,F08
P0079,0.8689309199251304,GH017,F08
P0079,0.8572934318708708,GH017,F08
P0079,0.8737546674090668,GH017,F08
P0079,0.8650975297689286,GH017,F08
P0079,0.8414574891125297,GH017,F08
P0079,0.8578144254491448,GH017,F08
P0079,0.8647496568706582,GH017,F08
P0079,0.8630539761936875,GH017,F08
P0079,0.8804026663925508,GH017,F08
P0079,0.7539370000006732,GH017,F08
P0080,0.7993633776015192,GH016,F05
P0080,0.7979960533583768,GH016,F05
P0080,0.808227110388533,GH016,F05
P0080,0.7494586509095648,GH016,F05
P0080,0.7577654033320161,GH016,F05
P0080,0.8375981365769062,GH016,F05
P0080,0.8099146542184517,GH016,F05
P0080,0.8270539882774404,GH016,F05
P0080,0.7173672238184119,GH016,F05
P0080,0.7884532006584795,GH016,F05
P0080,0.7040739146212903,GH016,F05
P0080,0.814589399044217,GH016,F05
P0080,0.6991825576572953,GH016,F05
P0080,0.6842746729884941,GH016,F05
P0080,0.631735236254134,GH016,F05
P0080,0.6124229629017066,GH016,F05
P0080,0.647999004044691,GH016,F05
P0080,0.758073036779296,GH016,F05
P0080,0.6794177270635801,GH016,F05
P0080,0.69843664717744,GH016,F05
P0080,0.7882672443161269,GH016,F05
P0080,0.7796734458707311,GH016,F05
P0080,0.7380194918066291,GH016,F05
P0080,0.6674978773998541,GH016,F05
P0080,0.8041598273049674,GH016,F05
P0080,0.6703707428982627,GH016,F05
P0080,0.6979593122422797,GH016,F05
P0080,0.7710045843146902,GH016,F05
P0080,0.675609738360798,GH016,F05
P0080,0.6674201319768123,GH016,F05
P0080,0.6621801960831281,GH016,F05
P0080,0.650465845188692,GH016,F05
P0080,0.6989211617109138,GH016,F05
P0080,0.7375948463678467,GH016,F05
P0080,0.6683474531395348,GH016,F05
P0080,0.68335703974411,GH016,F05
P0080,0.7168084217596403,GH016,F05
P0080,0.7470570112480802,GH016,F05
P0080,0.7138908166549601,GH016,F05
P0080,0.7090954774363136,GH016,F05
P0080,0.6911079715618325,GH016,F05
P0080,0.6837214972391942,GH016,F05
P0080,0.6881483970866544,GH016,F05
P0080,0.67417268288662,GH016,F05
P0080,0.6320589579384421,GH016,F05
P0080,0.7208700957311419,GH016,F05
P0080,0.6861856407557494,GH016,F05
P0080,0.6876124171781479,GH016,F05
P0080,0.6388730798038307,GH016,F05
P0080,0.5810302734371526,GH016,F05
P0080,0.559816819217933,GH016,F05
P0080,0.5701517088427269,GH016,F05
P0080,0.6289380911852243,GH016,F05
P0080,0.6842741021640983,GH016,F05
P0080,0.6716602761168365,GH016,F05
P0080,0.798863968866085,GH016,F05
P0080,0.6810486700803338,GH016,F05
P0080,0.6950544143259861,GH016,F05
P0080,0.7720207916638917,GH016,F05
P0080,0.6874836813299448,GH016,F05
P0080,0.6919548449305198,GH016,F05
P0080,0.6761239058660169,GH016,F05
P0080,0.6890572744226046,GH016,F05
P0080,0.7466786368366508,GH016,F05
P0080,0.5975542591294506,GH016,F05
P0080,0.6726494786818069,GH016,F05
P0080,0.7172112424901477,GH016,F05
P0080,0.7522206745633627,GH016,F05
P0080,0.6476637596538557,GH016,F05
P0080,0.6924406150008954,GH016,F05
P0080,0.7200535642500322,GH016,F05
P0080,0.6410459456301361,GH016,F05
P0080,0.6968093984252184,GH016,F05
P0080,0.7546541445663287,GH016,F05
P0080,0.6745089751927916,GH016,F05
P0080,0.7780935538596064,GH016,F05
P0080,0.7937175440097198,GH016,F05
P0080,0.7808910149742556,GH016,F05
P0080,0.7874199609744945,GH016,F05
P0080,0.7641443717954507,GH016,F05
P0080,0.6860324827718274,GH016,F05
P0080,0.7190360419831848,GH016,F05
P0080,0.7129529727387597,GH016,F05
P0080,0.7386992910843633,GH016,F05
P0080,0.6696796997384975,GH016,F05
P0080,0.6438023362348516,GH016,F05
P0080,0.5610894662974505,GH016,F05
P0080,0.6142777649132108,GH016,F05
P0080,0.6584705032209868,GH016,F05
P0080,0.8177774183280527,GH016,F05
P0080,0.8234165692620637,GH016,F05
P0080,0.7968863803236718,GH016,F05
P0080,0.7318081034367405,GH016,F05
P0080,0.7890343142369864,GH016,F05
P0080,0.75140340970285,GH016,F05
P0080,0.8055983812366218,GH016,F05
P0080,0.8036552437687138,GH016,F05
P0080,0.8242741131592123,GH016,F05
P0080,0.7591050488349004,GH016,F05
P0080,0.7832196524170396,GH016,F05
P0080,0.6984107171277449,GH016,F05
P0080,0.760419800712067,GH016,F05
P0080,0.7789103084512675,GH016,F05
P0080,0.7043382956183755,GH016,F05
P0080,0.7666468879657855,GH016,F05
P0080,0.7387274582329818,GH016,F05
P0080,0.7504386636002971,GH016,F05
P0080,0.7923303160474171,GH016,F05
P0080,0.7967741772172279,GH016,F05
P0080,0.8237817930554133,GH016,F05
P0080,0.8223269642914113,GH016,F05
P0080,0.823845779455904,GH016,F05
P0080,0.8453998032657929,GH016,F05
P0080,0.8319937700601095,GH016,F05
P0080,0.8276813614906662,GH016,F05
P0080,0.7196713427538877,GH016,F05
P0080,0.8108873948201594,GH016,F05
P0080,0.7187334678508757,GH016,F05
P0080,0.721494217762205,GH016,F05
P0080,0.7537999802336846,GH016,F05
P0080,0.6597278804055526,GH016,F05
P0080,0.611666067532907,GH016,F05
P0080,0.6058923714788528,GH016,F05
P0080,0.7118989455395798,GH016,F05
P0080,0.7471805572767448,GH016,F05
P0080,0.707798624779896,GH016,F05
P0080,0.7918388060548139,GH016,F05
P0080,0.7952321121285518,GH016,F05
P0080,0.7921167330136345,GH016,F05
P0080,0.8153432268235575,GH016,F05
P0080,0.8205819613411222,GH016,F05
P0080,0.8054723699170782,GH016,F05
P0080,0.8076799468416891,GH016,F05
P0080,0.8148541920898105,GH016,F05
P0080,0.778978711533442,GH016,F05
P0080,0.8072046415658033,GH016,F05
P0080,0.8382393536134316,GH016,F05
P0080,0.6818618663338973,GH016,F05
P0080,0.7296237229556499,GH016,F05
P0080,0.7158033621781779,GH016,F05
P0080,0.6976474631164888,GH016,F05
P0080,0.6999503080646701,GH016,F05
P0080,0.7810282533036759,GH016,F05
P0080,0.8402587237668961,GH016,F05
P0080,0.7419243749355133,GH016,F05
P0080,0.8569042269734312,GH016,F05
P0080,0.7400260086967809,GH016,F05
P0080,0.8434279822655093,GH016,F05
P0080,0.8429167036143723,GH016,F05
P0080,0.8303241177300003,GH016,F05
P0080,0.7206664713048354,GH016,F05
P0080,0.8519448690293376,GH016,F05
P0080,0.8217640697517377,GH016,F05
P0080,0.8092588730042601,GH016,F05
P0080,0.772413056780066,GH016,F05
P0080,0.7886871200500097,GH016,F05
P0080,0.6609947946564477,GH016,F05
P0080,0.7443553417326383,GH016,F05
P0080,0.6515576105121023,GH016,F05
P0080,0.6766478224954942,GH016,F05
P0080,0.8099457652899275,GH016,F05
P0080,0.7637851772699668,GH016,F05
P0080,0.8000848947364688,GH016,F05
P0080,0.7680704231027958,GH016,F05
P0080,0.8000018324454978,GH016,F05
P0080,0.7645777967265758,GH016,F05
P0080,0.7969627133341792,GH016,F05
P0080,0.7880722236356313,GH016,F05
P0080,0.7769459922194282,GH016,F05
P0080,0.7852454138051104,GH016,F05
P0080,0.7320188722708575,GH016,F05
P0080,0.6849906713959809,GH016,F05
P0080,0.8138333705443206,GH016,F05
P0080,0.6879371115362447,GH016,F05
P0080,0.7248369128889512,GH016,F05
P0080,0.7685551803093795,GH016,F05
P0080,0.7716739327956835,GH016,F05
P0080,0.7652100978363306,GH016,F05
P0080,0.7183441387952421,GH016,F05
P0080,0.8284977738357858,GH016,F05
P0080,0.8300118263113963,GH016,F05
P0080,0.7199802979845176,GH016,F05
P0080,0.8248701532095901,GH016,F05
P0080,0.820409971889567,GH016,F05
P0080,0.8254490006906221,GH016,F05
P0080,0.790284008408349,GH016,F05
P0080,0.8442725017206738,GH016,F05
P0080,0.8097409115725968,GH016,F05
P0080,0.8535250129424111,GH016,F05
P0080,0.7225297233099213,GH016,F05
P0080,0.7167509014015377,GH016,F05
P0080,0.8335143079223095,GH016,F05
P0080,0.6483906057715731,GH016,F05
P0080,0.6207815720192811,GH016,F05
P0080,0.6297866609962757,GH016,F05
P0080,0.799729622460445,GH016,F05
P0080,0.7580359611025054,GH016,F05
P0080,0.7564946948551526,GH016,F05
P0080,0.7088065135812786,GH016,F05
P0080,0.821319604987457,GH016,F05
P0080,0.7519876498469243,GH016,F05
P0080,0.8506137611064942,GH016,F05
P0080,0.7985873356431201,GH016,F05
P0080,0.838330308858238,GH016,F05
P0080,0.8157110076357487,GH016,F05
P0080,0.8244025252123302,GH016,F05
P0080,0.8462556340124605,GH016,F05
P0080,0.7374562370492962,GH016,F05
P0080,0.7882758157569919,GH016,F05
P0080,0.7387045251202695,GH016,F05
P0081,0.8386705862263969,GH003,F08
P0081,0.871951057947615,GH003,F08
P0081,0.8466932183374557,GH003,F08
P0081,0.7921779312562781,GH003,F08
P0081,0.8443985890141587,GH003,F08
P0081,0.8484835854880499,GH003,F08
P0081,0.8369184158680398,GH003,F08
P0081,0.8469086631908815,GH003,F08
P0081,0.8298684668397589,GH003,F08
P0081,0.8129160351533119,GH003,F08
P0081,0.7292487915356289,GH003,F08
P0081,0.7523626506509397,GH003,F08
P0081,0.7283141899315836,GH003,F08
P0081,0.6704226132245039,GH003,F08
P0081,0.7360394865807479,GH003,F08
P0081,0.61446516310309,GH003,F08
P0081,0.6454427235017718,GH003,F08
P0081,0.7230871354507765,GH003,F08
P0081,0.7256330548684549,GH003,F08
P0081,0.7379697885235618,GH003,F08
P0081,0.8323257253145673,GH003,F08
P0081,0.8112736298257087,GH003,F08
P0081,0.8168906083305343,GH003,F08
P0081,0.7808620619689958,GH003,F08
P0081,0.7081751674698414,GH003,F08
P0081,0.7215270187210535,GH003,F08
P0081,0.7378143187457934,GH003,F08
P0081,0.7280330896784468,GH003,F08
P0081,0.7101135891179574,GH003,F08
P0081,0.7312984966652128,GH003,F08
P0081,0.6835783073084266,GH003,F08
P0081,0.7093741718359251,GH003,F08
P0081,0.6499039475803378,GH003,F08
P0081,0.6825985987949235,GH003,F08
P0081,0.7309113284357398,GH003,F08
P0081,0.7083541285426683,GH003,F08
P0081,0.7488488436008692,GH003,F08
P0081,0.7056620460628799,GH003,F08
P0081,0.8022995337532379,GH003,F08
P0081,0.7003990563415134,GH003,F08
P0081,0.6986172401365249,GH003,F08
P0081,0.7393486851280519,GH003,F08
P0081,0.7463887465175064,GH003,F08
P0081,0.8039533510260023,GH003,F08
P0081,0.7253615259142397,GH003,F08
P0081,0.7189433814183592,GH003,F08
P0081,0.7421875547917814,GH003,F08
P0081,0.7164015524016775,GH003,F08
P0081,0.6384338372549285,GH003,F08
P0081,0.6402373077233303,GH003,F08
P0081,0.6106592321108231,GH003,F08
P0081,0.6515806933850478,GH003,F08
P0081,0.6952338499314696,GH003,F08
P0081,0.7322483320013683,GH003,F08
P0081,0.722247480746183,GH003,F08
P0081,0.7362010638262936,GH003,F08
P0081,0.7296811088314112,GH003,F08
P0081,0.8375242088894859,GH003,F08
P0081,0.7492460234538209,GH003,F08
P0081,0.7203126555493594,GH003,F08
P0081,0.7048142833838204,GH003,F08
P0081,0.7371549409693341,GH003,F08
P0081,0.6944888614754252,GH003,F08
P0081,0.7041758605424473,GH003,F08
P0081,0.7194564098626167,GH003,F08
P0081,0.710944559329299,GH003,F08
P0081,0.7171047980011009,GH003,F08
P0081,0.6870707907478185,GH003,F08
P0081,0.70927788309685,GH003,F08
P0081,0.7664191116553166,GH003,F08
P0081,0.7152213790570131,GH003,F08
P0081,0.7328874661817844,GH003,F08
P0081,0.736928385138823,GH003,F08
P0081,0.8034636709314147,GH003,F08
P0081,0.7989280706759795,GH003,F08
P0081,0.8172856156559127,GH003,F08
P0081,0.8014202528475215,GH003,F08
P0081,0.7367086253384069,GH003,F08
P0081,0.795149341758371,GH003,F08
P0081,0.7410629741846628,GH003,F08
P0081,0.8101169753762798,GH003,F08
P0081,0.8107377324053016,GH003,F08
P0081,0.8061246021792609,GH003,F08
P0081,0.6934828500676056,GH003,F08
P0081,0.7498252593965025,GH003,F08
P0081,0.6694541917027103,GH003,F08
P0081,0.609852548920314,GH003,F08
P0081,0.6354892725474209,GH003,F08
P0081,0.7361592374076247,GH003,F08
P0081,0.8539394973931765,GH003,F08
P0081,0.8470734375804021,GH003,F08
P0081,0.8220184003056128,GH003,F08
P0081,0.7897828481973334,GH003,F08
P0081,0.8283968322927054,GH003,F08
P0081,0.8218708936830279,GH003,F08
P0081,0.8126380958584224,GH003,F08
P0081,0.8255924461499852,GH003,F08
P0081,0.8638133351903339,GH003,F08
P0081,0.8406081601553373,GH003,F08
P0081,0.8164667510291368,GH003,F08
P0081,0.8327932229522332,GH003,F08
P0081,0.8605650237824268,GH003,F08
P0081,0.7256075452632019,GH003,F08
P0081,0.7707533122398803,GH003,F08
P0081,0.7283898906653277,GH003,F08
P0081,0.8173065174952344,GH003,F08
P0081,0.7801704422937554,GH003,F08
P0081,0.8556039760850922,GH003,F08
P0081,0.7948495378478474,GH003,F08
P0081,0.8778525399711161,GH003,F08
P0081,0.8250556023758939,GH003,F08
P0081,0.8810579766909656,GH003,F08
P0081,0.89437428204383,GH003,F08
P0081,0.8583573476246861,GH003,F08
P0081,0.8363554813445996,GH003,F08
P0081,0.8816013552116242,GH003,F08
P0081,0.8436671679593064,GH003,F08
P0081,0.8205531261536217,GH003,F08
P0081,0.8439985120035086,GH003,F08
P0081,0.8553684555710112,GH003,F08
P0081,0.7362122171960115,GH003,F08
P0081,0.6394102721767668,GH003,F08
P0081,0.7079333295824224,GH003,F08
P0081,0.7525003847805954,GH003,F08
P0081,0.7857646683630181,GH003,F08
P0081,0.6923777284656579,GH003,F08
P0081,0.8620027370341982,GH003,F08
P0081,0.867079202812283,GH003,F08
P0081,0.854338739999762,GH003,F08
P0081,0.8834001832762268,GH003,F08
P0081,0.8662945189823014,GH003,F08
P0081,0.851210118363263,GH003,F08
P0081,0.7824396837969663,GH003,F08
P0081,0.8205585161956332,GH003,F08
P0081,0.8296374732360728,GH003,F08
P0081,0.8468453881791852,GH003,F08
P0081,0.7421169065940402,GH003,F08
P0081,0.8564590994049263,GH003,F08
P0081,0.7931324206714904,GH003,F08
P0081,0.7801592370680898,GH003,F08
P0081,0.8631871861863707,GH003,F08
P0081,0.8065065934304885,GH003,F08
P0081,0.8776171617302774,GH003,F08
P0081,0.8460302100040086,GH003,F08
P0081,0.8376014891375161,GH003,F08
P0081,0.8587722602217803,GH003,F08
P0081,0.8481937873084175,GH003,F08
P0081,0.8436912333680922,GH003,F08
P0081,0.8069818501285724,GH003,F08
P0081,0.8591809462130287,GH003,F08
P0081,0.8461342017772985,GH003,F08
P0081,0.8582026878718704,GH003,F08
P0081,0.7878365013777486,GH003,F08
P0081,0.8653154532185494,GH003,F08
P0081,0.7709806331531308,GH003,F08
P0081,0.8200480990355965,GH003,F08
P0081,0.8059621232116299,GH003,F08
P0081,0.693550272086523,GH003,F08
P0081,0.7174399473467021,GH003,F08
P0081,0.7278778078041808,GH003,F08
P0081,0.8287828570167454,GH003,F08
P0081,0.8023065754353697,GH003,F08
P0081,0.8514624421885434,GH003,F08
P0081,0.8632382375180897,GH003,F08
P0081,0.834820624897625,GH003,F08
P0081,0.8270582641285517,GH003,F08
P0081,0.8580954264512326,GH003,F08
P0081,0.7870889291863721,GH003,F08
P0081,0.8323119280925606,GH003,F08
P0081,0.8555598794266454,GH003,F08
P0081,0.8525813634970594,GH003,F08
P0081,0.79183378233309,GH003,F08
P0081,0.8557417126158133,GH003,F08
P0081,0.7376559345407068,GH003,F08
P0081,0.734012985873523,GH003,F08
P0081,0.7225068700071181,GH003,F08
P0081,0.7908373112284384,GH003,F08
P0081,0.8242065276154944,GH003,F08
P0081,0.7809241008001789,GH003,F08
P0081,0.8799937484270395,GH003,F08
P0081,0.863908854753329,GH003,F08
P0081,0.8398948754412061,GH003,F08
P0081,0.8319946733061138,GH003,F08
P0081,0.8344300481794246,GH003,F08
P0081,0.8695768719104543,GH003,F08
P0081,0.8697821897605142,GH003,F08
P0081,0.8400913372458586,GH003,F08
P0081,0.8645794859570395,GH003,F08
P0081,0.8627624501135411,GH003,F08
P0081,0.852943763698212,GH003,F08
P0081,0.8355257225886882,GH003,F08
P0081,0.8202987897249725,GH003,F08
P0081,0.7992267877880662,GH003,F08
P0081,0.769533230656835,GH003,F08
P0081,0.7121990139666468,GH003,F08
P0081,0.7650932834185905,GH003,F08
P0081,0.7313316600920153,GH003,F08
P0081,0.8177454681807685,GH003,F08
P0081,0.8430230179787034,GH003,F08
P0081,0.8475862910155172,GH003,F08
P0081,0.8690320094864943,GH003,F08
P0081,0.8591426388610713,GH003,F08
P0081,0.846873684828766,GH003,F08
P0081,0.850942349035243,GH003,F08
P0081,0.8671425504823783,GH003,F08
P0081,0.8592536485091328,GH003,F08
P0081,0.858984099276552,GH003,F08
P0081,0.8062926576145901,GH003,F08
P0081,0.8173727451092152,GH003,F08
P0081,0.7489197174517708,GH003,F08
P0082,0.7934224726800958,GH003,F08
P0082,0.8016537318681883,GH003,F08
P0082,0.6717821973689437,GH003,F08
P0082,0.7964736877739806,GH003,F08
P0082,0.7045940296500638,GH003,F08
P0082,0.8359232926442681,GH003,F08
P0082,0.7669257025121593,GH003,F08
P0082,0.6990891912478494,GH003,F08
P0082,0.785233089120128,GH003,F08
P0082,0.6754356119896675,GH003,F08
P0082,0.808960078781431,GH003,F08
P0082,0.6727268719393924,GH003,F08
P0082,0.7577246352289315,GH003,F08
P0082,0.6133339035193264,GH003,F08
P0082,0.5717990781424507,GH003,F08
P0082,0.5479302898926416,GH003,F08
P0082,0.6984114525438777,GH003,F08
P0082,0.7415113486847806,GH003,F08
P0082,0.6651463299219168,GH003,F08
P0082,0.7300747724661254,GH003,F08
P0082,0.7235296618302688,GH003,F08
P0082,0.6748471497833247,GH003,F08
P0082,0.7511427534592962,GH003,F08
P0082,0.7399864713669767,GH003,F08
P0082,0.6526586062053013,GH003,F08
P0082,0.7343460769944926,GH003,F08
P0082,0.6440203360122213,GH003,F08
P0082,0.6390180010611533,GH003,F08
P0082,0.6725005314543401,GH003,F08
P0082,0.6407287185909133,GH003,F08
P0082,0.6541219099849083,GH003,F08
P0082,0.6536640616587029,GH003,F08
P0082,0.6514061029122171,GH003,F08
P0082,0.6526459389457909,GH003,F08
P0082,0.6360460197388502,GH003,F08
P0082,0.6298749543556348,GH003,F08
P0082,0.6614299305879429,GH003,F08
P0082,0.6715241820485065,GH003,F08
P0082,0.69371105222055085,GH003,F08
P0082,0.6522115929514077,GH003,F08
P0082,0.6234478967249407,GH003,F08
P0082,0.620596055600278,GH003,F08
P0082,0.6888969876767412,GH003,F08
P0082,0.647753084276312,GH003,F08
P0082,0.701664791867743,GH003,F08
P0082,0.6018843525049072,GH003,F08
P0082,0.5917222819928677,GH003,F08
P0082,0.6369935429916328,GH003,F08
P0082,0.5669120493051858,GH003,F08
P0082,0.5049218867009844,GH003,F08
P0082,0.5610773116283165,GH003,F08
P0082,0.5789969528890296,GH003,F08
P0082,0.623302476042439,GH003,F08
P0082,0.624033897653261,GH003,F08
P0082,0.6382809110745737,GH003,F08
P0082,0.6391743173814933,GH003,F08
P0082,0.6857887089569134,GH003,F08
P0082,0.6865785116436492,GH003,F08
P0082,0.626294433920274,GH003,F08
P0082,0.6589819193772882,GH003,F08
P0082,0.6491104695211032,GH003,F08
P0082,0.6820069391341795,GH003,F08
P0082,0.616101975311053,GH003,F08
P0082,0.652260466543304,GH003,F08
P0082,0.6906586742252083,GH003,F08
P0082,0.6338895174232411,GH003,F08
P0082,0.6312311897992435,GH003,F08
P0082,0.6251487665520444,GH003,F08
P0082,0.6230205803509864,GH003,F08
P0082,0.6742654131163983,GH003,F08
P0082,0.5884445074367702,GH003,F08
P0082,0.6747147566165379,GH003,F08
P0082,0.6830388558967533,GH003,F08
P0082,0.7648669123109143,GH003,F08
P0082,0.7009482102021309,GH003,F08
P0082,0.6893779535372154,GH003,F08
P0082,0.6776610185991516,GH003,F08
P0082,0.6952307587682833,GH003,F08
P0082,0.6942595736546209,GH003,F08
P0082,0.6982687313246133,GH003,F08
P0082,0.7424005003764576,GH003,F08
P0082,0.6690523712522992,GH003,F08
P0082,0.7216485334557136,GH003,F08
P0082,0.7562865457730525,GH003,F08
P0082,0.7088806133765153,GH003,F08
P0082,0.583289032738097,GH003,F08
P0082,0.5489528256081145,GH003,F08
P0082,0.6477168389491587,GH003,F08
P0082,0.6186279162858228,GH003,F08
P0082,0.6503173955796708,GH003,F08
P0082,0.6303657869974892,GH003,F08
P0082,0.6572103318000871,GH003,F08
P0082,0.7571875037970283,GH003,F08
P0082,0.7954360234610057,GH003,F08
P0082,0.6815811868070721,GH003,F08
P0082,0.7937168150117987,GH003,F08
P0082,0.7917424152589191,GH003,F08
P0082,0.6959856733905097,GH003,F08
P0082,0.7887813264336635,GH003,F08
P0082,0.78601940558337835,GH003,F08
P0082,0.7191774984252793,GH003,F08
P0082,0.7449533144937635,GH003,F08
P0082,0.7405128009507106,GH003,F08
P0082,0.6851320056803897,GH003,F08
P0082,0.6972271274357219,GH003,F08
P0082,0.7219843010682981,GH003,F08
P0082,0.7692353326955969,GH003,F08
P0082,0.63629070005228,GH003,F08
P0082,0.7456164505963355,GH003,F08
P0082,0.772228117734672,GH003,F08
P0082,0.809800317178417,GH003,F08
P0082,0.7534586563884517,GH003,F08
P0082,0.8012895866605422,GH003,F08
P0082,0.7773478994647455,GH003,F08
P0082,0.7816984982948344,GH003,F08
P0082,0.7665308530056203,GH003,F08
P0082,0.7845041732542256,GH003,F08
P0082,0.7980047022093372,GH003,F08
P0082,0.7735640213495597,GH003,F08
P0082,0.6931509488103283,GH003,F08
P0082,0.7114191107637388,GH003,F08
P0082,0.675433179247661,GH003,F08
P0082,0.5756515472252437,GH003,F08
P0082,0.7263628119937845,GH003,F08
P0082,0.6522803471296772,GH003,F08
P0082,0.7586266641374391,GH003,F08
P0082,0.7763779023552554,GH003,F08
P0082,0.803973185566061,GH003,F08
P0082,0.7692547837288375,GH003,F08
P0082,0.7009707313664343,GH003,F08
P0082,0.7845203973364283,GH003,F08
P0082,0.7695707822034981,GH003,F08
P0082,0.8117809657008774,GH003,F08
P0082,0.7844070308370077,GH003,F08
P0082,0.7995087070026629,GH003,F08
P0082,0.7936915723788028,GH003,F08
P0082,0.6892203293827284,GH003,F08
P0082,0.7993194332758713,GH003,F08
P0082,0.6999262106511729,GH003,F08
P0082,0.6978188477131454,GH003,F08
P0082,0.7619224844819174,GH003,F08
P0082,0.8045520217885892,GH003,F08
P0082,0.69746818368599794,GH003,F08
P0082,0.7510130790225114,GH003,F08
P0082,0.8061591045009737,GH003,F08
P0082,0.824761863221346,GH003,F08
P0082,0.7876020830305772,GH003,F08
P0082,0.7519160081739193,GH003,F08
P0082,0.730841238401442,GH003,F08
P0082,0.7099266903956678,GH003,F08
P0082,0.81492592586078,GH003,F08
P0082,0.7539439403257441,GH003,F08
P0082,0.691028303118655,GH003,F08
P0082,0.7749689244244677,GH003,F08
P0082,0.7591011830357182,GH003,F08
P0082,0.7057831313741995,GH003,F08
P0082,0.7322740115233901,GH003,F08
P0082,0.6045932281102322,GH003,F08
P0082,0.6567321764850622,GH003,F08
P0082,0.6759934499449124,GH003,F08
P0082,0.7582153227720119,GH003,F08
P0082,0.6866177281324077,GH003,F08
P0082,0.7919111924510233,GH003,F08
P0082,0.7683578355479572,GH003,F08
P0082,0.7535603686655887,GH003,F08
P0082,0.7929775783569085,GH003,F08
P0082,0.79338369361722,GH003,F08
P0082,0.7235182393362594,GH003,F08
P0082,0.79147641550712,GH003,F08
P0082,0.7562581536231985,GH003,F08
P0082,0.7069241724269301,GH003,F08
P0082,0.7042032250917701,GH003,F08
P0082,0.690087340761598,GH003,F08
P0082,0.7378005648857454,GH003,F08
P0082,0.7022040977110614,GH003,F08
P0082,0.6327114152467074,GH003,F08
P0082,0.7316478823293104,GH003,F08
P0082,0.6968923646616441,GH003,F08
P0082,0.7024011706790613,GH003,F08
P0082,0.7375539160749199,GH003,F08
P0082,0.7634659812085788,GH003,F08
P0082,0.7438902784045612,GH003,F08
P0082,0.7878023964336845,GH003,F08
P0082,0.7783712380337728,GH003,F08
P0082,0.783378335702023,GH003,F08
P0082,0.7740108532931542,GH003,F08
P0082,0.7887181307349268,GH003,F08
P0082,0.8012690224179518,GH003,F08
P0082,0.7564499335792167,GH003,F08
P0082,0.7814404120318391,GH003,F08
P0082,0.6828692722710098,GH003,F08
P0082,0.797313476667483,GH003,F08
P0082,0.6688676425716708,GH003,F08
P0082,0.68299923502044,GH003,F08
P0082,0.5918883597843337,GH003,F08
P0082,0.6881302516841094,GH003,F08
P0082,0.782022424463666,GH003,F08
P0082,0.7875104964286062,GH003,F08
P0082,0.7827933052258071,GH003,F08
P0082,0.7522677133461814,GH003,F08
P0082,0.7532918410017472,GH003,F08
P0082,0.767202756102045,GH003,F08
P0082,0.7753343119833858,GH003,F08
P0082,0.7903518733339056,GH003,F08
P0082,0.7746342131779358,GH003,F08
P0082,0.7754523936984976,GH003,F08
P0082,0.800835891119293,GH003,F08
P0082,0.7660283327225761,GH003,F08
P0082,0.7684649055099474,GH003,F08
P0082,0.8003905983567413,GH003,F08
P0083,0.7998626821846991,GH004,F01
P0083,0.780716269897995,GH004,F01
P0083,0.7348264015989217,GH004,F01
P0083,0.7338631743022281,GH004,F01
P0083,0.8172238893226244,GH004,F01
P0083,0.736059431224548,GH004,F01
P0083,0.8147831772525811,GH004,F01
P0083,0.6851065489462406,GH004,F01
P0083,0.8101263354263133,GH004,F01
P0083,0.789105260705275,GH004,F01
P0083,0.7490514475782653,GH004,F01
P0083,0.7456203227580595,GH004,F01
P0083,0.670861429452343,GH004,F01
P0083,0.6628158321790288,GH004,F01
P0083,0.6508460395186761,GH004,F01
P0083,0.5696635354515532,GH004,F01
P0083,0.6603273954406725,GH004,F01
P0083,0.6737794636229818,GH004,F01
P0083,0.7314777599639456,GH004,F01
P0083,0.6964757978497117,GH004,F01
P0083,0.7269922297916149,GH004,F01
P0083,0.7336900814219862,GH004,F01
P0083,0.7703362424752787,GH004,F01
P0083,0.7101538779985168,GH004,F01
P0083,0.7163511181051012,GH004,F01
P0083,0.6800712163750903,GH004,F01
P0083,0.8004507732517298,GH004,F01
P0083,0.7100102721951708,GH004,F01
P0083,0.7775639339226138,GH004,F01
P0083,0.6562135909629587,GH004,F01
P0083,0.6869204696168442,GH004,F01
P0083,0.7471289805279834,GH004,F01
P0083,0.6900569448330703,GH004,F01
P0083,0.7035452540023381,GH004,F01
P0083,0.6944852848754468,GH004,F01
P0083,0.6875728156580201,GH004,F01
P0083,0.6689851813024832,GH004,F01
P0083,0.6807260010909808,GH004,F01
P0083,0.6915439669970943,GH004,F01
P0083,0.681103145505469,GH004,F01
P0083,0.6921532352368628,GH004,F01
P0083,0.7763049125329052,GH004,F01
P0083,0.6782782674060791,GH004,F01
P0083,0.7231451202796018,GH004,F01
P0083,0.67512371460104,GH004,F01
P0083,0.6501830763561858,GH004,F01
P0083,0.6302763951765044,GH004,F01
P0083,0.6499289457253643,GH004,F01
P0083,0.627354292412288,GH004,F01
P0083,0.5490708049359426,GH004,F01
P0083,0.5649118449629699,GH004,F01
P0083,0.5925023972331507,GH004,F01
P0083,0.6509918840211802,GH004,F01
P0083,0.6731017352626784,GH004,F01
P0083,0.7093445610758253,GH004,F01
P0083,0.6902133778477374,GH004,F01
P0083,0.7363518950165385,GH004,F01
P0083,0.6833559592777675,GH004,F01
P0083,0.6926479225962032,GH004,F01
P0083,0.7048057594775327,GH004,F01
P0083,0.6948718891276169,GH004,F01
P0083,0.693781883455257,GH004,F01
P0083,0.6701187123978379,GH004,F01
P0083,0.6483494840215156,GH004,F01
P0083,0.6586251014405573,GH004,F01
P0083,0.6883719233019807,GH004,F01
P0083,0.6500488753080953,GH004,F01
P0083,0.6919278242896163,GH004,F01
P0083,0.6557995986277668,GH004,F01
P0083,0.6819320687211078,GH004,F01
P0083,0.662512564374011,GH004,F01
P0083,0.6784555996528905,GH004,F01
P0083,0.6675115643923326,GH004,F01
P0083,0.674041873265944,GH004,F01
P0083,0.6820271752857373,GH004,F01
P0083,0.7517333719928628,GH004,F01
P0083,0.753190581967143,GH004,F01
P0083,0.7538616771477575,GH004,F01
P0083,0.6947376462478625,GH004,F01
P0083,0.7950749895472795,GH004,F01
P0083,0.7617180470842924,GH004,F01
P0083,0.6708778209316355,GH004,F01
P0083,0.6950144490224225,GH004,F01
P0083,0.658410572830969,GH004,F01
P0083,0.6628329310426092,GH004,F01
P0083,0.5831989964727333,GH004,F01
P0083,0.5550589282378581,GH004,F01
P0083,0.5844039210986107,GH004,F01
P0083,0.6154404122776631,GH004,F01
P0083,0.7022139252416736,GH004,F01
P0083,0.7232337320375936,GH004,F01
P0083,0.7897167760241766,GH004,F01
P0083,0.7389855166764312,GH004,F01
P0083,0.7897724964437385,GH004,F01
P0083,0.8157287398933891,GH004,F01
P0083,0.7762453919250656,GH004,F01
P0083,0.7389115345887451,GH004,F01
P0083,0.8138099071773055,GH004,F01
P0083,0.7314581159504706,GH004,F01
P0083,0.8055686988075073,GH004,F01
P0083,0.7339140148710378,GH004,F01
P0083,0.6803542385520992,GH004,F01
P0083,0.7458206501491363,GH004,F01
P0083,0.7525541861754614,GH004,F01
P0083,0.7169766585218126,GH004,F01
P0083,0.7503168208157359,GH004,F01
P0083,0.7233437077100502,GH004,F01
P0083,0.7158922487910546,GH004,F01
P0083,0.7286915219599648,GH004,F01
P0083,0.8211872190733877,GH004,F01
P0083,0.7434812780744776,GH004,F01
P0083,0.8497640480995007,GH004,F01
P0083,0.8776065732977987,GH004,F01
P0083,0.8357718894146762,GH004,F01
P0083,0.8174991929402444,GH004,F01
P0083,0.7961817085555191,GH004,F01
P0083,0.7008970142033776,GH004,F01
P0083,0.8301407941838118,GH004,F01
P0083,0.7302143566153209,GH004,F01
P0083,0.7999755415977499,GH004,F01
P0083,0.7778301358657563,GH004,F01
P0083,0.6251226775598556,GH004,F01
P0083,0.5663591854980778,GH004,F01
P0083,0.6739712128112385,GH004,F01
P0083,0.8191179479536208,GH004,F01
P0083,0.8498253429121951,GH004,F01
P0083,0.8280406809164034,GH004,F01
P0083,0.7206657812636589,GH004,F01
P0083,0.8227829960203511,GH004,F01
P0083,0.8089662146834066,GH004,F01
P0083,0.826831290124448,GH004,F01
P0083,0.8042074482215957,GH004,F01
P0083,0.833258488157972,GH004,F01
P0083,0.6996813368987737,GH004,F01
P0083,0.7923899438866313,GH004,F01
P0083,0.8184596093609685,GH004,F01
P0083,0.7054806065573617,GH004,F01
P0083,0.7938129112772269,GH004,F01
P0083,0.8256221728494082,GH004,F01
P0083,0.705592833288639,GH004,F01
P0083,0.7508634163647158,GH004,F01
P0083,0.7547993553074643,GH004,F01
P0083,0.7063706794033959,GH004,F01
P0083,0.7642376603306101,GH004,F01
P0083,0.7669389948359278,GH004,F01
P0083,0.802145964975597,GH004,F01
P0083,0.7813957590569721,GH004,F01
P0083,0.7357628085387169,GH004,F01
P0083,0.8189199310094177,GH004,F01
P0083,0.8054494156755391,GH004,F01
P0083,0.8270941533361639,GH004,F01
P0083,0.7975682059503704,GH004,F01
P0083,0.7589398497162928,GH004,F01
P0083,0.713419628049321,GH004,F01
P0083,0.7914601668544974,GH004,F01
P0083,0.676775260373025,GH004,F01
P0083,0.7837525730579623,GH004,F01
P0083,0.7064480826032444,GH004,F01
P0083,0.6886261699605984,GH004,F01
P0083,0.6640533476133157,GH004,F01
P0083,0.6857021255945478,GH004,F01
P0083,0.6705618262548017,GH004,F01
P0083,0.7058659153050458,GH004,F01
P0083,0.7641298431517829,GH004,F01
P0083,0.7343279182987639,GH004,F01
P0083,0.7969490311463854,GH004,F01
P0083,0.8020387239277564,GH004,F01
P0083,0.7862798815747593,GH004,F01
P0083,0.7852143305052857,GH004,F01
P0083,0.8253394710549521,GH004,F01
P0083,0.6792157864179662,GH004,F01
P0083,0.8288503683469733,GH004,F01
P0083,0.8370762396541369,GH004,F01
P0083,0.7892816136661245,GH004,F01
P0083,0.740227531423379,GH004,F01
P0083,0.7685359742549177,GH004,F01
P0083,0.7147061671448673,GH004,F01
P0083,0.6891633606756796,GH004,F01
P0083,0.7905213471621076,GH004,F01
P0083,0.7182341970937832,GH004,F01
P0083,0.72510440637016,GH004,F01
P0083,0.772006159280774,GH004,F01
P0083,0.8277713105170588,GH004,F01
P0083,0.7348928740677954,GH004,F01
P0083,0.8027984901262337,GH004,F01
P0083,0.8174511179957019,GH004,F01
P0083,0.829393512766699,GH004,F01
P0083,0.835391396359391,GH004,F01
P0083,0.7984726408658105,GH004,F01
P0083,0.7031330051872627,GH004,F01
P0083,0.8475827129874755,GH004,F01
P0083,0.7791554840434313,GH004,F01
P0083,0.7161381131476456,GH004,F01
P0083,0.7374958357272787,GH004,F01
P0083,0.6251881994802552,GH004,F01
P0083,0.6826900794854587,GH004,F01
P0083,0.6972683345445624,GH004,F01
P0083,0.8203244748513818,GH004,F01
P0083,0.7434813544076374,GH004,F01
P0083,0.8542870010082463,GH004,F01
P0083,0.7368253697697561,GH004,F01
P0083,0.7385281638401072,GH004,F01
P0083,0.8052856430691218,GH004,F01
P0083,0.8391503718526963,GH004,F01
P0083,0.8337869407717026,GH004,F01
P0083,0.7907014457112314,GH004,F01
P0083,0.833797917136738,GH004,F01
P0083,0.6925136710331019,GH004,F01
P0083,0.7688987793439276,GH004,F01
P0083,0.8324735714466059,GH004,F01
P0084,0.8373252618435544,GH011,F05
P0084,0.8021455875186561,GH011,F05
P0084,0.8008900007102903,GH011,F05
P0084,0.8390926570469281,GH011,F05
P0084,0.8072937142772499,GH011,F05
P0084,0.7140444971466766,GH011,F05
P0084,0.8202199135597845,GH011,F05
P0084,0.7084228331347007,GH011,F05
P0084,0.7551626158030479,GH011,F05
P0084,0.8223786977973503,GH011,F05
P0084,0.7504788326959638,GH011,F05
P0084,0.7194969070094162,GH011,F05
P0084,0.7926396016185246,GH011,F05
P0084,0.7146780698842473,GH011,F05
P0084,0.6130975789255191,GH011,F05
P0084,0.5887872351130987,GH011,F05
P0084,0.6345114982935062,GH011,F05
P0084,0.6877374692246746,GH011,F05
P0084,0.6955508894702886,GH011,F05
P0084,0.7011164872720768,GH011,F05
P0084,0.693827595243057,GH011,F05
P0084,0.6770773483206753,GH011,F05
P0084,0.7477047061966359,GH011,F05
P0084,0.7290586171710031,GH011,F05
P0084,0.7889765867627578,GH011,F05
P0084,0.7728928664523264,GH011,F05
P0084,0.7486330195174534,GH011,F05
P0084,0.7461982527145469,GH011,F05
P0084,0.665975855336473,GH011,F05
P0084,0.7161682188718573,GH011,F05
P0084,0.6573559047448515,GH011,F05
P0084,0.6868224631820001,GH011,F05
P0084,0.7063413007340473,GH011,F05
P0084,0.8043149038790781,GH011,F05
P0084,0.6665499320915466,GH011,F05
P0084,0.722204019015082,GH011,F05
P0084,0.6753021241646854,GH011,F05
P0084,0.7921588043081702,GH011,F05
P0084,0.6751143186946335,GH011,F05
P0084,0.7053668352058013,GH011,F05
P0084,0.7808504981261574,GH011,F05
P0084,0.7172033478773285,GH011,F05
P0084,0.7535950070422327,GH011,F05
P0084,0.7532971335956629,GH011,F05
P0084,0.691845838696894,GH011,F05
P0084,0.6256508368446203,GH011,F05
P0084,0.6320963504941737,GH011,F05
P0084,0.6393186084536814,GH011,F05
P0084,0.6568810537489066,GH011,F05
P0084,0.5917786895919286,GH011,F05
P0084,0.5574415474513548,GH011,F05
P0084,0.5966725155445372,GH011,F05
P0084,0.7096111821186637,GH011,F05
P0084,0.7442256713132482,GH011,F05
P0084,0.7115602078859006,GH011,F05
P0084,0.6693726531626799,GH011,F05
P0084,0.7892993237540933,GH011,F05
P0084,0.6508642299155853,GH011,F05
P0084,0.7972881517378592,GH011,F05
P0084,0.7059295917610446,GH011,F05
P0084,0.6889566694511094,GH011,F05
P0084,0.6967763718449868,GH011,F05
P0084,0.7145187198073512,GH011,F05
P0084,0.6321464011992982,GH011,F05
P0084,0.6663376852414601,GH011,F05
P0084,0.6748886281195589,GH011,F05
P0084,0.6784878205220403,GH011,F05
P0084,0.6766486341617104,GH011,F05
P0084,0.6451138405442354,GH011,F05
P0084,0.6600879032113424,GH011,F05
P0084,0.6812891836339594,GH011,F05
P0084,0.6478448190519359,GH011,F05
P0084,0.7948586548339154,GH011,F05
P0084,0.7052735570980226,GH011,F05
P0084,0.7062379961195588,GH011,F05
P0084,0.6467749472635789,GH011,F05
P0084,0.6447645539297189,GH011,F05
P0084,0.7304267559805316,GH011,F05
P0084,0.7304111932348087,GH011,F05
P0084,0.7852555794645523,GH011,F05
P0084,0.6906986975840855,GH011,F05
P0084,0.6743514243904093,GH011,F05
P0084,0.683279107267191,GH011,F05
P0084,0.7164186832445436,GH011,F05
P0084,0.6801767864078858,GH011,F05
P0084,0.7021361300221849,GH011,F05
P0084,0.5697240928029315,GH011,F05
P0084,0.6254223678696093,GH011,F05
P0084,0.6750470035889041,GH011,F05
P0084,0.7835870387918197,GH011,F05
P0084,0.7386094724967294,GH011,F05
P0084,0.7176521542609839,GH011,F05
P0084,0.8602045949911461,GH011,F05
P0084,0.8219512544690986,GH011,F05
P0084,0.7257911241336054,GH011,F05
P0084,0.7352592238267927,GH011,F05
P0084,0.8368264896745918,GH011,F05
P0084,0.8018003676154556,GH011,F05
P0084,0.7090467755093863,GH011,F05
P0084,0.7417645450793838,GH011,F05
P0084,0.6972177907551285,GH011,F05
P0084,0.7694253924212912,GH011,F05
P0084,0.813815494502029,GH011,F05
P0084,0.7683574003326118,GH011,F05
P0084,0.7255709459381375,GH011,F05
P0084,0.6773845343620385,GH011,F05
P0084,0.7478716033644514,GH011,F05
P0084,0.7442159436961328,GH011,F05
P0084,0.8051680861240295,GH011,F05
P0084,0.8199007026528106,GH011,F05
P0084,0.8463552564564754,GH011,F05
P0084,0.7250104712228751,GH011,F05
P0084,0.8568006885215919,GH011,F05
P0084,0.8236134159879737,GH011,F05
P0084,0.7759721502062867,GH011,F05
P0084,0.8290266058192169,GH011,F05
P0084,0.8353481444931447,GH011,F05
P0084,0.8070485148806934,GH011,F05
P0084,0.7556981068726334,GH011,F05
P0084,0.7867512518285831,GH011,F05
P0084,0.7450623512234034,GH011,F05
P0084,0.6145930112364177,GH011,F05
P0084,0.6354774335952519,GH011,F05
P0084,0.6993889149262384,GH011,F05
P0084,0.7525710467937141,GH011,F05
P0084,0.7328569246966231,GH011,F05
P0084,0.6905570442569798,GH011,F05
P0084,0.8360814582505384,GH011,F05
P0084,0.8524062691544341,GH011,F05
P0084,0.8282021529642167,GH011,F05
P0084,0.8878804825963629,GH011,F05
P0084,0.8051208915869323,GH011,F05
P0084,0.837592388956182,GH011,F05
P0084,0.8371178164826433,GH011,F05
P0084,0.7341927338344557,GH011,F05
P0084,0.8205825038104693,GH011,F05
P0084,0.7364282872759329,GH011,F05
P0084,0.7178519748892123,GH011,F05
P0084,0.7529717200097686,GH011,F05
P0084,0.7943367547476492,GH011,F05
P0084,0.7418698662326471,GH011,F05
P0084,0.7295288902683557,GH011,F05
P0084,0.8142799247009224,GH011,F05
P0084,0.8394810869589031,GH011,F05
P0084,0.8475966134379018,GH011,F05
P0084,0.8327666168920542,GH011,F05
P0084,0.8024154826883492,GH011,F05
P0084,0.7636611498255326,GH011,F05
P0084,0.8166834559589612,GH011,F05
P0084,0.8368369679308704,GH011,F05
P0084,0.7929229719590285,GH011,F05
P0084,0.811994775744545,GH011,F05
P0084,0.8607940203253305,GH011,F05
P0084,0.8193638997344043,GH011,F05
P0084,0.6978610517362559,GH011,F05
P0084,0.7416907723616873,GH011,F05
P0084,0.6465012929267905,GH011,F05
P0084,0.6417050085305425,GH011,F05
P0084,0.6833249317112838,GH011,F05
P0084,0.6358944941367114,GH011,F05
P0084,0.7821550869413109,GH011,F05
P0084,0.8338382994936906,GH011,F05
P0084,0.7940021279274478,GH011,F05
P0084,0.7510075170160889,GH011,F05
P0084,0.829626094688116,GH011,F05
P0084,0.8433623472362822,GH011,F05
P0084,0.8157554760804218,GH011,F05
P0084,0.8144504344160274,GH011,F05
P0084,0.8138824186871396,GH011,F05
P0084,0.7925526530148017,GH011,F05
P0084,0.8330779251768515,GH011,F05
P0084,0.8630852568334134,GH011,F05
P0084,0.694091907146779,GH011,F05
P0084,0.7612178614057571,GH011,F05
P0084,0.7940778073596141,GH011,F05
P0084,0.7228388316755874,GH011,F05
P0084,0.7470908521460026,GH011,F05
P0084,0.7790571727331319,GH011,F05
P0084,0.6835034657504261,GH011,F05
P0084,0.8120139510057425,GH011,F05
P0084,0.8582942647965337,GH011,F05
P0084,0.8392564142018614,GH011,F05
P0084,0.8083839289748759,GH011,F05
P0084,0.7848751335382291,GH011,F05
P0084,0.8481867839141414,GH011,F05
P0084,0.8433894137463985,GH011,F05
P0084,0.831653611235527,GH011,F05
P0084,0.7527807315210036,GH011,F05
P0084,0.8032019415120858,GH011,F05
P0084,0.7625568834909487,GH011,F05
P0084,0.7543381804136218,GH011,F05
P0084,0.7160140401145272,GH011,F05
P0084,0.6642707907107653,GH011,F05
P0084,0.6422254578499552,GH011,F05
P0084,0.5725637536876337,GH011,F05
P0084,0.653514475904134,GH011,F05
P0084,0.7826012369163171,GH011,F05
P0084,0.8712425681338541,GH011,F05
P0084,0.7526395136545885,GH011,F05
P0084,0.8392053034437451,GH011,F05
P0084,0.8449764735112637,GH011,F05
P0084,0.7931008322086137,GH011,F05
P0084,0.7914743214906123,GH011,F05
P0084,0.8443881377525396,GH011,F05
P0084,0.821813830096756,GH011,F05
P0084,0.8147958896953437,GH011,F05
P0084,0.7916801825938153,GH011,F05
P0084,0.8149527503832686,GH011,F05
P0084,0.8069782700100624,GH011,F05
P0084,0.7225498716718184,GH011,F05
P0085,0.8633341264343753,GH007,F04
P0085,0.8689419880805246,GH007,F04
P0085,0.8494820423865549,GH007,F04
P0085,0.8400497215443256,GH007,F04
P0085,0.8899002445084422,GH007,F04
P0085,0.838352430429758,GH007,F04
P0085,0.8453647465897207,GH007,F04
P0085,0.8109022297909056,GH007,F04
P0085,0.8306249245381948,GH007,F04
P0085,0.8038497204555914,GH007,F04
P0085,0.7583028375230763,GH007,F04
P0085,0.7808770756262877,GH007,F04
P0085,0.7212635589164023,GH007,F04
P0085,0.6774454647461957,GH007,F04
P0085,0.6455394427887494,GH007,F04
P0085,0.6854243346478804,GH007,F04
P0085,0.6408062571419009,GH007,F04
P0085,0.8041161935749104,GH007,F04
P0085,0.7493817628410943,GH007,F04
P0085,0.7937020734498029,GH007,F04
P0085,0.8064242293506078,GH007,F04
P0085,0.7438298662497413,GH007,F04
P0085,0.7648136732118341,GH007,F04
P0085,0.7488895948410945,GH007,F04
P0085,0.8110387747571497,GH007,F04
P0085,0.7901047895541035,GH007,F04
P0085,0.7154891912043546,GH007,F04
P0085,0.7070157855183097,GH007,F04
P0085,0.6868667352837845,GH007,F04
P0085,0.6825167189975301,GH007,F04
P0085,0.8357871839127643,GH007,F04
P0085,0.7666502118510181,GH007,F04
P0085,0.7237326933617121,GH007,F04
P0085,0.6762644053347275,GH007,F04
P0085,0.6783922798364804,GH007,F04
P0085,0.6766176846202948,GH007,F04
P0085,0.7184435058904796,GH007,F04
P0085,0.7543994524127136,GH007,F04
P0085,0.7216397289167468,GH007,F04
P0085,0.7030776427537665,GH007,F04
P0085,0.6932885442341228,GH007,F04
P0085,0.7392397163901705,GH007,F04
P0085,0.763685099851135,GH007,F04
P0085,0.8059828049096399,GH007,F04
P0085,0.7306035873442138,GH007,F04
P0085,0.6924194280577461,GH007,F04
P0085,0.7144941181038995,GH007,F04
P0085,0.6837704462300412,GH007,F04
P0085,0.6132915872184495,GH007,F04
P0085,0.6224915414050024,GH007,F04
P0085,0.5668270601659253,GH007,F04
P0085,0.6631300779099208,GH007,F04
P0085,0.6779167303758775,GH007,F04
P0085,0.7777003111780522,GH007,F04
P0085,0.731886444784802,GH007,F04
P0085,0.7356054314374452,GH007,F04
P0085,0.6846446209434771,GH007,F04
P0085,0.7087698740408955,GH007,F04
P0085,0.715533399637696,GH007,F04
P0085,0.7613748091144079,GH007,F04
P0085,0.6904235536500809,GH007,F04
P0085,0.7352448001057943,GH007,F04
P0085,0.6989476737720017,GH007,F04
P0085,0.7270960189119933,GH007,F04
P0085,0.6645707616191281,GH007,F04
P0085,0.7054604075778649,GH007,F04
P0085,0.71781277530631,GH007,F04
P0085,0.7228723701087854,GH007,F04
P0085,0.7289945634065079,GH007,F04
P0085,0.6745372616541436,GH007,F04
P0085,0.7382577126851302,GH007,F04
P0085,0.6946597039624758,GH007,F04
P0085,0.708935000455475,GH007,F04
P0085,0.7107942201213724,GH007,F04
P0085,0.8031785623342537,GH007,F04
P0085,0.7369033582270167,GH007,F04
P0085,0.7932821114153615,GH007,F04
P0085,0.7249821215153115,GH007,F04
P0085,0.8290673129083581,GH007,F04
P0085,0.7107796948744818,GH007,F04
P0085,0.710815321014387,GH007,F04
P0085,0.7272375592797293,GH007,F04
P0085,0.7100778999712867,GH007,F04
P0085,0.7797474486418501,GH007,F04
P0085,0.6622870546419436,GH007,F04
P0085,0.7074515609264886,GH007,F04
P0085,0.6814285082446151,GH007,F04
P0085,0.6745359035412986,GH007,F04
P0085,0.7602556318034022,GH007,F04
P0085,0.7347177409842425,GH007,F04
P0085,0.7363182583777308,GH007,F04
P0085,0.8231561951798272,GH007,F04
P0085,0.7834943948176635,GH007,F04
P0085,0.7949725348550386,GH007,F04
P0085,0.8359439647827261,GH007,F04
P0085,0.8325037027015771,GH007,F04
P0085,0.7279749877636317,GH007,F04
P0085,0.8270277564493814,GH007,F04
P0085,0.7641568861192622,GH007,F04
P0085,0.8198986839784839,GH007,F04
P0085,0.8142743172922625,GH007,F04
P0085,0.7436826894521202,GH007,F04
P0085,0.7491809449886755,GH007,F04
P0085,0.8325840155660796,GH007,F04
P0085,0.7629790012458122,GH007,F04
P0085,0.7598562472646834,GH007,F04
P0085,0.7209524803230734,GH007,F04
P0085,0.8298586240764304,GH007,F04
P0085,0.8264837969182752,GH007,F04
P0085,0.8189330538863598,GH007,F04
P0085,0.8390072558851853,GH007,F04
P0085,0.8432037293485065,GH007,F04
P0085,0.8437765917190773,GH007,F04
P0085,0.8236114980294847,GH007,F04
P0085,0.8529589318332467,GH007,F04
P0085,0.782449224120071,GH007,F04
P0085,0.8456773920002327,GH007,F04
P0085,0.8502537783010811,GH007,F04
P0085,0.84824182594514,GH007,F04
P0085,0.73437030324995,GH007,F04
P0085,0.7657176850856925,GH007,F04
P0085,0.641964448710667,GH007,F04
P0085,0.6885231342330456,GH007,F04
P0085,0.7185824629960357,GH007,F04
P0085,0.7099061098192353,GH007,F04
P0085,0.7926055033921767,GH007,F04
P0085,0.8646092023118754,GH007,F04
P0085,0.803528365386117,GH007,F04
P0085,0.8518916406626081,GH007,F04
P0085,0.8326908920559293,GH007,F04
P0085,0.856547275246328,GH007,F04
P0085,0.8570377563695841,GH007,F04
P0085,0.8613355512693673,GH007,F04
P0085,0.8738206482011268,GH007,F04
P0085,0.8537649596275755,GH007,F04
P0085,0.7922048963443253,GH007,F04
P0085,0.8158414217992925,GH007,F04
P0085,0.8570440060215637,GH007,F04
P0085,0.8476887527216771,GH007,F04
P0085,0.7565589291082601,GH007,F04
P0085,0.7609760440440871,GH007,F04
P0085,0.7621181325593661,GH007,F04
P0085,0.7695242754551476,GH007,F04
P0085,0.8543276529497661,GH007,F04
P0085,0.7840217159597086,GH007,F04
P0085,0.8678849321929879,GH007,F04
P0085,0.8257138438752156,GH007,F04
P0085,0.8531835057099837,GH007,F04
P0085,0.8265486787192375,GH007,F04
P0085,0.8408532668091996,GH007,F04
P0085,0.8458274424940777,GH007,F04
P0085,0.8501121607243539,GH007,F04
P0085,0.8546778791258346,GH007,F04
P0085,0.8184490918677417,GH007,F04
P0085,0.8094670135231524,GH007,F04
P0085,0.8346049723157649,GH007,F04
P0085,0.7448122963408513,GH007,F04
P0085,0.7477580435076358,GH007,F04
P0085,0.6174673238452241,GH007,F04
P0085,0.735714837247751,GH007,F04
P0085,0.76302029875342825,GH007,F04
P0085,0.7860736009103351,GH007,F04
P0085,0.8629098595506385,GH007,F04
P0085,0.8682695229106951,GH007,F04
P0085,0.8530271884008948,GH007,F04
P0085,0.8289623678167664,GH007,F04
P0085,0.8289574796381477,GH007,F04
P0085,0.8450460471262723,GH007,F04
P0085,0.8499336250532102,GH007,F04
P0085,0.8210527205210669,GH007,F04
P0085,0.8549557764545457,GH007,F04
P0085,0.822155552443937,GH007,F04
P0085,0.7882955042148139,GH007,F04
P0085,0.742875234395144,GH007,F04
P0085,0.7887161282468109,GH007,F04
P0085,0.8440472435658868,GH007,F04
P0085,0.7090283509557257,GH007,F04
P0085,0.7638286067904152,GH007,F04
P0085,0.804690615756604,GH007,F04
P0085,0.7599401564132453,GH007,F04
P0085,0.7566355851057075,GH007,F04
P0085,0.8602306406464437,GH007,F04
P0085,0.844331152861488,GH007,F04
P0085,0.8095923287656125,GH007,F04
P0085,0.8442026700053996,GH007,F04
P0085,0.8152390077350312,GH007,F04
P0085,0.8781749514701344,GH007,F04
P0085,0.8591023892442778,GH007,F04
P0085,0.8667616815398018,GH007,F04
P0085,0.8448753989239378,GH007,F04
P0085,0.8098469639056065,GH007,F04
P0085,0.8039345210578354,GH007,F04
P0085,0.7131587804267496,GH007,F04
P0085,0.6922544758444366,GH007,F04
P0085,0.656391452267186,GH007,F04
P0085,0.756209569469536,GH007,F04
P0085,0.8249233439079939,GH007,F04
P0085,0.7432522681776645,GH007,F04
P0085,0.8468418112706992,GH007,F04
P0085,0.8391045394808402,GH007,F04
P0085,0.8418066223730207,GH007,F04
P0085,0.8460028165924639,GH007,F04
P0085,0.8406659854547319,GH007,F04
P0085,0.8808075205060514,GH007,F04
P0085,0.8662573657785743,GH007,F04
P0085,0.8428316810906938,GH007,F04
P0085,0.8479322091087558,GH007,F04
P0085,0.8159618503555286,GH007,F04
P0085,0.7485705358909704,GH007,F04
P0085,0.8380804722947452,GH007,F04
P0086,0.7455007810628695,GH018,F06
P0086,0.8491504605124052,GH018,F06
P0086,0.773062727289094,GH018,F06
P0086,0.7615313133809374,GH018,F06
P0086,0.8647078236376146,GH018,F06
P0086,0.8429153744590301,GH018,F06
P0086,0.8153707142569572,GH018,F06
P0086,0.8678791026675298,GH018,F06
P0086,0.8126505399088745,GH018,F06
P0086,0.8031703268159069,GH018,F06
P0086,0.7377498828381158,GH018,F06
P0086,0.8024297360684312,GH018,F06
P0086,0.7197988866077794,GH018,F06
P0086,0.6880312419945736,GH018,F06
P0086,0.6590976012769345,GH018,F06
P0086,0.6231237009364525,GH018,F06
P0086,0.6399004591775284,GH018,F06
P0086,0.6811381036895054,GH018,F06
P0086,0.8010392811635962,GH018,F06
P0086,0.8407107658222656,GH018,F06
P0086,0.7357479615231413,GH018,F06
P0086,0.8330098572611139,GH018,F06
P0086,0.8135769569037647,GH018,F06
P0086,0.8117191231961802,GH018,F06
P0086,0.7253377795103405,GH018,F06
P0086,0.692539742103453,GH018,F06
P0086,0.8488664501736797,GH018,F06
P0086,0.7582679935992561,GH018,F06
P0086,0.8254106776852018,GH018,F06
P0086,0.7776744010560885,GH018,F06
P0086,0.7074902686605246,GH018,F06
P0086,0.7468440230711039,GH018,F06
P0086,0.7290279195272458,GH018,F06
P0086,0.7153006051273679,GH018,F06
P0086,0.7328059838818987,GH018,F06
P0086,0.783864025017613,GH018,F06
P0086,0.746377833110453,GH018,F06
P0086,0.7418460290468929,GH018,F06
P0086,0.7684049698426614,GH018,F06
P0086,0.7362065514474616,GH018,F06
P0086,0.727962655370485,GH018,F06
P0086,0.7075649819638831,GH018,F06
P0086,0.8143694796482311,GH018,F06
P0086,0.7337924746886832,GH018,F06
P0086,0.7424810361682327,GH018,F06
P0086,0.7078771919620531,GH018,F06
P0086,0.67909426491224,GH018,F06
P0086,0.7357970381259086,GH018,F06
P0086,0.6740858591671383,GH018,F06
P0086,0.6061470216610187,GH018,F06
P0086,0.570727963635233,GH018,F06
P0086,0.6419705502779192,GH018,F06
P0086,0.6690487584552113,GH018,F06
P0086,0.6721100852083373,GH018,F06
P0086,0.7249913841627856,GH018,F06
P0086,0.7378123310183126,GH018,F06
P0086,0.7566335151280015,GH018,F06
P0086,0.70285290751948315,GH018,F06
P0086,0.7217299418198894,GH018,F06
P0086,0.7344723908696055,GH018,F06
P0086,0.6882006001501931,GH018,F06
P0086,0.7011563772528293,GH018,F06
P0086,0.6919195070137107,GH018,F06
P0086,0.6998879175128679,GH018,F06
P0086,0.6940888433231578,GH018,F06
P0086,0.6849527815677097,GH018,F06
P0086,0.7598275341854778,GH018,F06
P0086,0.7170042663352212,GH018,F06
P0086,0.6906844672251217,GH018,F06
P0086,0.7183808159122409,GH018,F06
P0086,0.7280552389311014,GH018,F06
P0086,0.7841725371513195,GH018,F06
P0086,0.7138822015363705,GH018,F06
P0086,0.7715123875575364,GH018,F06
P0086,0.7433925390961859,GH018,F06
P0086,0.7339111918382706,GH018,F06
P0086,0.72495141699047,GH018,F06
P0086,0.7188299122495749,GH018,F06
P0086,0.7388568716759065,GH018,F06
P0086,0.6959614049202488,GH018,F06
P0086,0.7614249999926037,GH018,F06
P0086,0.7722052372971341,GH018,F06
P0086,0.7355743841821101,GH018,F06
P0086,0.7023975386393106,GH018,F06
P0086,0.6844912291217877,GH018,F06
P0086,0.6699151565992366,GH018,F06
P0086,0.6626352674271271,GH018,F06
P0086,0.661813003212878,GH018,F06
P0086,0.6951680717597744,GH018,F06
P0086,0.7678215148009018,GH018,F06
P0086,0.7540316441529046,GH018,F06
P0086,0.8286221175400532,GH018,F06
P0086,0.7740139933167751,GH018,F06
P0086,0.7533200919385535,GH018,F06
P0086,0.8377691150951595,GH018,F06
P0086,0.7847700554924404,GH018,F06
P0086,0.8378609040247843,GH018,F06
P0086,0.8416501936958561,GH018,F06
P0086,0.8335216043140513,GH018,F06
P0086,0.8507058034861581,GH018,F06
P0086,0.8360613991782648,GH018,F06
P0086,0.8188191122719134,GH018,F06
P0086,0.7672293668429263,GH018,F06
P0086,0.8049865009547267,GH018,F06
P0086,0.7319366064054853,GH018,F06
P0086,0.7656883047186733,GH018,F06
P0086,0.863529460212385,GH018,F06
P0086,0.8476801625673213,GH018,F06
P0086,0.7503385481406747,GH018,F06
P0086,0.8594645896289366,GH018,F06
P0086,0.8086436779266686,GH018,F06
P0086,0.8940809345502898,GH018,F06
P0086,0.7285153771444227,GH018,F06
P0086,0.8313896043414831,GH018,F06
P0086,0.8130004434957608,GH018,F06
P0086,0.863459941390555,GH018,F06
P0086,0.8486781450632742,GH018,F06
P0086,0.7548907597092412,GH018,F06
P0086,0.8501744303808417,GH018,F06
P0086,0.7958722006478487,GH018,F06
P0086,0.8213776450118807,GH018,F06
P0086,0.7633615712003294,GH018,F06
P0086,0.6195833962225966,GH018,F06
P0086,0.7047976276535116,GH018,F06
P0086,0.7258680333675022,GH018,F06
P0086,0.813844602330242,GH018,F06
P0086,0.8257447513593473,GH018,F06
P0086,0.8721861469458186,GH018,F06
P0086,0.8734925365927412,GH018,F06
P0086,0.8579934720536166,GH018,F06
P0086,0.868769381980279,GH018,F06
P0086,0.8696806922592968,GH018,F06
P0086,0.8983197939453824,GH018,F06
P0086,0.8456605139544712,GH018,F06
P0086,0.8644116990819879,GH018,F06
P0086,0.8874917032007336,GH018,F06
P0086,0.7870969089189164,GH018,F06
P0086,0.8579862593051868,GH018,F06
P0086,0.7374182244443664,GH018,F06
P0086,0.8792001663954429,GH018,F06
P0086,0.8376859271858644,GH018,F06
P0086,0.7768536588566058,GH018,F06
P0086,0.8301185176130157,GH018,F06
P0086,0.8369829213478747,GH018,F06
P0086,0.8187394357814133,GH018,F06
P0086,0.8261771616845183,GH018,F06
P0086,0.8662792444299433,GH018,F06
P0086,0.8455444468571438,GH018,F06
P0086,0.8555326762263913,GH018,F06
P0086,0.8697498978275298,GH018,F06
P0086,0.8301086099820815,GH018,F06
P0086,0.8939556050487846,GH018,F06
P0086,0.8610516345824067,GH018,F06
P0086,0.7548317723177551,GH018,F06
P0086,0.7704217123823307,GH018,F06
P0086,0.8481892690912495,GH018,F06
P0086,0.7494030548725387,GH018,F06
P0086,0.7724940589704815,GH018,F06
P0086,0.7272317346672583,GH018,F06
P0086,0.6534920361214708,GH018,F06
P0086,0.7354943506346845,GH018,F06
P0086,0.8327021707497521,GH018,F06
P0086,0.7963259985905649,GH018,F06
P0086,0.859879849304441,GH018,F06
P0086,0.8361486637711258,GH018,F06
P0086,0.8728683328150734,GH018,F06
P0086,0.829851418450241,GH018,F06
P0086,0.8602556430200553,GH018,F06
P0086,0.8547765773662948,GH018,F06
P0086,0.833780395647642,GH018,F06
P0086,0.8519767282355728,GH018,F06
P0086,0.9000393772912683,GH018,F06
P0086,0.8415395619878915,GH018,F06
P0086,0.8239500402020108,GH018,F06
P0086,0.7685572204469066,GH018,F06
P0086,0.8445381810479098,GH018,F06
P0086,0.8324789704643735,GH018,F06
P0086,0.8524765103091781,GH018,F06
P0086,0.8350795626480384,GH018,F06
P0086,0.8521732651242777,GH018,F06
P0086,0.7691094731278947,GH018,F06
P0086,0.8345913988782818,GH018,F06
P0086,0.8489083641339975,GH018,F06
P0086,0.8708706927422476,GH018,F06
P0086,0.8627965733911152,GH018,F06
P0086,0.8429579920347487,GH018,F06
P0086,0.8161197632597176,GH018,F06
P0086,0.8636037417930961,GH018,F06
P0086,0.8781547564988239,GH018,F06
P0086,0.8504752285535941,GH018,F06
P0086,0.8357349333789187,GH018,F06
P0086,0.7616793501401488,GH018,F06
P0086,0.7240679435651254,GH018,F06
P0086,0.7168321587060079,GH018,F06
P0086,0.724645591318139,GH018,F06
P0086,0.6735246293110796,GH018,F06
P0086,0.7281778839240346,GH018,F06
P0086,0.7811695256306106,GH018,F06
P0086,0.8660202473144071,GH018,F06
P0086,0.858783344075686,GH018,F06
P0086,0.8781063446319431,GH018,F06
P0086,0.8743204934284454,GH018,F06
P0086,0.792087778876141,GH018,F06
P0086,0.8899600006676289,GH018,F06
P0086,0.8528151359377734,GH018,F06
P0086,0.8596716492094978,GH018,F06
P0086,0.8447573160840526,GH018,F06
P0086,0.8592618131765952,GH018,F06
P0086,0.8498399091412623,GH018,F06
P0086,0.8239076528761332,GH018,F06
P0087,0.8213838467684982,GH010,F03
P0087,0.777092534924191,GH010,F03
P0087,0.8026210101287009,GH010,F03
P0087,0.6897187729864096,GH010,F03
P0087,0.7447082459826555,GH010,F03
P0087,0.765186223770244,GH010,F03
P0087,0.7359976473366374,GH010,F03
P0087,0.7366407944886553,GH010,F03
P0087,0.7290553168864748,GH010,F03
P0087,0.6881458818453525,GH010,F03
P0087,0.6684478513731889,GH010,F03
P0087,0.678827502660492,GH010,F03
P0087,0.6553138497872801,GH010,F03
P0087,0.5813289026858205,GH010,F03
P0087,0.5439595999986864,GH010,F03
P0087,0.5273593239712128,GH010,F03
P0087,0.597077508775248,GH010,F03
P0087,0.594191371712107,GH010,F03
P0087,0.6802779438585977,GH010,F03
P0087,0.7654599824978656,GH010,F03
P0087,0.6700359497054162,GH010,F03
P0087,0.6896850569928283,GH010,F03
P0087,0.7319146507709737,GH010,F03
P0087,0.650912692471179,GH010,F03
P0087,0.7075442134896043,GH010,F03
P0087,0.6231672551612811,GH010,F03
P0087,0.7246609890785656,GH010,F03
P0087,0.6040547486828507,GH010,F03
P0087,0.6495878041232755,GH010,F03
P0087,0.6245616444839339,GH010,F03
P0087,0.6614117390833816,GH010,F03
P0087,0.5912345547577499,GH010,F03
P0087,0.6062083394517102,GH010,F03
P0087,0.6369199957612818,GH010,F03
P0087,0.6270945635553592,GH010,F03
P0087,0.6355339390988763,GH010,F03
P0087,0.5939293886689421,GH010,F03
P0087,0.6451483625566186,GH010,F03
P0087,0.6249510184499217,GH010,F03
P0087,0.632943494790256,GH010,F03
P0087,0.6310097241044815,GH010,F03
P0087,0.6141623272061556,GH010,F03
P0087,0.6714946203343712,GH010,F03
P0087,0.679196883112529,GH010,F03
P0087,0.6867374968921217,GH010,F03
P0087,0.6207125210878738,GH010,F03
P0087,0.5944129232773048,GH010,F03
P0087,0.5870449011860506,GH010,F03
P0087,0.5479413734782966,GH010,F03
P0087,0.5347324523850131,GH010,F03
P0087,0.5380784035910973,GH010,F03
P0087,0.5936303775072104,GH010,F03
P0087,0.6292434234190767,GH010,F03
P0087,0.5992455529378218,GH010,F03
P0087,0.6888497230898348,GH010,F03
P0087,0.6695116940920568,GH010,F03
P0087,0.6274919110058563,GH010,F03
P0087,0.6609068486420444,GH010,F03
P0087,0.6984486545030385,GH010,F03
P0087,0.6765788815588712,GH010,F03
P0087,0.7110175106282738,GH010,F03
P0087,0.7091192008489319,GH010,F03
P0087,0.6389997756505421,GH010,F03
P0087,0.6732876513199203,GH010,F03
P0087,0.7028147071353353,GH010,F03
P0087,0.6507718603669647,GH010,F03
P0087,0.6163534139377194,GH010,F03
P0087,0.6138718274153303,GH010,F03
P0087,0.6304260659346124,GH010,F03
P0087,0.6450338264309845,GH010,F03
P0087,0.6628853113705785,GH010,F03
P0087,0.7558449701361281,GH010,F03
P0087,0.6927672375138791,GH010,F03
P0087,0.6487243480797408,GH010,F03
P0087,0.6428570948442228,GH010,F03
P0087,0.650503073488254,GH010,F03
P0087,0.6790443809719435,GH010,F03
P0087,0.6745211966622658,GH010,F03
P0087,0.65890014351994,GH010,F03
P0087,0.6672022614913369,GH010,F03
P0087,0.7552967038480758,GH010,F03
P0087,0.7460652789727822,GH010,F03
P0087,0.643884934141844,GH010,F03
P0087,0.6217443158316844,GH010,F03
P0087,0.5963634304465137,GH010,F03
P0087,0.5844162758812647,GH010,F03
P0087,0.5375378441235364,GH010,F03
P0087,0.5662428374800533,GH010,F03
P0087,0.6233684699239183,GH010,F03
P0087,0.6231241825615449,GH010,F03
P0087,0.6640511837565181,GH010,F03
P0087,0.6685582151197919,GH010,F03
P0087,0.7613903480360765,GH010,F03
P0087,0.7537783688062051,GH010,F03
P0087,0.7633745551479739,GH010,F03
P0087,0.7143734593011486,GH010,F03
P0087,0.7303659921557903,GH010,F03
P0087,0.6706769725425212,GH010,F03
P0087,0.6837801482293012,GH010,F03
P0087,0.8038462012585473,GH010,F03
P0087,0.7699557668617868,GH010,F03
P0087,0.6622262014053385,GH010,F03
P0087,0.7508286428322721,GH010,F03
P0087,0.79132684129134,GH010,F03
P0087,0.6537315637325181,GH010,F03
P0087,0.6936647888951752,GH010,F03
P0087,0.6766753703699477,GH010,F03
P0087,0.7567145455119795,GH010,F03
P0087,0.8055901379110052,GH010,F03
P0087,0.7549179632995497,GH010,F03
P0087,0.761349536632849,GH010,F03
P0087,0.7562054507730714,GH010,F03
P0087,0.758903368556485,GH010,F03
P0087,0.7692172103780887,GH010,F03
P0087,0.7301141326099103,GH010,F03
P0087,0.7906332930530829,GH010,F03
P0087,0.7870643068239628,GH010,F03
P0087,0.762567408851215,GH010,F03
P0087,0.6698802409194289,GH010,F03
P0087,0.6246928431580997,GH010,F03
P0087,0.6350487577901153,GH010,F03
P0087,0.6922012305642903,GH010,F03
P0087,0.5366630494440197,GH010,F03
P0087,0.5967404469040984,GH010,F03
P0087,0.7562968658536936,GH010,F03
P0087,0.7866768787089743,GH010,F03
P0087,0.7823332987957188,GH010,F03
P0087,0.7317342056458129,GH010,F03
P0087,0.7119613060061659,GH010,F03
P0087,0.7350174928914359,GH010,F03
P0087,0.7705399729032074,GH010,F03
P0087,0.7865328224110529,GH010,F03
P0087,0.7921926832253594,GH010,F03
P0087,0.7509544753084366,GH010,F03
P0087,0.7746622136941996,GH010,F03
P0087,0.757719039829389,GH010,F03
P0087,0.7334609766677919,GH010,F03
P0087,0.6812773260658189,GH010,F03
P0087,0.6390757693212729,GH010,F03
P0087,0.723388827503336,GH010,F03
P0087,0.7896735816430018,GH010,F03
P0087,0.6605517295237023,GH010,F03
P0087,0.7506165493636561,GH010,F03
P0087,0.745016775321763,GH010,F03
P0087,0.8091664386037187,GH010,F03
P0087,0.6921323987830025,GH010,F03
P0087,0.7467062726930539,GH010,F03
P0087,0.7498633835692228,GH010,F03
P0087,0.783083316999088,GH010,F03
P0087,0.7917173464269529,GH010,F03
P0087,0.7339034305308408,GH010,F03
P0087,0.7731148735954181,GH010,F03
P0087,0.7829874886275857,GH010,F03
P0087,0.7428022757499013,GH010,F03
P0087,0.7238166781616479,GH010,F03
P0087,0.6498779045243932,GH010,F03
P0087,0.7348555258300931,GH010,F03
P0087,0.6097868687795929,GH010,F03
P0087,0.5508844656350422,GH010,F03
P0087,0.6585651129912103,GH010,F03
P0087,0.6961276679866819,GH010,F03
P0087,0.639878504112654,GH010,F03
P0087,0.764617472251011,GH010,F03
P0087,0.7716994696579687,GH010,F03
P0087,0.7794998695867064,GH010,F03
P0087,0.7407877539387957,GH010,F03
P0087,0.7738958922937929,GH010,F03
P0087,0.792891205408935,GH010,F03
P0087,0.7775552392943264,GH010,F03
P0087,0.7586858202444984,GH010,F03
P0087,0.7468422297126253,GH010,F03
P0087,0.7584506493765831,GH010,F03
P0087,0.7321015704961478,GH010,F03
P0087,0.7323729798013764,GH010,F03
P0087,0.673795521029355,GH010,F03
P0087,0.7596749191590221,GH010,F03
P0087,0.6947777067235827,GH010,F03
P0087,0.6953869970422905,GH010,F03
P0087,0.769006849311048,GH010,F03
P0087,0.67132091144581,GH010,F03
P0087,0.7641200633993769,GH010,F03
P0087,0.7613001398332688,GH010,F03
P0087,0.7700026549120893,GH010,F03
P0087,0.7321075439143402,GH010,F03
P0087,0.8129004555082935,GH010,F03
P0087,0.7721467421540706,GH010,F03
P0087,0.7374676276832751,GH010,F03
P0087,0.7992181301581199,GH010,F03
P0087,0.7965135186140275,GH010,F03
P0087,0.7618960094396731,GH010,F03
P0087,0.7125026294457103,GH010,F03
P0087,0.6649478149295104,GH010,F03
P0087,0.5889857094874417,GH010,F03
P0087,0.5562942281062546,GH010,F03
P0087,0.6517914533207472,GH010,F03
P0087,0.5926138838023162,GH010,F03
P0087,0.631804607982381,GH010,F03
P0087,0.7983944873025826,GH010,F03
P0087,0.6928331778572765,GH010,F03
P0087,0.768968941360623,GH010,F03
P0087,0.715578777006984,GH010,F03
P0087,0.8083753099041157,GH010,F03
P0087,0.7735978728795309,GH010,F03
P0087,0.7852904780906927,GH010,F03
P0087,0.7411678028497307,GH010,F03
P0087,0.7894922883259744,GH010,F03
P0087,0.736285227850159,GH010,F03
P0087,0.7916943646629389,GH010,F03
P0087,0.7515632365541571,GH010,F03
P0087,0.6975916277621022,GH010,F03
P0088,0.8740685838131288,GH010,F03
P0088,0.7615313782686097,GH010,F03
P0088,0.8591680064297917,GH010,F03
P0088,0.8704947684272406,GH010,F03
P0088,0.7582412082701265,GH010,F03
P0088,0.8495191494909387,GH010,F03
P0088,0.8278845900033132,GH010,F03
P0088,0.8134917178480618,GH010,F03
P0088,0.8679428556232607,GH010,F03
P0088,0.8352194709297227,GH010,F03
P0088,0.706313989362563,GH010,F03
P0088,0.7780227729387094,GH010,F03
P0088,0.6994125054621546,GH010,F03
P0088,0.6899133134238522,GH010,F03
P0088,0.6563300170850477,GH010,F03
P0088,0.6225631589634546,GH010,F03
P0088,0.7366935569417666,GH010,F03
P0088,0.725327026437113,GH010,F03
P0088,0.7989821256744659,GH010,F03
P0088,0.7539743799127804,GH010,F03
P0088,0.7314475460450923,GH010,F03
P0088,0.7382990754817703,GH010,F03
P0088,0.8053051029746505,GH010,F03
P0088,0.7167736264731948,GH010,F03
P0088,0.8318014129647201,GH010,F03
P0088,0.7621800871702679,GH010,F03
P0088,0.7686742381691837,GH010,F03
P0088,0.8059559540679151,GH010,F03
P0088,0.6695428275554057,GH010,F03
P0088,0.7237571879681602,GH010,F03
P0088,0.7046826592883767,GH010,F03
P0088,0.6965540824417932,GH010,F03
P0088,0.6592301752471573,GH010,F03
P0088,0.7340812456269458,GH010,F03
P0088,0.6911187992417074,GH010,F03
P0088,0.7129895188873973,GH010,F03
P0088,0.741413822804835,GH010,F03
P0088,0.7667429163294859,GH010,F03
P0088,0.7356058558392811,GH010,F03
P0088,0.6719618116795484,GH010,F03
P0088,0.7391305056166368,GH010,F03
P0088,0.7353974340898657,GH010,F03
P0088,0.8043474602062618,GH010,F03
P0088,0.7183461735862215,GH010,F03
P0088,0.6936571161963203,GH010,F03
P0088,0.6966787963417019,GH010,F03
P0088,0.7301411109083205,GH010,F03
P0088,0.7327922788031104,GH010,F03
P0088,0.6597387449365405,GH010,F03
P0088,0.6016433680566563,GH010,F03
P0088,0.5783232817588144,GH010,F03
P0088,0.6160102736089156,GH010,F03
P0088,0.694644735522486,GH010,F03
P0088,0.701944230553547,GH010,F03
P0088,0.7812946684044488,GH010,F03
P0088,0.7163572768811715,GH010,F03
P0088,0.7172924482469519,GH010,F03
P0088,0.7120894701544752,GH010,F03
P0088,0.7135487993706816,GH010,F03
P0088,0.7803494298351241,GH010,F03
P0088,0.6805292740128005,GH010,F03
P0088,0.7490627989365574,GH010,F03
P0088,0.7242318030029629,GH010,F03
P0088,0.7034777229415407,GH010,F03
P0088,0.7238178417337988,GH010,F03
P0088,0.7019432623657063,GH010,F03
P0088,0.7118008495073972,GH010,F03
P0088,0.7379010511513675,GH010,F03
P0088,0.7427859362776379,GH010,F03
P0088,0.7419590117181317,GH010,F03
P0088,0.7169498696351553,GH010,F03
P0088,0.7000323719894509,GH010,F03
P0088,0.758806008297094,GH010,F03
P0088,0.69453347038259206,GH010,F03
P0088,0.7337956142859351,GH010,F03
P0088,0.8241801951992757,GH010,F03
P0088,0.7433860942144809,GH010,F03
P0088,0.7605626874484371,GH010,F03
P0088,0.7199371276099399,GH010,F03
P0088,0.7361242954940597,GH010,F03
P0088,0.8381065172775763,GH010,F03
P0088,0.7346933266744485,GH010,F03
P0088,0.7664378333635793,GH010,F03
P0088,0.69401583600551,GH010,F03
P0088,0.6485061873127215,GH010,F03
P0088,0.6302794856005988,GH010,F03
P0088,0.5815557551455758,GH010,F03
P0088,0.6423270402940487,GH010,F03
P0088,0.6985232824131948,GH010,F03
P0088,0.7032704083847311,GH010,F03
P0088,0.8275500126613666,GH010,F03
P0088,0.806246858321276,GH010,F03
P0088,0.7678683335577441,GH010,F03
P0088,0.7546424657847265,GH010,F03
P0088,0.838236274912696,GH010,F03
P0088,0.8077132730373251,GH010,F03
P0088,0.8200490636103203,GH010,F03
P0088,0.8903668542744932,GH010,F03
P0088,0.8594683839815139,GH010,F03
P0088,0.834766597724303,GH010,F03
P0088,0.7982100152050264,GH010,F03
P0088,0.8356839878702783,GH010,F03
P0088,0.8668009553516439,GH010,F03
P0088,0.7641188853411215,GH010,F03
P0088,0.7556523852244144,GH010,F03
P0088,0.770652191196674,GH010,F03
P0088,0.8396753320129393,GH010,F03
P0088,0.8307976365389109,GH010,F03
P0088,0.8289524957555989,GH010,F03
P0088,0.8982412142910317,GH010,F03
P0088,0.8417485609399074,GH010,F03
P0088,0.8825219570399561,GH010,F03
P0088,0.8658802316415937,GH010,F03
P0088,0.851952088763473,GH010,F03
P0088,0.8745712243102186,GH010,F03
P0088,0.8288684816760736,GH010,F03
P0088,0.8488495605837513,GH010,F03
P0088,0.8412907265534112,GH010,F03
P0088,0.7597704662306588,GH010,F03
P0088,0.7818572879726222,GH010,F03
P0088,0.7350142215657799,GH010,F03
P0088,0.7848540096820597,GH010,F03
P0088,0.6015678706386597,GH010,F03
P0088,0.804834869288415,GH010,F03
P0088,0.7830199348507707,GH010,F03
P0088,0.8701647373001243,GH010,F03
P0088,0.8485703233616727,GH010,F03
P0088,0.7749076947240645,GH010,F03
P0088,0.8830739744205565,GH010,F03
P0088,0.8443246035346154,GH010,F03
P0088,0.8496034358733435,GH010,F03
P0088,0.8317277586392015,GH010,F03
P0088,0.8336551190469678,GH010,F03
P0088,0.8252341144668048,GH010,F03
P0088,0.8532364247565436,GH010,F03
P0088,0.8385008244368686,GH010,F03
P0088,0.8278466720751098,GH010,F03
P0088,0.8191355603976831,GH010,F03
P0088,0.7404307952623667,GH010,F03
P0088,0.83073118774562,GH010,F03
P0088,0.7528566944654187,GH010,F03
P0088,0.8292675511817612,GH010,F03
P0088,0.7665775834479628,GH010,F03
P0088,0.764308938003019,GH010,F03
P0088,0.8403842777586114,GH010,F03
P0088,0.8252440741172553,GH010,F03
P0088,0.8469676632121891,GH010,F03
P0088,0.8874618536923263,GH010,F03
P0088,0.7121171177494848,GH010,F03
P0088,0.8396133781435494,GH010,F03
P0088,0.8585283429954308,GH010,F03
P0088,0.835981666321023,GH010,F03
P0088,0.8144981838442605,GH010,F03
P0088,0.8699945257635933,GH010,F03
P0088,0.8130575855897824,GH010,F03
P0088,0.7452569876944515,GH010,F03
P0088,0.7955045618915124,GH010,F03
P0088,0.6726988878912173,GH010,F03
P0088,0.6124676583781251,GH010,F03
P0088,0.7400333854373531,GH010,F03
P0088,0.7606223047495901,GH010,F03
P0088,0.8385533273993592,GH010,F03
P0088,0.8286551009197879,GH010,F03
P0088,0.8385470764553706,GH010,F03
P0088,0.8626543784654238,GH010,F03
P0088,0.8422445938445667,GH010,F03
P0088,0.881068625513345,GH010,F03
P0088,0.7978090594606004,GH010,F03
P0088,0.8702453823518628,GH010,F03
P0088,0.8607651659249983,GH010,F03
P0088,0.8918059431387524,GH010,F03
P0088,0.8949921438173895,GH010,F03
P0088,0.8610224924938038,GH010,F03
P0088,0.856287160285864,GH010,F03
P0088,0.8700089698983421,GH010,F03
P0088,0.8620080066329129,GH010,F03
P0088,0.8441481915317683,GH010,F03
P0088,0.7564599014493506,GH010,F03
P0088,0.8513267264281348,GH010,F03
P0088,0.8717977380217007,GH010,F03
P0088,0.8520886043833991,GH010,F03
P0088,0.8482606945736975,GH010,F03
P0088,0.8678276351381463,GH010,F03
P0088,0.8488793159729999,GH010,F03
P0088,0.8419496986868185,GH010,F03
P0088,0.8800910265061589,GH010,F03
P0088,0.856651661545735,GH010,F03
P0088,0.802480337100339,GH010,F03
P0088,0.8483160290287902,GH010,F03
P0088,0.7283934181142103,GH010,F03
P0088,0.8299497880884809,GH010,F03
P0088,0.8193650108840589,GH010,F03
P0088,0.6961288817207051,GH010,F03
P0088,0.6595351948433685,GH010,F03
P0088,0.6909194668173361,GH010,F03
P0088,0.7335743215575763,GH010,F03
P0088,0.7972265979189338,GH010,F03
P0088,0.8169820514121576,GH010,F03
P0088,0.8226175268618077,GH010,F03
P0088,0.8314923939386957,GH010,F03
P0088,0.8597596264667442,GH010,F03
P0088,0.8959826049422461,GH010,F03
P0088,0.8614632256255985,GH010,F03
P0088,0.8513155450144629,GH010,F03
P0088,0.8358727551578484,GH010,F03
P0088,0.8590793346819928,GH010,F03
P0088,0.8349998601672743,GH010,F03
P0088,0.7799327830124766,GH010,F03
P0088,0.8488271078008406,GH010,F03
P0088,0.7768032256542937,GH010,F03
P0089,0.8007655628933287,GH012,F04
P0089,0.817016823149416,GH012,F04
P0089,0.8518604235361552,GH012,F04
P0089,0.788684714013283,GH012,F04
P0089,0.8131058112304346,GH012,F04
P0089,0.8344767980460539,GH012,F04
P0089,0.8307456647436146,GH012,F04
P0089,0.8007795778310534,GH012,F04
P0089,0.8173645399108304,GH012,F04
P0089,0.8361164244695402,GH012,F04
P0089,0.7849910924748925,GH012,F04
P0089,0.7939465153628706,GH012,F04
P0089,0.7076976904807087,GH012,F04
P0089,0.6641961683368284,GH012,F04
P0089,0.6057414182357446,GH012,F04
P0089,0.6584822023073041,GH012,F04
P0089,0.7398912645480671,GH012,F04
P0089,0.7702933807632737,GH012,F04
P0089,0.7281603468372286,GH012,F04
P0089,0.8028009354309952,GH012,F04
P0089,0.7188567464625435,GH012,F04
P0089,0.7245729053748552,GH012,F04
P0089,0.7930323773435025,GH012,F04
P0089,0.7272240767393902,GH012,F04
P0089,0.7631211969273104,GH012,F04
P0089,0.7949796613276157,GH012,F04
P0089,0.8065935490315869,GH012,F04
P0089,0.716841162095858,GH012,F04
P0089,0.6853436266533693,GH012,F04
P0089,0.7331759625119345,GH012,F04
P0089,0.7098913889968603,GH012,F04
P0089,0.677324960013566,GH012,F04
P0089,0.6936067915097963,GH012,F04
P0089,0.6899544962316597,GH012,F04
P0089,0.7387776122896138,GH012,F04
P0089,0.7076522758683044,GH012,F04
P0089,0.7854734193088154,GH012,F04
P0089,0.7099613889983205,GH012,F04
P0089,0.6931222736572621,GH012,F04
P0089,0.6768552361540999,GH012,F04
P0089,0.6866985760923294,GH012,F04
P0089,0.6731695657084867,GH012,F04
P0089,0.6845290472480707,GH012,F04
P0089,0.7479542426505327,GH012,F04
P0089,0.7027818394252734,GH012,F04
P0089,0.7005830502723209,GH012,F04
P0089,0.7630355548975464,GH012,F04
P0089,0.7236820916784782,GH012,F04
P0089,0.655168710719572,GH012,F04
P0089,0.5745592793697692,GH012,F04
P0089,0.6070839756054746,GH012,F04
P0089,0.6634387430579699,GH012,F04
P0089,0.6491118910683059,GH012,F04
P0089,0.716398019362142,GH012,F04
P0089,0.659894768330036,GH012,F04
P0089,0.7002161086726166,GH012,F04
P0089,0.7318922591800314,GH012,F04
P0089,0.7493179599574898,GH012,F04
P0089,0.7307454909489652,GH012,F04
P0089,0.6781729291621278,GH012,F04
P0089,0.6737679064771726,GH012,F04
P0089,0.7324085533550047,GH012,F04
P0089,0.7119813966992597,GH012,F04
P0089,0.714276319862892,GH012,F04
P0089,0.7059760751961175,GH012,F04
P0089,0.7001319294538175,GH012,F04
P0089,0.67359713384151,GH012,F04
P0089,0.710769310412563,GH012,F04
P0089,0.6843820962670782,GH012,F04
P0089,0.6773898905050254,GH012,F04
P0089,0.6960444690150813,GH012,F04
P0089,0.7028499718365259,GH012,F04
P0089,0.6942456282279675,GH012,F04
P0089,0.74657301081376,GH012,F04
P0089,0.7341406564121463,GH012,F04
P0089,0.7102938351521814,GH012,F04
P0089,0.686108119841384,GH012,F04
P0089,0.7536640827069743,GH012,F04
P0089,0.6969992159472556,GH012,F04
P0089,0.7186906534727575,GH012,F04
P0089,0.7458063701186552,GH012,F04
P0089,0.7241512248133474,GH012,F04
P0089,0.7723661998986175,GH012,F04
P0089,0.6619211228598615,GH012,F04
P0089,0.664513829270949,GH012,F04
P0089,0.6571407893544846,GH012,F04
P0089,0.6679524007790033,GH012,F04
P0089,0.694841726522457,GH012,F04
P0089,0.7485479253841366,GH012,F04
P0089,0.798181573186838,GH012,F04
P0089,0.8049596810308794,GH012,F04
P0089,0.718545733967552,GH012,F04
P0089,0.7455387017080728,GH012,F04
P0089,0.8317848260444363,GH012,F04
P0089,0.8051055241627528,GH012,F04
P0089,0.8057974220837048,GH012,F04
P0089,0.7749214260556399,GH012,F04
P0089,0.8079994113636789,GH012,F04
P0089,0.7560900130383217,GH012,F04
P0089,0.8321768074102273,GH012,F04
P0089,0.8048689641686143,GH012,F04
P0089,0.741156655548032,GH012,F04
P0089,0.8184142395302779,GH012,F04
P0089,0.6939097894215804,GH012,F04
P0089,0.8012933205986811,GH012,F04
P0089,0.8012446474638576,GH012,F04
P0089,0.7418389010063311,GH012,F04
P0089,0.8620439180729459,GH012,F04
P0089,0.8189708993521229,GH012,F04
P0089,0.8543333443809026,GH012,F04
P0089,0.8415409937347503,GH012,F04
P0089,0.8094485520484695,GH012,F04
P0089,0.8445143984402249,GH012,F04
P0089,0.812045541766247,GH012,F04
P0089,0.8046263408778909,GH012,F04
P0089,0.8300560897691409,GH012,F04
P0089,0.8735613631866407,GH012,F04
P0089,0.8411607059200723,GH012,F04
P0089,0.8409227977341561,GH012,F04
P0089,0.7987553488436607,GH012,F04
P0089,0.686305651976395,GH012,F04
P0089,0.6900336756037331,GH012,F04
P0089,0.6109624013464399,GH012,F04
P0089,0.7152657366535242,GH012,F04
P0089,0.7875450841037085,GH012,F04
P0089,0.8287691316585367,GH012,F04
P0089,0.8614735199066477,GH012,F04
P0089,0.816639412900411,GH012,F04
P0089,0.8230388188477908,GH012,F04
P0089,0.7879243173090065,GH012,F04
P0089,0.8004108317935147,GH012,F04
P0089,0.8253753496730962,GH012,F04
P0089,0.812568158979471,GH012,F04
P0089,0.7849329845880882,GH012,F04
P0089,0.791712502237859,GH012,F04
P0089,0.8448065036230004,GH012,F04
P0089,0.8541814585114287,GH012,F04
P0089,0.8368965630970951,GH012,F04
P0089,0.8384023503062629,GH012,F04
P0089,0.7248629028543249,GH012,F04
P0089,0.7159656251500431,GH012,F04
P0089,0.7766440373422827,GH012,F04
P0089,0.8361717764434782,GH012,F04
P0089,0.8131347412892227,GH012,F04
P0089,0.7706233788693263,GH012,F04
P0089,0.8279779733824626,GH012,F04
P0089,0.840194308045634,GH012,F04
P0089,0.8018637911285789,GH012,F04
P0089,0.8462586105352631,GH012,F04
P0089,0.8492087836024304,GH012,F04
P0089,0.8611173425546058,GH012,F04
P0089,0.7980339660891704,GH012,F04
P0089,0.8569102206572694,GH012,F04
P0089,0.8231351091086836,GH012,F04
P0089,0.8117438055629136,GH012,F04
P0089,0.8284592822428466,GH012,F04
P0089,0.7723667254364823,GH012,F04
P0089,0.7399720629584368,GH012,F04
P0089,0.6925761845174296,GH012,F04
P0089,0.6479775649582503,GH012,F04
P0089,0.8139138235350911,GH012,F04
P0089,0.78724949523723875,GH012,F04
P0089,0.8710281673367061,GH012,F04
P0089,0.8335822407704978,GH012,F04
P0089,0.7846061977717671,GH012,F04
P0089,0.8427367104612487,GH012,F04
P0089,0.8409945229854908,GH012,F04
P0089,0.792390639026765,GH012,F04
P0089,0.7631042923243825,GH012,F04
P0089,0.8423858388368349,GH012,F04
P0089,0.8303164940281935,GH012,F04
P0089,0.8074585855119498,GH012,F04
P0089,0.8175582241530278,GH012,F04
P0089,0.8038421713207531,GH012,F04
P0089,0.8019270067893519,GH012,F04
P0089,0.7278324834176575,GH012,F04
P0089,0.8827958599816494,GH012,F04
P0089,0.8461408803171643,GH012,F04
P0089,0.810598836790944,GH012,F04
P0089,0.7379622526493347,GH012,F04
P0089,0.8427127911419786,GH012,F04
P0089,0.8104751546468668,GH012,F04
P0089,0.8287008544488165,GH012,F04
P0089,0.8527039339159731,GH012,F04
P0089,0.8094980168882014,GH012,F04
P0089,0.8274799913725346,GH012,F04
P0089,0.8541588268451602,GH012,F04
P0089,0.8680579367737431,GH012,F04
P0089,0.8155512733732376,GH012,F04
P0089,0.8324565147777687,GH012,F04
P0089,0.8415475221435965,GH012,F04
P0089,0.828137890049683,GH012,F04
P0089,0.6670397808236745,GH012,F04
P0089,0.7046669966703836,GH012,F04
P0089,0.6191428192194293,GH012,F04
P0089,0.7626567031670457,GH012,F04
P0089,0.7716811785781391,GH012,F04
P0089,0.7814291590049153,GH012,F04
P0089,0.8263619931953474,GH012,F04
P0089,0.8509769650419088,GH012,F04
P0089,0.8567684314301421,GH012,F04
P0089,0.8474439098427983,GH012,F04
P0089,0.8125938927378059,GH012,F04
P0089,0.8108376752975698,GH012,F04
P0089,0.7193490263350394,GH012,F04
P0089,0.8082540583111086,GH012,F04
P0089,0.8491603626136109,GH012,F04
P0089,0.8150435685525728,GH012,F04
P0089,0.7404618487930904,GH012,F04
P0089,0.7442892159080687,GH012,F04
P0090,0.8291585684155177,GH013,F08
P0090,0.7349223730663497,GH013,F08
P0090,0.8537758037984142,GH013,F08
P0090,0.8400458709085677,GH013,F08
P0090,0.8025932411165205,GH013,F08
P0090,0.8322476613769921,GH013,F08
P0090,0.8563675131165678,GH013,F08
P0090,0.8339936802626529,GH013,F08
P0090,0.7987717326749542,GH013,F08
P0090,0.8398323981287554,GH013,F08
P0090,0.7507688063885589,GH013,F08
P0090,0.7857525911145985,GH013,F08
P0090,0.8319789191559129,GH013,F08
P0090,0.7102372965153182,GH013,F08
P0090,0.6191031857530042,GH013,F08
P0090,0.5818221327539276,GH013,F08
P0090,0.7472593391394211,GH013,F08
P0090,0.7943023239771964,GH013,F08
P0090,0.717985606890099,GH013,F08
P0090,0.7062864930662455,GH013,F08
P0090,0.7260203426187629,GH013,F08
P0090,0.7449718422855762,GH013,F08
P0090,0.7522220731040921,GH013,F08
P0090,0.7743171861653548,GH013,F08
P0090,0.8220983800496517,GH013,F08
P0090,0.806779579243549,GH013,F08
P0090,0.7285305546356915,GH013,F08
P0090,0.7251280926584877,GH013,F08
P0090,0.6978655980652363,GH013,F08
P0090,0.6943135763375842,GH013,F08
P0090,0.707012565608893,GH013,F08
P0090,0.6841578137511001,GH013,F08
P0090,0.7294808276865058,GH013,F08
P0090,0.6941307499854599,GH013,F08
P0090,0.6910934870303533,GH013,F08
P0090,0.8485622086254465,GH013,F08
P0090,0.7061342890161403,GH013,F08
P0090,0.7378187460205532,GH013,F08
P0090,0.7533258949969576,GH013,F08
P0090,0.7290252784949203,GH013,F08
P0090,0.7072473156231904,GH013,F08
P0090,0.8049865937877866,GH013,F08
P0090,0.6887619209682443,GH013,F08
P0090,0.6991151746633929,GH013,F08
P0090,0.6410925849388198,GH013,F08
P0090,0.6972685243694131,GH013,F08
P0090,0.6561024969197156,GH013,F08
P0090,0.7086392657387581,GH013,F08
P0090,0.598904775352358,GH013,F08
P0090,0.5887505482587316,GH013,F08
P0090,0.5729578269512459,GH013,F08
P0090,0.664552017104914,GH013,F08
P0090,0.7068227092196372,GH013,F08
P0090,0.7256765444533146,GH013,F08
P0090,0.680843774967678,GH013,F08
P0090,0.7598769147622134,GH013,F08
P0090,0.7199755691229411,GH013,F08
P0090,0.6894322240467227,GH013,F08
P0090,0.7187046456678372,GH013,F08
P0090,0.7293961370756593,GH013,F08
P0090,0.729192572659676,GH013,F08
P0090,0.7191897425525975,GH013,F08
P0090,0.6979846870882218,GH013,F08
P0090,0.7168112327502749,GH013,F08
P0090,0.695329112787385,GH013,F08
P0090,0.757367994692332,GH013,F08
P0090,0.683784412368283,GH013,F08
P0090,0.7333178995845709,GH013,F08
P0090,0.6666703181868272,GH013,F08
P0090,0.6875134139030686,GH013,F08
P0090,0.7992106641761569,GH013,F08
P0090,0.7503804161657949,GH013,F08
P0090,0.7732936148743735,GH013,F08
P0090,0.7305850803634861,GH013,F08
P0090,0.6978589960481152,GH013,F08
P0090,0.7192472934396966,GH013,F08
P0090,0.7273585497990177,GH013,F08
P0090,0.8144234538573186,GH013,F08
P0090,0.7110894118567413,GH013,F08
P0090,0.7821261555598323,GH013,F08
P0090,0.7261868416467805,GH013,F08
P0090,0.799001457075511,GH013,F08
P0090,0.8016255060217556,GH013,F08
P0090,0.680210745319144,GH013,F08
P0090,0.7446770308371894,GH013,F08
P0090,0.7076678751174048,GH013,F08
P0090,0.7074826904352,GH013,F08
P0090,0.6298936005280567,GH013,F08
P0090,0.6421116258400633,GH013,F08
P0090,0.8198652089216278,GH013,F08
P0090,0.7663272270770526,GH013,F08
P0090,0.8474553344455885,GH013,F08
P0090,0.8249971651162858,GH013,F08
P0090,0.8327351286983079,GH013,F08
P0090,0.8255731874042121,GH013,F08
P0090,0.8405859162120317,GH013,F08
P0090,0.7530461939606147,GH013,F08
P0090,0.803205644614237,GH013,F08
P0090,0.8185189766816261,GH013,F08
P0090,0.8413942906958409,GH013,F08
P0090,0.8246685850594391,GH013,F08
P0090,0.8473503254552007,GH013,F08
P0090,0.8205666017309339,GH013,F08
P0090,0.7294099350707415,GH013,F08
P0090,0.8219718084266405,GH013,F08
P0090,0.7698086649007483,GH013,F08
P0090,0.7735050983710622,GH013,F08
P0090,0.8797975232915041,GH013,F08
P0090,0.7642260181786579,GH013,F08
P0090,0.8011328708425505,GH013,F08
P0090,0.8778660131426491,GH013,F08
P0090,0.8856337157005773,GH013,F08
P0090,0.844869997179819,GH013,F08
P0090,0.8408988890825868,GH013,F08
P0090,0.8739840061627717,GH013,F08
P0090,0.8576351231583726,GH013,F08
P0090,0.8431173142698449,GH013,F08
P0090,0.809700098924824,GH013,F08
P0090,0.8532248137421704,GH013,F08
P0090,0.8420891823942073,GH013,F08
P0090,0.7633875223132521,GH013,F08
P0090,0.6322588570802125,GH013,F08
P0090,0.6852107526884981,GH013,F08
P0090,0.7586962315862386,GH013,F08
P0090,0.8208147048190236,GH013,F08
P0090,0.7435486616780895,GH013,F08
P0090,0.7315933750866389,GH013,F08
P0090,0.8398940605061357,GH013,F08
P0090,0.7724013193655904,GH013,F08
P0090,0.8996297772449368,GH013,F08
P0090,0.8822470174901252,GH013,F08
P0090,0.8574463058009986,GH013,F08
P0090,0.858658202891846,GH013,F08
P0090,0.832624687237037,GH013,F08
P0090,0.7847551743677456,GH013,F08
P0090,0.8498831751391516,GH013,F08
P0090,0.8703389189537061,GH013,F08
P0090,0.7474318347319194,GH013,F08
P0090,0.8582038943059006,GH013,F08
P0090,0.8069399906190959,GH013,F08
P0090,0.8381159332254937,GH013,F08
P0090,0.764897200314112,GH013,F08
P0090,0.7378834162715967,GH013,F08
P0090,0.8449332315348734,GH013,F08
P0090,0.845703026692684,GH013,F08
P0090,0.8277665159988978,GH013,F08
P0090,0.8474235598456883,GH013,F08
P0090,0.8531583635779694,GH013,F08
P0090,0.8565698687955111,GH013,F08
P0090,0.8189672215835692,GH013,F08
P0090,0.8751157340149481,GH013,F08
P0090,0.834353167956184,GH013,F08
P0090,0.7459212466849366,GH013,F08
P0090,0.8263693250777163,GH013,F08
P0090,0.794460333085659,GH013,F08
P0090,0.8199201709103047,GH013,F08
P0090,0.7025969164357547,GH013,F08
P0090,0.6863714853771462,GH013,F08
P0090,0.6035271887449233,GH013,F08
P0090,0.7560503360800622,GH013,F08
P0090,0.7338938004496586,GH013,F08
P0090,0.788146294424444,GH013,F08
P0090,0.8122513353260011,GH013,F08
P0090,0.8323413902497746,GH013,F08
P0090,0.8836330730033787,GH013,F08
P0090,0.8275089098897515,GH013,F08
P0090,0.8387953512190408,GH013,F08
P0090,0.8447255447598333,GH013,F08
P0090,0.8828991033547259,GH013,F08
P0090,0.8097045710663543,GH013,F08
P0090,0.7982405553004179,GH013,F08
P0090,0.833896043543982,GH013,F08
P0090,0.8293191487104855,GH013,F08
P0090,0.7467404491003248,GH013,F08
P0090,0.7913907652203209,GH013,F08
P0090,0.7453188124219329,GH013,F08
P0090,0.7540906722846531,GH013,F08
P0090,0.7615757013392751,GH013,F08
P0090,0.7895344745957878,GH013,F08
P0090,0.8036881242596703,GH013,F08
P0090,0.746497604486797,GH013,F08
P0090,0.8409815308022757,GH013,F08
P0090,0.8594770662469235,GH013,F08
P0090,0.8802683348809307,GH013,F08
P0090,0.8342663585899996,GH013,F08
P0090,0.8387796122766695,GH013,F08
P0090,0.8774715685584932,GH013,F08
P0090,0.8688523203207611,GH013,F08
P0090,0.8240465140987716,GH013,F08
P0090,0.8339710119183449,GH013,F08
P0090,0.7627856285878263,GH013,F08
P0090,0.7855186376801021,GH013,F08
P0090,0.7770846988614627,GH013,F08
P0090,0.7532137053119324,GH013,F08
P0090,0.7471995614134482,GH013,F08
P0090,0.7662544239592216,GH013,F08
P0090,0.7753230797581533,GH013,F08
P0090,0.8647241484665594,GH013,F08
P0090,0.754341780752379,GH013,F08
P0090,0.8434547861968211,GH013,F08
P0090,0.8250137611116646,GH013,F08
P0090,0.8249205337510176,GH013,F08
P0090,0.8151194814944751,GH013,F08
P0090,0.8586219644893868,GH013,F08
P0090,0.8654026393576332,GH013,F08
P0090,0.8503393446045858,GH013,F08
P0090,0.8559078139848567,GH013,F08
P0090,0.8383759958103406,GH013,F08
P0090,0.8684973115753188,GH013,F08
P0090,0.821580234723598,GH013,F08
P0091,0.81895749886089,GH018,F06
P0091,0.8312502076803373,GH018,F06
P0091,0.7991636922062345,GH018,F06
P0091,0.7608604239005838,GH018,F06
P0091,0.7590414900033635,GH018,F06
P0091,0.8522310112711421,GH018,F06
P0091,0.8173534125268092,GH018,F06
P0091,0.8258702572384184,GH018,F06
P0091,0.8203492938547712,GH018,F06
P0091,0.8154254675202474,GH018,F06
P0091,0.8057708396366099,GH018,F06
P0091,0.7202262465191691,GH018,F06
P0091,0.722196052817363,GH018,F06
P0091,0.6632703447459982,GH018,F06
P0091,0.6365683831886534,GH018,F06
P0091,0.689167892781333,GH018,F06
P0091,0.6476700788699195,GH018,F06
P0091,0.6880568955996506,GH018,F06
P0091,0.824041105561947,GH018,F06
P0091,0.7380450277560519,GH018,F06
P0091,0.7489101641869844,GH018,F06
P0091,0.7813994678570723,GH018,F06
P0091,0.819885624494689,GH018,F06
P0091,0.7263274004922267,GH018,F06
P0091,0.8081023387541689,GH018,F06
P0091,0.7236954586248909,GH018,F06
P0091,0.7197216159984526,GH018,F06
P0091,0.8114095697355753,GH018,F06
P0091,0.7081029754464192,GH018,F06
P0091,0.6915807721835527,GH018,F06
P0091,0.6680466732697533,GH018,F06
P0091,0.7568726959836434,GH018,F06
P0091,0.7392913608816007,GH018,F06
P0091,0.6778621472527246,GH018,F06
P0091,0.7098466063447102,GH018,F06
P0091,0.734630023572594,GH018,F06
P0091,0.7193407186467843,GH018,F06
P0091,0.6971687847447015,GH018,F06
P0091,0.8020640894346903,GH018,F06
P0091,0.7366628190149426,GH018,F06
P0091,0.6648236962098357,GH018,F06
P0091,0.7320866055011575,GH018,F06
P0091,0.6816894388706934,GH018,F06
P0091,0.8345725283165787,GH018,F06
P0091,0.7145214290384216,GH018,F06
P0091,0.686716559931692,GH018,F06
P0091,0.6976562498404345,GH018,F06
P0091,0.7423088152236612,GH018,F06
P0091,0.6611621610227684,GH018,F06
P0091,0.5877976404839219,GH018,F06
P0091,0.5592704282384171,GH018,F06
P0091,0.6567707315055578,GH018,F06
P0091,0.6526703321052276,GH018,F06
P0091,0.7275474064211122,GH018,F06
P0091,0.714001311823739,GH018,F06
P0091,0.6989737787183563,GH018,F06
P0091,0.6683042027624804,GH018,F06
P0091,0.6904530346178889,GH018,F06
P0091,0.7026567332104532,GH018,F06
P0091,0.7142031405529357,GH018,F06
P0091,0.7170623874305431,GH018,F06
P0091,0.6999270851439351,GH018,F06
P0091,0.6956853226561925,GH018,F06
P0091,0.7394924508006504,GH018,F06
P0091,0.7033084315544159,GH018,F06
P0091,0.682165038611253,GH018,F06
P0091,0.68467470108748,GH018,F06
P0091,0.6872400249734664,GH018,F06
P0091,0.6920102987847578,GH018,F06
P0091,0.7363433318739315,GH018,F06
P0091,0.7088598869630313,GH018,F06
P0091,0.6655838433326837,GH018,F06
P0091,0.7187938866419648,GH018,F06
P0091,0.7331518680892893,GH018,F06
P0091,0.7023660675989779,GH018,F06
P0091,0.8017296012741241,GH018,F06
P0091,0.736151611058754,GH018,F06
P0091,0.7052375808216454,GH018,F06
P0091,0.7882138806602992,GH018,F06
P0091,0.7200054566678399,GH018,F06
P0091,0.7162957655561502,GH018,F06
P0091,0.6877538730825183,GH018,F06
P0091,0.8447441255760788,GH018,F06
P0091,0.7345592823029286,GH018,F06
P0091,0.6687532824970001,GH018,F06
P0091,0.6211279287466454,GH018,F06
P0091,0.6747679693165048,GH018,F06
P0091,0.698448619952388,GH018,F06
P0091,0.7209299842208241,GH018,F06
P0091,0.8125710668553819,GH018,F06
P0091,0.8130563654261014,GH018,F06
P0091,0.8481159216678011,GH018,F06
P0091,0.7364343960163287,GH018,F06
P0091,0.8439053004508001,GH018,F06
P0091,0.7406634390536215,GH018,F06
P0091,0.8202650962168142,GH018,F06
P0091,0.7746725947469669,GH018,F06
P0091,0.8195667315048661,GH018,F06
P0091,0.8173571650821044,GH018,F06
P0091,0.8687097230547945,GH018,F06
P0091,0.7406052139944783,GH018,F06
P0091,0.8320218989824254,GH018,F06
P0091,0.7322621362028457,GH018,F06
P0091,0.7621241179026571,GH018,F06
P0091,0.8329424371551506,GH018,F06
P0091,0.7613796227548452,GH018,F06
P0091,0.7522025432561344,GH018,F06
P0091,0.8502633803313873,GH018,F06
P0091,0.8307487110387266,GH018,F06
P0091,0.8645070590200991,GH018,F06
P0091,0.8714564978564694,GH018,F06
P0091,0.8506891599528805,GH018,F06
P0091,0.7603766468724882,GH018,F06
P0091,0.8448847103825747,GH018,F06
P0091,0.8490005879688621,GH018,F06
P0091,0.8360617283878772,GH018,F06
P0091,0.8553368440216411,GH018,F06
P0091,0.8483475427289485,GH018,F06
P0091,0.8256454993203562,GH018,F06
P0091,0.8514748506172121,GH018,F06
P0091,0.7787549054038764,GH018,F06
P0091,0.751422369572843,GH018,F06
P0091,0.6369775812658053,GH018,F06
P0091,0.6901740012619513,GH018,F06
P0091,0.8072598712548897,GH018,F06
P0091,0.8514614923226629,GH018,F06
P0091,0.8644593154418023,GH018,F06
P0091,0.8039542681126375,GH018,F06
P0091,0.8388433928141213,GH018,F06
P0091,0.8239959604571567,GH018,F06
P0091,0.8503991344456672,GH018,F06
P0091,0.8501109655799561,GH018,F06
P0091,0.8166890959697293,GH018,F06
P0091,0.7977937322332116,GH018,F06
P0091,0.812441403047743,GH018,F06
P0091,0.8234316821131267,GH018,F06
P0091,0.789955497352588,GH018,F06
P0091,0.8548830478768793,GH018,F06
P0091,0.8030253972365582,GH018,F06
P0091,0.7493631507098083,GH018,F06
P0091,0.7452721803770646,GH018,F06
P0091,0.7332477591359063,GH018,F06
P0091,0.804565321555138,GH018,F06
P0091,0.787755271088161,GH018,F06
P0091,0.8196740504020866,GH018,F06
P0091,0.812123117610065,GH018,F06
P0091,0.8234374539735492,GH018,F06
P0091,0.9070744250676018,GH018,F06
P0091,0.8480094127359509,GH018,F06
P0091,0.8199136371984416,GH018,F06
P0091,0.8066311059776652,GH018,F06
P0091,0.8419102475296003,GH018,F06
P0091,0.843239301090422,GH018,F06
P0091,0.8416095304820387,GH018,F06
P0091,0.833965362387931,GH018,F06
P0091,0.8388443721843589,GH018,F06
P0091,0.7997644467187756,GH018,F06
P0091,0.6410181550394585,GH018,F06
P0091,0.5864567719225533,GH018,F06
P0091,0.7665840045706,GH018,F06
P0091,0.7946352032789833,GH018,F06
P0091,0.7564956521643639,GH018,F06
P0091,0.857480035753395,GH018,F06
P0091,0.803958603239688,GH018,F06
P0091,0.8249859795400017,GH018,F06
P0091,0.8648975596653837,GH018,F06
P0091,0.8119885974048229,GH018,F06
P0091,0.8516838385106763,GH018,F06
P0091,0.8566632564397197,GH018,F06
P0091,0.8322156060038836,GH018,F06
P0091,0.8245730830249304,GH018,F06
P0091,0.7727040175166228,GH018,F06
P0091,0.8277003837821043,GH018,F06
P0091,0.7886007842949309,GH018,F06
P0091,0.7804110966685388,GH018,F06
P0091,0.7501709841624373,GH018,F06
P0091,0.7569780029584153,GH018,F06
P0091,0.7174665217020698,GH018,F06
P0091,0.8334050045824293,GH018,F06
P0091,0.8325824005161085,GH018,F06
P0091,0.8530463607641952,GH018,F06
P0091,0.8704422345817165,GH018,F06
P0091,0.829932049009646,GH018,F06
P0091,0.8371986875500481,GH018,F06
P0091,0.8252838448833466,GH018,F06
P0091,0.8403510244332864,GH018,F06
P0091,0.849384328387835,GH018,F06
P0091,0.8327465761404591,GH018,F06
P0091,0.838742361147976,GH018,F06
P0091,0.829624530905158,GH018,F06
P0091,0.760116192890438,GH018,F06
P0091,0.7804082119011082,GH018,F06
P0091,0.6569148424339954,GH018,F06
P0091,0.721181736304498,GH018,F06
P0091,0.6643798974601645,GH018,F06
P0091,0.80030858676106,GH018,F06
P0091,0.8246021082095594,GH018,F06
P0091,0.7217831311006505,GH018,F06
P0091,0.8171932416823144,GH018,F06
P0091,0.8383952546286179,GH018,F06
P0091,0.8459238294167312,GH018,F06
P0091,0.8667697712617216,GH018,F06
P0091,0.8318832991127044,GH018,F06
P0091,0.8690453667462028,GH018,F06
P0091,0.837728590594382,GH018,F06
P0091,0.7471485929114047,GH018,F06
P0091,0.8477230447061804,GH018,F06
P0091,0.7464473554228114,GH018,F06
P0091,0.7430746460239074,GH018,F06
P0091,0.7474435906651389,GH018,F06
P0092,0.7632458254118831,GH020,F01
P0092,0.8408040717235954,GH020,F01
P0092,0.7973974038361271,GH020,F01
P0092,0.8336681633138003,GH020,F01
P0092,0.7327607152328144,GH020,F01
P0092,0.8047424497372898,GH020,F01
P0092,0.8641255120731185,GH020,F01
P0092,0.7185108018689486,GH020,F01
P0092,0.8350281482207125,GH020,F01
P0092,0.830931608453763,GH020,F01
P0092,0.8031203177499865,GH020,F01
P0092,0.801956018588546,GH020,F01
P0092,0.7935028708242576,GH020,F01
P0092,0.652463733483077,GH020,F01
P0092,0.6260632121247878,GH020,F01
P0092,0.692821655994772,GH020,F01
P0092,0.7034755418767827,GH020,F01
P0092,0.7657009733726318,GH020,F01
P0092,0.7184409556678105,GH020,F01
P0092,0.6938170033385294,GH020,F01
P0092,0.7513573067190144,GH020,F01
P0092,0.7096478486655885,GH020,F01
P0092,0.6921388242529644,GH020,F01
P0092,0.7194547800405593,GH020,F01
P0092,0.7254346158296312,GH020,F01
P0092,0.7956433276226325,GH020,F01
P0092,0.6890816420888366,GH020,F01
P0092,0.7375725405636674,GH020,F01
P0092,0.7298351338824864,GH020,F01
P0092,0.6445030431716471,GH020,F01
P0092,0.7347842595507805,GH020,F01
P0092,0.695920271751211,GH020,F01
P0092,0.6881773592049496,GH020,F01
P0092,0.7137906557715067,GH020,F01
P0092,0.724090668425706,GH020,F01
P0092,0.6926342035838886,GH020,F01
P0092,0.6669722674018609,GH020,F01
P0092,0.7553997179178888,GH020,F01
P0092,0.7059459557771526,GH020,F01
P0092,0.7194780954241772,GH020,F01
P0092,0.7094070564238791,GH020,F01
P0092,0.6825454434833419,GH020,F01
P0092,0.6755277944892312,GH020,F01
P0092,0.7155862743269007,GH020,F01
P0092,0.712588080298621,GH020,F01
P0092,0.6525687860018142,GH020,F01
P0092,0.7365479191828813,GH020,F01
P0092,0.6610878142633322,GH020,F01
P0092,0.6396997325898234,GH020,F01
P0092,0.5997816364082977,GH020,F01
P0092,0.5786566273264043,GH020,F01
P0092,0.5678526406072248,GH020,F01
P0092,0.6999046885017217,GH020,F01
P0092,0.7143069561252985,GH020,F01
P0092,0.7121759187318839,GH020,F01
P0092,0.6924715701131914,GH020,F01
P0092,0.6760572003854087,GH020,F01
P0092,0.667863240559941,GH020,F01
P0092,0.6853261223105941,GH020,F01
P0092,0.6334184743499177,GH020,F01
P0092,0.6927217162739844,GH020,F01
P0092,0.6371215301304791,GH020,F01
P0092,0.6904222278878969,GH020,F01
P0092,0.6444404675107396,GH020,F01
P0092,0.6847267803371576,GH020,F01
P0092,0.6901439498044863,GH020,F01
P0092,0.6610446929960431,GH020,F01
P0092,0.6776602163284395,GH020,F01
P0092,0.6609949132892929,GH020,F01
P0092,0.7660903031286315,GH020,F01
P0092,0.6791709833267167,GH020,F01
P0092,0.6878914566919921,GH020,F01
P0092,0.7301976692870532,GH020,F01
P0092,0.7444834371787785,GH020,F01
P0092,0.7576265584786165,GH020,F01
P0092,0.6975957724480943,GH020,F01
P0092,0.6873627567358379,GH020,F01
P0092,0.7716047063316192,GH020,F01
P0092,0.7273957789558313,GH020,F01
P0092,0.7304256171494623,GH020,F01
P0092,0.7503958602001478,GH020,F01
P0092,0.7163853028779866,GH020,F01
P0092,0.7823459876280215,GH020,F01
P0092,0.7288491585344349,GH020,F01
P0092,0.6544999808336065,GH020,F01
P0092,0.6316701670784097,GH020,F01
P0092,0.6563213206998257,GH020,F01
P0092,0.6378579490761159,GH020,F01
P0092,0.7126079755931718,GH020,F01
P0092,0.7708862501765216,GH020,F01
P0092,0.697613072908235,GH020,F01
P0092,0.8227161205916099,GH020,F01
P0092,0.811025259789173,GH020,F01
P0092,0.748219969678255,GH020,F01
P0092,0.748472246092859,GH020,F01
P0092,0.7871402361529605,GH020,F01
P0092,0.7366802659265189,GH020,F01
P0092,0.7912588096449851,GH020,F01
P0092,0.735026270228198,GH020,F01
P0092,0.8071240340353812,GH020,F01
P0092,0.8259434172654375,GH020,F01
P0092,0.7890323289299374,GH020,F01
P0092,0.813324247161138,GH020,F01
P0092,0.8299936275743474,GH020,F01
P0092,0.8000831025261259,GH020,F01
P0092,0.7335975667424456,GH020,F01
P0092,0.8598086535404027,GH020,F01
P0092,0.8283973883857411,GH020,F01
P0092,0.8260937241250327,GH020,F01
P0092,0.8461225468136175,GH020,F01
P0092,0.8287256353065972,GH020,F01
P0092,0.8562101386160413,GH020,F01
P0092,0.8007408506463521,GH020,F01
P0092,0.8487388337282892,GH020,F01
P0092,0.8543232034991168,GH020,F01
P0092,0.8922554378668883,GH020,F01
P0092,0.8450604714681439,GH020,F01
P0092,0.8067106953214797,GH020,F01
P0092,0.8156950056062331,GH020,F01
P0092,0.7132274916290496,GH020,F01
P0092,0.6735487709070217,GH020,F01
P0092,0.7428642279319198,GH020,F01
P0092,0.6794326627153895,GH020,F01
P0092,0.7468870602175904,GH020,F01
P0092,0.8035371319570358,GH020,F01
P0092,0.8224376242971125,GH020,F01
P0092,0.8459556982464148,GH020,F01
P0092,0.8402678212695732,GH020,F01
P0092,0.8091025838813476,GH020,F01
P0092,0.8156855105789923,GH020,F01
P0092,0.8131646574550441,GH020,F01
P0092,0.811311573058078,GH020,F01
P0092,0.8394649737817715,GH020,F01
P0092,0.8275999569877215,GH020,F01
P0092,0.8334335092654868,GH020,F01
P0092,0.7809902930412345,GH020,F01
P0092,0.819601338682307,GH020,F01
P0092,0.8454709970779488,GH020,F01
P0092,0.8017579760801662,GH020,F01
P0092,0.8348726776102798,GH020,F01
P0092,0.7562042793917833,GH020,F01
P0092,0.8099493115878609,GH020,F01
P0092,0.8478767270864231,GH020,F01
P0092,0.8045341431142781,GH020,F01
P0092,0.8306462022371172,GH020,F01
P0092,0.8216699136286315,GH020,F01
P0092,0.8621041624442823,GH020,F01
P0092,0.8135675432667147,GH020,F01
P0092,0.8165680463922673,GH020,F01
P0092,0.8361238816252512,GH020,F01
P0092,0.8387360105103385,GH020,F01
P0092,0.8038254202373168,GH020,F01
P0092,0.7917987663323008,GH020,F01
P0092,0.8667227128007303,GH020,F01
P0092,0.8560238331809449,GH020,F01
P0092,0.8396553941852638,GH020,F01
P0092,0.7714219134887869,GH020,F01
P0092,0.7359852043632101,GH020,F01
P0092,0.6261710360047393,GH020,F01
P0092,0.7630109324250922,GH020,F01
P0092,0.7524919720711724,GH020,F01
P0092,0.776912922794887,GH020,F01
P0092,0.8083754215869237,GH020,F01
P0092,0.8433207162654097,GH020,F01
P0092,0.8123045527914112,GH020,F01
P0092,0.7913028104938696,GH020,F01
P0092,0.7975352166404878,GH020,F01
P0092,0.7853973390777447,GH020,F01
P0092,0.7996279138082814,GH020,F01
P0092,0.7949495376843884,GH020,F01
P0092,0.8276669426679238,GH020,F01
P0092,0.8299876276679022,GH020,F01
P0092,0.8231666834854715,GH020,F01
P0092,0.783220541809257,GH020,F01
P0092,0.8563123824961733,GH020,F01
P0092,0.7616710895565622,GH020,F01
P0092,0.8179701000282615,GH020,F01
P0092,0.7098666680733271,GH020,F01
P0092,0.8483153579049899,GH020,F01
P0092,0.8483157962705433,GH020,F01
P0092,0.8140974828265866,GH020,F01
P0092,0.8191373417217134,GH020,F01
P0092,0.8648880736942994,GH020,F01
P0092,0.815065069598675,GH020,F01
P0092,0.7982374531435315,GH020,F01
P0092,0.8708376453934235,GH020,F01
P0092,0.7834132224169083,GH020,F01
P0092,0.8021987713571671,GH020,F01
P0092,0.8394223903303771,GH020,F01
P0092,0.8064030462421485,GH020,F01
P0092,0.8050779298908964,GH020,F01
P0092,0.7835854688818132,GH020,F01
P0092,0.8097028079967606,GH020,F01
P0092,0.740782435218756,GH020,F01
P0092,0.6770825170814773,GH020,F01
P0092,0.742849833247876,GH020,F01
P0092,0.8209734778049005,GH020,F01
P0092,0.8241679145086991,GH020,F01
P0092,0.8319974486246511,GH020,F01
P0092,0.8431490250095945,GH020,F01
P0092,0.8294201740263643,GH020,F01
P0092,0.8096248119350298,GH020,F01
P0092,0.8200097985492364,GH020,F01
P0092,0.7673869902579515,GH020,F01
P0092,0.8314281232387681,GH020,F01
P0092,0.818493614110981,GH020,F01
P0092,0.8407629640348748,GH020,F01
P0092,0.829258489324368,GH020,F01
P0092,0.8430541771110657,GH020,F01
P0092,0.7815148132873945,GH020,F01
P0093,0.6766022808280469,GH012,F04
P0093,0.8040870456831156,GH012,F04
P0093,0.8192666687954246,GH012,F04
P0093,0.7756196259396193,GH012,F04
P0093,0.7770937035438761,GH012,F04
P0093,0.7704516665348944,GH012,F04
P0093,0.7521148362796576,GH012,F04
P0093,0.7908059053549696,GH012,F04
P0093,0.7338403243713798,GH012,F04
P0093,0.7504953846078195,GH012,F04
P0093,0.7624639943115393,GH012,F04
P0093,0.6309329806773675,GH012,F04
P0093,0.7500405841459549,GH012,F04
P0093,0.7263359232638849,GH012,F04
P0093,0.6504880426600861,GH012,F04
P0093,0.5333605017192107,GH012,F04
P0093,0.6969013952149641,GH012,F04
P0093,0.6602640946742401,GH012,F04
P0093,0.7247464166427234,GH012,F04
P0093,0.7294194562604591,GH012,F04
P0093,0.6477675447291941,GH012,F04
P0093,0.733726986332911,GH012,F04
P0093,0.751662295219257,GH012,F04
P0093,0.6569150616191617,GH012,F04
P0093,0.7513507685612228,GH012,F04
P0093,0.6781866279361861,GH012,F04
P0093,0.6800409620105747,GH012,F04
P0093,0.678551267903253,GH012,F04
P0093,0.6456554364949414,GH012,F04
P0093,0.6509320112003409,GH012,F04
P0093,0.6320806889181937,GH012,F04
P0093,0.6381163864042845,GH012,F04
P0093,0.6149430704558616,GH012,F04
P0093,0.6520334014816468,GH012,F04
P0093,0.6020965224867918,GH012,F04
P0093,0.6654240630005669,GH012,F04
P0093,0.6838161128104876,GH012,F04
P0093,0.6954594606106803,GH012,F04
P0093,0.674276641019499,GH012,F04
P0093,0.6684466214032817,GH012,F04
P0093,0.6969233907821305,GH012,F04
P0093,0.7336306040502458,GH012,F04
P0093,0.6165590459041936,GH012,F04
P0093,0.5931337798578853,GH012,F04
P0093,0.6308050802578351,GH012,F04
P0093,0.6216654856610244,GH012,F04
P0093,0.6252209808046751,GH012,F04
P0093,0.6326306982004501,GH012,F04
P0093,0.5770678185364442,GH012,F04
P0093,0.5496191911417475,GH012,F04
P0093,0.5325766519738421,GH012,F04
P0093,0.5886088804979092,GH012,F04
P0093,0.6199798648925311,GH012,F04
P0093,0.6531064613515148,GH012,F04
P0093,0.6531977926950819,GH012,F04
P0093,0.6504446058021637,GH012,F04
P0093,0.6445818933875018,GH012,F04
P0093,0.6684718274689059,GH012,F04
P0093,0.619395706583443,GH012,F04
P0093,0.6628250744002877,GH012,F04
P0093,0.6880042722932183,GH012,F04
P0093,0.6909690047796485,GH012,F04
P0093,0.6414260590125781,GH012,F04
P0093,0.685862812242632,GH012,F04
P0093,0.6221248748757947,GH012,F04
P0093,0.6371791588816607,GH012,F04
P0093,0.6815988496115978,GH012,F04
P0093,0.6023831651116297,GH012,F04
P0093,0.6522179444799276,GH012,F04
P0093,0.6566264781373278,GH012,F04
P0093,0.6381697140064417,GH012,F04
P0093,0.6497276061278087,GH012,F04
P0093,0.661540514715935,GH012,F04
P0093,0.6497621596591839,GH012,F04
P0093,0.6714356083544285,GH012,F04
P0093,0.6778840559608449,GH012,F04
P0093,0.6564516089044052,GH012,F04
P0093,0.6604344048039398,GH012,F04
P0093,0.6542705048553646,GH012,F04
P0093,0.6079602187803156,GH012,F04
P0093,0.631896862658222,GH012,F04
P0093,0.7085937295895832,GH012,F04
P0093,0.6590313970331676,GH012,F04
P0093,0.6594546054115878,GH012,F04
P0093,0.657396334045919,GH012,F04
P0093,0.6046826883887018,GH012,F04
P0093,0.6227701380588768,GH012,F04
P0093,0.5625518321146633,GH012,F04
P0093,0.6857124860947675,GH012,F04
P0093,0.6629797520933421,GH012,F04
P0093,0.6926494067656717,GH012,F04
P0093,0.6535335639196501,GH012,F04
P0093,0.6779544530377598,GH012,F04
P0093,0.7936864975368713,GH012,F04
P0093,0.7823526807415019,GH012,F04
P0093,0.686450928813218,GH012,F04
P0093,0.7548073771901271,GH012,F04
P0093,0.763116573719029,GH012,F04
P0093,0.7849878811855304,GH012,F04
P0093,0.782073527141427,GH012,F04
P0093,0.7900828460912465,GH012,F04
P0093,0.7682174686441501,GH012,F04
P0093,0.7155709414829914,GH012,F04
P0093,0.7835274378334476,GH012,F04
P0093,0.6816797724197081,GH012,F04
P0093,0.6656175590555773,GH012,F04
P0093,0.7510045211180498,GH012,F04
P0093,0.7692319200656649,GH012,F04
P0093,0.6928754404055514,GH012,F04
P0093,0.7852717972177622,GH012,F04
P0093,0.7916919301140567,GH012,F04
P0093,0.7713403062140669,GH012,F04
P0093,0.8015633396380132,GH012,F04
P0093,0.8038839721560769,GH012,F04
P0093,0.7935078381858838,GH012,F04
P0093,0.6913435752701048,GH012,F04
P0093,0.7929143394040963,GH012,F04
P0093,0.8075603206581878,GH012,F04
P0093,0.7768932288969694,GH012,F04
P0093,0.7810246359605354,GH012,F04
P0093,0.6619922218040641,GH012,F04
P0093,0.6337508886460094,GH012,F04
P0093,0.6109843151313369,GH012,F04
P0093,0.609558693216751,GH012,F04
P0093,0.6502681513495601,GH012,F04
P0093,0.7701361403646291,GH012,F04
P0093,0.7645234218548775,GH012,F04
P0093,0.7749408143282193,GH012,F04
P0093,0.7796847461780225,GH012,F04
P0093,0.7817316355657135,GH012,F04
P0093,0.766847763620842,GH012,F04
P0093,0.7318037377105564,GH012,F04
P0093,0.7325132402960808,GH012,F04
P0093,0.7249346927108747,GH012,F04
P0093,0.7650810686189607,GH012,F04
P0093,0.7471972954345001,GH012,F04
P0093,0.7442130602824314,GH012,F04
P0093,0.6999618046681846,GH012,F04
P0093,0.7382962073782064,GH012,F04
P0093,0.6973852321223653,GH012,F04
P0093,0.7765816957964128,GH012,F04
P0093,0.6832044973200898,GH012,F04
P0093,0.7815473329005391,GH012,F04
P0093,0.7571979831594663,GH012,F04
P0093,0.7593460770897343,GH012,F04
P0093,0.7534035583591231,GH012,F04
P0093,0.7583929456425867,GH012,F04
P0093,0.6872286647227139,GH012,F04
P0093,0.761679616110159,GH012,F04
P0093,0.8138170266260155,GH012,F04
P0093,0.7888048489879261,GH012,F04
P0093,0.743063762901582,GH012,F04
P0093,0.7648878484065873,GH012,F04
P0093,0.7648816210424012,GH012,F04
P0093,0.7845054873962429,GH012,F04
P0093,0.7313527603203487,GH012,F04
P0093,0.6733558948061943,GH012,F04
P0093,0.5675730814466086,GH012,F04
P0093,0.6197387464124934,GH012,F04
P0093,0.7152919328744058,GH012,F04
P0093,0.7411775992625128,GH012,F04
P0093,0.7686103767172815,GH012,F04
P0093,0.7777728430510243,GH012,F04
P0093,0.7695095527646805,GH012,F04
P0093,0.7916703214830625,GH012,F04
P0093,0.814973196119597,GH012,F04
P0093,0.8088106438759254,GH012,F04
P0093,0.805464210313523,GH012,F04
P0093,0.8465765144111367,GH012,F04
P0093,0.7415896550747278,GH012,F04
P0093,0.7577618631221598,GH012,F04
P0093,0.7745325491912507,GH012,F04
P0093,0.8030013377627889,GH012,F04
P0093,0.7770011425122909,GH012,F04
P0093,0.6804321383078527,GH012,F04
P0093,0.7458167864512977,GH012,F04
P0093,0.6666062789172745,GH012,F04
P0093,0.6859272138685965,GH012,F04
P0093,0.6965010435430589,GH012,F04
P0093,0.7622982278986711,GH012,F04
P0093,0.7659605669355751,GH012,F04
P0093,0.7768089275150554,GH012,F04
P0093,0.7901634672802718,GH012,F04
P0093,0.794271277590776,GH012,F04
P0093,0.8318903702242815,GH012,F04
P0093,0.7591101328913694,GH012,F04
P0093,0.7777595531664636,GH012,F04
P0093,0.7259614856557537,GH012,F04
P0093,0.7895989123866716,GH012,F04
P0093,0.7260227471010513,GH012,F04
P0093,0.6994112884773424,GH012,F04
P0093,0.7293755608773801,GH012,F04
P0093,0.7223994535457021,GH012,F04
P0093,0.6108946252109625,GH012,F04
P0093,0.6598119277118492,GH012,F04
P0093,0.5708240987386458,GH012,F04
P0093,0.7401858951184664,GH012,F04
P0093,0.7608440775147244,GH012,F04
P0093,0.7634230848356199,GH012,F04
P0093,0.7880987069310156,GH012,F04
P0093,0.7896881596811944,GH012,F04
P0093,0.8239531370175277,GH012,F04
P0093,0.7801953636388052,GH012,F04
P0093,0.763750528963667,GH012,F04
P0093,0.7611044865814913,GH012,F04
P0093,0.6888144178720693,GH012,F04
P0093,0.7769629667172804,GH012,F04
P0093,0.7890631874650016,GH012,F04
P0093,0.6801657017620846,GH012,F04
P0093,0.6932640341757791,GH012,F04
P0094,0.7934660361626722,GH009,F06
P0094,0.7106856922990005,GH009,F06
P0094,0.8381298726873705,GH009,F06
P0094,0.7260925454472011,GH009,F06
P0094,0.7598547026547261,GH009,F06
P0094,0.6988166127275135,GH009,F06
P0094,0.6856731222681807,GH009,F06
P0094,0.7834340817856787,GH009,F06
P0094,0.7625834158958453,GH009,F06
P0094,0.7836617227932052,GH009,F06
P0094,0.7390442034242114,GH009,F06
P0094,0.6723289405527709,GH009,F06
P0094,0.6804207295301891,GH009,F06
P0094,0.661296441679511,GH009,F06
P0094,0.6751562097415913,GH009,F06
P0094,0.5577456821018131,GH009,F06
P0094,0.5867115119898899,GH009,F06
P0094,0.7006586082357606,GH009,F06
P0094,0.6531790887554226,GH009,F06
P0094,0.6955997871473887,GH009,F06
P0094,0.7811312955748403,GH009,F06
P0094,0.7375215314487337,GH009,F06
P0094,0.6462131051309841,GH009,F06
P0094,0.7398503843020736,GH009,F06
P0094,0.6797250797293509,GH009,F06
P0094,0.7115212927343217,GH009,F06
P0094,0.7070591524466584,GH009,F06
P0094,0.7429018883571783,GH009,F06
P0094,0.741918906777043,GH009,F06
P0094,0.6474598065808064,GH009,F06
P0094,0.6488055978135833,GH009,F06
P0094,0.6651116406721581,GH009,F06
P0094,0.6416319420297281,GH009,F06
P0094,0.6398447841176603,GH009,F06
P0094,0.7103358542867266,GH009,F06
P0094,0.7227678982606294,GH009,F06
P0094,0.6316053136646391,GH009,F06
P0094,0.6262583480311849,GH009,F06
P0094,0.7050057804702311,GH009,F06
P0094,0.6925758550809078,GH009,F06
P0094,0.6956710288597768,GH009,F06
P0094,0.6796688772873147,GH009,F06
P0094,0.7173875255028526,GH009,F06
P0094,0.693708630788355,GH009,F06
P0094,0.6512913674688003,GH009,F06
P0094,0.685620057976109,GH009,F06
P0094,0.6869802750062748,GH009,F06
P0094,0.6548917021326653,GH009,F06
P0094,0.624807926410739,GH009,F06
P0094,0.5730675878207468,GH009,F06
P0094,0.5662391446428885,GH009,F06
P0094,0.617761552860576,GH009,F06
P0094,0.6286910660973183,GH009,F06
P0094,0.6482365263055434,GH009,F06
P0094,0.6268280395502761,GH009,F06
P0094,0.6903258010624379,GH009,F06
P0094,0.6935633540712931,GH009,F06
P0094,0.6389035139565489,GH009,F06
P0094,0.6495046893126973,GH009,F06
P0094,0.6615289968783299,GH009,F06
P0094,0.6403343510842006,GH009,F06
P0094,0.6613776562299871,GH009,F06
P0094,0.6542023027742561,GH009,F06
P0094,0.7248604854660099,GH009,F06
P0094,0.7166020102281685,GH009,F06
P0094,0.675435923888666,GH009,F06
P0094,0.6196441815599536,GH009,F06
P0094,0.6624943404945621,GH009,F06
P0094,0.6375202105824356,GH009,F06
P0094,0.7276116433726778,GH009,F06
P0094,0.6592069961145406,GH009,F06
P0094,0.6864376698988718,GH009,F06
P0094,0.6827149019811405,GH009,F06
P0094,0.7314006110925155,GH009,F06
P0094,0.7343539339190552,GH009,F06
P0094,0.724639148673022,GH009,F06
P0094,0.6574225843762478,GH009,F06
P0094,0.6701252399486483,GH009,F06
P0094,0.6256168988636769,GH009,F06
P0094,0.6774389698532127,GH009,F06
P0094,0.6786375351311617,GH009,F06
P0094,0.7322916983191341,GH009,F06
P0094,0.6751034525560194,GH009,F06
P0094,0.7834379972339757,GH009,F06
P0094,0.6115500445942951,GH009,F06
P0094,0.5841972455216801,GH009,F06
P0094,0.6391259369550252,GH009,F06
P0094,0.6759179067778341,GH009,F06
P0094,0.6299919248657367,GH009,F06
P0094,0.6756606878967971,GH009,F06
P0094,0.684699954841241,GH009,F06
P0094,0.7501142486729622,GH009,F06
P0094,0.762822764765917,GH009,F06
P0094,0.790723093048266,GH009,F06
P0094,0.7727716270210482,GH009,F06
P0094,0.7360826255275855,GH009,F06
P0094,0.7610426195262648,GH009,F06
P0094,0.693930338032198,GH009,F06
P0094,0.7630927898003048,GH009,F06
P0094,0.6726100183115855,GH009,F06
P0094,0.7706697730855839,GH009,F06
P0094,0.7630892749567662,GH009,F06
P0094,0.782354543947777,GH009,F06
P0094,0.7124104186095177,GH009,F06
P0094,0.7050377447269138,GH009,F06
P0094,0.696400297834155,GH009,F06
P0094,0.6900085740377263,GH009,F06
P0094,0.7695853936840379,GH009,F06
P0094,0.6907423895507372,GH009,F06
P0094,0.825874376090485,GH009,F06
P0094,0.8247633172609649,GH009,F06
P0094,0.7878636336555092,GH009,F06
P0094,0.6915508821812599,GH009,F06
P0094,0.7917719577679929,GH009,F06
P0094,0.8101420751431487,GH009,F06
P0094,0.8277008781498596,GH009,F06
P0094,0.7643896626485571,GH009,F06
P0094,0.7400823818029266,GH009,F06
P0094,0.718987688760343,GH009,F06
P0094,0.686802427472826,GH009,F06
P0094,0.6725613040462148,GH009,F06
P0094,0.5709755550982301,GH009,F06
P0094,0.5835172788775852,GH009,F06
P0094,0.7009973313224866,GH009,F06
P0094,0.6711007558123917,GH009,F06
P0094,0.7378261071914799,GH009,F06
P0094,0.7154554209772415,GH009,F06
P0094,0.7849311432106982,GH009,F06
P0094,0.8143793741098125,GH009,F06
P0094,0.8193799488945102,GH009,F06
P0094,0.7068943074178177,GH009,F06
P0094,0.8563915849391668,GH009,F06
P0094,0.8127872048616926,GH009,F06
P0094,0.8047955264227935,GH009,F06
P0094,0.785798296029723,GH009,F06
P0094,0.736547114573693,GH009,F06
P0094,0.8060994236152186,GH009,F06
P0094,0.7700676773095063,GH009,F06
P0094,0.6423899437015296,GH009,F06
P0094,0.7259825549095994,GH009,F06
P0094,0.8086024610566103,GH009,F06
P0094,0.7907288607908831,GH009,F06
P0094,0.7629362194291457,GH009,F06
P0094,0.7099470764011081,GH009,F06
P0094,0.8135831285169032,GH009,F06
P0094,0.7876664040878487,GH009,F06
P0094,0.7327067333105356,GH009,F06
P0094,0.7832444215180435,GH009,F06
P0094,0.8227078189542022,GH009,F06
P0094,0.7938257843175346,GH009,F06
P0094,0.7806188156187154,GH009,F06
P0094,0.8018207335711616,GH009,F06
P0094,0.7499480066765329,GH009,F06
P0094,0.7316779172344066,GH009,F06
P0094,0.6862897968833904,GH009,F06
P0094,0.7523032858616564,GH009,F06
P0094,0.7053051805208955,GH009,F06
P0094,0.6141310953876348,GH009,F06
P0094,0.5643744218956499,GH009,F06
P0094,0.742147300229094,GH009,F06
P0094,0.7306209658001082,GH009,F06
P0094,0.7757984470699104,GH009,F06
P0094,0.7549770433370435,GH009,F06
P0094,0.7280134024867337,GH009,F06
P0094,0.7748611528604238,GH009,F06
P0094,0.8069724528615093,GH009,F06
P0094,0.7593342273719778,GH009,F06
P0094,0.800749869044993,GH009,F06
P0094,0.7538973131899515,GH009,F06
P0094,0.7718060917154713,GH009,F06
P0094,0.7640335364807644,GH009,F06
P0094,0.6633346994432855,GH009,F06
P0094,0.7650488866985485,GH009,F06
P0094,0.8101716091488265,GH009,F06
P0094,0.81539053216800494,GH009,F06
P0094,0.7495966829518954,GH009,F06
P0094,0.772934300626093,GH009,F06
P0094,0.6576422558265291,GH009,F06
P0094,0.7352889398495198,GH009,F06
P0094,0.6935632777164493,GH009,F06
P0094,0.8022754545308232,GH009,F06
P0094,0.7388139519334217,GH009,F06
P0094,0.7805265843102166,GH009,F06
P0094,0.8032642214422305,GH009,F06
P0094,0.7413996226668138,GH009,F06
P0094,0.7619468689642224,GH009,F06
P0094,0.7930136026171207,GH009,F06
P0094,0.7865281590429505,GH009,F06
P0094,0.8035413045082782,GH009,F06
P0094,0.8114563234995565,GH009,F06
P0094,0.7069882212769357,GH009,F06
P0094,0.832281005553761,GH009,F06
P0094,0.7277677167503034,GH009,F06
P0094,0.6394672539967579,GH009,F06
P0094,0.5794636415850161,GH009,F06
P0094,0.7206379055975511,GH009,F06
P0094,0.6708339281037987,GH009,F06
P0094,0.8067770721443079,GH009,F06
P0094,0.7767870344650797,GH009,F06
P0094,0.8075443500442544,GH009,F06
P0094,0.7905855700958382,GH009,F06
P0094,0.8079661576588139,GH009,F06
P0094,0.7839104258882865,GH009,F06
P0094,0.80676797560252,GH009,F06
P0094,0.7860625098320161,GH009,F06
P0094,0.7931820147145529,GH009,F06
P0094,0.7864678210533385,GH009,F06
P0094,0.7753851428211479,GH009,F06
P0094,0.6937615712553424,GH009,F06
P0094,0.7519352286521548,GH009,F06
P0095,0.8245064906491042,GH006,F07
P0095,0.82358151594801,GH006,F07
P0095,0.8378586480791861,GH006,F07
P0095,0.7505681695098196,GH006,F07
P0095,0.8096955703833608,GH006,F07
P0095,0.8469152089970694,GH006,F07
P0095,0.8231363629439807,GH006,F07
P0095,0.8149575219368272,GH006,F07
P0095,0.8236531562135969,GH006,F07
P0095,0.7867673656966923,GH006,F07
P0095,0.7520796027530259,GH006,F07
P0095,0.7891213308547125,GH006,F07
P0095,0.71059960074379,GH006,F07
P0095,0.7778354263464062,GH006,F07
P0095,0.7340295992010155,GH006,F07
P0095,0.6986557094921679,GH006,F07
P0095,0.6304264457696926,GH006,F07
P0095,0.7776538605269459,GH006,F07
P0095,0.7211190880476086,GH006,F07
P0095,0.7334181100776274,GH006,F07
P0095,0.7205643970827181,GH006,F07
P0095,0.7319931843877846,GH006,F07
P0095,0.7489585764983187,GH006,F07
P0095,0.7668885153730877,GH006,F07
P0095,0.7758460851908976,GH006,F07
P0095,0.6743014720606824,GH006,F07
P0095,0.7483632031230975,GH006,F07
P0095,0.7139137214245014,GH006,F07
P0095,0.7119029841290617,GH006,F07
P0095,0.6877291441419875,GH006,F07
P0095,0.6988432225623369,GH006,F07
P0095,0.8000566699728261,GH006,F07
P0095,0.6878724912897421,GH006,F07
P0095,0.7988505159754039,GH006,F07
P0095,0.7026211303232294,GH006,F07
P0095,0.6807620634681538,GH006,F07
P0095,0.7282004088388686,GH006,F07
P0095,0.789684056039476,GH006,F07
P0095,0.6855462941953014,GH006,F07
P0095,0.7015296521743615,GH006,F07
P0095,0.6722161946759183,GH006,F07
P0095,0.7114448944568492,GH006,F07
P0095,0.6793659053993344,GH006,F07
P0095,0.7192514857614855,GH006,F07
P0095,0.6676012418444652,GH006,F07
P0095,0.6694329933238854,GH006,F07
P0095,0.6853449296425954,GH006,F07
P0095,0.672967421076198,GH006,F07
P0095,0.5968199692668898,GH006,F07
P0095,0.6076047338380295,GH006,F07
P0095,0.5339846193086563,GH006,F07
P0095,0.6197525198300811,GH006,F07
P0095,0.6992713648977922,GH006,F07
P0095,0.7230226947270639,GH006,F07
P0095,0.6959077742190896,GH006,F07
P0095,0.7253002607059906,GH006,F07
P0095,0.715614072313142,GH006,F07
P0095,0.7145177549805849,GH006,F07
P0095,0.6895604639878502,GH006,F07
P0095,0.6552043311444817,GH006,F07
P0095,0.6797080318863112,GH006,F07
P0095,0.7196812895764562,GH006,F07
P0095,0.734103779877161,GH006,F07
P0095,0.7041622037527461,GH006,F07
P0095,0.7121515184891702,GH006,F07
P0095,0.6339025825909853,GH006,F07
P0095,0.6469212554112176,GH006,F07
P0095,0.694646077514344,GH006,F07
P0095,0.7952026271499806,GH006,F07
P0095,0.7113169664592791,GH006,F07
P0095,0.7182343347548311,GH006,F07
P0095,0.6793492233861653,GH006,F07
P0095,0.7444865660333642,GH006,F07
P0095,0.6780296109736454,GH006,F07
P0095,0.7106298727192941,GH006,F07
P0095,0.7095774286873682,GH006,F07
P0095,0.7075042595640026,GH006,F07
P0095,0.7125726185032768,GH006,F07
P0095,0.6991943343361542,GH006,F07
P0095,0.6916954350127937,GH006,F07
P0095,0.6988014949804292,GH006,F07
P0095,0.6876785007719097,GH006,F07
P0095,0.7256827438480138,GH006,F07
P0095,0.7253387214372632,GH006,F07
P0095,0.6683073224035044,GH006,F07
P0095,0.6171091289431175,GH006,F07
P0095,0.5700278666765078,GH006,F07
P0095,0.6594876035953748,GH006,F07
P0095,0.6605094055100378,GH006,F07
P0095,0.8134086355322022,GH006,F07
P0095,0.7582769954549268,GH006,F07
P0095,0.817273651650685,GH006,F07
P0095,0.7597119934985611,GH006,F07
P0095,0.7028971127197979,GH006,F07
P0095,0.8042326350878359,GH006,F07
P0095,0.727028253947831,GH006,F07
P0095,0.7106608705074517,GH006,F07
P0095,0.7815306250044406,GH006,F07
P0095,0.7444198500893753,GH006,F07
P0095,0.7273555495772593,GH006,F07
P0095,0.8367509447249742,GH006,F07
P0095,0.7147883109163614,GH006,F07
P0095,0.8132443545824052,GH006,F07
P0095,0.8041977816814353,GH006,F07
P0095,0.7425228878919238,GH006,F07
P0095,0.8225446265768158,GH006,F07
P0095,0.7990278436303105,GH006,F07
P0095,0.8157251712523272,GH006,F07
P0095,0.7841707030661945,GH006,F07
P0095,0.8238811332786549,GH006,F07
P0095,0.811547987251537,GH006,F07
P0095,0.8404055778457202,GH006,F07
P0095,0.8592180361338113,GH006,F07
P0095,0.8503499974655956,GH006,F07
P0095,0.8246374280893406,GH006,F07
P0095,0.8087518062854545,GH006,F07
P0095,0.8148537914698315,GH006,F07
P0095,0.8148021484141614,GH006,F07
P0095,0.8774396139912273,GH006,F07
P0095,0.823447744649532,GH006,F07
P0095,0.7356058311342346,GH006,F07
P0095,0.7372488895702757,GH006,F07
P0095,0.6113355626671986,GH006,F07
P0095,0.6683319252304913,GH006,F07
P0095,0.8063152543791482,GH006,F07
P0095,0.8124019092438584,GH006,F07
P0095,0.7572796147839438,GH006,F07
P0095,0.8151285642136223,GH006,F07
P0095,0.8405415998121842,GH006,F07
P0095,0.8322664177950346,GH006,F07
P0095,0.8474904425313257,GH006,F07
P0095,0.8512911793019032,GH006,F07
P0095,0.8498348618193786,GH006,F07
P0095,0.8503279940359518,GH006,F07
P0095,0.8010165220684656,GH006,F07
P0095,0.8261282875761002,GH006,F07
P0095,0.8512810259006409,GH006,F07
P0095,0.8121262839190528,GH006,F07
P0095,0.7284478494823083,GH006,F07
P0095,0.7992236626936337,GH006,F07
P0095,0.7560818607308706,GH006,F07
P0095,0.7558864777467789,GH006,F07
P0095,0.7111304935790971,GH006,F07
P0095,0.8012758115165924,GH006,F07
P0095,0.7379498810585311,GH006,F07
P0095,0.7833527305739397,GH006,F07
P0095,0.8443733941695944,GH006,F07
P0095,0.8266845214736334,GH006,F07
P0095,0.8133073044044459,GH006,F07
P0095,0.7968898413541544,GH006,F07
P0095,0.8117788081306507,GH006,F07
P0095,0.8267205944632389,GH006,F07
P0095,0.8507809177424775,GH006,F07
P0095,0.8624735431712398,GH006,F07
P0095,0.8207484857420917,GH006,F07
P0095,0.7964151417531095,GH006,F07
P0095,0.756242833110557,GH006,F07
P0095,0.6738728594210516,GH006,F07
P0095,0.6589924345602799,GH006,F07
P0095,0.7580174945921344,GH006,F07
P0095,0.70287741017524,GH006,F07
P0095,0.7492648907419386,GH006,F07
P0095,0.7855458253288137,GH006,F07
P0095,0.7985287669919912,GH006,F07
P0095,0.8433294786767668,GH006,F07
P0095,0.7994106759557789,GH006,F07
P0095,0.8133755422573199,GH006,F07
P0095,0.8503254593023659,GH006,F07
P0095,0.79334540671982,GH006,F07
P0095,0.8450460023560655,GH006,F07
P0095,0.8388856661508849,GH006,F07
P0095,0.7970074521911865,GH006,F07
P0095,0.7712875317766251,GH006,F07
P0095,0.7283260203092952,GH006,F07
P0095,0.8164355158864077,GH006,F07
P0095,0.7838457836003649,GH006,F07
P0095,0.802639314695149,GH006,F07
P0095,0.8362836788614004,GH006,F07
P0095,0.8585218565908785,GH006,F07
P0095,0.7988752464965423,GH006,F07
P0095,0.8277272478186147,GH006,F07
P0095,0.8046215249206301,GH006,F07
P0095,0.8271879382744132,GH006,F07
P0095,0.8080306777297431,GH006,F07
P0095,0.8248505974796289,GH006,F07
P0095,0.8322441774440492,GH006,F07
P0095,0.8132214869665635,GH006,F07
P0095,0.8376132390889297,GH006,F07
P0095,0.8252229439311477,GH006,F07
P0095,0.8171845883509118,GH006,F07
P0095,0.8263092476173902,GH006,F07
P0095,0.826025498191743,GH006,F07
P0095,0.7213246493197368,GH006,F07
P0095,0.7237058130289001,GH006,F07
P0095,0.6977777154554924,GH006,F07
P0095,0.7362581453626221,GH006,F07
P0095,0.7473797035538573,GH006,F07
P0095,0.8027281343786313,GH006,F07
P0095,0.8138281720180438,GH006,F07
P0095,0.7337077959935633,GH006,F07
P0095,0.80925267250373345,GH006,F07
P0095,0.833211418189564,GH006,F07
P0095,0.8053367350826672,GH006,F07
P0095,0.7431672449192075,GH006,F07
P0095,0.8340297431983663,GH006,F07
P0095,0.8035247103917699,GH006,F07
P0095,0.817123515761706,GH006,F07
P0095,0.8110756620990334,GH006,F07
P0095,0.8199256974056136,GH006,F07
P0095,0.8280085216815962,GH006,F07
P0096,0.7394915137575787,GH004,F01
P0096,0.8602450514475183,GH004,F01
P0096,0.8204451384726859,GH004,F01
P0096,0.8281346767864899,GH004,F01
P0096,0.7997807366874667,GH004,F01
P0096,0.831293429358982,GH004,F01
P0096,0.7963061682353211,GH004,F01
P0096,0.8474167940001859,GH004,F01
P0096,0.8178124638225732,GH004,F01
P0096,0.7419676148911006,GH004,F01
P0096,0.8097787116236448,GH004,F01
P0096,0.7354801837861786,GH004,F01
P0096,0.7276918713138678,GH004,F01
P0096,0.6585275981225357,GH004,F01
P0096,0.7485790533401456,GH004,F01
P0096,0.5986651817880287,GH004,F01
P0096,0.6498950948063035,GH004,F01
P0096,0.7409344067361993,GH004,F01
P0096,0.7630641413640691,GH004,F01
P0096,0.8299202668530483,GH004,F01
P0096,0.8108463873564509,GH004,F01
P0096,0.8127334077142568,GH004,F01
P0096,0.6858846170252895,GH004,F01
P0096,0.8388954319248898,GH004,F01
P0096,0.8438415601874167,GH004,F01
P0096,0.7899429206149502,GH004,F01
P0096,0.7349689865411035,GH004,F01
P0096,0.7924095336125795,GH004,F01
P0096,0.7259911149085777,GH004,F01
P0096,0.7048700647945129,GH004,F01
P0096,0.6605394961897202,GH004,F01
P0096,0.6917320282038473,GH004,F01
P0096,0.7123160945304299,GH004,F01
P0096,0.6607629823104081,GH004,F01
P0096,0.7143511085122398,GH004,F01
P0096,0.7285159045794539,GH004,F01
P0096,0.6930250566373999,GH004,F01
P0096,0.7012189779288606,GH004,F01
P0096,0.7007870623626495,GH004,F01
P0096,0.7146845704475882,GH004,F01
P0096,0.6749151899926774,GH004,F01
P0096,0.6868296563097265,GH004,F01
P0096,0.6957683226601714,GH004,F01
P0096,0.7228463331831418,GH004,F01
P0096,0.7084761040579873,GH004,F01
P0096,0.7275031547425883,GH004,F01
P0096,0.6363664527157962,GH004,F01
P0096,0.7210250194793549,GH004,F01
P0096,0.6816226052705504,GH004,F01
P0096,0.5667615482839227,GH004,F01
P0096,0.579593988942622,GH004,F01
P0096,0.6751867628860488,GH004,F01
P0096,0.669232619092671,GH004,F01
P0096,0.7011815302911463,GH004,F01
P0096,0.7376290820179667,GH004,F01
P0096,0.7012984059210261,GH004,F01
P0096,0.6943203600933682,GH004,F01
P0096,0.7904417900010243,GH004,F01
P0096,0.6830273294936082,GH004,F01
P0096,0.7150381001142042,GH004,F01
P0096,0.6915701239100296,GH004,F01
P0096,0.6890494369145661,GH004,F01
P0096,0.7454164236599228,GH004,F01
P0096,0.7169008362776814,GH004,F01
P0096,0.7108922427164757,GH004,F01
P0096,0.6361480006906103,GH004,F01
P0096,0.7592492749620954,GH004,F01
P0096,0.7218418590383406,GH004,F01
P0096,0.7831131937113929,GH004,F01
P0096,0.705365421285811,GH004,F01
P0096,0.720368787839584,GH004,F01
P0096,0.6899080631147938,GH004,F01
P0096,0.7098242021439415,GH004,F01
P0096,0.6446215225900992,GH004,F01
P0096,0.7295153543173412,GH004,F01
P0096,0.7647974546428208,GH004,F01
P0096,0.8040110566865474,GH004,F01
P0096,0.7302091333920036,GH004,F01
P0096,0.7520770237165116,GH004,F01
P0096,0.7003149128308831,GH004,F01
P0096,0.7771572632499759,GH004,F01
P0096,0.8178263718404525,GH004,F01
P0096,0.7127800140662447,GH004,F01
P0096,0.7210078892585198,GH004,F01
P0096,0.6812763126496485,GH004,F01
P0096,0.638376891395177,GH004,F01
P0096,0.6040951839458943,GH004,F01
P0096,0.6496413701653564,GH004,F01
P0096,0.6859069880483754,GH004,F01
P0096,0.7334266813179424,GH004,F01
P0096,0.7998997749357302,GH004,F01
P0096,0.7805196004652535,GH004,F01
P0096,0.8308017450673627,GH004,F01
P0096,0.828983957590682,GH004,F01
P0096,0.85892673479818,GH004,F01
P0096,0.8132976765486867,GH004,F01
P0096,0.8071544549175559,GH004,F01
P0096,0.8288768353452692,GH004,F01
P0096,0.8342603544667394,GH004,F01
P0096,0.8362223818459599,GH004,F01
P0096,0.8122225473647586,GH004,F01
P0096,0.7485932401203436,GH004,F01
P0096,0.7450483815134188,GH004,F01
P0096,0.7280442974178735,GH004,F01
P0096,0.8333602377826709,GH004,F01
P0096,0.8524098460290699,GH004,F01
P0096,0.708279361294721,GH004,F01
P0096,0.8318468823328731,GH004,F01
P0096,0.8225966259265652,GH004,F01
P0096,0.840087638643173,GH004,F01
P0096,0.8854971345155577,GH004,F01
P0096,0.761094062676206,GH004,F01
P0096,0.8344103927485707,GH004,F01
P0096,0.7892901197816595,GH004,F01
P0096,0.8433271165641197,GH004,F01
P0096,0.8203884034144806,GH004,F01
P0096,0.8582187549203023,GH004,F01
P0096,0.8412692906404093,GH004,F01
P0096,0.8630437754566709,GH004,F01
P0096,0.7350832776720688,GH004,F01
P0096,0.7762542133453024,GH004,F01
P0096,0.7706525458577014,GH004,F01
P0096,0.6929148326078777,GH004,F01
P0096,0.7688119830822211,GH004,F01
P0096,0.8183402529387949,GH004,F01
P0096,0.8151211840916587,GH004,F01
P0096,0.7518766896822103,GH004,F01
P0096,0.8615993403727659,GH004,F01
P0096,0.8314700293856035,GH004,F01
P0096,0.8292214049972887,GH004,F01
P0096,0.8864245693023374,GH004,F01
P0096,0.815658896706855,GH004,F01
P0096,0.869600292960904,GH004,F01
P0096,0.795069250806375,GH004,F01
P0096,0.7965643681543286,GH004,F01
P0096,0.8634922581531486,GH004,F01
P0096,0.8213473675293274,GH004,F01
P0096,0.7843141021513957,GH004,F01
P0096,0.8235739814296696,GH004,F01
P0096,0.7447248706068463,GH004,F01
P0096,0.8331332474506152,GH004,F01
P0096,0.7400722130912002,GH004,F01
P0096,0.8455009542381673,GH004,F01
P0096,0.8331036098186114,GH004,F01
P0096,0.8403031511836307,GH004,F01
P0096,0.7726468277864695,GH004,F01
P0096,0.8233587797338876,GH004,F01
P0096,0.8332441415551152,GH004,F01
P0096,0.8504226689385889,GH004,F01
P0096,0.8763601917533458,GH004,F01
P0096,0.7901330408745944,GH004,F01
P0096,0.8070709374443013,GH004,F01
P0096,0.888328042584514,GH004,F01
P0096,0.8338297354970331,GH004,F01
P0096,0.8633121018239431,GH004,F01
P0096,0.813340069773248,GH004,F01
P0096,0.6818977515548872,GH004,F01
P0096,0.7650806181197044,GH004,F01
P0096,0.7217851926518064,GH004,F01
P0096,0.7239907545382435,GH004,F01
P0096,0.7904229366479785,GH004,F01
P0096,0.8516142718597092,GH004,F01
P0096,0.8495288033725108,GH004,F01
P0096,0.8151441988032544,GH004,F01
P0096,0.8581790978578983,GH004,F01
P0096,0.8412048347742566,GH004,F01
P0096,0.8180891195323721,GH004,F01
P0096,0.8195104542095274,GH004,F01
P0096,0.8464820152140007,GH004,F01
P0096,0.8181925403959266,GH004,F01
P0096,0.8036363687240328,GH004,F01
P0096,0.8336619537067116,GH004,F01
P0096,0.8436118567979506,GH004,F01
P0096,0.8308823707177656,GH004,F01
P0096,0.7779730546504273,GH004,F01
P0096,0.8406239294610559,GH004,F01
P0096,0.7337936419364374,GH004,F01
P0096,0.7278900715020639,GH004,F01
P0096,0.8619041846028429,GH004,F01
P0096,0.7849033379658688,GH004,F01
P0096,0.8621671991126053,GH004,F01
P0096,0.8468533273440263,GH004,F01
P0096,0.8589786717048195,GH004,F01
P0096,0.8616851701502328,GH004,F01
P0096,0.8284411864936579,GH004,F01
P0096,0.7616108534500047,GH004,F01
P0096,0.8457029936219647,GH004,F01
P0096,0.8915256015777487,GH004,F01
P0096,0.8776800512321127,GH004,F01
P0096,0.7762565284256906,GH004,F01
P0096,0.8540232702103439,GH004,F01
P0096,0.7197199211234773,GH004,F01
P0096,0.7444681244567941,GH004,F01
P0096,0.7419475665272047,GH004,F01
P0096,0.606642051205197,GH004,F01
P0096,0.7977715770287267,GH004,F01
P0096,0.8393657015185269,GH004,F01
P0096,0.8691288547087858,GH004,F01
P0096,0.8796721323281707,GH004,F01
P0096,0.7548699621266817,GH004,F01
P0096,0.8442010664351759,GH004,F01
P0096,0.8743741667319267,GH004,F01
P0096,0.84881779533394,GH004,F01
P0096,0.8620493490665926,GH004,F01
P0096,0.8501596648342142,GH004,F01
P0096,0.9051575964499501,GH004,F01
P0096,0.8269535962704816,GH004,F01
P0096,0.8514624928393291,GH004,F01
P0096,0.7432972280167508,GH004,F01
P0096,0.8409937627874445,GH004,F01
P0097,0.8184812624724224,GH018,F06
P0097,0.8614419557601275,GH018,F06
P0097,0.8569463233775193,GH018,F06
P0097,0.7171455497420802,GH018,F06
P0097,0.854375815488931,GH018,F06
P0097,0.8326508682160411,GH018,F06
P0097,0.7726642820277743,GH018,F06
P0097,0.8268664503122918,GH018,F06
P0097,0.8604027098134539,GH018,F06
P0097,0.7621910393526748,GH018,F06
P0097,0.8171617577751491,GH018,F06
P0097,0.8246988791304635,GH018,F06
P0097,0.7330541079783772,GH018,F06
P0097,0.7790082049446722,GH018,F06
P0097,0.6229656158083963,GH018,F06
P0097,0.6213711461189692,GH018,F06
P0097,0.7190570328408719,GH018,F06
P0097,0.6754955325848554,GH018,F06
P0097,0.7119404153297932,GH018,F06
P0097,0.7446389769243597,GH018,F06
P0097,0.8083015783104163,GH018,F06
P0097,0.8235361205048747,GH018,F06
P0097,0.7275687187112115,GH018,F06
P0097,0.7121405823953458,GH018,F06
P0097,0.7288065616296756,GH018,F06
P0097,0.7175799155699761,GH018,F06
P0097,0.763643997028557,GH018,F06
P0097,0.7455789118003955,GH018,F06
P0097,0.7305750878152647,GH018,F06
P0097,0.6962814499521204,GH018,F06
P0097,0.7129255741224276,GH018,F06
P0097,0.7009325382889298,GH018,F06
P0097,0.7312290090787728,GH018,F06
P0097,0.7229164825763039,GH018,F06
P0097,0.6844727040952802,GH018,F06
P0097,0.7477200808156131,GH018,F06
P0097,0.7059824798296044,GH018,F06
P0097,0.6986598124224017,GH018,F06
P0097,0.7137732379761746,GH018,F06
P0097,0.8017957962782496,GH018,F06
P0097,0.7549936862512775,GH018,F06
P0097,0.7167177819756078,GH018,F06
P0097,0.7255124260611657,GH018,F06
P0097,0.723201211520634,GH018,F06
P0097,0.7358302101836874,GH018,F06
P0097,0.7038783251701626,GH018,F06
P0097,0.740393875519395,GH018,F06
P0097,0.756362340836357,GH018,F06
P0097,0.5997521196470691,GH018,F06
P0097,0.5788989559346812,GH018,F06
P0097,0.5651718750347148,GH018,F06
P0097,0.6342468883649859,GH018,F06
P0097,0.6987133085728353,GH018,F06
P0097,0.6961133732149984,GH018,F06
P0097,0.741893729219946,GH018,F06
P0097,0.7104279162795092,GH018,F06
P0097,0.7315648331168653,GH018,F06
P0097,0.7080856132881578,GH018,F06
P0097,0.7438232614461281,GH018,F06
P0097,0.6750765941163159,GH018,F06
P0097,0.7622241346145575,GH018,F06
P0097,0.6880673584207706,GH018,F06
P0097,0.737993898882705,GH018,F06
P0097,0.693870791167753,GH018,F06
P0097,0.7345892447603828,GH018,F06
P0097,0.7009741785539169,GH018,F06
P0097,0.7252201392978908,GH018,F06
P0097,0.7369397880735349,GH018,F06
P0097,0.689545462994208,GH018,F06
P0097,0.731453954619104,GH018,F06
P0097,0.7265471657454278,GH018,F06
P0097,0.7180857222119476,GH018,F06
P0097,0.70872517717853,GH018,F06
P0097,0.7363588648113173,GH018,F06
P0097,0.7504295577428296,GH018,F06
P0097,0.8185319168741259,GH018,F06
P0097,0.7883621310360706,GH018,F06
P0097,0.8290024922215073,GH018,F06
P0097,0.7301432430754866,GH018,F06
P0097,0.7186226070122912,GH018,F06
P0097,0.8221587137075054,GH018,F06
P0097,0.7658368690891783,GH018,F06
P0097,0.7008018668482806,GH018,F06
P0097,0.7961791790941963,GH018,F06
P0097,0.6712717163521763,GH018,F06
P0097,0.6534991783943543,GH018,F06
P0097,0.6587481554337581,GH018,F06
P0097,0.7076743721623493,GH018,F06
P0097,0.8107186964623183,GH018,F06
P0097,0.7343212496534932,GH018,F06
P0097,0.7063244319225824,GH018,F06
P0097,0.8575107030928544,GH018,F06
P0097,0.855283087105392,GH018,F06
P0097,0.815418940303846,GH018,F06
P0097,0.8292202979878928,GH018,F06
P0097,0.8518931914334557,GH018,F06
P0097,0.8626040440584342,GH018,F06
P0097,0.7596527299872439,GH018,F06
P0097,0.8524414739760968,GH018,F06
P0097,0.9032972538979034,GH018,F06
P0097,0.7704693869324722,GH018,F06
P0097,0.814343749545023,GH018,F06
P0097,0.7797055695936982,GH018,F06
P0097,0.767829046145489,GH018,F06
P0097,0.8865891867404435,GH018,F06
P0097,0.7856910911500533,GH018,F06
P0097,0.7517993252383056,GH018,F06
P0097,0.7784337035564568,GH018,F06
P0097,0.8617161762999079,GH018,F06
P0097,0.8376106034136367,GH018,F06
P0097,0.8746834947209621,GH018,F06
P0097,0.8837746719895795,GH018,F06
P0097,0.7891910798005416,GH018,F06
P0097,0.853679639217683,GH018,F06
P0097,0.8446067494759874,GH018,F06
P0097,0.8528080620799381,GH018,F06
P0097,0.8709275501216439,GH018,F06
P0097,0.822288677657206,GH018,F06
P0097,0.7555605906566414,GH018,F06
P0097,0.7681738916625229,GH018,F06
P0097,0.7291519275404881,GH018,F06
P0097,0.7776500740279704,GH018,F06
P0097,0.5766150246881668,GH018,F06
P0097,0.7732352692738003,GH018,F06
P0097,0.7217902828467428,GH018,F06
P0097,0.8545287936575666,GH018,F06
P0097,0.898177477839987,GH018,F06
P0097,0.8766765116629495,GH018,F06
P0097,0.8514388488587717,GH018,F06
P0097,0.7357256658130569,GH018,F06
P0097,0.7919005159521666,GH018,F06
P0097,0.8459909828917452,GH018,F06
P0097,0.8648412338937362,GH018,F06
P0097,0.9074492828343889,GH018,F06
P0097,0.8804678350860218,GH018,F06
P0097,0.8388003638997027,GH018,F06
P0097,0.8972862461711866,GH018,F06
P0097,0.8294852624648515,GH018,F06
P0097,0.8397666747487056,GH018,F06
P0097,0.7234587796176808,GH018,F06
P0097,0.8603087684846976,GH018,F06
P0097,0.8217343000517597,GH018,F06
P0097,0.8247758591261115,GH018,F06
P0097,0.874392906545733,GH018,F06
P0097,0.8448735127916125,GH018,F06
P0097,0.8417219864250776,GH018,F06
P0097,0.8522231939264092,GH018,F06
P0097,0.8698268510736485,GH018,F06
P0097,0.8605383690877005,GH018,F06
P0097,0.8497107504476488,GH018,F06
P0097,0.843260642506011,GH018,F06
P0097,0.774959390669331,GH018,F06
P0097,0.8352821184410033,GH018,F06
P0097,0.8523706506611153,GH018,F06
P0097,0.8155945331144809,GH018,F06
P0097,0.8659978961500294,GH018,F06
P0097,0.6707475434684724,GH018,F06
P0097,0.6368410037946304,GH018,F06
P0097,0.6584406953841687,GH018,F06
P0097,0.8377018792168724,GH018,F06
P0097,0.7962837237539331,GH018,F06
P0097,0.8688503156385011,GH018,F06
P0097,0.7591875928850004,GH018,F06
P0097,0.8850474342118928,GH018,F06
P0097,0.8527949779693557,GH018,F06
P0097,0.8359474161096495,GH018,F06
P0097,0.847474610150107,GH018,F06
P0097,0.884559795651204,GH018,F06
P0097,0.8599784534445989,GH018,F06
P0097,0.8767287838031654,GH018,F06
P0097,0.8590517954651224,GH018,F06
P0097,0.8073600116965153,GH018,F06
P0097,0.883552651153215,GH018,F06
P0097,0.8367375878386586,GH018,F06
P0097,0.8362809686548305,GH018,F06
P0097,0.7751873585645681,GH018,F06
P0097,0.8465337139338237,GH018,F06
P0097,0.8429292715319101,GH018,F06
P0097,0.8439836471754061,GH018,F06
P0097,0.8439912636871788,GH018,F06
P0097,0.8361723597868438,GH018,F06
P0097,0.8435138687994741,GH018,F06
P0097,0.8414486065677612,GH018,F06
P0097,0.8940061603054642,GH018,F06
P0097,0.858468849083854,GH018,F06
P0097,0.8664952186611163,GH018,F06
P0097,0.7879026114818946,GH018,F06
P0097,0.8183346785422451,GH018,F06
P0097,0.8150954919162166,GH018,F06
P0097,0.8542822238759059,GH018,F06
P0097,0.8787340079673774,GH018,F06
P0097,0.8488488640318965,GH018,F06
P0097,0.7748714078283243,GH018,F06
P0097,0.768188220864547,GH018,F06
P0097,0.6540869517357103,GH018,F06
P0097,0.6326059916943698,GH018,F06
P0097,0.7344004171973614,GH018,F06
P0097,0.8367556597672293,GH018,F06
P0097,0.7369586357819289,GH018,F06
P0097,0.8718877197047505,GH018,F06
P0097,0.8473630953314787,GH018,F06
P0097,0.7916145390371279,GH018,F06
P0097,0.8715148286636258,GH018,F06
P0097,0.8814008066047672,GH018,F06
P0097,0.8559132886270107,GH018,F06
P0097,0.770642462211274,GH018,F06
P0097,0.846495965351282,GH018,F06
P0097,0.8186932502168041,GH018,F06
P0097,0.8072911119990241,GH018,F06
P0097,0.772283173064792,GH018,F06
P0098,0.7761228352388717,GH013,F08
P0098,0.7881647933510083,GH013,F08
P0098,0.7782601801138046,GH013,F08
P0098,0.7773487497142101,GH013,F08
P0098,0.717830027764498,GH013,F08
P0098,0.711583496821054,GH013,F08
P0098,0.7897767075966448,GH013,F08
P0098,0.7691015379718298,GH013,F08
P0098,0.8135872897266656,GH013,F08
P0098,0.7623414111319183,GH013,F08
P0098,0.7789597710585828,GH013,F08
P0098,0.6926678854913253,GH013,F08
P0098,0.6830683872741518,GH013,F08
P0098,0.6864130332644834,GH013,F08
P0098,0.6065273867063915,GH013,F08
P0098,0.6287035407703556,GH013,F08
P0098,0.6116628663728491,GH013,F08
P0098,0.6482593775747143,GH013,F08
P0098,0.7745978698672248,GH013,F08
P0098,0.6795848805966839,GH013,F08
P0098,0.7200940488096506,GH013,F08
P0098,0.6501188037062094,GH013,F08
P0098,0.7631952228137818,GH013,F08
P0098,0.6344404109904683,GH013,F08
P0098,0.6850753564805643,GH013,F08
P0098,0.7218078068129401,GH013,F08
P0098,0.7066077195297269,GH013,F08
P0098,0.6702715740068357,GH013,F08
P0098,0.626490321903832,GH013,F08
P0098,0.6915927473078661,GH013,F08
P0098,0.6390787026132021,GH013,F08
P0098,0.6813783557893192,GH013,F08
P0098,0.660423474962832,GH013,F08
P0098,0.6877485041500524,GH013,F08
P0098,0.7346674944917048,GH013,F08
P0098,0.6877042445672559,GH013,F08
P0098,0.6695834542316166,GH013,F08
P0098,0.7033260071454199,GH013,F08
P0098,0.7289188812310246,GH013,F08
P0098,0.726361407990251,GH013,F08
P0098,0.664786638747599,GH013,F08
P0098,0.6402582109885946,GH013,F08
P0098,0.6313740956754964,GH013,F08
P0098,0.677482317333564,GH013,F08
P0098,0.6982782871921641,GH013,F08
P0098,0.6662972293375636,GH013,F08
P0098,0.6858023959114371,GH013,F08
P0098,0.6988069480114744,GH013,F08
P0098,0.6223189045947494,GH013,F08
P0098,0.6236861994639402,GH013,F08
P0098,0.5536662856646782,GH013,F08
P0098,0.6129746355736736,GH013,F08
P0098,0.6458144724847562,GH013,F08
P0098,0.6672916898220772,GH013,F08
P0098,0.660105494505685,GH013,F08
P0098,0.7285772447888835,GH013,F08
P0098,0.6486556248488586,GH013,F08
P0098,0.6859937048286885,GH013,F08
P0098,0.6307043679888596,GH013,F08
P0098,0.6514771884427761,GH013,F08
P0098,0.7730709427341484,GH013,F08
P0098,0.6473693506365042,GH013,F08
P0098,0.6357500966929309,GH013,F08
P0098,0.6483024225439649,GH013,F08
P0098,0.7221513599067352,GH013,F08
P0098,0.7261478027400037,GH013,F08
P0098,0.6619461821095359,GH013,F08
P0098,0.6503181623476106,GH013,F08
P0098,0.7312049443601544,GH013,F08
P0098,0.6546059341421944,GH013,F08
P0098,0.6808453794581625,GH013,F08
P0098,0.5996886007111011,GH013,F08
P0098,0.7038218975816672,GH013,F08
P0098,0.7206977060808968,GH013,F08
P0098,0.6426945718026891,GH013,F08
P0098,0.7437450436728694,GH013,F08
P0098,0.6793048442327116,GH013,F08
P0098,0.7751322032443705,GH013,F08
P0098,0.6819702826779436,GH013,F08
P0098,0.7211928073125384,GH013,F08
P0098,0.7550408898087114,GH013,F08
P0098,0.6876807179548324,GH013,F08
P0098,0.6633069141951328,GH013,F08
P0098,0.6575097487210765,GH013,F08
P0098,0.6681709863238546,GH013,F08
P0098,0.6919721327707289,GH013,F08
P0098,0.6205458279017614,GH013,F08
P0098,0.7092562019294584,GH013,F08
P0098,0.7416441577327437,GH013,F08
P0098,0.7347544489059529,GH013,F08
P0098,0.7628039018092277,GH013,F08
P0098,0.6548092558689466,GH013,F08
P0098,0.7488561078843649,GH013,F08
P0098,0.6742092059955456,GH013,F08
P0098,0.770779798992679,GH013,F08
P0098,0.6865429162001352,GH013,F08
P0098,0.754685897651122,GH013,F08
P0098,0.7351111441152377,GH013,F08
P0098,0.7878070865272956,GH013,F08
P0098,0.7132099578727074,GH013,F08
P0098,0.7868478435987819,GH013,F08
P0098,0.8089468815634956,GH013,F08
P0098,0.7546081361904253,GH013,F08
P0098,0.6564977037785745,GH013,F08
P0098,0.7906893513912513,GH013,F08
P0098,0.7897070776540591,GH013,F08
P0098,0.7933913199748048,GH013,F08
P0098,0.7636176155197854,GH013,F08
P0098,0.80029717189749,GH013,F08
P0098,0.78972509689267,GH013,F08
P0098,0.7879838791574136,GH013,F08
P0098,0.697340864897772,GH013,F08
P0098,0.8301276729658144,GH013,F08
P0098,0.8305160698160318,GH013,F08
P0098,0.8233355797358459,GH013,F08
P0098,0.7870769512460081,GH013,F08
P0098,0.7564978637729549,GH013,F08
P0098,0.7981407495210285,GH013,F08
P0098,0.7114082731949948,GH013,F08
P0098,0.686462828249117,GH013,F08
P0098,0.7122599521546548,GH013,F08
P0098,0.6398604308978404,GH013,F08
P0098,0.6605049870445401,GH013,F08
P0098,0.6616379231243825,GH013,F08
P0098,0.7343628407123515,GH013,F08
P0098,0.8173648442857198,GH013,F08
P0098,0.7610148085623601,GH013,F08
P0098,0.7661771914364901,GH013,F08
P0098,0.7943017290048798,GH013,F08
P0098,0.6663550095032172,GH013,F08
P0098,0.8024166441047091,GH013,F08
P0098,0.8181963583707065,GH013,F08
P0098,0.7597999917216443,GH013,F08
P0098,0.6838576480774882,GH013,F08
P0098,0.7610496844862783,GH013,F08
P0098,0.712787702407821,GH013,F08
P0098,0.6488747607558194,GH013,F08
P0098,0.7775062829427474,GH013,F08
P0098,0.7916465507371484,GH013,F08
P0098,0.7725757814688434,GH013,F08
P0098,0.7822211163926432,GH013,F08
P0098,0.7752976907266758,GH013,F08
P0098,0.7430963000967693,GH013,F08
P0098,0.7647117137986753,GH013,F08
P0098,0.808786622443383,GH013,F08
P0098,0.7986196518000829,GH013,F08
P0098,0.8139164508047233,GH013,F08
P0098,0.7408529980435549,GH013,F08
P0098,0.7786996276964865,GH013,F08
P0098,0.7943157493741678,GH013,F08
P0098,0.6830458136761747,GH013,F08
P0098,0.7344361416821584,GH013,F08
P0098,0.8010678668473692,GH013,F08
P0098,0.7417604863560081,GH013,F08
P0098,0.7054205936521336,GH013,F08
P0098,0.6966419937005736,GH013,F08
P0098,0.7372498557332122,GH013,F08
P0098,0.7203518556589346,GH013,F08
P0098,0.5827269582034309,GH013,F08
P0098,0.7444574625447822,GH013,F08
P0098,0.6474853780992395,GH013,F08
P0098,0.7574980112419287,GH013,F08
P0098,0.7644986175145148,GH013,F08
P0098,0.6988880335369434,GH013,F08
P0098,0.7741660663028423,GH013,F08
P0098,0.7971795970499519,GH013,F08
P0098,0.7941090510425408,GH013,F08
P0098,0.8071291366574588,GH013,F08
P0098,0.7667476881263384,GH013,F08
P0098,0.7383015612556916,GH013,F08
P0098,0.7662547164945817,GH013,F08
P0098,0.7745537501502006,GH013,F08
P0098,0.7790127061686042,GH013,F08
P0098,0.7053668379818443,GH013,F08
P0098,0.8236395442965391,GH013,F08
P0098,0.699104336038345,GH013,F08
P0098,0.7913882037984216,GH013,F08
P0098,0.7517411852789714,GH013,F08
P0098,0.7921861218152371,GH013,F08
P0098,0.7814266706155795,GH013,F08
P0098,0.7249617598796682,GH013,F08
P0098,0.8147898890699028,GH013,F08
P0098,0.716122641392597,GH013,F08
P0098,0.7886804904967399,GH013,F08
P0098,0.7623653990727383,GH013,F08
P0098,0.7774587434708482,GH013,F08
P0098,0.7826934492033923,GH013,F08
P0098,0.8187381204252487,GH013,F08
P0098,0.7838805987888068,GH013,F08
P0098,0.8132865536872761,GH013,F08
P0098,0.7643342847365452,GH013,F08
P0098,0.8146328386349793,GH013,F08
P0098,0.7325712156308914,GH013,F08
P0098,0.6318307329758975,GH013,F08
P0098,0.5540934378361815,GH013,F08
P0098,0.646878584663762,GH013,F08
P0098,0.7957256109891013,GH013,F08
P0098,0.8068895809581464,GH013,F08
P0098,0.750931316556592,GH013,F08
P0098,0.8049157667376827,GH013,F08
P0098,0.7406345328410489,GH013,F08
P0098,0.8044634236779753,GH013,F08
P0098,0.7712008469830113,GH013,F08
P0098,0.8327015778866255,GH013,F08
P0098,0.7924144828102138,GH013,F08
P0098,0.8059615136630315,GH013,F08
P0098,0.7537057645685983,GH013,F08
P0098,0.663763861917186,GH013,F08
P0098,0.8042740778476822,GH013,F08
P0098,0.7027931882697618,GH013,F08
P0099,0.8352688529754781,GH016,F05
P0099,0.8653978991905976,GH016,F05
P0099,0.8557169123921217,GH016,F05
P0099,0.7664796590447708,GH016,F05
P0099,0.7388197869197568,GH016,F05
P0099,0.8579219507077445,GH016,F05
P0099,0.8505177201199585,GH016,F05
P0099,0.8478594688914874,GH016,F05
P0099,0.7345852918515051,GH016,F05
P0099,0.7484351990995216,GH016,F05
P0099,0.7487492498402566,GH016,F05
P0099,0.8084639652022921,GH016,F05
P0099,0.7425253078046791,GH016,F05
P0099,0.65371263300681,GH016,F05
P0099,0.65858618316583,GH016,F05
P0099,0.6603518914472865,GH016,F05
P0099,0.6943150585373539,GH016,F05
P0099,0.717265465389139,GH016,F05
P0099,0.7766592690111395,GH016,F05
P0099,0.7311032055847609,GH016,F05
P0099,0.830600728084116,GH016,F05
P0099,0.7968207210204609,GH016,F05
P0099,0.7281350820402572,GH016,F05
P0099,0.704706573363182,GH016,F05
P0099,0.8073730092484973,GH016,F05
P0099,0.7067389377716294,GH016,F05
P0099,0.7174665853397267,GH016,F05
P0099,0.6882915095128533,GH016,F05
P0099,0.7271658760304279,GH016,F05
P0099,0.6682629082730256,GH016,F05
P0099,0.6725910131947583,GH016,F05
P0099,0.7091375449913271,GH016,F05
P0099,0.7460329863249735,GH016,F05
P0099,0.7492558722487547,GH016,F05
P0099,0.6810056250392188,GH016,F05
P0099,0.7587514547753706,GH016,F05
P0099,0.7050234831022761,GH016,F05
P0099,0.8295688302269403,GH016,F05
P0099,0.6874556828414846,GH016,F05
P0099,0.7579516549338103,GH016,F05
P0099,0.765720419638374,GH016,F05
P0099,0.6954614262719226,GH016,F05
P0099,0.7119988904226928,GH016,F05
P0099,0.7951709560186682,GH016,F05
P0099,0.6756893660618736,GH016,F05
P0099,0.761700186425747,GH016,F05
P0099,0.6633253565112452,GH016,F05
P0099,0.722663937253954,GH016,F05
P0099,0.6415623490823129,GH016,F05
P0099,0.6059982843054068,GH016,F05
P0099,0.560082560757291,GH016,F05
P0099,0.6674423334656595,GH016,F05
P0099,0.7118991562367936,GH016,F05
P0099,0.7139246049099378,GH016,F05
P0099,0.7196758320317117,GH016,F05
P0099,0.734748592834958,GH016,F05
P0099,0.7134713208612855,GH016,F05
P0099,0.757974290463518,GH016,F05
P0099,0.7596342459683393,GH016,F05
P0099,0.7399967875437833,GH016,F05
P0099,0.7062758423013736,GH016,F05
P0099,0.7205928511551093,GH016,F05
P0099,0.6930225758833236,GH016,F05
P0099,0.7448805805599606,GH016,F05
P0099,0.8150044156334291,GH016,F05
P0099,0.7265745777017278,GH016,F05
P0099,0.6665821165376105,GH016,F05
P0099,0.7135204460465407,GH016,F05
P0099,0.7450091553650819,GH016,F05
P0099,0.7423723109816052,GH016,F05
P0099,0.7050189310328973,GH016,F05
P0099,0.8149902959789125,GH016,F05
P0099,0.7877380974212096,GH016,F05
P0099,0.755037103234778,GH016,F05
P0099,0.6943441204469685,GH016,F05
P0099,0.7458650314178092,GH016,F05
P0099,0.736407643221899,GH016,F05
P0099,0.7214060013228097,GH016,F05
P0099,0.7331669505207528,GH016,F05
P0099,0.7190358166736341,GH016,F05
P0099,0.7107674955467583,GH016,F05
P0099,0.7204520209363345,GH016,F05
P0099,0.8081057010144507,GH016,F05
P0099,0.7390969917604809,GH016,F05
P0099,0.6513562683463955,GH016,F05
P0099,0.789091034398174,GH016,F05
P0099,0.6846889468851768,GH016,F05
P0099,0.6566099461939816,GH016,F05
P0099,0.6728618057305534,GH016,F05
P0099,0.8317807973112221,GH016,F05
P0099,0.8267256619356492,GH016,F05
P0099,0.8382174350382549,GH016,F05
P0099,0.7481408062364557,GH016,F05
P0099,0.8565154110806654,GH016,F05
P0099,0.8092862984930057,GH016,F05
P0099,0.7498903933799655,GH016,F05
P0099,0.8545977718588889,GH016,F05
P0099,0.8337642968475035,GH016,F05
P0099,0.7378181460572895,GH016,F05
P0099,0.8265770895923245,GH016,F05
P0099,0.7369926829936136,GH016,F05
P0099,0.8417917945866465,GH016,F05
P0099,0.8453857624984179,GH016,F05
P0099,0.7368829352045849,GH016,F05
P0099,0.8226498584906986,GH016,F05
P0099,0.8771067221032921,GH016,F05
P0099,0.8170400419071685,GH016,F05
P0099,0.776260419197097,GH016,F05
P0099,0.859288403330658,GH016,F05
P0099,0.8399937462846732,GH016,F05
P0099,0.8786846268562022,GH016,F05
P0099,0.7591977066621569,GH016,F05
P0099,0.7827064541796229,GH016,F05
P0099,0.9061811807443155,GH016,F05
P0099,0.8423082958930566,GH016,F05
P0099,0.8518746435486405,GH016,F05
P0099,0.7541814727411099,GH016,F05
P0099,0.7437257330170913,GH016,F05
P0099,0.8469474062895196,GH016,F05
P0099,0.7374424355437095,GH016,F05
P0099,0.7482680081803007,GH016,F05
P0099,0.6763600895154824,GH016,F05
P0099,0.6073937874942522,GH016,F05
P0099,0.7056381477095857,GH016,F05
P0099,0.8242246256662867,GH016,F05
P0099,0.8044243212002291,GH016,F05
P0099,0.8812754929399947,GH016,F05
P0099,0.9037423509908274,GH016,F05
P0099,0.8514259587351569,GH016,F05
P0099,0.847142766443662,GH016,F05
P0099,0.8356345259474334,GH016,F05
P0099,0.8410646616951563,GH016,F05
P0099,0.8491115781436369,GH016,F05
P0099,0.8730607308760441,GH016,F05
P0099,0.8411225979688172,GH016,F05
P0099,0.7471886504305074,GH016,F05
P0099,0.7864746040111926,GH016,F05
P0099,0.8521453182080903,GH016,F05
P0099,0.7647724642558881,GH016,F05
P0099,0.7788214494229954,GH016,F05
P0099,0.7732320616415841,GH016,F05
P0099,0.8471620317123658,GH016,F05
P0099,0.6790951172608449,GH016,F05
P0099,0.8414983413940897,GH016,F05
P0099,0.828553146863716,GH016,F05
P0099,0.7952740642850743,GH016,F05
P0099,0.8257098382588226,GH016,F05
P0099,0.8739362169107169,GH016,F05
P0099,0.8900762121417707,GH016,F05
P0099,0.8579798213700353,GH016,F05
P0099,0.8422366307236426,GH016,F05
P0099,0.7941529426990961,GH016,F05
P0099,0.8219658631226914,GH016,F05
P0099,0.7960328682344087,GH016,F05
P0099,0.7151832433170858,GH016,F05
P0099,0.8662007217271616,GH016,F05
P0099,0.7384002969248854,GH016,F05
P0099,0.7876900265803538,GH016,F05
P0099,0.6441370405498799,GH016,F05
P0099,0.7157437555420857,GH016,F05
P0099,0.7727804035433029,GH016,F05
P0099,0.8489719266856001,GH016,F05
P0099,0.8483144706371867,GH016,F05
P0099,0.8469719502984393,GH016,F05
P0099,0.8422166094219886,GH016,F05
P0099,0.8003459823708432,GH016,F05
P0099,0.8528038394720878,GH016,F05
P0099,0.8791589156627647,GH016,F05
P0099,0.878914458500216,GH016,F05
P0099,0.8205442709202913,GH016,F05
P0099,0.9030108077427418,GH016,F05
P0099,0.7387616667829027,GH016,F05
P0099,0.8382717645610339,GH016,F05
P0099,0.7984224122736687,GH016,F05
P0099,0.7467765620671869,GH016,F05
P0099,0.8399954790274152,GH016,F05
P0099,0.7106377182377192,GH016,F05
P0099,0.7548440971917817,GH016,F05
P0099,0.8256713677418605,GH016,F05
P0099,0.7769021912055877,GH016,F05
P0099,0.733192084120518,GH016,F05
P0099,0.8530044963383288,GH016,F05
P0099,0.8538659736023014,GH016,F05
P0099,0.8461185980076343,GH016,F05
P0099,0.8874691950458098,GH016,F05
P0099,0.8190591755644959,GH016,F05
P0099,0.8938986258800443,GH016,F05
P0099,0.8771150476195666,GH016,F05
P0099,0.8359163985937835,GH016,F05
P0099,0.8523587042144397,GH016,F05
P0099,0.8034771557806406,GH016,F05
P0099,0.7742270076608818,GH016,F05
P0099,0.6931378759350748,GH016,F05
P0099,0.7594806388571258,GH016,F05
P0099,0.6207623168981418,GH016,F05
P0099,0.7745015803838513,GH016,F05
P0099,0.8446116957066596,GH016,F05
P0099,0.888403186293589,GH016,F05
P0099,0.7780394243500832,GH016,F05
P0099,0.8463789439196278,GH016,F05
P0099,0.8324937078881663,GH016,F05
P0099,0.8533939345158739,GH016,F05
P0099,0.8765041137632276,GH016,F05
P0099,0.8376591428135304,GH016,F05
P0099,0.8678254846422517,GH016,F05
P0099,0.8695109138525275,GH016,F05
P0099,0.7822964476293274,GH016,F05
P0099,0.8139174159156243,GH016,F05
P0099,0.8420224068005533,GH016,F05
P0099,0.8710518158249154,GH016,F05
P0100,0.7733909693525985,GH001,F02
P0100,0.8507653231001263,GH001,F02
P0100,0.7764306014867377,GH001,F02
P0100,0.834975721295972,GH001,F02
P0100,0.8432845715991719,GH001,F02
P0100,0.7843720002177714,GH001,F02
P0100,0.7536164400377393,GH001,F02
P0100,0.7308468092157877,GH001,F02
P0100,0.7419405848362763,GH001,F02
P0100,0.7955037829835395,GH001,F02
P0100,0.834502916576377,GH001,F02
P0100,0.7205717165250046,GH001,F02
P0100,0.7300551953638558,GH001,F02
P0100,0.6902631571728985,GH001,F02
P0100,0.7522233601617665,GH001,F02
P0100,0.6282611579121017,GH001,F02
P0100,0.6710405991657339,GH001,F02
P0100,0.6869998719476854,GH001,F02
P0100,0.8147744733297914,GH001,F02
P0100,0.7327076599273912,GH001,F02
P0100,0.8247781176363145,GH001,F02
P0100,0.7352139684397082,GH001,F02
P0100,0.7927360934167538,GH001,F02
P0100,0.7142402382458469,GH001,F02
P0100,0.7440642073444275,GH001,F02
P0100,0.8088835395203914,GH001,F02
P0100,0.7416226168600573,GH001,F02
P0100,0.7682613077905588,GH001,F02
P0100,0.7984425681883576,GH001,F02
P0100,0.65737172898394,GH001,F02
P0100,0.7155963362660417,GH001,F02
P0100,0.7752058010831421,GH001,F02
P0100,0.7484366757588035,GH001,F02
P0100,0.7071334311129132,GH001,F02
P0100,0.689496276918001,GH001,F02
P0100,0.7315445467003121,GH001,F02
P0100,0.7848831722115764,GH001,F02
P0100,0.7187167953803857,GH001,F02
P0100,0.6896791303307177,GH001,F02
P0100,0.7390933931841109,GH001,F02
P0100,0.6758095590217282,GH001,F02
P0100,0.7171077587216589,GH001,F02
P0100,0.7156031910840362,GH001,F02
P0100,0.7121950439048055,GH001,F02
P0100,0.7120553746834396,GH001,F02
P0100,0.6909778452501317,GH001,F02
P0100,0.6983669897577177,GH001,F02
P0100,0.6679613145832298,GH001,F02
P0100,0.6253547673023537,GH001,F02
P0100,0.5659323681067835,GH001,F02
P0100,0.5783947003384133,GH001,F02
P0100,0.6474061231435947,GH001,F02
P0100,0.6714878345232904,GH001,F02
P0100,0.6764651546045514,GH001,F02
P0100,0.6816967901229993,GH001,F02
P0100,0.6976504002651303,GH001,F02
P0100,0.6985434113484794,GH001,F02
P0100,0.7306088624745258,GH001,F02
P0100,0.7710443726955134,GH001,F02
P0100,0.720484460198389,GH001,F02
P0100,0.6948026903244108,GH001,F02
P0100,0.698313600870138,GH001,F02
P0100,0.7189603863919792,GH001,F02
P0100,0.6962817340470843,GH001,F02
P0100,0.7121030165759223,GH001,F02
P0100,0.687455233696572,GH001,F02
P0100,0.6838939561416147,GH001,F02
P0100,0.740673226688574,GH001,F02
P0100,0.8315608222981239,GH001,F02
P0100,0.6989644753734928,GH001,F02
P0100,0.764962616904572,GH001,F02
P0100,0.7825876707298953,GH001,F02
P0100,0.6865440573613474,GH001,F02
P0100,0.7076355682011212,GH001,F02
P0100,0.7390331462497411,GH001,F02
P0100,0.7357640727597606,GH001,F02
P0100,0.7007383514636922,GH001,F02
P0100,0.6952873514370443,GH001,F02
P0100,0.7617393149652099,GH001,F02
P0100,0.6805011436399222,GH001,F02
P0100,0.719305244044182,GH001,F02
P0100,0.7256136470645979,GH001,F02
P0100,0.7530704676849409,GH001,F02
P0100,0.7430116965092863,GH001,F02
P0100,0.7849151150802784,GH001,F02
P0100,0.730497931988975,GH001,F02
P0100,0.5875928459208789,GH001,F02
P0100,0.6825315776356722,GH001,F02
P0100,0.6744140670684703,GH001,F02
P0100,0.8239755612624231,GH001,F02
P0100,0.8110516892326076,GH001,F02
P0100,0.7616734008334275,GH001,F02
P0100,0.8310174759361169,GH001,F02
P0100,0.7230689767832849,GH001,F02
P0100,0.8195248609631913,GH001,F02
P0100,0.8158809354602624,GH001,F02
P0100,0.8071511346749596,GH001,F02
P0100,0.7283525559181866,GH001,F02
P0100,0.7638613086247583,GH001,F02
P0100,0.8532561369762846,GH001,F02
P0100,0.8151817912064478,GH001,F02
P0100,0.7074228171986007,GH001,F02
P0100,0.8143236521182997,GH001,F02
P0100,0.7472210446899028,GH001,F02
P0100,0.7480042212610595,GH001,F02
P0100,0.8501637413829979,GH001,F02
P0100,0.8230802659521443,GH001,F02
P0100,0.7547063721114553,GH001,F02
P0100,0.8095592511920976,GH001,F02
P0100,0.8593954951749715,GH001,F02
P0100,0.8165512941760282,GH001,F02
P0100,0.8712881511466284,GH001,F02
P0100,0.8522172263231655,GH001,F02
P0100,0.8060558696121967,GH001,F02
P0100,0.8144092514654004,GH001,F02
P0100,0.867664642224289,GH001,F02
P0100,0.8224446374094587,GH001,F02
P0100,0.8463805780734721,GH001,F02
P0100,0.771825618606898,GH001,F02
P0100,0.8580688905862922,GH001,F02
P0100,0.7952750917686798,GH001,F02
P0100,0.6238656285609415,GH001,F02
P0100,0.6260061489570853,GH001,F02
P0100,0.7558382972934805,GH001,F02
P0100,0.7482789808860674,GH001,F02
P0100,0.8252728673033837,GH001,F02
P0100,0.8534217832704726,GH001,F02
P0100,0.8430053880710914,GH001,F02
P0100,0.8109641854821248,GH001,F02
P0100,0.868235291954022,GH001,F02
P0100,0.8777064205576917,GH001,F02
P0100,0.8172260045052148,GH001,F02
P0100,0.8370235675716298,GH001,F02
P0100,0.8059670690273901,GH001,F02
P0100,0.857137752634915,GH001,F02
P0100,0.8594748880623486,GH001,F02
P0100,0.7824171708154254,GH001,F02
P0100,0.8030013449904153,GH001,F02
P0100,0.8813494717951212,GH001,F02
P0100,0.7874685977694693,GH001,F02
P0100,0.8245108286623284,GH001,F02
P0100,0.7732010151904861,GH001,F02
P0100,0.8409867784969439,GH001,F02
P0100,0.7968404459626401,GH001,F02
P0100,0.8845054607362576,GH001,F02
P0100,0.8771339371913529,GH001,F02
P0100,0.7898261401664621,GH001,F02
P0100,0.7784606571216219,GH001,F02
P0100,0.8361616623399534,GH001,F02
P0100,0.8205679878380945,GH001,F02
P0100,0.8491804894401852,GH001,F02
P0100,0.7414471944262769,GH001,F02
P0100,0.8657459056958107,GH001,F02
P0100,0.8662206364297123,GH001,F02
P0100,0.8487663771956065,GH001,F02
P0100,0.8049033882884084,GH001,F02
P0100,0.7830576456890458,GH001,F02
P0100,0.6706638203878945,GH001,F02
P0100,0.710398775426219,GH001,F02
P0100,0.6561579844079908,GH001,F02
P0100,0.847290118664025,GH001,F02
P0100,0.8068202052927069,GH001,F02
P0100,0.891266781948758,GH001,F02
P0100,0.8745600878667856,GH001,F02
P0100,0.8807641010352896,GH001,F02
P0100,0.8171352296403313,GH001,F02
P0100,0.86238465804528,GH001,F02
P0100,0.8692962007017316,GH001,F02
P0100,0.857644601230648,GH001,F02
P0100,0.8386381772160073,GH001,F02
P0100,0.7977947649939452,GH001,F02
P0100,0.8433986872870253,GH001,F02
P0100,0.882558086979265,GH001,F02
P0100,0.813251235848714,GH001,F02
P0100,0.8609090403285848,GH001,F02
P0100,0.8130278381477525,GH001,F02
P0100,0.7341739561216732,GH001,F02
P0100,0.761039453995484,GH001,F02
P0100,0.8200959816489282,GH001,F02
P0100,0.834372883729422,GH001,F02
P0100,0.8455504452676279,GH001,F02
P0100,0.8349298330935733,GH001,F02
P0100,0.859045852834502,GH001,F02
P0100,0.8476371418757747,GH001,F02
P0100,0.8123586168464388,GH001,F02
P0100,0.8422933674929628,GH001,F02
P0100,0.8276468205638813,GH001,F02
P0100,0.8053511136563749,GH001,F02
P0100,0.8500961339731383,GH001,F02
P0100,0.8329102372294946,GH001,F02
P0100,0.7364499140822389,GH001,F02
P0100,0.8414078120604878,GH001,F02
P0100,0.7255039009095764,GH001,F02
P0100,0.7491112765584695,GH001,F02
P0100,0.5834017245987294,GH001,F02
P0100,0.7400935258290077,GH001,F02
P0100,0.7729472144434303,GH001,F02
P0100,0.8504442111664701,GH001,F02
P0100,0.817933247097933,GH001,F02
P0100,0.8718218955811607,GH001,F02
P0100,0.8430645637093208,GH001,F02
P0100,0.76844622917267,GH001,F02
P0100,0.8448102810516863,GH001,F02
P0100,0.8464412693239272,GH001,F02
P0100,0.8510647308579707,GH001,F02
P0100,0.8750594287253436,GH001,F02
P0100,0.8361241723077059,GH001,F02
P0100,0.7373693390447681,GH001,F02
P0100,0.8074592490738075,GH001,F02
P0100,0.8492334331148572,GH001,F02
P0101,0.8630249581271373,GH019,F08
P0101,0.8143395814786437,GH019,F08
P0101,0.8074297364943955,GH019,F08
P0101,0.8337162626129021,GH019,F08
P0101,0.8333987243976195,GH019,F08
P0101,0.7452024960893774,GH019,F08
P0101,0.847545871628994,GH019,F08
P0101,0.8522519634029059,GH019,F08
P0101,0.8152546430755772,GH019,F08
P0101,0.7367388967703187,GH019,F08
P0101,0.7244271900294039,GH019,F08
P0101,0.7766450650018145,GH019,F08
P0101,0.7928889555720476,GH019,F08
P0101,0.670595398728216,GH019,F08
P0101,0.6390796085843669,GH019,F08
P0101,0.5992902127827334,GH019,F08
P0101,0.6299273615724712,GH019,F08
P0101,0.7176949484831768,GH019,F08
P0101,0.7987243820026347,GH019,F08
P0101,0.6887801314033714,GH019,F08
P0101,0.729579640649547,GH019,F08
P0101,0.7306243669675305,GH019,F08
P0101,0.8063259968419816,GH019,F08
P0101,0.7687102087037325,GH019,F08
P0101,0.7685465974785155,GH019,F08
P0101,0.8146285858516399,GH019,F08
P0101,0.7958886507279,GH019,F08
P0101,0.7192066536673595,GH019,F08
P0101,0.7013974460450463,GH019,F08
P0101,0.681934490535469,GH019,F08
P0101,0.677917719989709,GH019,F08
P0101,0.7078041168917087,GH019,F08
P0101,0.7015594201674591,GH019,F08
P0101,0.668172726580538,GH019,F08
P0101,0.7020092012280337,GH019,F08
P0101,0.7256159682655009,GH019,F08
P0101,0.6436215472827282,GH019,F08
P0101,0.7376858487213305,GH019,F08
P0101,0.7446179804506017,GH019,F08
P0101,0.712252389486472,GH019,F08
P0101,0.6553776193571232,GH019,F08
P0101,0.7076690879537266,GH019,F08
P0101,0.7135159573163938,GH019,F08
P0101,0.6941543134934655,GH019,F08
P0101,0.7916676687471328,GH019,F08
P0101,0.7103595848681614,GH019,F08
P0101,0.6903988164830818,GH019,F08
P0101,0.7084925386647127,GH019,F08
P0101,0.6293825421326441,GH019,F08
P0101,0.6216918774034493,GH019,F08
P0101,0.5478095766852465,GH019,F08
P0101,0.6321167413930187,GH019,F08
P0101,0.6749897355143137,GH019,F08
P0101,0.7432652957261051,GH019,F08
P0101,0.7405379052578972,GH019,F08
P0101,0.7206491805467188,GH019,F08
P0101,0.7221108540023258,GH019,F08
P0101,0.7571466839456622,GH019,F08
P0101,0.6903128510464156,GH019,F08
P0101,0.6827445192319476,GH019,F08
P0101,0.6978897496514502,GH019,F08
P0101,0.7152474022881494,GH019,F08
P0101,0.7441685509359156,GH019,F08
P0101,0.7132688608103104,GH019,F08
P0101,0.6880209887463359,GH019,F08
P0101,0.6369568358703086,GH019,F08
P0101,0.776302958962622,GH019,F08
P0101,0.7025148142250136,GH019,F08
P0101,0.8134038397915779,GH019,F08
P0101,0.6873299202661282,GH019,F08
P0101,0.6877578658681338,GH019,F08
P0101,0.6863181170260185,GH019,F08
P0101,0.7974263695157475,GH019,F08
P0101,0.7258964653825251,GH019,F08
P0101,0.7173137731611581,GH019,F08
P0101,0.7252130973538123,GH019,F08
P0101,0.818628146738705,GH019,F08
P0101,0.7218467374662331,GH019,F08
P0101,0.7321997244166758,GH019,F08
P0101,0.8093829657414995,GH019,F08
P0101,0.8280507181262737,GH019,F08
P0101,0.7036082511380147,GH019,F08
P0101,0.775228898011751,GH019,F08
P0101,0.8079588038161947,GH019,F08
P0101,0.7223093753753154,GH019,F08
P0101,0.7093883921711416,GH019,F08
P0101,0.6101171056086343,GH019,F08
P0101,0.7027153579911869,GH019,F08
P0101,0.7161712569769093,GH019,F08
P0101,0.7230831684930288,GH019,F08
P0101,0.8039076011163312,GH019,F08
P0101,0.823186672932709,GH019,F08
P0101,0.8592023158798808,GH019,F08
P0101,0.8304684196997464,GH019,F08
P0101,0.7999965762715258,GH019,F08
P0101,0.8375960241329429,GH019,F08
P0101,0.8245847827215145,GH019,F08
P0101,0.839836587170478,GH019,F08
P0101,0.814031718624191,GH019,F08
P0101,0.7334986900816108,GH019,F08
P0101,0.8467019881787683,GH019,F08
P0101,0.765995420438649,GH019,F08
P0101,0.7997650716151898,GH019,F08
P0101,0.8523806666743781,GH019,F08
P0101,0.7365699392431551,GH019,F08
P0101,0.8287159135198158,GH019,F08
P0101,0.8158598960804463,GH019,F08
P0101,0.7392850590714763,GH019,F08
P0101,0.8497099648993837,GH019,F08
P0101,0.8542966628691453,GH019,F08
P0101,0.8716214627044312,GH019,F08
P0101,0.7650314076767318,GH019,F08
P0101,0.7470015628326035,GH019,F08
P0101,0.8608476818650761,GH019,F08
P0101,0.880967692635817,GH019,F08
P0101,0.8598880023352281,GH019,F08
P0101,0.8530837646045901,GH019,F08
P0101,0.7945793703662386,GH019,F08
P0101,0.8614525141398646,GH019,F08
P0101,0.8485612021762304,GH019,F08
P0101,0.772293478980598,GH019,F08
P0101,0.6877989350873599,GH019,F08
P0101,0.5733803925261967,GH019,F08
P0101,0.670765749030216,GH019,F08
P0101,0.716148815026094,GH019,F08
P0101,0.8391843920404675,GH019,F08
P0101,0.8129850585782931,GH019,F08
P0101,0.8321498088008166,GH019,F08
P0101,0.8811779621363537,GH019,F08
P0101,0.8256481142316978,GH019,F08
P0101,0.8480431523389371,GH019,F08
P0101,0.853065470694293,GH019,F08
P0101,0.8768671518196471,GH019,F08
P0101,0.8505981503002196,GH019,F08
P0101,0.8543155668235726,GH019,F08
P0101,0.8418133717835479,GH019,F08
P0101,0.8394958473226853,GH019,F08
P0101,0.8704622789181539,GH019,F08
P0101,0.7977471983313734,GH019,F08
P0101,0.7463751002080853,GH019,F08
P0101,0.7612191548467243,GH019,F08
P0101,0.7637992293557179,GH019,F08
P0101,0.7160511001968154,GH019,F08
P0101,0.8196236046120321,GH019,F08
P0101,0.8598270495682199,GH019,F08
P0101,0.85936471079514,GH019,F08
P0101,0.8924699368067778,GH019,F08
P0101,0.8303373813756264,GH019,F08
P0101,0.8478059990245905,GH019,F08
P0101,0.8562519995804616,GH019,F08
P0101,0.8884052361934233,GH019,F08
P0101,0.8240405200445018,GH019,F08
P0101,0.7541626143164668,GH019,F08
P0101,0.8124951277342263,GH019,F08
P0101,0.8640852575052141,GH019,F08
P0101,0.7540485150557441,GH019,F08
P0101,0.8124664838772165,GH019,F08
P0101,0.7641089388079098,GH019,F08
P0101,0.5878943420754715,GH019,F08
P0101,0.7778996136909824,GH019,F08
P0101,0.7691455323980492,GH019,F08
P0101,0.8209360292453571,GH019,F08
P0101,0.8190953800731388,GH019,F08
P0101,0.8455008805548458,GH019,F08
P0101,0.8540296336382877,GH019,F08
P0101,0.8724542250472107,GH019,F08
P0101,0.8033848043309271,GH019,F08
P0101,0.8125818525956395,GH019,F08
P0101,0.8090892445509922,GH019,F08
P0101,0.7844808600401302,GH019,F08
P0101,0.8343402945506002,GH019,F08
P0101,0.8615927621661283,GH019,F08
P0101,0.7072158555641437,GH019,F08
P0101,0.7223376885777536,GH019,F08
P0101,0.7999026339954161,GH019,F08
P0101,0.8757037714897979,GH019,F08
P0101,0.8144721008730798,GH019,F08
P0101,0.8646596313484527,GH019,F08
P0101,0.7913693686277637,GH019,F08
P0101,0.8203188082999492,GH019,F08
P0101,0.8456183822359956,GH019,F08
P0101,0.8196093444190113,GH019,F08
P0101,0.8695809973570822,GH019,F08
P0101,0.8396959163819637,GH019,F08
P0101,0.8866591886165536,GH019,F08
P0101,0.8433496561509283,GH019,F08
P0101,0.7901249469283108,GH019,F08
P0101,0.8283415025736228,GH019,F08
P0101,0.858187847281102,GH019,F08
P0101,0.8352823205777161,GH019,F08
P0101,0.8053129985895486,GH019,F08
P0101,0.7474121508242193,GH019,F08
P0101,0.7157308563238861,GH019,F08
P0101,0.7311541811148173,GH019,F08
P0101,0.726434330137835,GH019,F08
P0101,0.7402196347291012,GH019,F08
P0101,0.7474855973595896,GH019,F08
P0101,0.7283547214342273,GH019,F08
P0101,0.8365862725753807,GH019,F08
P0101,0.8504583706914218,GH019,F08
P0101,0.7362856475938858,GH019,F08
P0101,0.85186363934692,GH019,F08
P0101,0.8668144975668682,GH019,F08
P0101,0.8506510969445438,GH019,F08
P0101,0.8455323033859544,GH019,F08
P0101,0.8460748410747866,GH019,F08
P0101,0.8662941623049667,GH019,F08
P0101,0.8576398530291486,GH019,F08
P0101,0.7977681804012575,GH019,F08
P0101,0.8422529629893621,GH019,F08
P0102,0.8415133087298855,GH002,F01
P0102,0.8317264020167424,GH002,F01
P0102,0.8366530819541227,GH002,F01
P0102,0.860141301738273,GH002,F01
P0102,0.7607481385011361,GH002,F01
P0102,0.8594330873494599,GH002,F01
P0102,0.8354200796347675,GH002,F01
P0102,0.7880276374936592,GH002,F01
P0102,0.7740334050143363,GH002,F01
P0102,0.7773793854285583,GH002,F01
P0102,0.721793660638098,GH002,F01
P0102,0.8157487306503732,GH002,F01
P0102,0.7342859883519068,GH002,F01
P0102,0.665757885206426,GH002,F01
P0102,0.7296698486499615,GH002,F01
P0102,0.6955072883592375,GH002,F01
P0102,0.6731572335209877,GH002,F01
P0102,0.692084826819035,GH002,F01
P0102,0.7374568214448124,GH002,F01
P0102,0.7388315334145138,GH002,F01
P0102,0.7044276191170707,GH002,F01
P0102,0.8041863550538617,GH002,F01
P0102,0.7757917145798057,GH002,F01
P0102,0.8283460800892735,GH002,F01
P0102,0.7733985556768738,GH002,F01
P0102,0.8349782618594411,GH002,F01
P0102,0.8172195756980519,GH002,F01
P0102,0.7093388405158946,GH002,F01
P0102,0.6982676819297687,GH002,F01
P0102,0.7367483011174175,GH002,F01
P0102,0.7989209058764902,GH002,F01
P0102,0.714501593561481,GH002,F01
P0102,0.7341877546101829,GH002,F01
P0102,0.7743143046940161,GH002,F01
P0102,0.7136836975154666,GH002,F01
P0102,0.7040245826721183,GH002,F01
P0102,0.7360712709919358,GH002,F01
P0102,0.7981992352606493,GH002,F01
P0102,0.7203257287990028,GH002,F01
P0102,0.6960738870739752,GH002,F01
P0102,0.7203940704567139,GH002,F01
P0102,0.7429137604519476,GH002,F01
P0102,0.723968970169118,GH002,F01
P0102,0.7493461087469359,GH002,F01
P0102,0.7102149992872926,GH002,F01
P0102,0.7084981811281186,GH002,F01
P0102,0.7170396518499158,GH002,F01
P0102,0.7435941345280876,GH002,F01
P0102,0.6289642849530552,GH002,F01
P0102,0.6080666600621959,GH002,F01
P0102,0.5302926640503681,GH002,F01
P0102,0.5932302991424652,GH002,F01
P0102,0.6589746762911463,GH002,F01
P0102,0.6964427691146606,GH002,F01
P0102,0.7251152929085866,GH002,F01
P0102,0.8180119798191392,GH002,F01
P0102,0.732309358534789,GH002,F01
P0102,0.6868566742323349,GH002,F01
P0102,0.7338578791278492,GH002,F01
P0102,0.7336931699198679,GH002,F01
P0102,0.7162038657951225,GH002,F01
P0102,0.6936546693504285,GH002,F01
P0102,0.7380587005767263,GH002,F01
P0102,0.7455273073861707,GH002,F01
P0102,0.7109011909784403,GH002,F01
P0102,0.7286967388194195,GH002,F01
P0102,0.7075932513087106,GH002,F01
P0102,0.663604096891072,GH002,F01
P0102,0.7219346813971708,GH002,F01
P0102,0.7715342289087961,GH002,F01
P0102,0.6921737605295831,GH002,F01
P0102,0.7702336014022596,GH002,F01
P0102,0.7009040662559162,GH002,F01
P0102,0.7182761877657328,GH002,F01
P0102,0.708895581389363,GH002,F01
P0102,0.8288225281467335,GH002,F01
P0102,0.7331473487460991,GH002,F01
P0102,0.706922964306727,GH002,F01
P0102,0.7502547098748373,GH002,F01
P0102,0.8159944632437619,GH002,F01
P0102,0.83387544520124,GH002,F01
P0102,0.77994261662293,GH002,F01
P0102,0.7214449401387991,GH002,F01
P0102,0.800413236393769,GH002,F01
P0102,0.7686011974024393,GH002,F01
P0102,0.5914847634566064,GH002,F01
P0102,0.5807819377529019,GH002,F01
P0102,0.7106251311385879,GH002,F01
P0102,0.7953972759993869,GH002,F01
P0102,0.8481456078966768,GH002,F01
P0102,0.8411099535984702,GH002,F01
P0102,0.7437932324848435,GH002,F01
P0102,0.7372545163608195,GH002,F01
P0102,0.8096081338052499,GH002,F01
P0102,0.8428130727059258,GH002,F01
P0102,0.8468780709261411,GH002,F01
P0102,0.7563568107867511,GH002,F01
P0102,0.8583121605124799,GH002,F01
P0102,0.8512285709010572,GH002,F01
P0102,0.8197106934920567,GH002,F01
P0102,0.7386340597811204,GH002,F01
P0102,0.7495523747129005,GH002,F01
P0102,0.7505712848255354,GH002,F01
P0102,0.8497086880020697,GH002,F01
P0102,0.8131544854322698,GH002,F01
P0102,0.8599825007694577,GH002,F01
P0102,0.8145421440410652,GH002,F01
P0102,0.8579172514466005,GH002,F01
P0102,0.8270402132461717,GH002,F01
P0102,0.8407283750821579,GH002,F01
P0102,0.8733291920158073,GH002,F01
P0102,0.8796803127137292,GH002,F01
P0102,0.8619843696004142,GH002,F01
P0102,0.8898854455664381,GH002,F01
P0102,0.8399736803721096,GH002,F01
P0102,0.8808545754543511,GH002,F01
P0102,0.8211166110407816,GH002,F01
P0102,0.8708996699138563,GH002,F01
P0102,0.854110268098087,GH002,F01
P0102,0.8169808753967389,GH002,F01
P0102,0.7315458387286807,GH002,F01
P0102,0.6680511153422365,GH002,F01
P0102,0.7202998406860054,GH002,F01
P0102,0.7100128608022532,GH002,F01
P0102,0.8207142584405184,GH002,F01
P0102,0.8066171593485002,GH002,F01
P0102,0.8295596254801967,GH002,F01
P0102,0.8572159460486647,GH002,F01
P0102,0.8280395169619144,GH002,F01
P0102,0.8326760952332666,GH002,F01
P0102,0.8754115279297435,GH002,F01
P0102,0.8598296621971477,GH002,F01
P0102,0.852690299748818,GH002,F01
P0102,0.8605336790861793,GH002,F01
P0102,0.8743662395797697,GH002,F01
P0102,0.8388282632217923,GH002,F01
P0102,0.8582003827782291,GH002,F01
P0102,0.8525881661073526,GH002,F01
P0102,0.8371116731147559,GH002,F01
P0102,0.7613770340218383,GH002,F01
P0102,0.7318404361499236,GH002,F01
P0102,0.8198736133484362,GH002,F01
P0102,0.8461310359471077,GH002,F01
P0102,0.8250215914262509,GH002,F01
P0102,0.8443584935261398,GH002,F01
P0102,0.859408943149465,GH002,F01
P0102,0.8422279974819623,GH002,F01
P0102,0.8458742572055997,GH002,F01
P0102,0.8502313620380909,GH002,F01
P0102,0.8810654342505382,GH002,F01
P0102,0.8840054949553591,GH002,F01
P0102,0.8643452461496537,GH002,F01
P0102,0.7590812483740642,GH002,F01
P0102,0.7461438203449258,GH002,F01
P0102,0.7724469522146394,GH002,F01
P0102,0.8742863958197766,GH002,F01
P0102,0.7356425956907519,GH002,F01
P0102,0.7889510630368497,GH002,F01
P0102,0.6227741843944649,GH002,F01
P0102,0.7754621441214952,GH002,F01
P0102,0.7945729449004647,GH002,F01
P0102,0.7984550907152226,GH002,F01
P0102,0.8583361408619654,GH002,F01
P0102,0.8671986594479214,GH002,F01
P0102,0.8715983305740579,GH002,F01
P0102,0.8623730744473465,GH002,F01
P0102,0.6954058771203406,GH002,F01
P0102,0.8875998818904901,GH002,F01
P0102,0.8238708534395657,GH002,F01
P0102,0.869515324282161,GH002,F01
P0102,0.7936032657860532,GH002,F01
P0102,0.8719151096163202,GH002,F01
P0102,0.8230222041471897,GH002,F01
P0102,0.75463879812609,GH002,F01
P0102,0.758616952713837,GH002,F01
P0102,0.7964903039669646,GH002,F01
P0102,0.881828236233289,GH002,F01
P0102,0.7595771794400022,GH002,F01
P0102,0.8093729692916866,GH002,F01
P0102,0.8524445391610947,GH002,F01
P0102,0.7981767768738123,GH002,F01
P0102,0.8175483713328286,GH002,F01
P0102,0.8445901367951334,GH002,F01
P0102,0.8698192315003337,GH002,F01
P0102,0.8793049380756106,GH002,F01
P0102,0.8717476847259958,GH002,F01
P0102,0.8497825001288452,GH002,F01
P0102,0.8733466885223994,GH002,F01
P0102,0.8508024981920882,GH002,F01
P0102,0.8276832404732554,GH002,F01
P0102,0.8704125774518713,GH002,F01
P0102,0.8406428925112585,GH002,F01
P0102,0.8125923074766515,GH002,F01
P0102,0.6739008960695045,GH002,F01
P0102,0.6015957018460565,GH002,F01
P0102,0.8141521074789454,GH002,F01
P0102,0.8268943212749783,GH002,F01
P0102,0.8551609071921241,GH002,F01
P0102,0.8304255833386862,GH002,F01
P0102,0.8492923306584782,GH002,F01
P0102,0.8620025496999398,GH002,F01
P0102,0.8002954942536876,GH002,F01
P0102,0.876279515431391,GH002,F01
P0102,0.893275138860791,GH002,F01
P0102,0.8641083041210084,GH002,F01
P0102,0.8563034856238623,GH002,F01
P0102,0.8593138831339935,GH002,F01
P0102,0.8673134233456204,GH002,F01
P0102,0.8878763021729863,GH002,F01
P0102,0.7879381374853986,GH002,F01
P0103,0.8632284664181129,GH007,F04
P0103,0.7750291030982345,GH007,F04
P0103,0.8454727654325944,GH007,F04
P0103,0.8451496694831874,GH007,F04
P0103,0.8326491568240816,GH007,F04
P0103,0.8650844722854072,GH007,F04
P0103,0.8658043034283684,GH007,F04
P0103,0.8299353257602183,GH007,F04
P0103,0.8722503627402443,GH007,F04
P0103,0.8627315250677478,GH007,F04
P0103,0.7584720250832472,GH007,F04
P0103,0.7529871226256953,GH007,F04
P0103,0.820199852524154,GH007,F04
P0103,0.6671373923194497,GH007,F04
P0103,0.6365277776266777,GH007,F04
P0103,0.6203701945681249,GH007,F04
P0103,0.6699038902272084,GH007,F04
P0103,0.8162678452814716,GH007,F04
P0103,0.7433313650061345,GH007,F04
P0103,0.7194031520216614,GH007,F04
P0103,0.8767298710381547,GH007,F04
P0103,0.8711532652839745,GH007,F04
P0103,0.7686458223875534,GH007,F04
P0103,0.7441558850767955,GH007,F04
P0103,0.7544587254772722,GH007,F04
P0103,0.7173253020674988,GH007,F04
P0103,0.7947320551112506,GH007,F04
P0103,0.7385560783432784,GH007,F04
P0103,0.6734136622302512,GH007,F04
P0103,0.6970392461571561,GH007,F04
P0103,0.7570809566640825,GH007,F04
P0103,0.7089357455560705,GH007,F04
P0103,0.7769428333967453,GH007,F04
P0103,0.7138157230806267,GH007,F04
P0103,0.7155340734582959,GH007,F04
P0103,0.7243438636253962,GH007,F04
P0103,0.7787157817414261,GH007,F04
P0103,0.6992566582481216,GH007,F04
P0103,0.7304333791719053,GH007,F04
P0103,0.7300723226364093,GH007,F04
P0103,0.7074313745371733,GH007,F04
P0103,0.8345550050978048,GH007,F04
P0103,0.7309780629454433,GH007,F04
P0103,0.7023441147392914,GH007,F04
P0103,0.7068156240879725,GH007,F04
P0103,0.7318780479104311,GH007,F04
P0103,0.7585880857185807,GH007,F04
P0103,0.6714632793401449,GH007,F04
P0103,0.6609649198269167,GH007,F04
P0103,0.7387015809308605,GH007,F04
P0103,0.5817927594720451,GH007,F04
P0103,0.600881395025619,GH007,F04
P0103,0.6816482195512797,GH007,F04
P0103,0.7240352092061415,GH007,F04
P0103,0.7738181095715655,GH007,F04
P0103,0.7676066701154848,GH007,F04
P0103,0.7431813943100078,GH007,F04
P0103,0.7421225787298007,GH007,F04
P0103,0.7120318426110107,GH007,F04
P0103,0.7317353941415712,GH007,F04
P0103,0.7569128141817064,GH007,F04
P0103,0.7142320283046314,GH007,F04
P0103,0.7330218164934469,GH007,F04
P0103,0.7139991938249457,GH007,F04
P0103,0.729080923355823,GH007,F04
P0103,0.6810747333609825,GH007,F04
P0103,0.8058890180058902,GH007,F04
P0103,0.7312647910202338,GH007,F04
P0103,0.647635034976979,GH007,F04
P0103,0.733320894615233,GH007,F04
P0103,0.706825792231782,GH007,F04
P0103,0.7254053410185851,GH007,F04
P0103,0.72246065333624,GH007,F04
P0103,0.7273755529185812,GH007,F04
P0103,0.6810794906110429,GH007,F04
P0103,0.8069502165295599,GH007,F04
P0103,0.7096470352570714,GH007,F04
P0103,0.747165605996165,GH007,F04
P0103,0.7055429231889159,GH007,F04
P0103,0.8155996496943675,GH007,F04
P0103,0.7767201059679963,GH007,F04
P0103,0.8022377620702609,GH007,F04
P0103,0.7514673724359141,GH007,F04
P0103,0.7882556971736561,GH007,F04
P0103,0.7449907717621935,GH007,F04
P0103,0.7429568868848028,GH007,F04
P0103,0.5549976983546316,GH007,F04
P0103,0.7586130095860234,GH007,F04
P0103,0.7379098272746172,GH007,F04
P0103,0.7399668084995821,GH007,F04
P0103,0.8034500587644939,GH007,F04
P0103,0.8485361527083453,GH007,F04
P0103,0.8257760576592941,GH007,F04
P0103,0.7433317451858119,GH007,F04
P0103,0.7622081283826557,GH007,F04
P0103,0.75990931530518,GH007,F04
P0103,0.8579303546206486,GH007,F04
P0103,0.8667636850034476,GH007,F04
P0103,0.8406759083310873,GH007,F04
P0103,0.8294014781499828,GH007,F04
P0103,0.8538940879782511,GH007,F04
P0103,0.7674419867756116,GH007,F04
P0103,0.8826069354395292,GH007,F04
P0103,0.7115090175017477,GH007,F04
P0103,0.8067030708303186,GH007,F04
P0103,0.7878902743514954,GH007,F04
P0103,0.7185505415399295,GH007,F04
P0103,0.7650763318504379,GH007,F04
P0103,0.8664666217491624,GH007,F04
P0103,0.9066239210585547,GH007,F04
P0103,0.8439760073268386,GH007,F04
P0103,0.8500806063080614,GH007,F04
P0103,0.8579967637378021,GH007,F04
P0103,0.8500037670650877,GH007,F04
P0103,0.8304233068334808,GH007,F04
P0103,0.8613413504869214,GH007,F04
P0103,0.8364491900108415,GH007,F04
P0103,0.8634495020341777,GH007,F04
P0103,0.7729144634896522,GH007,F04
P0103,0.7565039464259802,GH007,F04
P0103,0.7175623110405908,GH007,F04
P0103,0.6929237870868822,GH007,F04
P0103,0.6330917807784485,GH007,F04
P0103,0.6997079740248408,GH007,F04
P0103,0.8367155455136301,GH007,F04
P0103,0.9127573021796171,GH007,F04
P0103,0.7901039323973934,GH007,F04
P0103,0.8269414247369598,GH007,F04
P0103,0.8600398393371171,GH007,F04
P0103,0.8303826580804599,GH007,F04
P0103,0.8440058778937705,GH007,F04
P0103,0.8192524158165018,GH007,F04
P0103,0.8521189415406284,GH007,F04
P0103,0.8622790167264132,GH007,F04
P0103,0.7899722810213676,GH007,F04
P0103,0.8485263140486298,GH007,F04
P0103,0.7194380874245239,GH007,F04
P0103,0.821592350950343,GH007,F04
P0103,0.7921760556410562,GH007,F04
P0103,0.7636505775255842,GH007,F04
P0103,0.7649099361297204,GH007,F04
P0103,0.781591096923757,GH007,F04
P0103,0.8017108811402117,GH007,F04
P0103,0.8872330101643134,GH007,F04
P0103,0.8379239111030513,GH007,F04
P0103,0.781175910834152,GH007,F04
P0103,0.8873007500517845,GH007,F04
P0103,0.7380224156220369,GH007,F04
P0103,0.8269779032005484,GH007,F04
P0103,0.8692020129514781,GH007,F04
P0103,0.8467478163420277,GH007,F04
P0103,0.8634604572856431,GH007,F04
P0103,0.7559641176837838,GH007,F04
P0103,0.8546637435805724,GH007,F04
P0103,0.7951302695626304,GH007,F04
P0103,0.7710372177733165,GH007,F04
P0103,0.7671971610988837,GH007,F04
P0103,0.634695724265299,GH007,F04
P0103,0.7180237298819458,GH007,F04
P0103,0.780304236799004,GH007,F04
P0103,0.7664674986479203,GH007,F04
P0103,0.7355138541893602,GH007,F04
P0103,0.8624039500655545,GH007,F04
P0103,0.899090191497455,GH007,F04
P0103,0.8178109919143325,GH007,F04
P0103,0.857080095876171,GH007,F04
P0103,0.8039364383302627,GH007,F04
P0103,0.8910666812054833,GH007,F04
P0103,0.863328833665927,GH007,F04
P0103,0.8136644952885498,GH007,F04
P0103,0.851920153822843,GH007,F04
P0103,0.857273721423434,GH007,F04
P0103,0.8710568327640934,GH007,F04
P0103,0.7624807914558996,GH007,F04
P0103,0.782696514123613,GH007,F04
P0103,0.8785440287248875,GH007,F04
P0103,0.8620214268710619,GH007,F04
P0103,0.858762889359061,GH007,F04
P0103,0.8158459410822783,GH007,F04
P0103,0.8434327552041432,GH007,F04
P0103,0.8837404419468939,GH007,F04
P0103,0.8751340400648208,GH007,F04
P0103,0.831147590240073,GH007,F04
P0103,0.8507280582630975,GH007,F04
P0103,0.8372309898013522,GH007,F04
P0103,0.8645303788821168,GH007,F04
P0103,0.8763319583863207,GH007,F04
P0103,0.838390616215505,GH007,F04
P0103,0.850104251775951,GH007,F04
P0103,0.8506662428004359,GH007,F04
P0103,0.7659508393877155,GH007,F04
P0103,0.8126929674647102,GH007,F04
P0103,0.7414836025737892,GH007,F04
P0103,0.681761054438277,GH007,F04
P0103,0.665132050758128,GH007,F04
P0103,0.7698956004863552,GH007,F04
P0103,0.8018545900547763,GH007,F04
P0103,0.8553576840752697,GH007,F04
P0103,0.8291615558977995,GH007,F04
P0103,0.8806563029547126,GH007,F04
P0103,0.8599749913578105,GH007,F04
P0103,0.8689157423277133,GH007,F04
P0103,0.8470769648436405,GH007,F04
P0103,0.8516931850210724,GH007,F04
P0103,0.8331743340611094,GH007,F04
P0103,0.8575834477747586,GH007,F04
P0103,0.8663281830024719,GH007,F04
P0103,0.8382110341647098,GH007,F04
P0103,0.8231229527970269,GH007,F04
P0103,0.738731502383612,GH007,F04
P0104,0.7582755119883038,GH015,F02
P0104,0.7896825237826325,GH015,F02
P0104,0.80012947867006,GH015,F02
P0104,0.782515607199545,GH015,F02
P0104,0.8005890952496623,GH015,F02
P0104,0.7680501100889066,GH015,F02
P0104,0.7611356214999364,GH015,F02
P0104,0.768864995194824,GH015,F02
P0104,0.7840228475117039,GH015,F02
P0104,0.6680146957025233,GH015,F02
P0104,0.6821607055086008,GH015,F02
P0104,0.7685473381486376,GH015,F02
P0104,0.6617492364281863,GH015,F02
P0104,0.6399038559010598,GH015,F02
P0104,0.6109785758827452,GH015,F02
P0104,0.583947210393456,GH015,F02
P0104,0.6157418069521089,GH015,F02
P0104,0.6275758663929676,GH015,F02
P0104,0.7584935658143819,GH015,F02
P0104,0.7617086918273377,GH015,F02
P0104,0.6929464469362595,GH015,F02
P0104,0.6965137597060544,GH015,F02
P0104,0.7166092456255133,GH015,F02
P0104,0.7686767110540427,GH015,F02
P0104,0.7758497431619407,GH015,F02
P0104,0.6636856273428854,GH015,F02
P0104,0.6572937642668397,GH015,F02
P0104,0.6608235123192558,GH015,F02
P0104,0.7127725845444098,GH015,F02
P0104,0.7048360931449152,GH015,F02
P0104,0.6217607561315137,GH015,F02
P0104,0.6530035289590546,GH015,F02
P0104,0.7595569396568613,GH015,F02
P0104,0.6486379756985761,GH015,F02
P0104,0.6436598169880462,GH015,F02
P0104,0.6788171969433204,GH015,F02
P0104,0.6684130454859166,GH015,F02
P0104,0.7167197781980434,GH015,F02
P0104,0.6597769774742459,GH015,F02
P0104,0.7021668076290537,GH015,F02
P0104,0.6635533054059838,GH015,F02
P0104,0.6142176110120001,GH015,F02
P0104,0.761980566660789,GH015,F02
P0104,0.6884796720845469,GH015,F02
P0104,0.6628612377574024,GH015,F02
P0104,0.6697981932869534,GH015,F02
P0104,0.6618326317337251,GH015,F02
P0104,0.6748255924394003,GH015,F02
P0104,0.5789830223254356,GH015,F02
P0104,0.5347455824395858,GH015,F02
P0104,0.5130436273390676,GH015,F02
P0104,0.5637408114890423,GH015,F02
P0104,0.6449930511628275,GH015,F02
P0104,0.6622557607795568,GH015,F02
P0104,0.6655267937600663,GH015,F02
P0104,0.6445163354050154,GH015,F02
P0104,0.7231784039882123,GH015,F02
P0104,0.7008692038185079,GH015,F02
P0104,0.7180737279437924,GH015,F02
P0104,0.6658728916629232,GH015,F02
P0104,0.6571886592557462,GH015,F02
P0104,0.6668720123684068,GH015,F02
P0104,0.6868324043757729,GH015,F02
P0104,0.6655159236383371,GH015,F02
P0104,0.6581166847131726,GH015,F02
P0104,0.7247396317810916,GH015,F02
P0104,0.6273156476319145,GH015,F02
P0104,0.6681805640350105,GH015,F02
P0104,0.6715363092667717,GH015,F02
P0104,0.7490940715702933,GH015,F02
P0104,0.6598329471592873,GH015,F02
P0104,0.6521869908895173,GH015,F02
P0104,0.6810324651352714,GH015,F02
P0104,0.6792626764893468,GH015,F02
P0104,0.7052179132681017,GH015,F02
P0104,0.6776159971869713,GH015,F02
P0104,0.675401574407802,GH015,F02
P0104,0.6494877533502209,GH015,F02
P0104,0.6521992457552583,GH015,F02
P0104,0.6692740947163812,GH015,F02
P0104,0.7364759712385138,GH015,F02
P0104,0.7396267508075273,GH015,F02
P0104,0.7510609817636663,GH015,F02
P0104,0.6507106342529547,GH015,F02
P0104,0.6881534871726459,GH015,F02
P0104,0.5685747737015561,GH015,F02
P0104,0.5559834614827757,GH015,F02
P0104,0.618035851375016,GH015,F02
P0104,0.6262044576847375,GH015,F02
P0104,0.7643850147822192,GH015,F02
P0104,0.6793436278365621,GH015,F02
P0104,0.7786338332482872,GH015,F02
P0104,0.6662993378602365,GH015,F02
P0104,0.7648149515968544,GH015,F02
P0104,0.8265886443756564,GH015,F02
P0104,0.7261973972992916,GH015,F02
P0104,0.7849488217322225,GH015,F02
P0104,0.7939575366150015,GH015,F02
P0104,0.7701083289701028,GH015,F02
P0104,0.7709732538562923,GH015,F02
P0104,0.7881375752338133,GH015,F02
P0104,0.6627487924355056,GH015,F02
P0104,0.8053907949019911,GH015,F02
P0104,0.7402428866815716,GH015,F02
P0104,0.716745288874882,GH015,F02
P0104,0.7336857021103084,GH015,F02
P0104,0.8178437506267056,GH015,F02
P0104,0.7899021741405838,GH015,F02
P0104,0.8014507498411352,GH015,F02
P0104,0.8181506383078873,GH015,F02
P0104,0.7883174431523217,GH015,F02
P0104,0.796453262781677,GH015,F02
P0104,0.7129250723891308,GH015,F02
P0104,0.7656202924925746,GH015,F02
P0104,0.7883777179263127,GH015,F02
P0104,0.6827047904073879,GH015,F02
P0104,0.8272755191707343,GH015,F02
P0104,0.8073094092474467,GH015,F02
P0104,0.7885554872489644,GH015,F02
P0104,0.7815153581935864,GH015,F02
P0104,0.7163873451077696,GH015,F02
P0104,0.7049956138849701,GH015,F02
P0104,0.6485314636240931,GH015,F02
P0104,0.6235955849546035,GH015,F02
P0104,0.7763856226472553,GH015,F02
P0104,0.8204982601053613,GH015,F02
P0104,0.7997151902426001,GH015,F02
P0104,0.8289447729337129,GH015,F02
P0104,0.7693505146365321,GH015,F02
P0104,0.7672333260735518,GH015,F02
P0104,0.845070115285296,GH015,F02
P0104,0.7942590882512165,GH015,F02
P0104,0.7186962382399261,GH015,F02
P0104,0.8149279130385245,GH015,F02
P0104,0.8013370481468212,GH015,F02
P0104,0.8272352772591282,GH015,F02
P0104,0.7925347776550437,GH015,F02
P0104,0.7520000958584165,GH015,F02
P0104,0.6474201380653981,GH015,F02
P0104,0.7660626670944642,GH015,F02
P0104,0.7420014463355651,GH015,F02
P0104,0.6924210520453965,GH015,F02
P0104,0.6717572938216867,GH015,F02
P0104,0.7986093861975514,GH015,F02
P0104,0.7599926981755002,GH015,F02
P0104,0.791831239985418,GH015,F02
P0104,0.8406521952374049,GH015,F02
P0104,0.7748938795200904,GH015,F02
P0104,0.7718357478227127,GH015,F02
P0104,0.8002646281815026,GH015,F02
P0104,0.8038052355326054,GH015,F02
P0104,0.8002515312616163,GH015,F02
P0104,0.8108111764100719,GH015,F02
P0104,0.7782830748745869,GH015,F02
P0104,0.8070997394096154,GH015,F02
P0104,0.7518434562147305,GH015,F02
P0104,0.7080167331940417,GH015,F02
P0104,0.5925290357620947,GH015,F02
P0104,0.6012304080904575,GH015,F02
P0104,0.7263070544812739,GH015,F02
P0104,0.7388451533497227,GH015,F02
P0104,0.7373494008834801,GH015,F02
P0104,0.7507563204945554,GH015,F02
P0104,0.7541612982368429,GH015,F02
P0104,0.7592290753987576,GH015,F02
P0104,0.759779655926575,GH015,F02
P0104,0.7836067760349049,GH015,F02
P0104,0.7586084845345806,GH015,F02
P0104,0.8217490095600507,GH015,F02
P0104,0.8283931991461795,GH015,F02
P0104,0.7028450091855452,GH015,F02
P0104,0.759660963771721,GH015,F02
P0104,0.7907171935897915,GH015,F02
P0104,0.6977155611116863,GH015,F02
P0104,0.6874092443464829,GH015,F02
P0104,0.6838294023633916,GH015,F02
P0104,0.6959477373238242,GH015,F02
P0104,0.7730041549163744,GH015,F02
P0104,0.7194013863576212,GH015,F02
P0104,0.7239492022417631,GH015,F02
P0104,0.7738013161520534,GH015,F02
P0104,0.7685076136351681,GH015,F02
P0104,0.7926633062568028,GH015,F02
P0104,0.7813032457185751,GH015,F02
P0104,0.7777860203424709,GH015,F02
P0104,0.7737232383210526,GH015,F02
P0104,0.7727143898997793,GH015,F02
P0104,0.7640015196544957,GH015,F02
P0104,0.6735149019562567,GH015,F02
P0104,0.8274575293267611,GH015,F02
P0104,0.7533773820815673,GH015,F02
P0104,0.7687663606291998,GH015,F02
P0104,0.70274751185123,GH015,F02
P0104,0.622535160857684,GH015,F02
P0104,0.5990123172877351,GH015,F02
P0104,0.6287673409402481,GH015,F02
P0104,0.7852631717793014,GH015,F02
P0104,0.8040627651000773,GH015,F02
P0104,0.7091143466327932,GH015,F02
P0104,0.8234477569710323,GH015,F02
P0104,0.7824577489443707,GH015,F02
P0104,0.8557708213808106,GH015,F02
P0104,0.78871341651761,GH015,F02
P0104,0.8131336798367119,GH015,F02
P0104,0.7825540794370558,GH015,F02
P0104,0.8254632775251072,GH015,F02
P0104,0.7746689164935001,GH015,F02
P0104,0.7885796365745774,GH015,F02
P0104,0.7765750215359456,GH015,F02
P0104,0.6562617618132015,GH015,F02
P0105,0.7369718105847338,GH006,F07
P0105,0.7748970807925082,GH006,F07
P0105,0.7917352808063476,GH006,F07
P0105,0.7662258854815702,GH006,F07
P0105,0.7750766993720712,GH006,F07
P0105,0.7704564358583817,GH006,F07
P0105,0.7466823653067098,GH006,F07
P0105,0.7683763024446271,GH006,F07
P0105,0.7679130132827078,GH006,F07
P0105,0.6426180642002336,GH006,F07
P0105,0.7646229756258685,GH006,F07
P0105,0.7757313539220709,GH006,F07
P0105,0.6605727331581933,GH006,F07
P0105,0.568085643427011,GH006,F07
P0105,0.5444961744693666,GH006,F07
P0105,0.5566288806162665,GH006,F07
P0105,0.7018717748040398,GH006,F07
P0105,0.6632310090984116,GH006,F07
P0105,0.7585129837641003,GH006,F07
P0105,0.614909643241251,GH006,F07
P0105,0.6543416272398244,GH006,F07
P0105,0.6424673207474222,GH006,F07
P0105,0.7395405006320515,GH006,F07
P0105,0.6358470083173208,GH006,F07
P0105,0.6526695515146023,GH006,F07
P0105,0.6727425568518616,GH006,F07
P0105,0.672571888693933,GH006,F07
P0105,0.6251935498846063,GH006,F07
P0105,0.6622644825373307,GH006,F07
P0105,0.6833688858383552,GH006,F07
P0105,0.7041395370685488,GH006,F07
P0105,0.5909521166956154,GH006,F07
P0105,0.6207996767026457,GH006,F07
P0105,0.6471673017412197,GH006,F07
P0105,0.650814853675683,GH006,F07
P0105,0.6634930318190714,GH006,F07
P0105,0.6063727264057595,GH006,F07
P0105,0.6803982703188396,GH006,F07
P0105,0.6678506552948872,GH006,F07
P0105,0.6569222897632465,GH006,F07
P0105,0.6546007049357714,GH006,F07
P0105,0.6269195383630304,GH006,F07
P0105,0.6638918657508663,GH006,F07
P0105,0.636963456922303,GH006,F07
P0105,0.6146308123728172,GH006,F07
P0105,0.7629926249521405,GH006,F07
P0105,0.6705773730741156,GH006,F07
P0105,0.6509704958788595,GH006,F07
P0105,0.5718103681762992,GH006,F07
P0105,0.5797849139455264,GH006,F07
P0105,0.5147317084126545,GH006,F07
P0105,0.5409719878875661,GH006,F07
P0105,0.5961745613706001,GH006,F07
P0105,0.6089716528921628,GH006,F07
P0105,0.610028627806537,GH006,F07
P0105,0.5946621637628229,GH006,F07
P0105,0.6063529377719037,GH006,F07
P0105,0.6685017277008215,GH006,F07
P0105,0.6750473388916606,GH006,F07
P0105,0.7768194273649748,GH006,F07
P0105,0.6627059294619811,GH006,F07
P0105,0.6598319110198252,GH006,F07
P0105,0.6903081382710295,GH006,F07
P0105,0.6361039784348493,GH006,F07
P0105,0.6432732520325803,GH006,F07
P0105,0.6872581484692083,GH006,F07
P0105,0.6299868046760727,GH006,F07
P0105,0.6448354044135258,GH006,F07
P0105,0.7167998038785467,GH006,F07
P0105,0.6361832613451188,GH006,F07
P0105,0.630815707713293,GH006,F07
P0105,0.6081089433478609,GH006,F07
P0105,0.6931815400619457,GH006,F07
P0105,0.6574278117841048,GH006,F07
P0105,0.6923159900981409,GH006,F07
P0105,0.7142446646086164,GH006,F07
P0105,0.6772199685506326,GH006,F07
P0105,0.6618249428025783,GH006,F07
P0105,0.6333222660961694,GH006,F07
P0105,0.6675275006214774,GH006,F07
P0105,0.6234970497876745,GH006,F07
P0105,0.7424946131842596,GH006,F07
P0105,0.7240641238215799,GH006,F07
P0105,0.6382498069044478,GH006,F07
P0105,0.6719400692353998,GH006,F07
P0105,0.576765933934621,GH006,F07
P0105,0.5602533639788306,GH006,F07
P0105,0.6487969322753856,GH006,F07
P0105,0.7289964452108195,GH006,F07
P0105,0.7421705713206074,GH006,F07
P0105,0.7064022588019968,GH006,F07
P0105,0.7387039158760973,GH006,F07
P0105,0.7412303323413016,GH006,F07
P0105,0.7544855863461629,GH006,F07
P0105,0.7768992041103567,GH006,F07
P0105,0.6944875819583474,GH006,F07
P0105,0.7612871130611576,GH006,F07
P0105,0.7773590770646172,GH006,F07
P0105,0.7113814416391342,GH006,F07
P0105,0.7834459635828953,GH006,F07
P0105,0.7220898401865244,GH006,F07
P0105,0.6685629257474809,GH006,F07
P0105,0.6366864607404322,GH006,F07
P0105,0.6756550783184071,GH006,F07
P0105,0.6895470119407097,GH006,F07
P0105,0.8028926018602143,GH006,F07
P0105,0.7567507469680427,GH006,F07
P0105,0.7469446842951142,GH006,F07
P0105,0.7784832071671356,GH006,F07
P0105,0.6900300476709238,GH006,F07
P0105,0.7910098639191508,GH006,F07
P0105,0.8092602353859261,GH006,F07
P0105,0.7919024620831883,GH006,F07
P0105,0.7270409636364711,GH006,F07
P0105,0.7677430097276544,GH006,F07
P0105,0.7887947431932456,GH006,F07
P0105,0.8004060976604906,GH006,F07
P0105,0.7715228971144731,GH006,F07
P0105,0.686314291226588,GH006,F07
P0105,0.6455762777043592,GH006,F07
P0105,0.6995506446744716,GH006,F07
P0105,0.7017834623786526,GH006,F07
P0105,0.5583622165294744,GH006,F07
P0105,0.6216105334390429,GH006,F07
P0105,0.7537705165365044,GH006,F07
P0105,0.8175123462510372,GH006,F07
P0105,0.6523252141466067,GH006,F07
P0105,0.7491891864326967,GH006,F07
P0105,0.768230358331673,GH006,F07
P0105,0.7306254670295291,GH006,F07
P0105,0.7902367420936318,GH006,F07
P0105,0.808860823443855,GH006,F07
P0105,0.7577606273190571,GH006,F07
P0105,0.7970302822246473,GH006,F07
P0105,0.8013964616342241,GH006,F07
P0105,0.7009117518067909,GH006,F07
P0105,0.7251164766069735,GH006,F07
P0105,0.7957871734874276,GH006,F07
P0105,0.7738425910666423,GH006,F07
P0105,0.6344751512155677,GH006,F07
P0105,0.7265513098449267,GH006,F07
P0105,0.6834838707358644,GH006,F07
P0105,0.6890109900373932,GH006,F07
P0105,0.7654241515774228,GH006,F07
P0105,0.7841372233076239,GH006,F07
P0105,0.8014201079542914,GH006,F07
P0105,0.7593127155487476,GH006,F07
P0105,0.7964659927978952,GH006,F07
P0105,0.7405523189118027,GH006,F07
P0105,0.7441995760341726,GH006,F07
P0105,0.776485681740202,GH006,F07
P0105,0.8231128147148007,GH006,F07
P0105,0.7284313207187272,GH006,F07
P0105,0.7537495393834294,GH006,F07
P0105,0.75846069084907,GH006,F07
P0105,0.6272382173548136,GH006,F07
P0105,0.5838853840322592,GH006,F07
P0105,0.607372023807242,GH006,F07
P0105,0.5624462478775896,GH006,F07
P0105,0.5368771663829105,GH006,F07
P0105,0.7720981701903333,GH006,F07
P0105,0.694802417233679,GH006,F07
P0105,0.8144515694490684,GH006,F07
P0105,0.7447029319197377,GH006,F07
P0105,0.8049264984498187,GH006,F07
P0105,0.8114108830815061,GH006,F07
P0105,0.7728813636330946,GH006,F07
P0105,0.7975916368881473,GH006,F07
P0105,0.7167776028404208,GH006,F07
P0105,0.7301698745748171,GH006,F07
P0105,0.7375162692075731,GH006,F07
P0105,0.7406307884033885,GH006,F07
P0105,0.7268419126417245,GH006,F07
P0105,0.7939866670204716,GH006,F07
P0105,0.6425646332168763,GH006,F07
P0105,0.8080575716753032,GH006,F07
P0105,0.7531659450358604,GH006,F07
P0105,0.7068830200807659,GH006,F07
P0105,0.7291856910660072,GH006,F07
P0105,0.8012616874956039,GH006,F07
P0105,0.8330971490615109,GH006,F07
P0105,0.7631798940314182,GH006,F07
P0105,0.7971215471324218,GH006,F07
P0105,0.7777847317457197,GH006,F07
P0105,0.77111646680925106,GH006,F07
P0105,0.8000749670542866,GH006,F07
P0105,0.761309228883723,GH006,F07
P0105,0.7725578424989831,GH006,F07
P0105,0.7597145693595557,GH006,F07
P0105,0.7745183793877737,GH006,F07
P0105,0.6563226441849301,GH006,F07
P0105,0.7495683378330399,GH006,F07
P0105,0.6223962882540695,GH006,F07
P0105,0.6130745632754234,GH006,F07
P0105,0.649856957832626,GH006,F07
P0105,0.6922867278994206,GH006,F07
P0105,0.746267043311705,GH006,F07
P0105,0.6959773065603779,GH006,F07
P0105,0.7588188777442133,GH006,F07
P0105,0.7840085999954778,GH006,F07
P0105,0.7635429331330417,GH006,F07
P0105,0.7504808044510564,GH006,F07
P0105,0.7664572400835185,GH006,F07
P0105,0.7724176777116509,GH006,F07
P0105,0.7344711574346384,GH006,F07
P0105,0.674832547644355,GH006,F07
P0105,0.7519836398796256,GH006,F07
P0105,0.7132386566816703,GH006,F07
P0105,0.790407781718257,GH006,F07
P0105,0.743558028587821,GH006,F07
P0106,0.7238828652880815,GH016,F05
P0106,0.7857508180720157,GH016,F05
P0106,0.6788524569013922,GH016,F05
P0106,0.7824838166186798,GH016,F05
P0106,0.7685703768057698,GH016,F05
P0106,0.7791027697818494,GH016,F05
P0106,0.7687680271200077,GH016,F05
P0106,0.6521908791932688,GH016,F05
P0106,0.6265066509299668,GH016,F05
P0106,0.7624467406700367,GH016,F05
P0106,0.7261057574397096,GH016,F05
P0106,0.6378532834659734,GH016,F05
P0106,0.6274109860517946,GH016,F05
P0106,0.680020917877721,GH016,F05
P0106,0.5344099028181372,GH016,F05
P0106,0.5286190845974601,GH016,F05
P0106,0.6531328881072603,GH016,F05
P0106,0.6195011323645437,GH016,F05
P0106,0.6572510765835631,GH016,F05
P0106,0.7375371766788429,GH016,F05
P0106,0.6636729958785891,GH016,F05
P0106,0.766052721793855,GH016,F05
P0106,0.7378566839244377,GH016,F05
P0106,0.7035454535946303,GH016,F05
P0106,0.7030453403809215,GH016,F05
P0106,0.6744132764525317,GH016,F05
P0106,0.7152380697771034,GH016,F05
P0106,0.6788013195401704,GH016,F05
P0106,0.6176192568854336,GH016,F05
P0106,0.6892806333276408,GH016,F05
P0106,0.7032356597546218,GH016,F05
P0106,0.6112188604898658,GH016,F05
P0106,0.6432153626098049,GH016,F05
P0106,0.7042182725606002,GH016,F05
P0106,0.6996978276982555,GH016,F05
P0106,0.6955729083297781,GH016,F05
P0106,0.6266013275854125,GH016,F05
P0106,0.6886249517366597,GH016,F05
P0106,0.70978866639484,GH016,F05
P0106,0.6534096252172291,GH016,F05
P0106,0.6201972555862258,GH016,F05
P0106,0.6554224175211789,GH016,F05
P0106,0.7423777327264048,GH016,F05
P0106,0.644930087081225,GH016,F05
P0106,0.644843943484915,GH016,F05
P0106,0.6757089592806607,GH016,F05
P0106,0.6288917832474444,GH016,F05
P0106,0.6615979863262337,GH016,F05
P0106,0.595611920236047,GH016,F05
P0106,0.5487779542682889,GH016,F05
P0106,0.5416040461203907,GH016,F05
P0106,0.546138323765843,GH016,F05
P0106,0.6053130864757575,GH016,F05
P0106,0.6397116950354516,GH016,F05
P0106,0.6385923174851161,GH016,F05
P0106,0.6320464393179105,GH016,F05
P0106,0.6305417185721038,GH016,F05
P0106,0.6903647075660198,GH016,F05
P0106,0.6638037493690676,GH016,F05
P0106,0.6281387486763221,GH016,F05
P0106,0.6266395423780167,GH016,F05
P0106,0.6537952433969305,GH016,F05
P0106,0.7027099314462647,GH016,F05
P0106,0.5971357092957028,GH016,F05
P0106,0.6631794077282631,GH016,F05
P0106,0.6650756310601748,GH016,F05
P0106,0.6556305774491796,GH016,F05
P0106,0.6122704557810265,GH016,F05
P0106,0.654670749868603,GH016,F05
P0106,0.6147935516265308,GH016,F05
P0106,0.6668715176525817,GH016,F05
P0106,0.6737736717113086,GH016,F05
P0106,0.6765946781933777,GH016,F05
P0106,0.6994281558011933,GH016,F05
P0106,0.6135341647453345,GH016,F05
P0106,0.6105198111600485,GH016,F05
P0106,0.6248826911811294,GH016,F05
P0106,0.6466457084706344,GH016,F05
P0106,0.6684180100778002,GH016,F05
P0106,0.6947748169650715,GH016,F05
P0106,0.6664627209793822,GH016,F05
P0106,0.7079296813002807,GH016,F05
P0106,0.6731550041681679,GH016,F05
P0106,0.7392698937303173,GH016,F05
P0106,0.6247845327567637,GH016,F05
P0106,0.5862899433712236,GH016,F05
P0106,0.5907856826492145,GH016,F05
P0106,0.554524706596945,GH016,F05
P0106,0.6578755260036747,GH016,F05
P0106,0.6852305485763774,GH016,F05
P0106,0.7050060683281667,GH016,F05
P0106,0.7452740864828477,GH016,F05
P0106,0.6246949482124994,GH016,F05
P0106,0.7566461904710836,GH016,F05
P0106,0.6504572929187684,GH016,F05
P0106,0.7501193000154472,GH016,F05
P0106,0.6645389145932064,GH016,F05
P0106,0.7825544411359361,GH016,F05
P0106,0.7547303639908326,GH016,F05
P0106,0.7572742265096,GH016,F05
P0106,0.7577531217081707,GH016,F05
P0106,0.6774741200951615,GH016,F05
P0106,0.6631222989140614,GH016,F05
P0106,0.7715165762368009,GH016,F05
P0106,0.7063931197651498,GH016,F05
P0106,0.7761452132507116,GH016,F05
P0106,0.7840336033327273,GH016,F05
P0106,0.8046242516622493,GH016,F05
P0106,0.7502427975225406,GH016,F05
P0106,0.7588687499071638,GH016,F05
P0106,0.7455500865071208,GH016,F05
P0106,0.7680073895371685,GH016,F05
P0106,0.7429458486779266,GH016,F05
P0106,0.7530866307752974,GH016,F05
P0106,0.77393743269461,GH016,F05
P0106,0.6922677090138473,GH016,F05
P0106,0.8072838836592804,GH016,F05
P0106,0.7178354732680593,GH016,F05
P0106,0.6543527210880375,GH016,F05
P0106,0.7549304143220836,GH016,F05
P0106,0.7154664619855962,GH016,F05
P0106,0.6505561168843697,GH016,F05
P0106,0.5313731519812119,GH016,F05
P0106,0.5721369461855109,GH016,F05
P0106,0.6830251323218318,GH016,F05
P0106,0.7580927697181054,GH016,F05
P0106,0.7503731508725505,GH016,F05
P0106,0.7573414369089506,GH016,F05
P0106,0.7972372419155559,GH016,F05
P0106,0.7623532897309242,GH016,F05
P0106,0.7959490763936559,GH016,F05
P0106,0.7740118550458128,GH016,F05
P0106,0.7806535271911823,GH016,F05
P0106,0.7578935396723612,GH016,F05
P0106,0.7675985939999151,GH016,F05
P0106,0.6862862336730348,GH016,F05
P0106,0.7216508879655441,GH016,F05
P0106,0.6483559786220322,GH016,F05
P0106,0.7674995539020242,GH016,F05
P0106,0.6792738904954733,GH016,F05
P0106,0.7736814238234738,GH016,F05
P0106,0.7386098743100377,GH016,F05
P0106,0.702907101474674,GH016,F05
P0106,0.7920363235811332,GH016,F05
P0106,0.7691307046790695,GH016,F05
P0106,0.6594175635613202,GH016,F05
P0106,0.7648371511754454,GH016,F05
P0106,0.7927201022157055,GH016,F05
P0106,0.7744759904865642,GH016,F05
P0106,0.7701534406956424,GH016,F05
P0106,0.7952366710215361,GH016,F05
P0106,0.7674853204417734,GH016,F05
P0106,0.7375413535698994,GH016,F05
P0106,0.7880263876449403,GH016,F05
P0106,0.7355272166981981,GH016,F05
P0106,0.6719310320093922,GH016,F05
P0106,0.6946281680187347,GH016,F05
P0106,0.7198545195340036,GH016,F05
P0106,0.5996392834953916,GH016,F05
P0106,0.6430935291004036,GH016,F05
P0106,0.6648469127865538,GH016,F05
P0106,0.7617857757994327,GH016,F05
P0106,0.7647528360882726,GH016,F05
P0106,0.7862111832179981,GH016,F05
P0106,0.6591113766818599,GH016,F05
P0106,0.7748326159100567,GH016,F05
P0106,0.8117261610189147,GH016,F05
P0106,0.7555896867591088,GH016,F05
P0106,0.749154129167376,GH016,F05
P0106,0.7430023954527756,GH016,F05
P0106,0.7264808361436015,GH016,F05
P0106,0.8007909090877604,GH016,F05
P0106,0.7863253440815638,GH016,F05
P0106,0.6665269871730127,GH016,F05
P0106,0.76400112551973,GH016,F05
P0106,0.7325332950867232,GH016,F05
P0106,0.7376314898829046,GH016,F05
P0106,0.7394913181351875,GH016,F05
P0106,0.7962189169466932,GH016,F05
P0106,0.774927784767183,GH016,F05
P0106,0.736762371026782,GH016,F05
P0106,0.6830916442851481,GH016,F05
P0106,0.7370142589907108,GH016,F05
P0106,0.7625207799656561,GH016,F05
P0106,0.767977088365615,GH016,F05
P0106,0.7807597260038694,GH016,F05
P0106,0.7208101861638853,GH016,F05
P0106,0.6577386086729909,GH016,F05
P0106,0.7681859425685756,GH016,F05
P0106,0.7812117385694771,GH016,F05
P0106,0.7460445683546477,GH016,F05
P0106,0.7101795818122627,GH016,F05
P0106,0.6670870907511016,GH016,F05
P0106,0.72601816418906,GH016,F05
P0106,0.5556311345748199,GH016,F05
P0106,0.6789525576007627,GH016,F05
P0106,0.6088593996663386,GH016,F05
P0106,0.7613537947996492,GH016,F05
P0106,0.6511220859971387,GH016,F05
P0106,0.7548834785058556,GH016,F05
P0106,0.8025353010962761,GH016,F05
P0106,0.7687085042176112,GH016,F05
P0106,0.8056908436803379,GH016,F05
P0106,0.7632010630246236,GH016,F05
P0106,0.7660462241418748,GH016,F05
P0106,0.779346103178494,GH016,F05
P0106,0.6852227768312432,GH016,F05
P0106,0.7586783568871283,GH016,F05
P0106,0.8100687633987567,GH016,F05
P0106,0.7442494861029232,GH016,F05
P0107,0.6968070920926005,GH012,F04
P0107,0.7891661007357409,GH012,F04
P0107,0.7942702002846626,GH012,F04
P0107,0.6635885440506644,GH012,F04
P0107,0.7199556581026537,GH012,F04
P0107,0.7467202707324807,GH012,F04
P0107,0.7517663800776815,GH012,F04
P0107,0.7563841115182699,GH012,F04
P0107,0.7574162774446174,GH012,F04
P0107,0.7499209156619302,GH012,F04
P0107,0.7584891479290614,GH012,F04
P0107,0.6361417547837599,GH012,F04
P0107,0.7598770242366434,GH012,F04
P0107,0.6082816903328006,GH012,F04
P0107,0.5823201122595194,GH012,F04
P0107,0.5447239628218501,GH012,F04
P0107,0.6252361231769116,GH012,F04
P0107,0.6554506713907038,GH012,F04
P0107,0.7310939300102193,GH012,F04
P0107,0.7433391846403589,GH012,F04
P0107,0.6831415001148473,GH012,F04
P0107,0.6692019067805335,GH012,F04
P0107,0.6696096709412793,GH012,F04
P0107,0.6444628607208055,GH012,F04
P0107,0.6756546441613068,GH012,F04
P0107,0.7327079017692945,GH012,F04
P0107,0.7287484906392646,GH012,F04
P0107,0.606610537508159,GH012,F04
P0107,0.6725600490389497,GH012,F04
P0107,0.6386718032759542,GH012,F04
P0107,0.7413325641188706,GH012,F04
P0107,0.6485018697683672,GH012,F04
P0107,0.6495447356174229,GH012,F04
P0107,0.6885319442426949,GH012,F04
P0107,0.6805180743879153,GH012,F04
P0107,0.7856867246687582,GH012,F04
P0107,0.6829992946687257,GH012,F04
P0107,0.619455958509034,GH012,F04
P0107,0.6984732244283702,GH012,F04
P0107,0.6726365119773644,GH012,F04
P0107,0.6515160212569064,GH012,F04
P0107,0.6425755343657255,GH012,F04
P0107,0.6550920132893082,GH012,F04
P0107,0.6564273264696886,GH012,F04
P0107,0.6357728552851716,GH012,F04
P0107,0.6457184036240579,GH012,F04
P0107,0.6422232336905611,GH012,F04
P0107,0.6042418889781288,GH012,F04
P0107,0.5762207082194177,GH012,F04
P0107,0.5768872267029581,GH012,F04
P0107,0.5447276318967076,GH012,F04
P0107,0.6191535303446898,GH012,F04
P0107,0.6182342250692461,GH012,F04
P0107,0.6856097794728362,GH012,F04
P0107,0.6108608586892471,GH012,F04
P0107,0.6411182832826078,GH012,F04
P0107,0.6441646454695418,GH012,F04
P0107,0.6694501907991204,GH012,F04
P0107,0.6881881519428367,GH012,F04
P0107,0.640423716483508,GH012,F04
P0107,0.7359740342556632,GH012,F04
P0107,0.6587154141748991,GH012,F04
P0107,0.695745677722786,GH012,F04
P0107,0.6289861984233157,GH012,F04
P0107,0.6232129767867927,GH012,F04
P0107,0.654104405873147,GH012,F04
P0107,0.6983615299405423,GH012,F04
P0107,0.6371792781015071,GH012,F04
P0107,0.6016817096225097,GH012,F04
P0107,0.645689948848371,GH012,F04
P0107,0.692426335209813,GH012,F04
P0107,0.6199770994986645,GH012,F04
P0107,0.6405709625226127,GH012,F04
P0107,0.7188417507884196,GH012,F04
P0107,0.6488134430509752,GH012,F04
P0107,0.6741366625586049,GH012,F04
P0107,0.6468140661417219,GH012,F04
P0107,0.6549676660341844,GH012,F04
P0107,0.7604984989638834,GH012,F04
P0107,0.6680331619864233,GH012,F04
P0107,0.7221611659532247,GH012,F04
P0107,0.740975045699473,GH012,F04
P0107,0.6385759503069017,GH012,F04
P0107,0.7593041988388484,GH012,F04
P0107,0.5625703878567266,GH012,F04
P0107,0.5980594846108467,GH012,F04
P0107,0.5261721117376553,GH012,F04
P0107,0.6304205999738385,GH012,F04
P0107,0.6545667947031478,GH012,F04
P0107,0.7082183019275591,GH012,F04
P0107,0.7517826266498142,GH012,F04
P0107,0.68297452132102,GH012,F04
P0107,0.7643967732560835,GH012,F04
P0107,0.6989648181204482,GH012,F04
P0107,0.7704207044120595,GH012,F04
P0107,0.7711885425010604,GH012,F04
P0107,0.7587652512794949,GH012,F04
P0107,0.7667432765784992,GH012,F04
P0107,0.7542362161253331,GH012,F04
P0107,0.7234334700200178,GH012,F04
P0107,0.769949973223323,GH012,F04
P0107,0.7347191326074908,GH012,F04
P0107,0.7130872799362585,GH012,F04
P0107,0.6820426770101988,GH012,F04
P0107,0.6652787110139461,GH012,F04
P0107,0.7977852505143256,GH012,F04
P0107,0.7820859365547224,GH012,F04
P0107,0.7904548616551929,GH012,F04
P0107,0.7868664318296246,GH012,F04
P0107,0.7796370088406471,GH012,F04
P0107,0.7831765388155847,GH012,F04
P0107,0.797924261562271,GH012,F04
P0107,0.7086220330267711,GH012,F04
P0107,0.8003934580327571,GH012,F04
P0107,0.7660060013951021,GH012,F04
P0107,0.7866757642717759,GH012,F04
P0107,0.7595336997300977,GH012,F04
P0107,0.7775185495568866,GH012,F04
P0107,0.6836213633344375,GH012,F04
P0107,0.7710679495122102,GH012,F04
P0107,0.737630940214599,GH012,F04
P0107,0.6865132965038623,GH012,F04
P0107,0.6361060794618554,GH012,F04
P0107,0.6526907548139573,GH012,F04
P0107,0.7041913949554598,GH012,F04
P0107,0.7614949277399415,GH012,F04
P0107,0.7565690655458654,GH012,F04
P0107,0.7568536103123572,GH012,F04
P0107,0.7823624283116404,GH012,F04
P0107,0.7933275660866529,GH012,F04
P0107,0.8147766935838854,GH012,F04
P0107,0.7921228110764758,GH012,F04
P0107,0.7761796476526733,GH012,F04
P0107,0.8074543813467746,GH012,F04
P0107,0.7935084905987472,GH012,F04
P0107,0.7675465044228024,GH012,F04
P0107,0.765358248918292,GH012,F04
P0107,0.8291077312034955,GH012,F04
P0107,0.7671080696458473,GH012,F04
P0107,0.7551363248030287,GH012,F04
P0107,0.7382348227106532,GH012,F04
P0107,0.777974779326149,GH012,F04
P0107,0.7157062404920446,GH012,F04
P0107,0.7199332133558116,GH012,F04
P0107,0.654457631028309,GH012,F04
P0107,0.7373903162517776,GH012,F04
P0107,0.7508502493274736,GH012,F04
P0107,0.7402859676063636,GH012,F04
P0107,0.7817220575979875,GH012,F04
P0107,0.7791420674554639,GH012,F04
P0107,0.7815682051412229,GH012,F04
P0107,0.7721273645519495,GH012,F04
P0107,0.7794947217796018,GH012,F04
P0107,0.790253434705189,GH012,F04
P0107,0.7702433226388078,GH012,F04
P0107,0.7960762362846957,GH012,F04
P0107,0.6996141938004026,GH012,F04
P0107,0.664122046637632,GH012,F04
P0107,0.5819074127346802,GH012,F04
P0107,0.6162117880091178,GH012,F04
P0107,0.6566563337812524,GH012,F04
P0107,0.6742889012654314,GH012,F04
P0107,0.7687971744914603,GH012,F04
P0107,0.8262189697036425,GH012,F04
P0107,0.7947463632684378,GH012,F04
P0107,0.7810032612362627,GH012,F04
P0107,0.7588747951307748,GH012,F04
P0107,0.7625284593260105,GH012,F04
P0107,0.7889495453720342,GH012,F04
P0107,0.7159589236334888,GH012,F04
P0107,0.7631063347150407,GH012,F04
P0107,0.757506168551019,GH012,F04
P0107,0.6863017677300868,GH012,F04
P0107,0.7833651670601662,GH012,F04
P0107,0.812861934160409,GH012,F04
P0107,0.6867167882985621,GH012,F04
P0107,0.7600877368572814,GH012,F04
P0107,0.6844852191806704,GH012,F04
P0107,0.7084389393758354,GH012,F04
P0107,0.7531594811336659,GH012,F04
P0107,0.7472386820623155,GH012,F04
P0107,0.7687674853013575,GH012,F04
P0107,0.7548679870468739,GH012,F04
P0107,0.7584524739450367,GH012,F04
P0107,0.7628950712123111,GH012,F04
P0107,0.8130916399370962,GH012,F04
P0107,0.8085884630732783,GH012,F04
P0107,0.8305440408509731,GH012,F04
P0107,0.7297273240439702,GH012,F04
P0107,0.741219346347569,GH012,F04
P0107,0.6978038474758631,GH012,F04
P0107,0.7851305384962882,GH012,F04
P0107,0.7226701842334048,GH012,F04
P0107,0.6273992056600257,GH012,F04
P0107,0.5866945242566353,GH012,F04
P0107,0.6539654193530008,GH012,F04
P0107,0.7660076738562747,GH012,F04
P0107,0.6956503886834818,GH012,F04
P0107,0.7752153793392527,GH012,F04
P0107,0.8046282176076173,GH012,F04
P0107,0.7668220435224193,GH012,F04
P0107,0.764008173627978,GH012,F04
P0107,0.7921286215735247,GH012,F04
P0107,0.6827556732719422,GH012,F04
P0107,0.7844322471026884,GH012,F04
P0107,0.7927762781670213,GH012,F04
P0107,0.7797600049041795,GH012,F04
P0107,0.7809021049178816,GH012,F04
P0107,0.7718216935494439,GH012,F04
P0107,0.7121095535360168,GH012,F04
P0108,0.777243139365646,GH020,F01
P0108,0.7680875724432319,GH020,F01
P0108,0.7698386159711942,GH020,F01
P0108,0.7756311970998714,GH020,F01
P0108,0.663375809138569,GH020,F01
P0108,0.797824338352672,GH020,F01
P0108,0.7844824073391331,GH020,F01
P0108,0.7769640745009733,GH020,F01
P0108,0.7557420556746826,GH020,F01
P0108,0.7119154262601805,GH020,F01
P0108,0.6793990534398339,GH020,F01
P0108,0.7286554342187401,GH020,F01
P0108,0.6815806125827247,GH020,F01
P0108,0.6813723306866171,GH020,F01
P0108,0.6667046401931366,GH020,F01
P0108,0.5406404611634167,GH020,F01
P0108,0.6160649951256548,GH020,F01
P0108,0.6948562729376584,GH020,F01
P0108,0.6688098267391156,GH020,F01
P0108,0.7314549650228844,GH020,F01
P0108,0.6906466715138893,GH020,F01
P0108,0.6756318332492389,GH020,F01
P0108,0.668854480335658,GH020,F01
P0108,0.7564042206546736,GH020,F01
P0108,0.6449223943940148,GH020,F01
P0108,0.7335118881118907,GH020,F01
P0108,0.637547318910303,GH020,F01
P0108,0.6544345089803669,GH020,F01
P0108,0.6761351207348124,GH020,F01
P0108,0.6925555098759327,GH020,F01
P0108,0.6427273273048077,GH020,F01
P0108,0.6712418784409491,GH020,F01
P0108,0.634341191135066,GH020,F01
P0108,0.6292285114855182,GH020,F01
P0108,0.6237321388274584,GH020,F01
P0108,0.6937254238025802,GH020,F01
P0108,0.7212199722846051,GH020,F01
P0108,0.730535654914021,GH020,F01
P0108,0.6331174263227126,GH020,F01
P0108,0.6634761110114684,GH020,F01
P0108,0.6233056123745893,GH020,F01
P0108,0.7516606268634399,GH020,F01
P0108,0.6789997659191146,GH020,F01
P0108,0.6718044022799263,GH020,F01
P0108,0.6303226632494336,GH020,F01
P0108,0.621883977987164,GH020,F01
P0108,0.6410270388921662,GH020,F01
P0108,0.6333710517526067,GH020,F01
P0108,0.5747803624551563,GH020,F01
P0108,0.5359358559836161,GH020,F01
P0108,0.5367997064509178,GH020,F01
P0108,0.5378496957429314,GH020,F01
P0108,0.5843851921265228,GH020,F01
P0108,0.6113316561903486,GH020,F01
P0108,0.6446955573736938,GH020,F01
P0108,0.7248029053281406,GH020,F01
P0108,0.6603125962975256,GH020,F01
P0108,0.6849619778083302,GH020,F01
P0108,0.6818247171268745,GH020,F01
P0108,0.6800537593687986,GH020,F01
P0108,0.6734242747680614,GH020,F01
P0108,0.6317932749382364,GH020,F01
P0108,0.6184586012191098,GH020,F01
P0108,0.691245095767668,GH020,F01
P0108,0.6544849211715473,GH020,F01
P0108,0.653750611495738,GH020,F01
P0108,0.6472334133437561,GH020,F01
P0108,0.6810673402663304,GH020,F01
P0108,0.6450252813448963,GH020,F01
P0108,0.6714935105917971,GH020,F01
P0108,0.6669012554752122,GH020,F01
P0108,0.6466732416214847,GH020,F01
P0108,0.669593562561897,GH020,F01
P0108,0.6876898937520826,GH020,F01
P0108,0.6742401301996478,GH020,F01
P0108,0.7345928187679965,GH020,F01
P0108,0.67705930685611,GH020,F01
P0108,0.7093075333728494,GH020,F01
P0108,0.7070336995076206,GH020,F01
P0108,0.6604944379598064,GH020,F01
P0108,0.7601309266941587,GH020,F01
P0108,0.7607470097608057,GH020,F01
P0108,0.6512348111189153,GH020,F01
P0108,0.686595443548511,GH020,F01
P0108,0.6776293249651331,GH020,F01
P0108,0.5360805313805985,GH020,F01
P0108,0.541114426374142,GH020,F01
P0108,0.6566494767409495,GH020,F01
P0108,0.6975571460544258,GH020,F01
P0108,0.6691513774639609,GH020,F01
P0108,0.7288166418913637,GH020,F01
P0108,0.7108524398970862,GH020,F01
P0108,0.7288365405494761,GH020,F01
P0108,0.7715651548432642,GH020,F01
P0108,0.6753092741589393,GH020,F01
P0108,0.7642908642838294,GH020,F01
P0108,0.7235186898469658,GH020,F01
P0108,0.7644221079937175,GH020,F01
P0108,0.7916036026445056,GH020,F01
P0108,0.7593646374787757,GH020,F01
P0108,0.7665379209185608,GH020,F01
P0108,0.7517149958028191,GH020,F01
P0108,0.7701842272214144,GH020,F01
P0108,0.7910909249094943,GH020,F01
P0108,0.6813725486621907,GH020,F01
P0108,0.7690886680430903,GH020,F01
P0108,0.6892735841595506,GH020,F01
P0108,0.7912403599550315,GH020,F01
P0108,0.8258815959553726,GH020,F01
P0108,0.788558825636401,GH020,F01
P0108,0.7844668810717482,GH020,F01
P0108,0.8087184020606523,GH020,F01
P0108,0.6999504819354979,GH020,F01
P0108,0.772801786437157,GH020,F01
P0108,0.8087093280253026,GH020,F01
P0108,0.7671274223058229,GH020,F01
P0108,0.8072697539104622,GH020,F01
P0108,0.8009710776921543,GH020,F01
P0108,0.775477777836691,GH020,F01
P0108,0.7715244811116863,GH020,F01
P0108,0.6327539516122054,GH020,F01
P0108,0.6221995991249123,GH020,F01
P0108,0.5898234202557113,GH020,F01
P0108,0.7047893469319517,GH020,F01
P0108,0.7448881602258958,GH020,F01
P0108,0.7646305835384424,GH020,F01
P0108,0.7918894894333398,GH020,F01
P0108,0.812928656305488,GH020,F01
P0108,0.7841521608516785,GH020,F01
P0108,0.7837217005541083,GH020,F01
P0108,0.8163806821398985,GH020,F01
P0108,0.7935274375352549,GH020,F01
P0108,0.7961931721546218,GH020,F01
P0108,0.7676544657720451,GH020,F01
P0108,0.7750145318902409,GH020,F01
P0108,0.7653582114207658,GH020,F01
P0108,0.6888564844452869,GH020,F01
P0108,0.688259786608546,GH020,F01
P0108,0.8159268382791526,GH020,F01
P0108,0.7908510498770989,GH020,F01
P0108,0.7314425312747678,GH020,F01
P0108,0.6832163551970029,GH020,F01
P0108,0.7796816151674928,GH020,F01
P0108,0.7606805330447881,GH020,F01
P0108,0.7643798517030566,GH020,F01
P0108,0.786979577588279,GH020,F01
P0108,0.7831837828303376,GH020,F01
P0108,0.7499889705537539,GH020,F01
P0108,0.7240101707402946,GH020,F01
P0108,0.7833772054006664,GH020,F01
P0108,0.7591865422848157,GH020,F01
P0108,0.7801909494025593,GH020,F01
P0108,0.7070101715417235,GH020,F01
P0108,0.7602453423603474,GH020,F01
P0108,0.7731218193225918,GH020,F01
P0108,0.8021676995990512,GH020,F01
P0108,0.6937715042539089,GH020,F01
P0108,0.5321845302738918,GH020,F01
P0108,0.644576195809056,GH020,F01
P0108,0.7146759357840307,GH020,F01
P0108,0.6890106187601565,GH020,F01
P0108,0.7217209571420743,GH020,F01
P0108,0.7422058911660537,GH020,F01
P0108,0.7989048416119895,GH020,F01
P0108,0.7379685575704978,GH020,F01
P0108,0.7956507390160621,GH020,F01
P0108,0.7850995595193546,GH020,F01
P0108,0.7988249515143713,GH020,F01
P0108,0.7813090693966164,GH020,F01
P0108,0.7451536852243884,GH020,F01
P0108,0.7657948465412281,GH020,F01
P0108,0.7268676988439576,GH020,F01
P0108,0.7340441978984372,GH020,F01
P0108,0.7476232236314609,GH020,F01
P0108,0.6670330469106013,GH020,F01
P0108,0.6540831405183384,GH020,F01
P0108,0.7338301504133246,GH020,F01
P0108,0.71542265654385,GH020,F01
P0108,0.7131886406027332,GH020,F01
P0108,0.6799844816786441,GH020,F01
P0108,0.7794073811079926,GH020,F01
P0108,0.7657462408052488,GH020,F01
P0108,0.7929974263662339,GH020,F01
P0108,0.7829749075944242,GH020,F01
P0108,0.7411128383528921,GH020,F01
P0108,0.7899489558182494,GH020,F01
P0108,0.7697779767534818,GH020,F01
P0108,0.7673528939113957,GH020,F01
P0108,0.7733266776848762,GH020,F01
P0108,0.7607262128734958,GH020,F01
P0108,0.6383268926082585,GH020,F01
P0108,0.7586251180501027,GH020,F01
P0108,0.5829657660555115,GH020,F01
P0108,0.6830232459087248,GH020,F01
P0108,0.5779134040209563,GH020,F01
P0108,0.6407826850625109,GH020,F01
P0108,0.6577044647888295,GH020,F01
P0108,0.6901274082649415,GH020,F01
P0108,0.6778745099061454,GH020,F01
P0108,0.7749819656582492,GH020,F01
P0108,0.8040163160662087,GH020,F01
P0108,0.7519787591927275,GH020,F01
P0108,0.7774886998981303,GH020,F01
P0108,0.7668471891271849,GH020,F01
P0108,0.8014920571628973,GH020,F01
P0108,0.796727876201098,GH020,F01
P0108,0.7609431778599247,GH020,F01
P0108,0.7400202879932595,GH020,F01
P0108,0.7764001194201977,GH020,F01
P0108,0.7648948054346846,GH020,F01
P0109,0.748887860319494,GH012,F04
P0109,0.8371601949779551,GH012,F04
P0109,0.8004605725003271,GH012,F04
P0109,0.8841283240951759,GH012,F04
P0109,0.7484262837003386,GH012,F04
P0109,0.7952451585266258,GH012,F04
P0109,0.8352626609874397,GH012,F04
P0109,0.8249829559114831,GH012,F04
P0109,0.876419615392265,GH012,F04
P0109,0.8096430291449238,GH012,F04
P0109,0.8304186201736896,GH012,F04
P0109,0.7213097221740242,GH012,F04
P0109,0.8078015532583149,GH012,F04
P0109,0.7719336963638315,GH012,F04
P0109,0.6155270122393858,GH012,F04
P0109,0.6041075291946442,GH012,F04
P0109,0.6882977580424627,GH012,F04
P0109,0.8328122270411908,GH012,F04
P0109,0.8187421866089296,GH012,F04
P0109,0.7532674288487576,GH012,F04
P0109,0.8425487139873544,GH012,F04
P0109,0.8198600566176145,GH012,F04
P0109,0.7476007923984493,GH012,F04
P0109,0.7163481538709635,GH012,F04
P0109,0.796987817501655,GH012,F04
P0109,0.7033211541733353,GH012,F04
P0109,0.7804106280647253,GH012,F04
P0109,0.7223568076583018,GH012,F04
P0109,0.7324798411473503,GH012,F04
P0109,0.6523157920151832,GH012,F04
P0109,0.7203506601436063,GH012,F04
P0109,0.6619787003261921,GH012,F04
P0109,0.7413296436505484,GH012,F04
P0109,0.7370823166836884,GH012,F04
P0109,0.7087065817521964,GH012,F04
P0109,0.725851874641611,GH012,F04
P0109,0.7247689686289632,GH012,F04
P0109,0.6788444273614537,GH012,F04
P0109,0.6871778475399557,GH012,F04
P0109,0.7174016369143673,GH012,F04
P0109,0.7408470438878628,GH012,F04
P0109,0.7889883887676109,GH012,F04
P0109,0.7070503964128466,GH012,F04
P0109,0.7197605324094902,GH012,F04
P0109,0.6642323115961861,GH012,F04
P0109,0.6579332671189004,GH012,F04
P0109,0.7127857038721188,GH012,F04
P0109,0.7135681452047095,GH012,F04
P0109,0.6242037049769261,GH012,F04
P0109,0.6222768011460262,GH012,F04
P0109,0.5753827526000653,GH012,F04
P0109,0.6784686948293788,GH012,F04
P0109,0.6770776579875876,GH012,F04
P0109,0.7231569309449559,GH012,F04
P0109,0.7135955423111,GH012,F04
P0109,0.7196286878858071,GH012,F04
P0109,0.7362269774960611,GH012,F04
P0109,0.6902581764237885,GH012,F04
P0109,0.7412349285892905,GH012,F04
P0109,0.7104492856702481,GH012,F04
P0109,0.7672558248743236,GH012,F04
P0109,0.6720315877892867,GH012,F04
P0109,0.7149897633526501,GH012,F04
P0109,0.7104812521339171,GH012,F04
P0109,0.7774388287973106,GH012,F04
P0109,0.7041581535074705,GH012,F04
P0109,0.6787056545659812,GH012,F04
P0109,0.6914503395107712,GH012,F04
P0109,0.776787436378758,GH012,F04
P0109,0.7356051502169977,GH012,F04
P0109,0.7184873596693081,GH012,F04
P0109,0.6587036578295519,GH012,F04
P0109,0.8087105998146851,GH012,F04
P0109,0.7125448080771666,GH012,F04
P0109,0.7898397011061481,GH012,F04
P0109,0.7729724464962884,GH012,F04
P0109,0.7100208909595953,GH012,F04
P0109,0.8300542189358754,GH012,F04
P0109,0.802004349491862,GH012,F04
P0109,0.7193138531712165,GH012,F04
P0109,0.8010827965784112,GH012,F04
P0109,0.7039599563549145,GH012,F04
P0109,0.7080692992001094,GH012,F04
P0109,0.6996712267548025,GH012,F04
P0109,0.6536696398089831,GH012,F04
P0109,0.658316187587471,GH012,F04
P0109,0.5917095437449654,GH012,F04
P0109,0.7627944789195316,GH012,F04
P0109,0.7874819885785705,GH012,F04
P0109,0.7385686179078699,GH012,F04
P0109,0.8399232317949542,GH012,F04
P0109,0.8133322811546805,GH012,F04
P0109,0.8221020743008959,GH012,F04
P0109,0.8149152726190517,GH012,F04
P0109,0.8165779227184372,GH012,F04
P0109,0.7587477601661557,GH012,F04
P0109,0.7739433437014727,GH012,F04
P0109,0.8138687266209392,GH012,F04
P0109,0.8418494360241543,GH012,F04
P0109,0.7330151614686847,GH012,F04
P0109,0.8169074238547109,GH012,F04
P0109,0.7476325635148117,GH012,F04
P0109,0.8266125001841329,GH012,F04
P0109,0.7600628581983944,GH012,F04
P0109,0.7705838027815983,GH012,F04
P0109,0.811484045051889,GH012,F04
P0109,0.6831525058901762,GH012,F04
P0109,0.7744881598019406,GH012,F04
P0109,0.8412293994276618,GH012,F04
P0109,0.846762385095891,GH012,F04
P0109,0.8561889347529168,GH012,F04
P0109,0.8204686568183127,GH012,F04
P0109,0.7308102179677104,GH012,F04
P0109,0.8838670245389715,GH012,F04
P0109,0.8451663458974682,GH012,F04
P0109,0.7760113124548205,GH012,F04
P0109,0.8429103769108118,GH012,F04
P0109,0.8873203694122277,GH012,F04
P0109,0.8239877352367566,GH012,F04
P0109,0.818448399057547,GH012,F04
P0109,0.8208115184316724,GH012,F04
P0109,0.7246529723985635,GH012,F04
P0109,0.7066857541969196,GH012,F04
P0109,0.7743745157784687,GH012,F04
P0109,0.7077652458142029,GH012,F04
P0109,0.7741647302302771,GH012,F04
P0109,0.8490228183156355,GH012,F04
P0109,0.8514408772038611,GH012,F04
P0109,0.8857316008945945,GH012,F04
P0109,0.8198089083336269,GH012,F04
P0109,0.8394061568458276,GH012,F04
P0109,0.864490584667328,GH012,F04
P0109,0.8660117195514423,GH012,F04
P0109,0.8334806828074524,GH012,F04
P0109,0.7981099332102651,GH012,F04
P0109,0.6898907523769325,GH012,F04
P0109,0.8757410349941835,GH012,F04
P0109,0.710064299627777,GH012,F04
P0109,0.8368526347461315,GH012,F04
P0109,0.7273359755450532,GH012,F04
P0109,0.8052475864319864,GH012,F04
P0109,0.8283445950127923,GH012,F04
P0109,0.7495351385962831,GH012,F04
P0109,0.8463273903544214,GH012,F04
P0109,0.8442342981276926,GH012,F04
P0109,0.8732190952171666,GH012,F04
P0109,0.8036091214342066,GH012,F04
P0109,0.848322875674963,GH012,F04
P0109,0.8953676917336337,GH012,F04
P0109,0.8175572773853313,GH012,F04
P0109,0.8627264137519313,GH012,F04
P0109,0.7802508698489088,GH012,F04
P0109,0.8753642538362586,GH012,F04
P0109,0.8421624781202722,GH012,F04
P0109,0.7695842603280278,GH012,F04
P0109,0.8519535331224606,GH012,F04
P0109,0.7874474607260794,GH012,F04
P0109,0.7388190691808495,GH012,F04
P0109,0.640712398492017,GH012,F04
P0109,0.685810520395242,GH012,F04
P0109,0.7665034387420159,GH012,F04
P0109,0.8226813062905342,GH012,F04
P0109,0.8522287981670864,GH012,F04
P0109,0.86931763942686,GH012,F04
P0109,0.8536962233612636,GH012,F04
P0109,0.8222392146334936,GH012,F04
P0109,0.8297928862095888,GH012,F04
P0109,0.770278390551479,GH012,F04
P0109,0.8196229151931039,GH012,F04
P0109,0.8588214568650587,GH012,F04
P0109,0.811499646237676,GH012,F04
P0109,0.8717430787607646,GH012,F04
P0109,0.8747748553745759,GH012,F04
P0109,0.8159693704789421,GH012,F04
P0109,0.8663413092553272,GH012,F04
P0109,0.7881058966629608,GH012,F04
P0109,0.7264563069059988,GH012,F04
P0109,0.7342665906166405,GH012,F04
P0109,0.8388497295656254,GH012,F04
P0109,0.7521958707225661,GH012,F04
P0109,0.8251836931527134,GH012,F04
P0109,0.8127727120944037,GH012,F04
P0109,0.8134517314720536,GH012,F04
P0109,0.8652468816347557,GH012,F04
P0109,0.8477159495430477,GH012,F04
P0109,0.830877770956803,GH012,F04
P0109,0.8533619026951876,GH012,F04
P0109,0.8327488936843614,GH012,F04
P0109,0.7714221003768004,GH012,F04
P0109,0.8315779195053702,GH012,F04
P0109,0.8589318159800573,GH012,F04
P0109,0.7745340063444957,GH012,F04
P0109,0.785891547061132,GH012,F04
P0109,0.7284072521431839,GH012,F04
P0109,0.703107686754735,GH012,F04
P0109,0.6918777062528558,GH012,F04
P0109,0.8090742261409004,GH012,F04
P0109,0.7635758072230329,GH012,F04
P0109,0.8704173395729422,GH012,F04
P0109,0.8462374535153105,GH012,F04
P0109,0.7508592913385591,GH012,F04
P0109,0.8856815896183894,GH012,F04
P0109,0.8367842763964678,GH012,F04
P0109,0.8305583174709287,GH012,F04
P0109,0.8374696990096109,GH012,F04
P0109,0.8415123111181457,GH012,F04
P0109,0.8870091588797406,GH012,F04
P0109,0.84400749719502,GH012,F04
P0109,0.7705256228582077,GH012,F04
P0109,0.8402696265909088,GH012,F04
P0110,0.7587475572631298,GH007,F04
P0110,0.8019145734175003,GH007,F04
P0110,0.8005182820475837,GH007,F04
P0110,0.7928535566344936,GH007,F04
P0110,0.6667288552497483,GH007,F04
P0110,0.7875543564851307,GH007,F04
P0110,0.7690364785973923,GH007,F04
P0110,0.7062216519684028,GH007,F04
P0110,0.7588683694728947,GH007,F04
P0110,0.6868246801306207,GH007,F04
P0110,0.6566760467528007,GH007,F04
P0110,0.78837971316716,GH007,F04
P0110,0.6880865893508604,GH007,F04
P0110,0.6968111546961615,GH007,F04
P0110,0.7050379236601395,GH007,F04
P0110,0.64723877067746,GH007,F04
P0110,0.6080099587253376,GH007,F04
P0110,0.7102060799548098,GH007,F04
P0110,0.769002958614799,GH007,F04
P0110,0.7651485195729677,GH007,F04
P0110,0.7058311942127006,GH007,F04
P0110,0.6677087859735804,GH007,F04
P0110,0.7878470217955745,GH007,F04
P0110,0.658356030828009,GH007,F04
P0110,0.6609224137729905,GH007,F04
P0110,0.7361426732632923,GH007,F04
P0110,0.6583353750804133,GH007,F04
P0110,0.6447011443731335,GH007,F04
P0110,0.7469503925205297,GH007,F04
P0110,0.6965389095020685,GH007,F04
P0110,0.6011623894323925,GH007,F04
P0110,0.6456055618227537,GH007,F04
P0110,0.6649856311296871,GH007,F04
P0110,0.6608869340066562,GH007,F04
P0110,0.6844584112059098,GH007,F04
P0110,0.6666687358647164,GH007,F04
P0110,0.6993548659052672,GH007,F04
P0110,0.6837618477818863,GH007,F04
P0110,0.6890757554814793,GH007,F04
P0110,0.6584118979502318,GH007,F04
P0110,0.68511492465681,GH007,F04
P0110,0.6684905718307808,GH007,F04
P0110,0.6896505644218474,GH007,F04
P0110,0.77242369163224,GH007,F04
P0110,0.6546731639226043,GH007,F04
P0110,0.6584760081680727,GH007,F04
P0110,0.6308773354510616,GH007,F04
P0110,0.6311253802346568,GH007,F04
P0110,0.5996798133423473,GH007,F04
P0110,0.613376461591861,GH007,F04
P0110,0.580990974809833,GH007,F04
P0110,0.6013396675525214,GH007,F04
P0110,0.622836761544026,GH007,F04
P0110,0.6963960368463498,GH007,F04
P0110,0.7075490301497533,GH007,F04
P0110,0.6813339808861655,GH007,F04
P0110,0.6974951339582417,GH007,F04
P0110,0.6532951204291614,GH007,F04
P0110,0.667266271578855,GH007,F04
P0110,0.6256903484205844,GH007,F04
P0110,0.6470006481564698,GH007,F04
P0110,0.6889241898870931,GH007,F04
P0110,0.7148370428694354,GH007,F04
P0110,0.6499041799647671,GH007,F04
P0110,0.6789523751163697,GH007,F04
P0110,0.6307099817832695,GH007,F04
P0110,0.6352122695377744,GH007,F04
P0110,0.664698142971897,GH007,F04
P0110,0.6211223038627051,GH007,F04
P0110,0.6447269114579101,GH007,F04
P0110,0.6609989612419954,GH007,F04
P0110,0.6595833548316461,GH007,F04
P0110,0.6672415517427284,GH007,F04
P0110,0.6760734832759221,GH007,F04
P0110,0.6871241672471341,GH007,F04
P0110,0.7391312025438973,GH007,F04
P0110,0.6884294166077183,GH007,F04
P0110,0.678980741338985,GH007,F04
P0110,0.6612876532626983,GH007,F04
P0110,0.720731726482816,GH007,F04
P0110,0.7240002934704485,GH007,F04
P0110,0.757006331808675,GH007,F04
P0110,0.729086330741111,GH007,F04
P0110,0.6672105756047781,GH007,F04
P0110,0.6227801066219806,GH007,F04
P0110,0.6921021965162446,GH007,F04
P0110,0.6302856252252906,GH007,F04
P0110,0.6477544888376451,GH007,F04
P0110,0.7183921672683047,GH007,F04
P0110,0.7702860471697822,GH007,F04
P0110,0.6714711350621685,GH007,F04
P0110,0.6990139404564726,GH007,F04
P0110,0.8200048387264062,GH007,F04
P0110,0.8045607407889558,GH007,F04
P0110,0.7170638359692195,GH007,F04
P0110,0.7603515086616482,GH007,F04
P0110,0.768739663604315,GH007,F04
P0110,0.7516377618652038,GH007,F04
P0110,0.7492599909274872,GH007,F04
P0110,0.6799801646139713,GH007,F04
P0110,0.7359980078056785,GH007,F04
P0110,0.6708110645611031,GH007,F04
P0110,0.6742276767558458,GH007,F04
P0110,0.6840011899379821,GH007,F04
P0110,0.7125260620294589,GH007,F04
P0110,0.764117257829744,GH007,F04
P0110,0.7243329674264073,GH007,F04
P0110,0.7905561397938892,GH007,F04
P0110,0.7129188616655756,GH007,F04
P0110,0.8186852230953247,GH007,F04
P0110,0.7999182884296212,GH007,F04
P0110,0.7997037845475379,GH007,F04
P0110,0.7819311769703167,GH007,F04
P0110,0.792735421503007,GH007,F04
P0110,0.7860012632590798,GH007,F04
P0110,0.774053207689779,GH007,F04
P0110,0.7978749129866339,GH007,F04
P0110,0.7941773001264556,GH007,F04
P0110,0.7467232657202653,GH007,F04
P0110,0.7841019608189184,GH007,F04
P0110,0.6733670499190191,GH007,F04
P0110,0.691148784346422,GH007,F04
P0110,0.5607216155788763,GH007,F04
P0110,0.6445336095882984,GH007,F04
P0110,0.6878892947279219,GH007,F04
P0110,0.738111593353288,GH007,F04
P0110,0.817658322139412,GH007,F04
P0110,0.7916883922187695,GH007,F04
P0110,0.7526397674365136,GH007,F04
P0110,0.7406950670288633,GH007,F04
P0110,0.6953029135765219,GH007,F04
P0110,0.7891137465919547,GH007,F04
P0110,0.7689342815327044,GH007,F04
P0110,0.8120279717872809,GH007,F04
P0110,0.8105076166217248,GH007,F04
P0110,0.7902497187876694,GH007,F04
P0110,0.8074262078082372,GH007,F04
P0110,0.7924909938543817,GH007,F04
P0110,0.7371144987411057,GH007,F04
P0110,0.6217890339742083,GH007,F04
P0110,0.7398222254468527,GH007,F04
P0110,0.7237210863193306,GH007,F04
P0110,0.7938481646733516,GH007,F04
P0110,0.8146151043839539,GH007,F04
P0110,0.8035736945244402,GH007,F04
P0110,0.7702304816528335,GH007,F04
P0110,0.802388636899918,GH007,F04
P0110,0.8000422208217631,GH007,F04
P0110,0.8138577333048512,GH007,F04
P0110,0.7899567401896548,GH007,F04
P0110,0.8123261113423182,GH007,F04
P0110,0.7552363344316386,GH007,F04
P0110,0.7733731218415875,GH007,F04
P0110,0.803206484607249,GH007,F04
P0110,0.7217316805533839,GH007,F04
P0110,0.7126279630192388,GH007,F04
P0110,0.6990550346787469,GH007,F04
P0110,0.6807919861599347,GH007,F04
P0110,0.6877726113292969,GH007,F04
P0110,0.6250846310421901,GH007,F04
P0110,0.7325282076248053,GH007,F04
P0110,0.7837090304500836,GH007,F04
P0110,0.7263500431395874,GH007,F04
P0110,0.7882791206237079,GH007,F04
P0110,0.7991490876029135,GH007,F04
P0110,0.7903298907839925,GH007,F04
P0110,0.7778988779878461,GH007,F04
P0110,0.8346691051138356,GH007,F04
P0110,0.8062738929782829,GH007,F04
P0110,0.7863001001696456,GH007,F04
P0110,0.6903070469430015,GH007,F04
P0110,0.7638022679300419,GH007,F04
P0110,0.8356351891214283,GH007,F04
P0110,0.801729706389812,GH007,F04
P0110,0.6862889865330346,GH007,F04
P0110,0.7959495247981025,GH007,F04
P0110,0.7010841296902193,GH007,F04
P0110,0.7202595306796863,GH007,F04
P0110,0.7087214480209624,GH007,F04
P0110,0.6753698834208205,GH007,F04
P0110,0.7953510803529047,GH007,F04
P0110,0.7872690522948911,GH007,F04
P0110,0.7791151518935243,GH007,F04
P0110,0.8001210563654555,GH007,F04
P0110,0.757377191882938,GH007,F04
P0110,0.7883419798195315,GH007,F04
P0110,0.8008039947856309,GH007,F04
P0110,0.7765892347304993,GH007,F04
P0110,0.756717463056069,GH007,F04
P0110,0.7016696153012136,GH007,F04
P0110,0.7907108722101016,GH007,F04
P0110,0.8262936680806011,GH007,F04
P0110,0.6543312860674275,GH007,F04
P0110,0.6645834482622228,GH007,F04
P0110,0.5991905911230351,GH007,F04
P0110,0.6386690490058726,GH007,F04
P0110,0.7828951971555226,GH007,F04
P0110,0.7224863414145735,GH007,F04
P0110,0.8019449137989574,GH007,F04
P0110,0.778018784957582,GH007,F04
P0110,0.7624676275191171,GH007,F04
P0110,0.7826080364336655,GH007,F04
P0110,0.8209065959260973,GH007,F04
P0110,0.8046857149105859,GH007,F04
P0110,0.8305402737557014,GH007,F04
P0110,0.7155336900837485,GH007,F04
P0110,0.7732102476225279,GH007,F04
P0110,0.81316342173974,GH007,F04
P0110,0.8008300260912741,GH007,F04
P0110,0.7003257719618586,GH007,F04
P0111,0.812744507417141,GH016,F05
P0111,0.8182833957784869,GH016,F05
P0111,0.8113831834860412,GH016,F05
P0111,0.7963733170610661,GH016,F05
P0111,0.7164311629945356,GH016,F05
P0111,0.8249785536398887,GH016,F05
P0111,0.8190835173025058,GH016,F05
P0111,0.8095217478918552,GH016,F05
P0111,0.7808677439718147,GH016,F05
P0111,0.7926879901990593,GH016,F05
P0111,0.7171477212952432,GH016,F05
P0111,0.6917752679829604,GH016,F05
P0111,0.6816254905368416,GH016,F05
P0111,0.6448693555145778,GH016,F05
P0111,0.6283829905997245,GH016,F05
P0111,0.5575715921789812,GH016,F05
P0111,0.6263726679401532,GH016,F05
P0111,0.6342706623127031,GH016,F05
P0111,0.7969800985941946,GH016,F05
P0111,0.7799182066007558,GH016,F05
P0111,0.7808448564228202,GH016,F05
P0111,0.7911057226630568,GH016,F05
P0111,0.7680014211210915,GH016,F05
P0111,0.7859706371824602,GH016,F05
P0111,0.6862254844064213,GH016,F05
P0111,0.6870549442436928,GH016,F05
P0111,0.7385850439873164,GH016,F05
P0111,0.7092121319627805,GH016,F05
P0111,0.752574365519716,GH016,F05
P0111,0.6648970622332987,GH016,F05
P0111,0.6908634299427473,GH016,F05
P0111,0.687982675452937,GH016,F05
P0111,0.8142464282008851,GH016,F05
P0111,0.7670846804493654,GH016,F05
P0111,0.6950652663757587,GH016,F05
P0111,0.6382367073144128,GH016,F05
P0111,0.6422687397639164,GH016,F05
P0111,0.6660900563745741,GH016,F05
P0111,0.6698032115622602,GH016,F05
P0111,0.7239468669268774,GH016,F05
P0111,0.7063822575030392,GH016,F05
P0111,0.7015717109843536,GH016,F05
P0111,0.75519547108045,GH016,F05
P0111,0.7093659652579752,GH016,F05
P0111,0.6969691818951687,GH016,F05
P0111,0.6767843282102698,GH016,F05
P0111,0.6311013251852065,GH016,F05
P0111,0.7213285578367907,GH016,F05
P0111,0.5920395323902885,GH016,F05
P0111,0.6037364416674544,GH016,F05
P0111,0.5619270991899565,GH016,F05
P0111,0.5589477282416397,GH016,F05
P0111,0.6442352665762959,GH016,F05
P0111,0.6513231742406975,GH016,F05
P0111,0.698737640255505,GH016,F05
P0111,0.6635413252869807,GH016,F05
P0111,0.6477850262360926,GH016,F05
P0111,0.7338403844395132,GH016,F05
P0111,0.7608401240060688,GH016,F05
P0111,0.6940979417413202,GH016,F05
P0111,0.6640846239824801,GH016,F05
P0111,0.6521336495494663,GH016,F05
P0111,0.7595040514158068,GH016,F05
P0111,0.6774864544404423,GH016,F05
P0111,0.6357896902523625,GH016,F05
P0111,0.7324858119188955,GH016,F05
P0111,0.7707608890835703,GH016,F05
P0111,0.6933316138175779,GH016,F05
P0111,0.6535137839168004,GH016,F05
P0111,0.6957537649764487,GH016,F05
P0111,0.722049382166211,GH016,F05
P0111,0.8316523069752346,GH016,F05
P0111,0.6545291353729698,GH016,F05
P0111,0.71338217609684,GH016,F05
P0111,0.706396844629972,GH016,F05
P0111,0.7889023090087043,GH016,F05
P0111,0.7101226871274056,GH016,F05
P0111,0.6950374146195855,GH016,F05
P0111,0.7521265898213072,GH016,F05
P0111,0.7539985265263074,GH016,F05
P0111,0.7626499986797486,GH016,F05
P0111,0.780113544544565,GH016,F05
P0111,0.719370533989973,GH016,F05
P0111,0.6646242983487284,GH016,F05
P0111,0.6374734072238948,GH016,F05
P0111,0.6827708689870258,GH016,F05
P0111,0.5464276674670959,GH016,F05
P0111,0.7050990578891727,GH016,F05
P0111,0.6523806039114688,GH016,F05
P0111,0.698990745834275,GH016,F05
P0111,0.7035303464993741,GH016,F05
P0111,0.7742768719240584,GH016,F05
P0111,0.7885442653069719,GH016,F05
P0111,0.7859932208313387,GH016,F05
P0111,0.7979988986765371,GH016,F05
P0111,0.7472007422722154,GH016,F05
P0111,0.80429461157592,GH016,F05
P0111,0.7690667741574919,GH016,F05
P0111,0.7938887923709615,GH016,F05
P0111,0.788332081507241,GH016,F05
P0111,0.730031042864032,GH016,F05
P0111,0.7287633398851143,GH016,F05
P0111,0.7939429966624627,GH016,F05
P0111,0.7557425418113872,GH016,F05
P0111,0.7169763773773938,GH016,F05
P0111,0.8502422909368184,GH016,F05
P0111,0.7467870294747083,GH016,F05
P0111,0.7519811221424617,GH016,F05
P0111,0.8421382310522024,GH016,F05
P0111,0.8189120370826445,GH016,F05
P0111,0.7326785370564208,GH016,F05
P0111,0.8279238398735744,GH016,F05
P0111,0.8224439698823202,GH016,F05
P0111,0.8160604870646072,GH016,F05
P0111,0.7974461077474874,GH016,F05
P0111,0.8179180883445875,GH016,F05
P0111,0.7110494250643316,GH016,F05
P0111,0.7052117083052419,GH016,F05
P0111,0.796487451309382,GH016,F05
P0111,0.7674508815767094,GH016,F05
P0111,0.7496452964934857,GH016,F05
P0111,0.6975517088337279,GH016,F05
P0111,0.6493499996729024,GH016,F05
P0111,0.7802947016704199,GH016,F05
P0111,0.6949056300076445,GH016,F05
P0111,0.6913612423338228,GH016,F05
P0111,0.857699918814604,GH016,F05
P0111,0.8248978479329397,GH016,F05
P0111,0.8145149862959385,GH016,F05
P0111,0.7597054057273032,GH016,F05
P0111,0.8306030272406923,GH016,F05
P0111,0.785472887092886,GH016,F05
P0111,0.878887172756472,GH016,F05
P0111,0.8259445284336654,GH016,F05
P0111,0.8042124565405351,GH016,F05
P0111,0.8276808667632263,GH016,F05
P0111,0.6921564310412254,GH016,F05
P0111,0.7726246498671177,GH016,F05
P0111,0.71388703991939,GH016,F05
P0111,0.8019829300100055,GH016,F05
P0111,0.6851218691464319,GH016,F05
P0111,0.7594895366203701,GH016,F05
P0111,0.777725785090854,GH016,F05
P0111,0.7795925403247451,GH016,F05
P0111,0.7577547154874898,GH016,F05
P0111,0.7573565547325644,GH016,F05
P0111,0.8055333774817072,GH016,F05
P0111,0.7962434149425791,GH016,F05
P0111,0.8412143931394342,GH016,F05
P0111,0.8127822352438399,GH016,F05
P0111,0.8094673180289952,GH016,F05
P0111,0.7821536301389299,GH016,F05
P0111,0.7774705725708563,GH016,F05
P0111,0.7946700598693641,GH016,F05
P0111,0.7381715074455109,GH016,F05
P0111,0.7774975655103517,GH016,F05
P0111,0.6516318994020511,GH016,F05
P0111,0.6431568337816036,GH016,F05
P0111,0.674647464123143,GH016,F05
P0111,0.7414644227040758,GH016,F05
P0111,0.6955714477167586,GH016,F05
P0111,0.8332090785348554,GH016,F05
P0111,0.8362486515793428,GH016,F05
P0111,0.8316311371905397,GH016,F05
P0111,0.8366297689458773,GH016,F05
P0111,0.7999301422633324,GH016,F05
P0111,0.8575302714727413,GH016,F05
P0111,0.7076389221043411,GH016,F05
P0111,0.842617645052614,GH016,F05
P0111,0.7744125371192547,GH016,F05
P0111,0.8012918909750388,GH016,F05
P0111,0.7489810626602643,GH016,F05
P0111,0.852550667254844,GH016,F05
P0111,0.7412264665380639,GH016,F05
P0111,0.7859038459718256,GH016,F05
P0111,0.6496715040291626,GH016,F05
P0111,0.700801133514414,GH016,F05
P0111,0.8794742719075749,GH016,F05
P0111,0.7852624941786267,GH016,F05
P0111,0.8353395935695754,GH016,F05
P0111,0.7306010562173259,GH016,F05
P0111,0.8240496518039216,GH016,F05
P0111,0.8562584374416872,GH016,F05
P0111,0.7866316676526112,GH016,F05
P0111,0.8592379612039667,GH016,F05
P0111,0.8147058328380333,GH016,F05
P0111,0.8671502629965477,GH016,F05
P0111,0.8355795613815503,GH016,F05
P0111,0.8354750416244493,GH016,F05
P0111,0.8256034348515509,GH016,F05
P0111,0.76564205444555,GH016,F05
P0111,0.8471055110720525,GH016,F05
P0111,0.6864341554155986,GH016,F05
P0111,0.715635033064753,GH016,F05
P0111,0.638583408995654,GH016,F05
P0111,0.6379002258825678,GH016,F05
P0111,0.7431113558654885,GH016,F05
P0111,0.7024176576537646,GH016,F05
P0111,0.8096014221039881,GH016,F05
P0111,0.8115557601043054,GH016,F05
P0111,0.7319431699189176,GH016,F05
P0111,0.8374475462892266,GH016,F05
P0111,0.8067938971929144,GH016,F05
P0111,0.8476312701390952,GH016,F05
P0111,0.8387263605889517,GH016,F05
P0111,0.7523846289194331,GH016,F05
P0111,0.7962434262361311,GH016,F05
P0111,0.7525889124880776,GH016,F05
P0111,0.7465093140450217,GH016,F05
P0111,0.7100555882643375,GH016,F05
P0112,0.7961070860346204,GH009,F06
P0112,0.7181612475300039,GH009,F06
P0112,0.7459581392541981,GH009,F06
P0112,0.8382897629640824,GH009,F06
P0112,0.8172165634260173,GH009,F06
P0112,0.8061445319725935,GH009,F06
P0112,0.723360402433931,GH009,F06
P0112,0.7324435633536708,GH009,F06
P0112,0.6874320706423915,GH009,F06
P0112,0.8287834080324759,GH009,F06
P0112,0.6864252447569361,GH009,F06
P0112,0.7932651064874229,GH009,F06
P0112,0.7018353453064085,GH009,F06
P0112,0.6367745723763838,GH009,F06
P0112,0.6255611876745739,GH009,F06
P0112,0.6089870393817263,GH009,F06
P0112,0.6483009386519486,GH009,F06
P0112,0.6446967464654066,GH009,F06
P0112,0.6650384731066712,GH009,F06
P0112,0.6859889894154984,GH009,F06
P0112,0.8263278720931567,GH009,F06
P0112,0.7890359288693086,GH009,F06
P0112,0.7394395692272516,GH009,F06
P0112,0.687915163235124,GH009,F06
P0112,0.7741687192849541,GH009,F06
P0112,0.6972354911479072,GH009,F06
P0112,0.7134773076252822,GH009,F06
P0112,0.6804078802592027,GH009,F06
P0112,0.6808920099036617,GH009,F06
P0112,0.6867960231791824,GH009,F06
P0112,0.7799451256107099,GH009,F06
P0112,0.664083830322406,GH009,F06
P0112,0.6337118098180115,GH009,F06
P0112,0.6894387298540693,GH009,F06
P0112,0.71224329680768,GH009,F06
P0112,0.6951977450679252,GH009,F06
P0112,0.6479284665683696,GH009,F06
P0112,0.7087750397902264,GH009,F06
P0112,0.7062794441585489,GH009,F06
P0112,0.7629872869656429,GH009,F06
P0112,0.7839848850066559,GH009,F06
P0112,0.7780958149274242,GH009,F06
P0112,0.6625248351141182,GH009,F06
P0112,0.6921939158200404,GH009,F06
P0112,0.7432622435547228,GH009,F06
P0112,0.654591761010248,GH009,F06
P0112,0.6414316050866664,GH009,F06
P0112,0.6547866549744394,GH009,F06
P0112,0.6226251687673873,GH009,F06
P0112,0.5698168766950382,GH009,F06
P0112,0.5536965697035066,GH009,F06
P0112,0.6003855466150447,GH009,F06
P0112,0.6104480844875025,GH009,F06
P0112,0.6679957662476463,GH009,F06
P0112,0.6455325733704235,GH009,F06
P0112,0.700338320785329,GH009,F06
P0112,0.6894652893306205,GH009,F06
P0112,0.6669733011821583,GH009,F06
P0112,0.6669018869906772,GH009,F06
P0112,0.690070017119688,GH009,F06
P0112,0.6899168659290731,GH009,F06
P0112,0.6990571702411627,GH009,F06
P0112,0.7205448060763912,GH009,F06
P0112,0.7089632548789642,GH009,F06
P0112,0.6870112386712979,GH009,F06
P0112,0.7007112413371018,GH009,F06
P0112,0.686287824070494,GH009,F06
P0112,0.622815966265666,GH009,F06
P0112,0.6488869569743169,GH009,F06
P0112,0.700836187930518,GH009,F06
P0112,0.6844546447793544,GH009,F06
P0112,0.6789691861511201,GH009,F06
P0112,0.7275945730294394,GH009,F06
P0112,0.7491334081345361,GH009,F06
P0112,0.6633083566168735,GH009,F06
P0112,0.7086457426973275,GH009,F06
P0112,0.7552873719391563,GH009,F06
P0112,0.7729225948435846,GH009,F06
P0112,0.7234952333386204,GH009,F06
P0112,0.7413094437947899,GH009,F06
P0112,0.7561896546726393,GH009,F06
P0112,0.7694886070606474,GH009,F06
P0112,0.780606447360644,GH009,F06
P0112,0.7120808191986987,GH009,F06
P0112,0.7492341493747443,GH009,F06
P0112,0.6193664695895158,GH009,F06
P0112,0.5674558358105112,GH009,F06
P0112,0.6483859485547053,GH009,F06
P0112,0.6405464764778251,GH009,F06
P0112,0.7079751761918045,GH009,F06
P0112,0.694442502277,GH009,F06
P0112,0.7964669922664013,GH009,F06
P0112,0.7949200825693177,GH009,F06
P0112,0.77249915741368,GH009,F06
P0112,0.7183956949359069,GH009,F06
P0112,0.7960135085847069,GH009,F06
P0112,0.8502153565178014,GH009,F06
P0112,0.7914931152882266,GH009,F06
P0112,0.7062755383074544,GH009,F06
P0112,0.7526095064410625,GH009,F06
P0112,0.6983755038428601,GH009,F06
P0112,0.7824323150062238,GH009,F06
P0112,0.7222452158190502,GH009,F06
P0112,0.7332576780854656,GH009,F06
P0112,0.7416395062907498,GH009,F06
P0112,0.811018810185414,GH009,F06
P0112,0.6817864610259186,GH009,F06
P0112,0.7366793215439212,GH009,F06
P0112,0.8315353313799203,GH009,F06
P0112,0.8169980992093514,GH009,F06
P0112,0.8140296840002508,GH009,F06
P0112,0.8152751473653405,GH009,F06
P0112,0.7713404658301152,GH009,F06
P0112,0.8247320964268685,GH009,F06
P0112,0.8373651378182029,GH009,F06
P0112,0.7838461943005737,GH009,F06
P0112,0.7297622880400528,GH009,F06
P0112,0.8375641088485265,GH009,F06
P0112,0.8130731455940619,GH009,F06
P0112,0.747003282297762,GH009,F06
P0112,0.7393991718868734,GH009,F06
P0112,0.6328592807816582,GH009,F06
P0112,0.5915531192348175,GH009,F06
P0112,0.6617245028995593,GH009,F06
P0112,0.7578476162857924,GH009,F06
P0112,0.7617709601444699,GH009,F06
P0112,0.817768175399334,GH009,F06
P0112,0.8003945701796967,GH009,F06
P0112,0.8336505818331159,GH009,F06
P0112,0.8528891687172411,GH009,F06
P0112,0.7978239284857302,GH009,F06
P0112,0.782986906520594,GH009,F06
P0112,0.7963142021624384,GH009,F06
P0112,0.8259581450040993,GH009,F06
P0112,0.8190389313829652,GH009,F06
P0112,0.8394038041753171,GH009,F06
P0112,0.7991003697249988,GH009,F06
P0112,0.7040745311462667,GH009,F06
P0112,0.6676866933233282,GH009,F06
P0112,0.8127945857634218,GH009,F06
P0112,0.74534542116962,GH009,F06
P0112,0.808944173842434,GH009,F06
P0112,0.6869412782501626,GH009,F06
P0112,0.8675387566173957,GH009,F06
P0112,0.8233050027330043,GH009,F06
P0112,0.712806765351651,GH009,F06
P0112,0.7730196331983179,GH009,F06
P0112,0.7537620410730222,GH009,F06
P0112,0.8044048551973657,GH009,F06
P0112,0.8210629770559361,GH009,F06
P0112,0.834419883397932,GH009,F06
P0112,0.8055712269067312,GH009,F06
P0112,0.8115418387671222,GH009,F06
P0112,0.8680208159252228,GH009,F06
P0112,0.818210373360873,GH009,F06
P0112,0.693655818720036,GH009,F06
P0112,0.6687287722176914,GH009,F06
P0112,0.6680928994138001,GH009,F06
P0112,0.6012683583379924,GH009,F06
P0112,0.6947615695876219,GH009,F06
P0112,0.7978299535375656,GH009,F06
P0112,0.6641071055001808,GH009,F06
P0112,0.8110596199014205,GH009,F06
P0112,0.8379698439891093,GH009,F06
P0112,0.7439145204625345,GH009,F06
P0112,0.786405462527206,GH009,F06
P0112,0.8173100199652102,GH009,F06
P0112,0.844414222608098,GH009,F06
P0112,0.8187697134278671,GH009,F06
P0112,0.8214859835948048,GH009,F06
P0112,0.7856806528510911,GH009,F06
P0112,0.7571249858541611,GH009,F06
P0112,0.8455151318163996,GH009,F06
P0112,0.7276422097482518,GH009,F06
P0112,0.7165430744420699,GH009,F06
P0112,0.7223674085955858,GH009,F06
P0112,0.6495252387498396,GH009,F06
P0112,0.7599721295782198,GH009,F06
P0112,0.724657344619658,GH009,F06
P0112,0.7135488243184052,GH009,F06
P0112,0.7918306166422104,GH009,F06
P0112,0.8266429113331315,GH009,F06
P0112,0.6867323248374988,GH009,F06
P0112,0.8354369793680475,GH009,F06
P0112,0.8378040238706389,GH009,F06
P0112,0.8090963121356723,GH009,F06
P0112,0.8019660632056453,GH009,F06
P0112,0.8310409759467974,GH009,F06
P0112,0.8043820432063269,GH009,F06
P0112,0.7797768228060371,GH009,F06
P0112,0.8129231531589236,GH009,F06
P0112,0.7043510580331798,GH009,F06
P0112,0.7300816068432232,GH009,F06
P0112,0.6174775123048563,GH009,F06
P0112,0.5952892565952707,GH009,F06
P0112,0.6931934749067644,GH009,F06
P0112,0.6695773051378368,GH009,F06
P0112,0.7996798302813496,GH009,F06
P0112,0.8334993114094349,GH009,F06
P0112,0.7940692704611548,GH009,F06
P0112,0.8050599332131344,GH009,F06
P0112,0.8361123242919453,GH009,F06
P0112,0.8380629083731226,GH009,F06
P0112,0.8346373013167746,GH009,F06
P0112,0.8311273799103499,GH009,F06
P0112,0.840173435445494,GH009,F06
P0112,0.7800351514511737,GH009,F06
P0112,0.7949432543864609,GH009,F06
P0112,0.7124752357946006,GH009,F06
P0112,0.746597881840952,GH009,F06
P0113,0.7750775904080754,GH013,F08
P0113,0.8533837622155309,GH013,F08
P0113,0.8341843484162162,GH013,F08
P0113,0.901804483613816,GH013,F08
P0113,0.7677282135393855,GH013,F08
P0113,0.8570096436122924,GH013,F08
P0113,0.8499894426586283,GH013,F08
P0113,0.8234098612795955,GH013,F08
P0113,0.7375808666405347,GH013,F08
P0113,0.8268879165589104,GH013,F08
P0113,0.7288983168981614,GH013,F08
P0113,0.8320665578725714,GH013,F08
P0113,0.812168567908586,GH013,F08
P0113,0.7844391323667844,GH013,F08
P0113,0.7443653120524697,GH013,F08
P0113,0.6154879182237508,GH013,F08
P0113,0.7443309220599619,GH013,F08
P0113,0.7189752883266279,GH013,F08
P0113,0.8612170566306558,GH013,F08
P0113,0.7222684955859429,GH013,F08
P0113,0.8130456417768113,GH013,F08
P0113,0.7617728749661618,GH013,F08
P0113,0.7691476590169183,GH013,F08
P0113,0.8425460930743907,GH013,F08
P0113,0.7922544741219834,GH013,F08
P0113,0.8162189413610326,GH013,F08
P0113,0.7351792917460932,GH013,F08
P0113,0.7012814762423856,GH013,F08
P0113,0.7364029020191875,GH013,F08
P0113,0.7107747577171319,GH013,F08
P0113,0.7310238697827554,GH013,F08
P0113,0.7053894136547961,GH013,F08
P0113,0.7390333666492955,GH013,F08
P0113,0.7500339497778327,GH013,F08
P0113,0.7092304392302822,GH013,F08
P0113,0.7197123243709714,GH013,F08
P0113,0.7141426779441766,GH013,F08
P0113,0.6897019423023841,GH013,F08
P0113,0.7199765547249433,GH013,F08
P0113,0.6819002712908236,GH013,F08
P0113,0.7358043267619798,GH013,F08
P0113,0.7931325157454389,GH013,F08
P0113,0.7658191602190922,GH013,F08
P0113,0.7452172170766529,GH013,F08
P0113,0.7005137809318878,GH013,F08
P0113,0.7334657761092811,GH013,F08
P0113,0.6747047508931079,GH013,F08
P0113,0.6769711450599157,GH013,F08
P0113,0.6868958034856876,GH013,F08
P0113,0.6290786100201908,GH013,F08
P0113,0.5774097531963057,GH013,F08
P0113,0.6611325198451057,GH013,F08
P0113,0.6872386946283568,GH013,F08
P0113,0.7508262433155909,GH013,F08
P0113,0.777773710726623,GH013,F08
P0113,0.7199173606476373,GH013,F08
P0113,0.7132262665822902,GH013,F08
P0113,0.7038782488071168,GH013,F08
P0113,0.7222358801112434,GH013,F08
P0113,0.6869862496755023,GH013,F08
P0113,0.7429722835224307,GH013,F08
P0113,0.6928282439421783,GH013,F08
P0113,0.7586452761221449,GH013,F08
P0113,0.743021186511784,GH013,F08
P0113,0.7843118027108258,GH013,F08
P0113,0.7353098367164393,GH013,F08
P0113,0.7173986432077931,GH013,F08
P0113,0.7293595108633091,GH013,F08
P0113,0.6983562436679596,GH013,F08
P0113,0.6994843339108274,GH013,F08
P0113,0.7279395453989913,GH013,F08
P0113,0.7289083247979143,GH013,F08
P0113,0.8006728099896573,GH013,F08
P0113,0.8038346892539612,GH013,F08
P0113,0.7158168710970274,GH013,F08
P0113,0.706835009775045,GH013,F08
P0113,0.7912436819697457,GH013,F08
P0113,0.8248444796144663,GH013,F08
P0113,0.8012221267628752,GH013,F08
P0113,0.8183453872108102,GH013,F08
P0113,0.7392747572693626,GH013,F08
P0113,0.774370046452836,GH013,F08
P0113,0.7986051128829946,GH013,F08
P0113,0.8054652302619215,GH013,F08
P0113,0.7145899730999237,GH013,F08
P0113,0.7090513132112152,GH013,F08
P0113,0.5754320051857863,GH013,F08
P0113,0.6461099554351171,GH013,F08
P0113,0.815028447241744,GH013,F08
P0113,0.7712863125598723,GH013,F08
P0113,0.7351533476188404,GH013,F08
P0113,0.8336421818880891,GH013,F08
P0113,0.8311339278796487,GH013,F08
P0113,0.843859825625582,GH013,F08
P0113,0.8162848099594284,GH013,F08
P0113,0.8847092485688712,GH013,F08
P0113,0.8627001123564028,GH013,F08
P0113,0.842057126158195,GH013,F08
P0113,0.8503791610313178,GH013,F08
P0113,0.8607883151923825,GH013,F08
P0113,0.8100658039130496,GH013,F08
P0113,0.8254488549895135,GH013,F08
P0113,0.8458537282249134,GH013,F08
P0113,0.7396810547170989,GH013,F08
P0113,0.7542042047782578,GH013,F08
P0113,0.7294051974534677,GH013,F08
P0113,0.7859146230310586,GH013,F08
P0113,0.763869862566457,GH013,F08
P0113,0.8358765653309557,GH013,F08
P0113,0.8642006961366503,GH013,F08
P0113,0.8375942688022816,GH013,F08
P0113,0.8836640975372977,GH013,F08
P0113,0.873982894581356,GH013,F08
P0113,0.8909058240915002,GH013,F08
P0113,0.8841124742594659,GH013,F08
P0113,0.8555037693445641,GH013,F08
P0113,0.8555523482293015,GH013,F08
P0113,0.8264179724267124,GH013,F08
P0113,0.8686147985190305,GH013,F08
P0113,0.8534103088380832,GH013,F08
P0113,0.7217056855424047,GH013,F08
P0113,0.6932986214429956,GH013,F08
P0113,0.6918692906396416,GH013,F08
P0113,0.7297763706144371,GH013,F08
P0113,0.8114609523448788,GH013,F08
P0113,0.8855930129099324,GH013,F08
P0113,0.8528432227228718,GH013,F08
P0113,0.8858549337709031,GH013,F08
P0113,0.8627429049665725,GH013,F08
P0113,0.873955280209729,GH013,F08
P0113,0.8758267997991243,GH013,F08
P0113,0.8144861196105975,GH013,F08
P0113,0.8523880323447207,GH013,F08
P0113,0.8832464780860135,GH013,F08
P0113,0.8371853987267145,GH013,F08
P0113,0.7991553928310879,GH013,F08
P0113,0.7522736460276447,GH013,F08
P0113,0.81105558217367,GH013,F08
P0113,0.8474817063270744,GH013,F08
P0113,0.8411672123171421,GH013,F08
P0113,0.7402871716416979,GH013,F08
P0113,0.796724590682856,GH013,F08
P0113,0.7463347907456019,GH013,F08
P0113,0.7747558636692592,GH013,F08
P0113,0.8177390462863974,GH013,F08
P0113,0.8642698096888447,GH013,F08
P0113,0.8182950660718133,GH013,F08
P0113,0.837433751519987,GH013,F08
P0113,0.88154403571783,GH013,F08
P0113,0.763592294733718,GH013,F08
P0113,0.8544072686447464,GH013,F08
P0113,0.8292095024120117,GH013,F08
P0113,0.7419180867224004,GH013,F08
P0113,0.8355150488359806,GH013,F08
P0113,0.779457604787756,GH013,F08
P0113,0.7792664971120098,GH013,F08
P0113,0.7160121655158055,GH013,F08
P0113,0.7009171583775935,GH013,F08
P0113,0.6440898486253698,GH013,F08
P0113,0.7627952089971206,GH013,F08
P0113,0.7121141810286862,GH013,F08
P0113,0.7825262559889485,GH013,F08
P0113,0.8058952233327551,GH013,F08
P0113,0.8506744569545746,GH013,F08
P0113,0.8558912184179416,GH013,F08
P0113,0.8597880395182682,GH013,F08
P0113,0.8257660041470453,GH013,F08
P0113,0.8739488178830809,GH013,F08
P0113,0.849144877944082,GH013,F08
P0113,0.8341040835660287,GH013,F08
P0113,0.8291888447645662,GH013,F08
P0113,0.8035536386437476,GH013,F08
P0113,0.80007419057261,GH013,F08
P0113,0.8235418676771845,GH013,F08
P0113,0.8638050030471885,GH013,F08
P0113,0.7618429196172005,GH013,F08
P0113,0.8214848666116931,GH013,F08
P0113,0.8252497608470791,GH013,F08
P0113,0.841689525708642,GH013,F08
P0113,0.7342628908804208,GH013,F08
P0113,0.8628770673791896,GH013,F08
P0113,0.8892777906426402,GH013,F08
P0113,0.8673731360493753,GH013,F08
P0113,0.8428074022188289,GH013,F08
P0113,0.8676783073318962,GH013,F08
P0113,0.8594647414991122,GH013,F08
P0113,0.8623102356863107,GH013,F08
P0113,0.8630541611162766,GH013,F08
P0113,0.8544381803423978,GH013,F08
P0113,0.8817190406341241,GH013,F08
P0113,0.825088176875913,GH013,F08
P0113,0.8293955116024294,GH013,F08
P0113,0.7845590679483242,GH013,F08
P0113,0.6517744240766755,GH013,F08
P0113,0.6410594872167555,GH013,F08
P0113,0.7971161930211701,GH013,F08
P0113,0.8269604161042626,GH013,F08
P0113,0.8523623777536439,GH013,F08
P0113,0.8643019268973785,GH013,F08
P0113,0.8411580803103742,GH013,F08
P0113,0.8685436410284142,GH013,F08
P0113,0.8374502927431244,GH013,F08
P0113,0.8891384834878929,GH013,F08
P0113,0.8381977120825532,GH013,F08
P0113,0.8506403347302776,GH013,F08
P0113,0.8514390423713242,GH013,F08
P0113,0.8529050310458176,GH013,F08
P0113,0.8867736397753134,GH013,F08
P0113,0.8536062768198097,GH013,F08
P0113,0.8488080644945808,GH013,F08
P0114,0.8320276435822643,GH005,F01
P0114,0.7454177742874053,GH005,F01
P0114,0.8552697807461527,GH005,F01
P0114,0.8109852081208407,GH005,F01
P0114,0.7348524644083116,GH005,F01
P0114,0.734617467853431,GH005,F01
P0114,0.835835972383569,GH005,F01
P0114,0.8260955357435282,GH005,F01
P0114,0.7929107340468918,GH005,F01
P0114,0.728769515425075,GH005,F01
P0114,0.8238093944441395,GH005,F01
P0114,0.7421539208937206,GH005,F01
P0114,0.742394069162425,GH005,F01
P0114,0.7001900594204323,GH005,F01
P0114,0.7268758665569383,GH005,F01
P0114,0.6394350426465012,GH005,F01
P0114,0.6637332587697555,GH005,F01
P0114,0.6739066408469561,GH005,F01
P0114,0.7171470963002016,GH005,F01
P0114,0.7960018375956083,GH005,F01
P0114,0.7906614875525335,GH005,F01
P0114,0.7931489115070571,GH005,F01
P0114,0.6917475970864734,GH005,F01
P0114,0.7295275364119904,GH005,F01
P0114,0.8182868723678953,GH005,F01
P0114,0.693514013482151,GH005,F01
P0114,0.7203088806569212,GH005,F01
P0114,0.7655271068014483,GH005,F01
P0114,0.6884907831929261,GH005,F01
P0114,0.7755370536781316,GH005,F01
P0114,0.7258146742318181,GH005,F01
P0114,0.6979216554434428,GH005,F01
P0114,0.7023375479154326,GH005,F01
P0114,0.6510066247898925,GH005,F01
P0114,0.7095362845469048,GH005,F01
P0114,0.7244613436705098,GH005,F01
P0114,0.7132896013686951,GH005,F01
P0114,0.7145134335801933,GH005,F01
P0114,0.7118263819781925,GH005,F01
P0114,0.7719872799324633,GH005,F01
P0114,0.7471782741342083,GH005,F01
P0114,0.7427147900571616,GH005,F01
P0114,0.746815686196208,GH005,F01
P0114,0.6852330440144835,GH005,F01
P0114,0.6901148186659068,GH005,F01
P0114,0.6916155900219181,GH005,F01
P0114,0.6749679590841486,GH005,F01
P0114,0.6951086090948904,GH005,F01
P0114,0.6404989797471539,GH005,F01
P0114,0.6163536730495531,GH005,F01
P0114,0.5730453210419003,GH005,F01
P0114,0.6375960204006234,GH005,F01
P0114,0.655656293253878,GH005,F01
P0114,0.7021951726134067,GH005,F01
P0114,0.7072549381789937,GH005,F01
P0114,0.670767745491859,GH005,F01
P0114,0.7212255459080219,GH005,F01
P0114,0.6830820446873584,GH005,F01
P0114,0.6993940599504446,GH005,F01
P0114,0.7219883721288721,GH005,F01
P0114,0.6908350712540257,GH005,F01
P0114,0.735200982848367,GH005,F01
P0114,0.686906788167912,GH005,F01
P0114,0.7302511564473424,GH005,F01
P0114,0.6785060687101115,GH005,F01
P0114,0.7464888634798282,GH005,F01
P0114,0.7042811646781522,GH005,F01
P0114,0.6990800817247632,GH005,F01
P0114,0.7014130479048957,GH005,F01
P0114,0.7850455210524468,GH005,F01
P0114,0.7123445358903062,GH005,F01
P0114,0.7170185789170954,GH005,F01
P0114,0.7279723443900081,GH005,F01
P0114,0.6969023685434925,GH005,F01
P0114,0.6881122479227548,GH005,F01
P0114,0.8179020012608873,GH005,F01
P0114,0.748416596841206,GH005,F01
P0114,0.7883718520698041,GH005,F01
P0114,0.7983933795517699,GH005,F01
P0114,0.696178427003461,GH005,F01
P0114,0.7265913915995923,GH005,F01
P0114,0.7181630212198645,GH005,F01
P0114,0.7178636842439433,GH005,F01
P0114,0.7164655418563725,GH005,F01
P0114,0.7790707881220839,GH005,F01
P0114,0.6482216001791125,GH005,F01
P0114,0.6430245671843421,GH005,F01
P0114,0.6485229090983654,GH005,F01
P0114,0.6691574902000372,GH005,F01
P0114,0.7403333003079368,GH005,F01
P0114,0.765276566361329,GH005,F01
P0114,0.8628266987886583,GH005,F01
P0114,0.7537192716154736,GH005,F01
P0114,0.8219776277693859,GH005,F01
P0114,0.8272066927783641,GH005,F01
P0114,0.7873811076213375,GH005,F01
P0114,0.7653122800869167,GH005,F01
P0114,0.8517227159532688,GH005,F01
P0114,0.8441738827755689,GH005,F01
P0114,0.835412126756245,GH005,F01
P0114,0.8192970978721011,GH005,F01
P0114,0.7350450239019286,GH005,F01
P0114,0.6973912355194314,GH005,F01
P0114,0.8808813004822506,GH005,F01
P0114,0.8211350004248292,GH005,F01
P0114,0.7726688119405339,GH005,F01
P0114,0.7918750175551418,GH005,F01
P0114,0.8618948136932049,GH005,F01
P0114,0.8331303936544338,GH005,F01
P0114,0.84380867929289,GH005,F01
P0114,0.8158425748812742,GH005,F01
P0114,0.8695089050551862,GH005,F01
P0114,0.8446765570659701,GH005,F01
P0114,0.8275018037379565,GH005,F01
P0114,0.8281444449415615,GH005,F01
P0114,0.831686624444312,GH005,F01
P0114,0.8680776905113275,GH005,F01
P0114,0.8450171913968835,GH005,F01
P0114,0.8581665568583702,GH005,F01
P0114,0.8437674207642076,GH005,F01
P0114,0.7787418243565443,GH005,F01
P0114,0.687407791709544,GH005,F01
P0114,0.7061170032577001,GH005,F01
P0114,0.6665377879252693,GH005,F01
P0114,0.8140986628787589,GH005,F01
P0114,0.8238336857336445,GH005,F01
P0114,0.8307169130227104,GH005,F01
P0114,0.7854483488035195,GH005,F01
P0114,0.8451605581895731,GH005,F01
P0114,0.8505567606787947,GH005,F01
P0114,0.8819027641058468,GH005,F01
P0114,0.8446036765168069,GH005,F01
P0114,0.838652360651794,GH005,F01
P0114,0.801953359902182,GH005,F01
P0114,0.8777356848760728,GH005,F01
P0114,0.7821395380375826,GH005,F01
P0114,0.768230406039813,GH005,F01
P0114,0.8707397457491434,GH005,F01
P0114,0.7808411292538211,GH005,F01
P0114,0.7501357601643804,GH005,F01
P0114,0.8753190394343591,GH005,F01
P0114,0.8075263288546344,GH005,F01
P0114,0.8660479208269225,GH005,F01
P0114,0.779301279000972,GH005,F01
P0114,0.8494949816307505,GH005,F01
P0114,0.8677874351901864,GH005,F01
P0114,0.8490220454515864,GH005,F01
P0114,0.8241913117696491,GH005,F01
P0114,0.8484644483540245,GH005,F01
P0114,0.8636486341502083,GH005,F01
P0114,0.8402288187840304,GH005,F01
P0114,0.8512742063921782,GH005,F01
P0114,0.8043671163957132,GH005,F01
P0114,0.7854398038666096,GH005,F01
P0114,0.8145246693857181,GH005,F01
P0114,0.8216000341466886,GH005,F01
P0114,0.8157715452126723,GH005,F01
P0114,0.6397398224824592,GH005,F01
P0114,0.7147451886773897,GH005,F01
P0114,0.7675337842466123,GH005,F01
P0114,0.7584926249748245,GH005,F01
P0114,0.8427754461011575,GH005,F01
P0114,0.7811975661392493,GH005,F01
P0114,0.8290687471418877,GH005,F01
P0114,0.7949586343913412,GH005,F01
P0114,0.7371801034309451,GH005,F01
P0114,0.8279798326190496,GH005,F01
P0114,0.8144527352651083,GH005,F01
P0114,0.8593439859240161,GH005,F01
P0114,0.8294690884533796,GH005,F01
P0114,0.8696463102395267,GH005,F01
P0114,0.7647308320382846,GH005,F01
P0114,0.852110024360004,GH005,F01
P0114,0.8130800412093033,GH005,F01
P0114,0.7232123751448875,GH005,F01
P0114,0.755198195603466,GH005,F01
P0114,0.7429525657594336,GH005,F01
P0114,0.7541892405128033,GH005,F01
P0114,0.8272449041727268,GH005,F01
P0114,0.7981131969686774,GH005,F01
P0114,0.8002688715875708,GH005,F01
P0114,0.8705764056725975,GH005,F01
P0114,0.8592756657600209,GH005,F01
P0114,0.8764498850895643,GH005,F01
P0114,0.8763032730022597,GH005,F01
P0114,0.816697272015395,GH005,F01
P0114,0.8631084205165699,GH005,F01
P0114,0.8387176464857631,GH005,F01
P0114,0.7437733389735764,GH005,F01
P0114,0.8396818562912322,GH005,F01
P0114,0.8309743656054562,GH005,F01
P0114,0.8329099909556096,GH005,F01
P0114,0.6600643020778826,GH005,F01
P0114,0.6723017167480985,GH005,F01
P0114,0.6396978181379329,GH005,F01
P0114,0.7872213341050691,GH005,F01
P0114,0.6948572255928391,GH005,F01
P0114,0.8487726213538708,GH005,F01
P0114,0.8215087286891266,GH005,F01
P0114,0.8387541390121023,GH005,F01
P0114,0.8916305101102167,GH005,F01
P0114,0.8787002546490565,GH005,F01
P0114,0.878948942905318,GH005,F01
P0114,0.8561693406612548,GH005,F01
P0114,0.8600855625359968,GH005,F01
P0114,0.8253733734070301,GH005,F01
P0114,0.8543352714422517,GH005,F01
P0114,0.8383426272867721,GH005,F01
P0114,0.8646328809806938,GH005,F01
P0114,0.758010175206068,GH005,F01
P0115,0.7638008728201439,GH013,F08
P0115,0.8702911333833647,GH013,F08
P0115,0.8151361750301321,GH013,F08
P0115,0.8383336088826676,GH013,F08
P0115,0.8059554195252343,GH013,F08
P0115,0.8117806981469999,GH013,F08
P0115,0.8368219218266081,GH013,F08
P0115,0.8657019834630706,GH013,F08
P0115,0.8063939210021496,GH013,F08
P0115,0.7395681322932414,GH013,F08
P0115,0.7943525598795267,GH013,F08
P0115,0.7374021950267123,GH013,F08
P0115,0.7368841960430151,GH013,F08
P0115,0.6931909561297802,GH013,F08
P0115,0.7336451544144289,GH013,F08
P0115,0.6909188587566952,GH013,F08
P0115,0.7399276925273534,GH013,F08
P0115,0.794662089868383,GH013,F08
P0115,0.8114765640003673,GH013,F08
P0115,0.8373870271982276,GH013,F08
P0115,0.7305589939491675,GH013,F08
P0115,0.7664459085595687,GH013,F08
P0115,0.8062154923662456,GH013,F08
P0115,0.8261566458496764,GH013,F08
P0115,0.7407094431000059,GH013,F08
P0115,0.7097898434932736,GH013,F08
P0115,0.803898663113424,GH013,F08
P0115,0.834494932196466,GH013,F08
P0115,0.7627578243323874,GH013,F08
P0115,0.7085088781185014,GH013,F08
P0115,0.7885613782152905,GH013,F08
P0115,0.6597383377634388,GH013,F08
P0115,0.7023256607645422,GH013,F08
P0115,0.6654014543069867,GH013,F08
P0115,0.823504632584653,GH013,F08
P0115,0.7126366031395505,GH013,F08
P0115,0.7290098940826446,GH013,F08
P0115,0.7035857361907025,GH013,F08
P0115,0.7289220696852082,GH013,F08
P0115,0.709428058889509,GH013,F08
P0115,0.6976706839891147,GH013,F08
P0115,0.7392404199865672,GH013,F08
P0115,0.7372879969970559,GH013,F08
P0115,0.7309376215667239,GH013,F08
P0115,0.7985198530142467,GH013,F08
P0115,0.6968783825947741,GH013,F08
P0115,0.7056377279868147,GH013,F08
P0115,0.6904036385112874,GH013,F08
P0115,0.663516878217818,GH013,F08
P0115,0.6342059788727901,GH013,F08
P0115,0.5566597759481483,GH013,F08
P0115,0.666077532380279,GH013,F08
P0115,0.6857155764891218,GH013,F08
P0115,0.732908758372325,GH013,F08
P0115,0.7177263846061288,GH013,F08
P0115,0.6802264601737757,GH013,F08
P0115,0.7188559333124565,GH013,F08
P0115,0.7407543714414268,GH013,F08
P0115,0.7372570173804045,GH013,F08
P0115,0.7603731450839584,GH013,F08
P0115,0.7585239413362175,GH013,F08
P0115,0.6940120712854951,GH013,F08
P0115,0.7713851841639974,GH013,F08
P0115,0.7093853013163627,GH013,F08
P0115,0.6891346729383173,GH013,F08
P0115,0.7698291925783093,GH013,F08
P0115,0.7031424873797816,GH013,F08
P0115,0.6796188603537465,GH013,F08
P0115,0.6810364204186319,GH013,F08
P0115,0.6826554588685041,GH013,F08
P0115,0.699285860482219,GH013,F08
P0115,0.7215106453286293,GH013,F08
P0115,0.6872775392516381,GH013,F08
P0115,0.7152794087413477,GH013,F08
P0115,0.7859844706385098,GH013,F08
P0115,0.7315820896600266,GH013,F08
P0115,0.7989621871825374,GH013,F08
P0115,0.7471126524095097,GH013,F08
P0115,0.7941218447903711,GH013,F08
P0115,0.727163869844641,GH013,F08
P0115,0.7217402568494209,GH013,F08
P0115,0.7099555130668911,GH013,F08
P0115,0.8186897346098881,GH013,F08
P0115,0.7322098831281663,GH013,F08
P0115,0.6641806679835768,GH013,F08
P0115,0.6267033911682911,GH013,F08
P0115,0.6261213693860078,GH013,F08
P0115,0.7159612314667864,GH013,F08
P0115,0.6572219301805284,GH013,F08
P0115,0.713073222122886,GH013,F08
P0115,0.7125085918899314,GH013,F08
P0115,0.8071934890876241,GH013,F08
P0115,0.8044261913982212,GH013,F08
P0115,0.8354299362717295,GH013,F08
P0115,0.7977894128584908,GH013,F08
P0115,0.7680586260888927,GH013,F08
P0115,0.838550435693161,GH013,F08
P0115,0.8321388324561069,GH013,F08
P0115,0.7410542008851557,GH013,F08
P0115,0.8142415531080679,GH013,F08
P0115,0.7564695551330487,GH013,F08
P0115,0.7589632851128775,GH013,F08
P0115,0.8313346418076075,GH013,F08
P0115,0.7605972124420325,GH013,F08
P0115,0.7674733453015821,GH013,F08
P0115,0.7960239779126499,GH013,F08
P0115,0.8808901311531062,GH013,F08
P0115,0.7782412836000748,GH013,F08
P0115,0.8314646574688122,GH013,F08
P0115,0.823392472548319,GH013,F08
P0115,0.8449231274571865,GH013,F08
P0115,0.8577391308543568,GH013,F08
P0115,0.7669391250074421,GH013,F08
P0115,0.7698052710729018,GH013,F08
P0115,0.8697709968589262,GH013,F08
P0115,0.8636762782756411,GH013,F08
P0115,0.8460771421382971,GH013,F08
P0115,0.89084360341134,GH013,F08
P0115,0.7034490951131205,GH013,F08
P0115,0.8436780377184403,GH013,F08
P0115,0.6881840052246557,GH013,F08
P0115,0.7557302923045547,GH013,F08
P0115,0.5906039168259595,GH013,F08
P0115,0.751704799878666,GH013,F08
P0115,0.757266022575873,GH013,F08
P0115,0.8327334745859337,GH013,F08
P0115,0.8339983967897016,GH013,F08
P0115,0.8387953757898077,GH013,F08
P0115,0.8451136411296488,GH013,F08
P0115,0.8215475815039418,GH013,F08
P0115,0.8495342626865516,GH013,F08
P0115,0.8072892929164263,GH013,F08
P0115,0.8467646332499004,GH013,F08
P0115,0.8681418695285348,GH013,F08
P0115,0.8544598624248377,GH013,F08
P0115,0.8155709067436951,GH013,F08
P0115,0.7826014068387153,GH013,F08
P0115,0.8320783736443685,GH013,F08
P0115,0.8664756677124402,GH013,F08
P0115,0.8244229531721133,GH013,F08
P0115,0.8475992636912782,GH013,F08
P0115,0.7756045964720398,GH013,F08
P0115,0.7302134728812381,GH013,F08
P0115,0.8353446856338049,GH013,F08
P0115,0.8172415908075448,GH013,F08
P0115,0.8354748330440014,GH013,F08
P0115,0.8238897133105619,GH013,F08
P0115,0.8671181367955995,GH013,F08
P0115,0.7896842710812966,GH013,F08
P0115,0.8394296283545601,GH013,F08
P0115,0.849719406648138,GH013,F08
P0115,0.8032212039156954,GH013,F08
P0115,0.8776523962046726,GH013,F08
P0115,0.7848036048197332,GH013,F08
P0115,0.7852451734992748,GH013,F08
P0115,0.7792214272220107,GH013,F08
P0115,0.7131816076396303,GH013,F08
P0115,0.6604102042064031,GH013,F08
P0115,0.6969127757921363,GH013,F08
P0115,0.6641379388028573,GH013,F08
P0115,0.808699753880055,GH013,F08
P0115,0.8665640571728083,GH013,F08
P0115,0.8051595596078813,GH013,F08
P0115,0.8148378139073268,GH013,F08
P0115,0.8135943709673281,GH013,F08
P0115,0.8474157771417821,GH013,F08
P0115,0.7351845425636414,GH013,F08
P0115,0.805303140031851,GH013,F08
P0115,0.8632067458223677,GH013,F08
P0115,0.8678955177337903,GH013,F08
P0115,0.7231626416932443,GH013,F08
P0115,0.8299159632193184,GH013,F08
P0115,0.8314684510416482,GH013,F08
P0115,0.7961093779233331,GH013,F08
P0115,0.7679371671793411,GH013,F08
P0115,0.7624024921651407,GH013,F08
P0115,0.7686828919560356,GH013,F08
P0115,0.827252483508356,GH013,F08
P0115,0.8492585414647731,GH013,F08
P0115,0.8025103473492843,GH013,F08
P0115,0.837268511241568,GH013,F08
P0115,0.8055235134367849,GH013,F08
P0115,0.8205560629690429,GH013,F08
P0115,0.8637145609431358,GH013,F08
P0115,0.808236452276613,GH013,F08
P0115,0.8668489830648968,GH013,F08
P0115,0.8626927382279616,GH013,F08
P0115,0.8245198800473645,GH013,F08
P0115,0.8144609399315182,GH013,F08
P0115,0.8344862139072654,GH013,F08
P0115,0.8514523494928936,GH013,F08
P0115,0.8507747638866271,GH013,F08
P0115,0.7024758319385608,GH013,F08
P0115,0.710070821602409,GH013,F08
P0115,0.7180281152687747,GH013,F08
P0115,0.6838223878112051,GH013,F08
P0115,0.8139165239030955,GH013,F08
P0115,0.872803767700422,GH013,F08
P0115,0.8018326680486098,GH013,F08
P0115,0.8677397556688026,GH013,F08
P0115,0.8759192558784354,GH013,F08
P0115,0.832563937908944,GH013,F08
P0115,0.7630552298492688,GH013,F08
P0115,0.8377959555706815,GH013,F08
P0115,0.7485050996256019,GH013,F08
P0115,0.8816833519019096,GH013,F08
P0115,0.8505855229262705,GH013,F08
P0115,0.8419481481851095,GH013,F08
P0115,0.7456736286068286,GH013,F08
P0115,0.8349431535690367,GH013,F08
P0116,0.8498508088771303,GH007,F04
P0116,0.8785569454191416,GH007,F04
P0116,0.8631303507962683,GH007,F04
P0116,0.8934473502368403,GH007,F04
P0116,0.7388855062165801,GH007,F04
P0116,0.8530804734305782,GH007,F04
P0116,0.8775018527333774,GH007,F04
P0116,0.7227011709191878,GH007,F04
P0116,0.737553181588696,GH007,F04
P0116,0.8096097167071644,GH007,F04
P0116,0.8413342400426291,GH007,F04
P0116,0.8217929454552296,GH007,F04
P0116,0.815631516214484,GH007,F04
P0116,0.7625797355346627,GH007,F04
P0116,0.660453555270756,GH007,F04
P0116,0.7104136705359585,GH007,F04
P0116,0.6599222522879267,GH007,F04
P0116,0.8089584714901604,GH007,F04
P0116,0.7327540587453237,GH007,F04
P0116,0.7502189679407487,GH007,F04
P0116,0.8209524534640266,GH007,F04
P0116,0.6863973510828084,GH007,F04
P0116,0.7878859351072093,GH007,F04
P0116,0.7507366641978674,GH007,F04
P0116,0.8313107534428174,GH007,F04
P0116,0.8115938581950629,GH007,F04
P0116,0.7511616833943862,GH007,F04
P0116,0.7280761494660253,GH007,F04
P0116,0.809397499358896,GH007,F04
P0116,0.8222953165673464,GH007,F04
P0116,0.6990767849272818,GH007,F04
P0116,0.7006681358063772,GH007,F04
P0116,0.7261708007803254,GH007,F04
P0116,0.71894670258097,GH007,F04
P0116,0.7200478875299168,GH007,F04
P0116,0.7217920918973283,GH007,F04
P0116,0.7265133927983013,GH007,F04
P0116,0.7274942707029347,GH007,F04
P0116,0.7525732371494542,GH007,F04
P0116,0.6789370515997155,GH007,F04
P0116,0.7396901205526905,GH007,F04
P0116,0.7178652080150673,GH007,F04
P0116,0.7686444611130454,GH007,F04
P0116,0.8344438441396123,GH007,F04
P0116,0.7267857887757289,GH007,F04
P0116,0.7474989491155932,GH007,F04
P0116,0.7211640908131287,GH007,F04
P0116,0.6966541274535164,GH007,F04
P0116,0.6264736177460754,GH007,F04
P0116,0.5769796917177618,GH007,F04
P0116,0.5668501729462634,GH007,F04
P0116,0.6672762758027442,GH007,F04
P0116,0.6794905280135699,GH007,F04
P0116,0.7539155953847645,GH007,F04
P0116,0.7193308307372913,GH007,F04
P0116,0.710010292617796,GH007,F04
P0116,0.7503167797903274,GH007,F04
P0116,0.7168307382383406,GH007,F04
P0116,0.699870737980673,GH007,F04
P0116,0.7423368567802417,GH007,F04
P0116,0.7243044088973241,GH007,F04
P0116,0.7710069723861541,GH007,F04
P0116,0.7415244376378718,GH007,F04
P0116,0.733642744210181,GH007,F04
P0116,0.7175340939242265,GH007,F04
P0116,0.7000187650413313,GH007,F04
P0116,0.7110320524895356,GH007,F04
P0116,0.67416977248161,GH007,F04
P0116,0.7260105152783557,GH007,F04
P0116,0.7086985160768917,GH007,F04
P0116,0.6902858546101208,GH007,F04
P0116,0.7384570357675,GH007,F04
P0116,0.7790900363029065,GH007,F04
P0116,0.7243396251193184,GH007,F04
P0116,0.7908285957644103,GH007,F04
P0116,0.8380205759524554,GH007,F04
P0116,0.7632436711409112,GH007,F04
P0116,0.7242265600192649,GH007,F04
P0116,0.8211742279580173,GH007,F04
P0116,0.8356813128024071,GH007,F04
P0116,0.7786209575855658,GH007,F04
P0116,0.8083447966559336,GH007,F04
P0116,0.7242431854604486,GH007,F04
P0116,0.7288782272775927,GH007,F04
P0116,0.6817388758540073,GH007,F04
P0116,0.6491996514878426,GH007,F04
P0116,0.6305296428446796,GH007,F04
P0116,0.6934644547379623,GH007,F04
P0116,0.7722444414408944,GH007,F04
P0116,0.7089798581874819,GH007,F04
P0116,0.8190940837201475,GH007,F04
P0116,0.7348787044038946,GH007,F04
P0116,0.7349020002679387,GH007,F04
P0116,0.8632510425570001,GH007,F04
P0116,0.8303369885675831,GH007,F04
P0116,0.8433733341952403,GH007,F04
P0116,0.7770013094078267,GH007,F04
P0116,0.8106542126457398,GH007,F04
P0116,0.8539002305448642,GH007,F04
P0116,0.7608558923339396,GH007,F04
P0116,0.8373255343257378,GH007,F04
P0116,0.7590248173257507,GH007,F04
P0116,0.7889457928199074,GH007,F04
P0116,0.7405902071048646,GH007,F04
P0116,0.8465340661821745,GH007,F04
P0116,0.850937313018395,GH007,F04
P0116,0.8472983257427594,GH007,F04
P0116,0.7416355735948476,GH007,F04
P0116,0.8381184693668202,GH007,F04
P0116,0.8629739935247681,GH007,F04
P0116,0.8018212579671828,GH007,F04
P0116,0.8460394323659186,GH007,F04
P0116,0.8468902531613772,GH007,F04
P0116,0.878333052510536,GH007,F04
P0116,0.8338031881028508,GH007,F04
P0116,0.8552701876105454,GH007,F04
P0116,0.8750540868265473,GH007,F04
P0116,0.852243970917512,GH007,F04
P0116,0.7443511209131608,GH007,F04
P0116,0.7635757562690334,GH007,F04
P0116,0.7212021305753271,GH007,F04
P0116,0.6644549741866566,GH007,F04
P0116,0.7350798959032221,GH007,F04
P0116,0.7407414085825847,GH007,F04
P0116,0.7589747489429364,GH007,F04
P0116,0.8713554466057065,GH007,F04
P0116,0.8700908422242589,GH007,F04
P0116,0.8649212211296208,GH007,F04
P0116,0.843054183682603,GH007,F04
P0116,0.8422301902720286,GH007,F04
P0116,0.8838103009120126,GH007,F04
P0116,0.84673528401949,GH007,F04
P0116,0.8360565656950768,GH007,F04
P0116,0.8877946943871587,GH007,F04
P0116,0.8772333284407378,GH007,F04
P0116,0.8498929083858207,GH007,F04
P0116,0.8118869771839962,GH007,F04
P0116,0.784055638937989,GH007,F04
P0116,0.7639887211382753,GH007,F04
P0116,0.7177371039087674,GH007,F04
P0116,0.8670786025988223,GH007,F04
P0116,0.9080834108685577,GH007,F04
P0116,0.8510931027763674,GH007,F04
P0116,0.8635811843030701,GH007,F04
P0116,0.8820876664267525,GH007,F04
P0116,0.8069260129023095,GH007,F04
P0116,0.8336779766840597,GH007,F04
P0116,0.8699288568446455,GH007,F04
P0116,0.8164801425579344,GH007,F04
P0116,0.8786492260492096,GH007,F04
P0116,0.8544223192721259,GH007,F04
P0116,0.8135740853630065,GH007,F04
P0116,0.8483428512757591,GH007,F04
P0116,0.7977199100300916,GH007,F04
P0116,0.8307558667922246,GH007,F04
P0116,0.831988031205599,GH007,F04
P0116,0.6910399407375727,GH007,F04
P0116,0.7417834097991868,GH007,F04
P0116,0.6375467054052323,GH007,F04
P0116,0.7637781322416279,GH007,F04
P0116,0.7287149078568239,GH007,F04
P0116,0.8047680173365803,GH007,F04
P0116,0.8787066879258594,GH007,F04
P0116,0.8029947888176049,GH007,F04
P0116,0.8281274807401585,GH007,F04
P0116,0.819673145990902,GH007,F04
P0116,0.8559229007249479,GH007,F04
P0116,0.8685037077798528,GH007,F04
P0116,0.8940891584191818,GH007,F04
P0116,0.8269145404661833,GH007,F04
P0116,0.8778724349792546,GH007,F04
P0116,0.8493915846065417,GH007,F04
P0116,0.7791422977006396,GH007,F04
P0116,0.8398984522096488,GH007,F04
P0116,0.7783421310116985,GH007,F04
P0116,0.7990576376354683,GH007,F04
P0116,0.8212804661774159,GH007,F04
P0116,0.7317128108898593,GH007,F04
P0116,0.765147718820564,GH007,F04
P0116,0.7534426727950693,GH007,F04
P0116,0.8580827161712099,GH007,F04
P0116,0.8776408104315881,GH007,F04
P0116,0.8215895782715295,GH007,F04
P0116,0.8666723011812137,GH007,F04
P0116,0.8777880983368728,GH007,F04
P0116,0.8532747396210603,GH007,F04
P0116,0.8496733195697409,GH007,F04
P0116,0.8320646376451362,GH007,F04
P0116,0.8518250216764619,GH007,F04
P0116,0.8452624915633914,GH007,F04
P0116,0.8390628895327907,GH007,F04
P0116,0.8903424358708154,GH007,F04
P0116,0.6966168495698825,GH007,F04
P0116,0.669996646340356,GH007,F04
P0116,0.756651266127685,GH007,F04
P0116,0.6811393380251295,GH007,F04
P0116,0.8286727342363469,GH007,F04
P0116,0.7621633903057734,GH007,F04
P0116,0.7482632808493522,GH007,F04
P0116,0.8868957445098331,GH007,F04
P0116,0.8335695066075213,GH007,F04
P0116,0.8612459655890351,GH007,F04
P0116,0.8647376274300944,GH007,F04
P0116,0.8790264896033976,GH007,F04
P0116,0.892170515865788,GH007,F04
P0116,0.8293040823056619,GH007,F04
P0116,0.844363189839413,GH007,F04
P0116,0.8582001720849958,GH007,F04
P0116,0.8730783117226207,GH007,F04
P0116,0.7770878951051456,GH007,F04
P0117,0.7308148070020644,GH020,F01
P0117,0.7730258795272511,GH020,F01
P0117,0.7482653145562455,GH020,F01
P0117,0.7808354119487831,GH020,F01
P0117,0.7551558092974122,GH020,F01
P0117,0.7478820575354104,GH020,F01
P0117,0.797792800640586,GH020,F01
P0117,0.7472188548262068,GH020,F01
P0117,0.6640429990481925,GH020,F01
P0117,0.7556630853664565,GH020,F01
P0117,0.7567586507657944,GH020,F01
P0117,0.7638994976063174,GH020,F01
P0117,0.6246439779137117,GH020,F01
P0117,0.6167805403330714,GH020,F01
P0117,0.599343792862338,GH020,F01
P0117,0.5416253282607225,GH020,F01
P0117,0.5904020205091166,GH020,F01
P0117,0.6691263741322144,GH020,F01
P0117,0.7426287357349697,GH020,F01
P0117,0.6960658150626858,GH020,F01
P0117,0.6631927035844265,GH020,F01
P0117,0.7998371218773921,GH020,F01
P0117,0.6753592726438192,GH020,F01
P0117,0.7878291218571469,GH020,F01
P0117,0.6720767449043269,GH020,F01
P0117,0.677203470584921,GH020,F01
P0117,0.7724092274614738,GH020,F01
P0117,0.6561164435727241,GH020,F01
P0117,0.634109232737151,GH020,F01
P0117,0.6188380382410472,GH020,F01
P0117,0.622756743405554,GH020,F01
P0117,0.6270580426789363,GH020,F01
P0117,0.6505496555904223,GH020,F01
P0117,0.6524622294326593,GH020,F01
P0117,0.6192102033625577,GH020,F01
P0117,0.6991187092375661,GH020,F01
P0117,0.6077274130971064,GH020,F01
P0117,0.6710915407313996,GH020,F01
P0117,0.6743439221181171,GH020,F01
P0117,0.7238697398081009,GH020,F01
P0117,0.6693630418589177,GH020,F01
P0117,0.664135037535109,GH020,F01
P0117,0.7111030633761118,GH020,F01
P0117,0.6964072115329257,GH020,F01
P0117,0.6738486641143939,GH020,F01
P0117,0.6740916741932327,GH020,F01
P0117,0.6611917283081489,GH020,F01
P0117,0.6699038591812857,GH020,F01
P0117,0.6101175319340276,GH020,F01
P0117,0.5054592614616673,GH020,F01
P0117,0.5096452201697268,GH020,F01
P0117,0.5926028787199009,GH020,F01
P0117,0.651388698492848,GH020,F01
P0117,0.6632293147323657,GH020,F01
P0117,0.6778311693037112,GH020,F01
P0117,0.6184282089378206,GH020,F01
P0117,0.6607036401330965,GH020,F01
P0117,0.6453523276522944,GH020,F01
P0117,0.6794869089077737,GH020,F01
P0117,0.6375413632058304,GH020,F01
P0117,0.6026063391463657,GH020,F01
P0117,0.6166281143134342,GH020,F01
P0117,0.7176834220382103,GH020,F01
P0117,0.6570481968771046,GH020,F01
P0117,0.631096590779168,GH020,F01
P0117,0.6322309445265566,GH020,F01
P0117,0.651835283586348,GH020,F01
P0117,0.6667736560061709,GH020,F01
P0117,0.6804950868995858,GH020,F01
P0117,0.645335289331837,GH020,F01
P0117,0.6555395510624349,GH020,F01
P0117,0.6699005615890395,GH020,F01
P0117,0.8113162088057291,GH020,F01
P0117,0.7656471633705525,GH020,F01
P0117,0.74005090542933,GH020,F01
P0117,0.6575293477047918,GH020,F01
P0117,0.636289793571895,GH020,F01
P0117,0.7276490774696031,GH020,F01
P0117,0.6808580134406331,GH020,F01
P0117,0.6547015617076982,GH020,F01
P0117,0.7549700653218234,GH020,F01
P0117,0.6497880986244102,GH020,F01
P0117,0.5994501846734116,GH020,F01
P0117,0.7547656456888333,GH020,F01
P0117,0.7111363511114576,GH020,F01
P0117,0.5767938610539102,GH020,F01
P0117,0.5872541907142973,GH020,F01
P0117,0.6260931621047271,GH020,F01
P0117,0.7004886354848816,GH020,F01
P0117,0.6558876252575597,GH020,F01
P0117,0.6587370967219413,GH020,F01
P0117,0.7171351300171468,GH020,F01
P0117,0.7298019469345464,GH020,F01
P0117,0.7863862366773234,GH020,F01
P0117,0.6466016109484337,GH020,F01
P0117,0.7906368725017883,GH020,F01
P0117,0.7552784547095334,GH020,F01
P0117,0.7647553097033949,GH020,F01
P0117,0.7498092875225149,GH020,F01
P0117,0.7820361352682096,GH020,F01
P0117,0.719276461480399,GH020,F01
P0117,0.7712940750454582,GH020,F01
P0117,0.6753746940236002,GH020,F01
P0117,0.713570084717465,GH020,F01
P0117,0.7139392083959637,GH020,F01
P0117,0.7592674427525897,GH020,F01
P0117,0.7967051253013108,GH020,F01
P0117,0.772881927298092,GH020,F01
P0117,0.7897450243174424,GH020,F01
P0117,0.7604297612481516,GH020,F01
P0117,0.7880818293317433,GH020,F01
P0117,0.8085761113071274,GH020,F01
P0117,0.8159029919589904,GH020,F01
P0117,0.7651423456766776,GH020,F01
P0117,0.7868473032898811,GH020,F01
P0117,0.7637087716030087,GH020,F01
P0117,0.7897177954930599,GH020,F01
P0117,0.7093756200728021,GH020,F01
P0117,0.7779844248481954,GH020,F01
P0117,0.7330025051774626,GH020,F01
P0117,0.7403132470028934,GH020,F01
P0117,0.6222378897318179,GH020,F01
P0117,0.6108200048611302,GH020,F01
P0117,0.7204768938650913,GH020,F01
P0117,0.7491718864557494,GH020,F01
P0117,0.7852994693352476,GH020,F01
P0117,0.7982799741106158,GH020,F01
P0117,0.7700592425498605,GH020,F01
P0117,0.8501782242880973,GH020,F01
P0117,0.7653319626119675,GH020,F01
P0117,0.7309199997024171,GH020,F01
P0117,0.7790048528262972,GH020,F01
P0117,0.736831653697506,GH020,F01
P0117,0.7712192730920304,GH020,F01
P0117,0.7903809534771432,GH020,F01
P0117,0.7706005269768375,GH020,F01
P0117,0.74605024383725,GH020,F01
P0117,0.7283979737766602,GH020,F01
P0117,0.7247611280412511,GH020,F01
P0117,0.6457068051337913,GH020,F01
P0117,0.7233388094966328,GH020,F01
P0117,0.7604936743446652,GH020,F01
P0117,0.7603104691851762,GH020,F01
P0117,0.7151248563762475,GH020,F01
P0117,0.7813660964850159,GH020,F01
P0117,0.7080608215343416,GH020,F01
P0117,0.7678867061169801,GH020,F01
P0117,0.7574209162901405,GH020,F01
P0117,0.7278715943028093,GH020,F01
P0117,0.734823220883665,GH020,F01
P0117,0.716583879494337,GH020,F01
P0117,0.7668125656608508,GH020,F01
P0117,0.755631099671012,GH020,F01
P0117,0.7461917133949201,GH020,F01
P0117,0.6309148505167669,GH020,F01
P0117,0.7189299625419046,GH020,F01
P0117,0.708641636229571,GH020,F01
P0117,0.6548769346394224,GH020,F01
P0117,0.5464767355241272,GH020,F01
P0117,0.6279552999318512,GH020,F01
P0117,0.7541541986071584,GH020,F01
P0117,0.7078071006141685,GH020,F01
P0117,0.729805791855268,GH020,F01
P0117,0.7770699432021932,GH020,F01
P0117,0.774943061206459,GH020,F01
P0117,0.8079917799402692,GH020,F01
P0117,0.7782950483371798,GH020,F01
P0117,0.7510064960279019,GH020,F01
P0117,0.7307522386249972,GH020,F01
P0117,0.7869347422379583,GH020,F01
P0117,0.7857506445100858,GH020,F01
P0117,0.7777674212723311,GH020,F01
P0117,0.8249727306330357,GH020,F01
P0117,0.781547881974966,GH020,F01
P0117,0.6331600431134964,GH020,F01
P0117,0.7091354730777092,GH020,F01
P0117,0.7802143474011499,GH020,F01
P0117,0.7795079883954128,GH020,F01
P0117,0.7068682789870498,GH020,F01
P0117,0.7903211947870291,GH020,F01
P0117,0.787848185349605,GH020,F01
P0117,0.7788219892260708,GH020,F01
P0117,0.8133281057597814,GH020,F01
P0117,0.7766107144308694,GH020,F01
P0117,0.7622837689648452,GH020,F01
P0117,0.7719345806300579,GH020,F01
P0117,0.7406571416396796,GH020,F01
P0117,0.7785652394950431,GH020,F01
P0117,0.7874281283795254,GH020,F01
P0117,0.6870398666124217,GH020,F01
P0117,0.7087078359864564,GH020,F01
P0117,0.7361894563632356,GH020,F01
P0117,0.7833795465703576,GH020,F01
P0117,0.616330541640994,GH020,F01
P0117,0.6401413575735494,GH020,F01
P0117,0.6680416460373915,GH020,F01
P0117,0.6269019334345997,GH020,F01
P0117,0.7739671003567047,GH020,F01
P0117,0.7798867764831592,GH020,F01
P0117,0.7634070060313817,GH020,F01
P0117,0.7735544211557268,GH020,F01
P0117,0.7904910003061073,GH020,F01
P0117,0.7512699305737346,GH020,F01
P0117,0.7641783576565335,GH020,F01
P0117,0.7523725167966858,GH020,F01
P0117,0.785444491077594,GH020,F01
P0117,0.7839342392656663,GH020,F01
P0117,0.6902428926542586,GH020,F01
P0117,0.7579006274597159,GH020,F01
P0117,0.7890727757800394,GH020,F01
P0118,0.7610518544465368,GH018,F06
P0118,0.7848660427318431,GH018,F06
P0118,0.6695201376668654,GH018,F06
P0118,0.7579387248450662,GH018,F06
P0118,0.7622569400391483,GH018,F06
P0118,0.682793032633146,GH018,F06
P0118,0.7649930113880711,GH018,F06
P0118,0.7826900296915258,GH018,F06
P0118,0.7621321453074092,GH018,F06
P0118,0.7753755150349102,GH018,F06
P0118,0.6855868209865967,GH018,F06
P0118,0.6704778573879744,GH018,F06
P0118,0.6776089470320822,GH018,F06
P0118,0.7093030103816491,GH018,F06
P0118,0.5808255593990956,GH018,F06
P0118,0.536026123399622,GH018,F06
P0118,0.6302965064075523,GH018,F06
P0118,0.7427710488119181,GH018,F06
P0118,0.6839840192794489,GH018,F06
P0118,0.7024301402268822,GH018,F06
P0118,0.7816514871845995,GH018,F06
P0118,0.6915165550272669,GH018,F06
P0118,0.7332058005409499,GH018,F06
P0118,0.676829864729528,GH018,F06
P0118,0.748460283300718,GH018,F06
P0118,0.6497875028266599,GH018,F06
P0118,0.6574065746266209,GH018,F06
P0118,0.7236098102278304,GH018,F06
P0118,0.6239199937123713,GH018,F06
P0118,0.6461595483605974,GH018,F06
P0118,0.7349097783298597,GH018,F06
P0118,0.6337818550806473,GH018,F06
P0118,0.6285834467195153,GH018,F06
P0118,0.5819117413848195,GH018,F06
P0118,0.6236060937661758,GH018,F06
P0118,0.7457677676604011,GH018,F06
P0118,0.6588180378818026,GH018,F06
P0118,0.6870783665515314,GH018,F06
P0118,0.6188895831330253,GH018,F06
P0118,0.6740899941139239,GH018,F06
P0118,0.6595016996144182,GH018,F06
P0118,0.6398638010543574,GH018,F06
P0118,0.6631430180067133,GH018,F06
P0118,0.6453766634633935,GH018,F06
P0118,0.6533802775227945,GH018,F06
P0118,0.6451751836885442,GH018,F06
P0118,0.653642910038296,GH018,F06
P0118,0.6243845721400308,GH018,F06
P0118,0.5619708620520262,GH018,F06
P0118,0.5493515478782937,GH018,F06
P0118,0.5319630453768943,GH018,F06
P0118,0.5972490520816094,GH018,F06
P0118,0.6232031368042307,GH018,F06
P0118,0.6465690898290711,GH018,F06
P0118,0.6743160931313786,GH018,F06
P0118,0.6791113381576103,GH018,F06
P0118,0.6179488043131496,GH018,F06
P0118,0.6450364616932857,GH018,F06
P0118,0.645381222499453,GH018,F06
P0118,0.6598431470103224,GH018,F06
P0118,0.6603810562405344,GH018,F06
P0118,0.6219577794086985,GH018,F06
P0118,0.6706710955599003,GH018,F06
P0118,0.6533177772733179,GH018,F06
P0118,0.6290674268835158,GH018,F06
P0118,0.6320091415657327,GH018,F06
P0118,0.6273478348086701,GH018,F06
P0118,0.6232243541279492,GH018,F06
P0118,0.6279019841036594,GH018,F06
P0118,0.7476913647549246,GH018,F06
P0118,0.7075282515305901,GH018,F06
P0118,0.6724899248439145,GH018,F06
P0118,0.6789686425678384,GH018,F06
P0118,0.6401113200849649,GH018,F06
P0118,0.7275025980570955,GH018,F06
P0118,0.6746129291432347,GH018,F06
P0118,0.7055324258534281,GH018,F06
P0118,0.6509866488276596,GH018,F06
P0118,0.7458491790597099,GH018,F06
P0118,0.6614403712642501,GH018,F06
P0118,0.699908852666007,GH018,F06
P0118,0.6312103152531598,GH018,F06
P0118,0.678966088779137,GH018,F06
P0118,0.6286081679232548,GH018,F06
P0118,0.7327772648411492,GH018,F06
P0118,0.5834844335028248,GH018,F06
P0118,0.5446341635542163,GH018,F06
P0118,0.6818698964692628,GH018,F06
P0118,0.7299660892638855,GH018,F06
P0118,0.7676221895527425,GH018,F06
P0118,0.7278241382898776,GH018,F06
P0118,0.7504173822524197,GH018,F06
P0118,0.6894913282265914,GH018,F06
P0118,0.6898160897124598,GH018,F06
P0118,0.8011428954126982,GH018,F06
P0118,0.7830331461741669,GH018,F06
P0118,0.6760582053303992,GH018,F06
P0118,0.7663819561631525,GH018,F06
P0118,0.762665133438165,GH018,F06
P0118,0.7766715415312105,GH018,F06
P0118,0.7859919679997706,GH018,F06
P0118,0.7556049352954851,GH018,F06
P0118,0.7701307910417656,GH018,F06
P0118,0.7609994249177565,GH018,F06
P0118,0.7648682474697647,GH018,F06
P0118,0.7635984727073007,GH018,F06
P0118,0.7418083298919171,GH018,F06
P0118,0.770162806482658,GH018,F06
P0118,0.7882740102488466,GH018,F06
P0118,0.791005421437834,GH018,F06
P0118,0.7838424898547612,GH018,F06
P0118,0.7741567278050381,GH018,F06
P0118,0.7951287532014095,GH018,F06
P0118,0.7189055503736138,GH018,F06
P0118,0.7789652686828521,GH018,F06
P0118,0.8033416228193406,GH018,F06
P0118,0.6784768669216882,GH018,F06
P0118,0.7770223078536338,GH018,F06
P0118,0.7521479588983022,GH018,F06
P0118,0.8101743118020375,GH018,F06
P0118,0.7021594685155599,GH018,F06
P0118,0.6696604311735371,GH018,F06
P0118,0.6272555549931955,GH018,F06
P0118,0.6833568676227595,GH018,F06
P0118,0.699320220826175,GH018,F06
P0118,0.766255576737053,GH018,F06
P0118,0.7907954964005908,GH018,F06
P0118,0.7620485740104216,GH018,F06
P0118,0.7642066039016041,GH018,F06
P0118,0.7458933381166366,GH018,F06
P0118,0.7345475334126197,GH018,F06
P0118,0.7834218765466421,GH018,F06
P0118,0.7684516138971358,GH018,F06
P0118,0.8024527837125008,GH018,F06
P0118,0.8039451085536302,GH018,F06
P0118,0.7620762799524048,GH018,F06
P0118,0.6736029835131025,GH018,F06
P0118,0.792331957649873,GH018,F06
P0118,0.7220182534731653,GH018,F06
P0118,0.7632219472786611,GH018,F06
P0118,0.7431170529774229,GH018,F06
P0118,0.7234715108175567,GH018,F06
P0118,0.7731239519163916,GH018,F06
P0118,0.7665281550118684,GH018,F06
P0118,0.770424945736956,GH018,F06
P0118,0.7971062612870566,GH018,F06
P0118,0.6896194019998895,GH018,F06
P0118,0.7926102662368497,GH018,F06
P0118,0.7036604485692926,GH018,F06
P0118,0.7030066850960164,GH018,F06
P0118,0.7759523636290087,GH018,F06
P0118,0.789673359560892,GH018,F06
P0118,0.7772762333390327,GH018,F06
P0118,0.7684136515772796,GH018,F06
P0118,0.6156426821393244,GH018,F06
P0118,0.7449935552236269,GH018,F06
P0118,0.6770215317136813,GH018,F06
P0118,0.6199001817643832,GH018,F06
P0118,0.5455004195877555,GH018,F06
P0118,0.7512911652039319,GH018,F06
P0118,0.6940550735983143,GH018,F06
P0118,0.7100260751396807,GH018,F06
P0118,0.7168334521892705,GH018,F06
P0118,0.7753748490716662,GH018,F06
P0118,0.7462863121829342,GH018,F06
P0118,0.7676302299997267,GH018,F06
P0118,0.7732309035699577,GH018,F06
P0118,0.800716724985322,GH018,F06
P0118,0.8141718951850501,GH018,F06
P0118,0.663862652394696,GH018,F06
P0118,0.7715464187561435,GH018,F06
P0118,0.8030251513291182,GH018,F06
P0118,0.7528816007097834,GH018,F06
P0118,0.736391053101879,GH018,F06
P0118,0.6921380752249973,GH018,F06
P0118,0.7447540024990255,GH018,F06
P0118,0.7728343384351782,GH018,F06
P0118,0.7743398388416607,GH018,F06
P0118,0.7741710510967352,GH018,F06
P0118,0.7477282750449014,GH018,F06
P0118,0.7631970680216008,GH018,F06
P0118,0.807263588876921,GH018,F06
P0118,0.7537161597339476,GH018,F06
P0118,0.7536961806997479,GH018,F06
P0118,0.790045915521901,GH018,F06
P0118,0.7762701461181425,GH018,F06
P0118,0.7935215338106396,GH018,F06
P0118,0.7833292638332782,GH018,F06
P0118,0.7617563690115184,GH018,F06
P0118,0.7740995007319214,GH018,F06
P0118,0.7673164421515497,GH018,F06
P0118,0.67697403831796,GH018,F06
P0118,0.7348150928962497,GH018,F06
P0118,0.6323535870128486,GH018,F06
P0118,0.6557057826809894,GH018,F06
P0118,0.6355158832694611,GH018,F06
P0118,0.6505452461385615,GH018,F06
P0118,0.809315495711423,GH018,F06
P0118,0.6902166820911896,GH018,F06
P0118,0.7806309553897615,GH018,F06
P0118,0.7300148655398284,GH018,F06
P0118,0.7693122093035011,GH018,F06
P0118,0.8036464765094968,GH018,F06
P0118,0.7431127190707039,GH018,F06
P0118,0.7923938813699724,GH018,F06
P0118,0.78755580098489,GH018,F06
P0118,0.8094734501873122,GH018,F06
P0118,0.7896012169419904,GH018,F06
P0118,0.7020705609055485,GH018,F06
P0118,0.6866068149483282,GH018,F06
P0119,0.7906377119761104,GH013,F08
P0119,0.8131108757298819,GH013,F08
P0119,0.8306290587610444,GH013,F08
P0119,0.8051650437412466,GH013,F08
P0119,0.8522201130311037,GH013,F08
P0119,0.8060181104201511,GH013,F08
P0119,0.7999758624262633,GH013,F08
P0119,0.8384274546354711,GH013,F08
P0119,0.7721031445237639,GH013,F08
P0119,0.7001699409456442,GH013,F08
P0119,0.6888730358355015,GH013,F08
P0119,0.69888121254751,GH013,F08
P0119,0.6938765221538281,GH013,F08
P0119,0.6773375808345719,GH013,F08
P0119,0.6443750449821283,GH013,F08
P0119,0.6654538706208019,GH013,F08
P0119,0.6168499704696547,GH013,F08
P0119,0.6581726642826298,GH013,F08
P0119,0.8065884466001775,GH013,F08
P0119,0.69891128916231815,GH013,F08
P0119,0.795949604646747,GH013,F08
P0119,0.7017566128663271,GH013,F08
P0119,0.8016965069571378,GH013,F08
P0119,0.6908837591265,GH013,F08
P0119,0.7241413266666278,GH013,F08
P0119,0.7009385154777303,GH013,F08
P0119,0.6996071054241201,GH013,F08
P0119,0.6892456348613152,GH013,F08
P0119,0.8070752881099191,GH013,F08
P0119,0.6971760686159318,GH013,F08
P0119,0.6850013304715,GH013,F08
P0119,0.7105850644703733,GH013,F08
P0119,0.6647386101855541,GH013,F08
P0119,0.6915138593059814,GH013,F08
P0119,0.6639135510818127,GH013,F08
P0119,0.6845246415927471,GH013,F08
P0119,0.7721549595802841,GH013,F08
P0119,0.6893713429610627,GH013,F08
P0119,0.6619601019357845,GH013,F08
P0119,0.7572681210693669,GH013,F08
P0119,0.7675893029074954,GH013,F08
P0119,0.7277382751263121,GH013,F08
P0119,0.6482758083047886,GH013,F08
P0119,0.7267061499469197,GH013,F08
P0119,0.76820281601898,GH013,F08
P0119,0.7780174804693858,GH013,F08
P0119,0.6533032446009709,GH013,F08
P0119,0.6636981964729473,GH013,F08
P0119,0.5925488182758036,GH013,F08
P0119,0.5965960044646679,GH013,F08
P0119,0.5384265847936504,GH013,F08
P0119,0.555575800656827,GH013,F08
P0119,0.6319807308542814,GH013,F08
P0119,0.6876539355612109,GH013,F08
P0119,0.6878201364406327,GH013,F08
P0119,0.6554955585572757,GH013,F08
P0119,0.6370470380703988,GH013,F08
P0119,0.6848270797244669,GH013,F08
P0119,0.6907994957707662,GH013,F08
P0119,0.7003316372327566,GH013,F08
P0119,0.724432786616621,GH013,F08
P0119,0.6605123371770191,GH013,F08
P0119,0.6710284707998594,GH013,F08
P0119,0.7643845100776795,GH013,F08
P0119,0.6656995370390056,GH013,F08
P0119,0.6801285431768809,GH013,F08
P0119,0.6487830142199867,GH013,F08
P0119,0.6523501847642216,GH013,F08
P0119,0.6650351740754059,GH013,F08
P0119,0.7517539289732149,GH013,F08
P0119,0.7466479463875815,GH013,F08
P0119,0.6701601121342109,GH013,F08
P0119,0.7028031139352151,GH013,F08
P0119,0.7223601984056276,GH013,F08
P0119,0.7020398689162499,GH013,F08
P0119,0.689540365421386,GH013,F08
P0119,0.7106457148030844,GH013,F08
P0119,0.66516492129438,GH013,F08
P0119,0.7598309456949289,GH013,F08
P0119,0.8211387708011643,GH013,F08
P0119,0.7672566805224731,GH013,F08
P0119,0.6623717255621039,GH013,F08
P0119,0.7655355738981188,GH013,F08
P0119,0.7212069961292824,GH013,F08
P0119,0.62764026416287,GH013,F08
P0119,0.6124277903803862,GH013,F08
P0119,0.5775260566264637,GH013,F08
P0119,0.6439950731721644,GH013,F08
P0119,0.6389195340251251,GH013,F08
P0119,0.7179108947784841,GH013,F08
P0119,0.722396052758105,GH013,F08
P0119,0.8154067320079599,GH013,F08
P0119,0.734486492839183,GH013,F08
P0119,0.78292508539133,GH013,F08
P0119,0.8224056464819345,GH013,F08
P0119,0.7871392136196244,GH013,F08
P0119,0.6999665069661056,GH013,F08
P0119,0.7228115182689154,GH013,F08
P0119,0.8164456789958215,GH013,F08
P0119,0.7965441411477032,GH013,F08
P0119,0.7081458337119875,GH013,F08
P0119,0.7537921592447977,GH013,F08
P0119,0.7460168260057102,GH013,F08
P0119,0.6969249962424213,GH013,F08
P0119,0.7336119899378944,GH013,F08
P0119,0.8128139918990768,GH013,F08
P0119,0.7238452934796497,GH013,F08
P0119,0.7985873028780751,GH013,F08
P0119,0.819576955852759,GH013,F08
P0119,0.8340081971479558,GH013,F08
P0119,0.818244779286317,GH013,F08
P0119,0.8528239231202873,GH013,F08
P0119,0.73835328184847,GH013,F08
P0119,0.8366289473473045,GH013,F08
P0119,0.709943591800422,GH013,F08
P0119,0.8340604963074321,GH013,F08
P0119,0.7904042497633073,GH013,F08
P0119,0.7165633189729693,GH013,F08
P0119,0.8090391651877987,GH013,F08
P0119,0.7915796254266714,GH013,F08
P0119,0.7487932900728507,GH013,F08
P0119,0.6412234098601386,GH013,F08
P0119,0.7007451990845633,GH013,F08
P0119,0.6520867728302261,GH013,F08
P0119,0.6942914944312557,GH013,F08
P0119,0.8187470602891566,GH013,F08
P0119,0.7816551888814204,GH013,F08
P0119,0.8162497163117511,GH013,F08
P0119,0.8226110656138717,GH013,F08
P0119,0.8285609721724818,GH013,F08
P0119,0.8267838291573923,GH013,F08
P0119,0.8226574871090304,GH013,F08
P0119,0.7708997405745526,GH013,F08
P0119,0.8508608248682905,GH013,F08
P0119,0.8136626174112794,GH013,F08
P0119,0.715847242547084,GH013,F08
P0119,0.7757493068706698,GH013,F08
P0119,0.8446256315938919,GH013,F08
P0119,0.6951204408948348,GH013,F08
P0119,0.7812073812847642,GH013,F08
P0119,0.8409370225660235,GH013,F08
P0119,0.7317137179077459,GH013,F08
P0119,0.7464644233116191,GH013,F08
P0119,0.6607187409553575,GH013,F08
P0119,0.7431261625122613,GH013,F08
P0119,0.7631406429999021,GH013,F08
P0119,0.7329194268182516,GH013,F08
P0119,0.8357786925454078,GH013,F08
P0119,0.8132204062964945,GH013,F08
P0119,0.8158657698085843,GH013,F08
P0119,0.811110445408101,GH013,F08
P0119,0.8375861040586939,GH013,F08
P0119,0.8003748227848834,GH013,F08
P0119,0.8218854781233316,GH013,F08
P0119,0.7164889503568267,GH013,F08
P0119,0.7444170629298363,GH013,F08
P0119,0.7073016822447249,GH013,F08
P0119,0.633792880370623,GH013,F08
P0119,0.5981523060873676,GH013,F08
P0119,0.7274787249673088,GH013,F08
P0119,0.6874612756858974,GH013,F08
P0119,0.7712459652205162,GH013,F08
P0119,0.7064348010494368,GH013,F08
P0119,0.8043527961024529,GH013,F08
P0119,0.8464817100193209,GH013,F08
P0119,0.688952354703099,GH013,F08
P0119,0.8090913690660442,GH013,F08
P0119,0.7188712187335263,GH013,F08
P0119,0.8364473008226022,GH013,F08
P0119,0.8508791500580488,GH013,F08
P0119,0.7279940170228881,GH013,F08
P0119,0.8773584050164724,GH013,F08
P0119,0.7654114655318458,GH013,F08
P0119,0.7129010030623701,GH013,F08
P0119,0.818710490833038,GH013,F08
P0119,0.7409606388133981,GH013,F08
P0119,0.7424389277523442,GH013,F08
P0119,0.7271265287662113,GH013,F08
P0119,0.7520092992687835,GH013,F08
P0119,0.8812470520556966,GH013,F08
P0119,0.866290582774261,GH013,F08
P0119,0.7157981522186478,GH013,F08
P0119,0.8285942864575871,GH013,F08
P0119,0.8448796880320932,GH013,F08
P0119,0.8247190474512298,GH013,F08
P0119,0.8558371020853048,GH013,F08
P0119,0.8291560041520128,GH013,F08
P0119,0.8444095646463742,GH013,F08
P0119,0.8136784554313379,GH013,F08
P0119,0.7825600240797004,GH013,F08
P0119,0.7508791492744182,GH013,F08
P0119,0.7202799820331581,GH013,F08
P0119,0.7770540994889757,GH013,F08
P0119,0.6740285773299471,GH013,F08
P0119,0.5957038375019235,GH013,F08
P0119,0.6496812688459934,GH013,F08
P0119,0.7299409863630967,GH013,F08
P0119,0.7738959419826681,GH013,F08
P0119,0.7779234778238228,GH013,F08
P0119,0.8300692855116503,GH013,F08
P0119,0.8236677022904454,GH013,F08
P0119,0.8123240826584153,GH013,F08
P0119,0.8205442522880825,GH013,F08
P0119,0.7737785264060044,GH013,F08
P0119,0.8390213974949732,GH013,F08
P0119,0.7471217563720033,GH013,F08
P0119,0.803295433575288,GH013,F08
P0119,0.841417618633024,GH013,F08
P0119,0.7404568436459982,GH013,F08
P0119,0.7747609482798061,GH013,F08
P0120,0.7757912246876286,GH009,F06
P0120,0.7666956926694996,GH009,F06
P0120,0.7626593213269182,GH009,F06
P0120,0.6629199730308086,GH009,F06
P0120,0.7982591916570745,GH009,F06
P0120,0.7684791511002099,GH009,F06
P0120,0.7650383647085953,GH009,F06
P0120,0.757304598078413,GH009,F06
P0120,0.7861967935266104,GH009,F06
P0120,0.684583363856578,GH009,F06
P0120,0.7808758310176526,GH009,F06
P0120,0.7695274197347144,GH009,F06
P0120,0.6261805116531043,GH009,F06
P0120,0.7234431945113483,GH009,F06
P0120,0.6528800512788143,GH009,F06
P0120,0.5948205496868076,GH009,F06
P0120,0.6783344312334355,GH009,F06
P0120,0.5939401905830265,GH009,F06
P0120,0.6578754441295492,GH009,F06
P0120,0.7059464309297666,GH009,F06
P0120,0.6789579106293042,GH009,F06
P0120,0.7398940607870018,GH009,F06
P0120,0.7421335175661005,GH009,F06
P0120,0.6876371958471253,GH009,F06
P0120,0.6622321717201419,GH009,F06
P0120,0.6764049993223143,GH009,F06
P0120,0.6746724174800254,GH009,F06
P0120,0.7500759795412005,GH009,F06
P0120,0.725350878743585,GH009,F06
P0120,0.6032476633291025,GH009,F06
P0120,0.6378723574848806,GH009,F06
P0120,0.6292854281084056,GH009,F06
P0120,0.6341846930963859,GH009,F06
P0120,0.6423928440550951,GH009,F06
P0120,0.6746195153788973,GH009,F06
P0120,0.6211504564886617,GH009,F06
P0120,0.6231667416686344,GH009,F06
P0120,0.613911247161307,GH009,F06
P0120,0.6511081720702813,GH009,F06
P0120,0.6840270713828626,GH009,F06
P0120,0.6671359913539167,GH009,F06
P0120,0.6476597031780161,GH009,F06
P0120,0.6653446609263001,GH009,F06
P0120,0.6327877290640698,GH009,F06
P0120,0.6102067718647185,GH009,F06
P0120,0.6117437581777825,GH009,F06
P0120,0.6068482267808721,GH009,F06
P0120,0.5697450453843471,GH009,F06
P0120,0.5744877005152657,GH009,F06
P0120,0.5870574706745774,GH009,F06
P0120,0.5406772214209954,GH009,F06
P0120,0.5604088189913973,GH009,F06
P0120,0.7042435473512206,GH009,F06
P0120,0.6769440380579093,GH009,F06
P0120,0.6711815775553811,GH009,F06
P0120,0.6931200886715277,GH009,F06
P0120,0.6872193368876092,GH009,F06
P0120,0.6889782693689409,GH009,F06
P0120,0.697756713015931,GH009,F06
P0120,0.6878636323163435,GH009,F06
P0120,0.6037367181168946,GH009,F06
P0120,0.6501135362621238,GH009,F06
P0120,0.678265065507161,GH009,F06
P0120,0.656208790079349,GH009,F06
P0120,0.6466129459166948,GH009,F06
P0120,0.6466463503076314,GH009,F06
P0120,0.6578473718565049,GH009,F06
P0120,0.6446731057268137,GH009,F06
P0120,0.6734688896320404,GH009,F06
P0120,0.6684649969393822,GH009,F06
P0120,0.6969039213696488,GH009,F06
P0120,0.6241233274976021,GH009,F06
P0120,0.7190099101786039,GH009,F06
P0120,0.6795047198981237,GH009,F06
P0120,0.6653587062308923,GH009,F06
P0120,0.6275994298429484,GH009,F06
P0120,0.6404058790776257,GH009,F06
P0120,0.6622583398596388,GH009,F06
P0120,0.6880907635681625,GH009,F06
P0120,0.6565547105209455,GH009,F06
P0120,0.6691825167792373,GH009,F06
P0120,0.7392608108655989,GH009,F06
P0120,0.6352320803419543,GH009,F06
P0120,0.6511524537082427,GH009,F06
P0120,0.7033676811051052,GH009,F06
P0120,0.5852775844557502,GH009,F06
P0120,0.5489955110511553,GH009,F06
P0120,0.5677137249032583,GH009,F06
P0120,0.7338490596808873,GH009,F06
P0120,0.6941025283427693,GH009,F06
P0120,0.7772663317097344,GH009,F06
P0120,0.6611170552377057,GH009,F06
P0120,0.6120339489228646,GH009,F06
P0120,0.7608954164246307,GH009,F06
P0120,0.7537128851933708,GH009,F06
P0120,0.7360604907202721,GH009,F06
P0120,0.7837357266719955,GH009,F06
P0120,0.7951330760973168,GH009,F06
P0120,0.6185804839446228,GH009,F06
P0120,0.7602320926962325,GH009,F06
P0120,0.7311341907335206,GH009,F06
P0120,0.7682975741559643,GH009,F06
P0120,0.6917265716843988,GH009,F06
P0120,0.810071279149588,GH009,F06
P0120,0.7001375601562587,GH009,F06
P0120,0.7880206125063529,GH009,F06
P0120,0.69975278752518,GH009,F06
P0120,0.7547640593712827,GH009,F06
P0120,0.7513040296193417,GH009,F06
P0120,0.7818960570052916,GH009,F06
P0120,0.8093497090096466,GH009,F06
P0120,0.7767779587989883,GH009,F06
P0120,0.7988174039356033,GH009,F06
P0120,0.7798234436057315,GH009,F06
P0120,0.7907773153746301,GH009,F06
P0120,0.798522901513571,GH009,F06
P0120,0.6763995299383636,GH009,F06
P0120,0.7926618238144864,GH009,F06
P0120,0.7843066721795419,GH009,F06
P0120,0.702550113847214,GH009,F06
P0120,0.6703206078378303,GH009,F06
P0120,0.7605212839824687,GH009,F06
P0120,0.6866691450298718,GH009,F06
P0120,0.6417258998420874,GH009,F06
P0120,0.6440258097079639,GH009,F06
P0120,0.780739477162107,GH009,F06
P0120,0.8011054705602191,GH009,F06
P0120,0.7824126990914065,GH009,F06
P0120,0.7799001563872874,GH009,F06
P0120,0.7629847778881097,GH009,F06
P0120,0.8021273489498715,GH009,F06
P0120,0.8019934226211569,GH009,F06
P0120,0.8287862072204247,GH009,F06
P0120,0.7826325788717741,GH009,F06
P0120,0.8095754173507199,GH009,F06
P0120,0.7415440236041839,GH009,F06
P0120,0.760392047420507,GH009,F06
P0120,0.8119212645573475,GH009,F06
P0120,0.6847468739567744,GH009,F06
P0120,0.7626715669231009,GH009,F06
P0120,0.8107092598605177,GH009,F06
P0120,0.800215487454435,GH009,F06
P0120,0.7355546650933829,GH009,F06
P0120,0.7471383832900819,GH009,F06
P0120,0.752638657844007,GH009,F06
P0120,0.7638339420953311,GH009,F06
P0120,0.7532398949948685,GH009,F06
P0120,0.7925242018132297,GH009,F06
P0120,0.8068988490797033,GH009,F06
P0120,0.777851491175432,GH009,F06
P0120,0.7557109992324028,GH009,F06
P0120,0.7820840129150519,GH009,F06
P0120,0.7375594619450275,GH009,F06
P0120,0.7325847095339892,GH009,F06
P0120,0.6693605634922377,GH009,F06
P0120,0.7913212512740676,GH009,F06
P0120,0.6590524364892173,GH009,F06
P0120,0.6412612471827414,GH009,F06
P0120,0.5494193807403743,GH009,F06
P0120,0.6443410975817002,GH009,F06
P0120,0.7313814893349379,GH009,F06
P0120,0.7692661342869882,GH009,F06
P0120,0.7569432509169133,GH009,F06
P0120,0.798887188122567,GH009,F06
P0120,0.7322688606540473,GH009,F06
P0120,0.7733303566253157,GH009,F06
P0120,0.7164282342126369,GH009,F06
P0120,0.7991295815134623,GH009,F06
P0120,0.7772849918460548,GH009,F06
P0120,0.7983529329456958,GH009,F06
P0120,0.7243124961530945,GH009,F06
P0120,0.796795636940346,GH009,F06
P0120,0.7615588748922412,GH009,F06
P0120,0.6654392051762569,GH009,F06
P0120,0.7401594691260233,GH009,F06
P0120,0.684410749831126,GH009,F06
P0120,0.7253250517469848,GH009,F06
P0120,0.7500306060450217,GH009,F06
P0120,0.7739427694330411,GH009,F06
P0120,0.7634340163833112,GH009,F06
P0120,0.8274312684448428,GH009,F06
P0120,0.7869984633894291,GH009,F06
P0120,0.7909589537772218,GH009,F06
P0120,0.7554416885884091,GH009,F06
P0120,0.8019388735637138,GH009,F06
P0120,0.7958165960953576,GH009,F06
P0120,0.7687538341547896,GH009,F06
P0120,0.7917787357985314,GH009,F06
P0120,0.7166441225288747,GH009,F06
P0120,0.7927068669838355,GH009,F06
P0120,0.6690499124832135,GH009,F06
P0120,0.7873008928717689,GH009,F06
P0120,0.6117016180545634,GH009,F06
P0120,0.690854653216928,GH009,F06
P0120,0.5827848869388637,GH009,F06
P0120,0.7020990520438157,GH009,F06
P0120,0.6776145945222412,GH009,F06
P0120,0.78437315848326,GH009,F06
P0120,0.7602439149140718,GH009,F06
P0120,0.8091662302775893,GH009,F06
P0120,0.7694904301954322,GH009,F06
P0120,0.7702946414478192,GH009,F06
P0120,0.7746520305620586,GH009,F06
P0120,0.803512016592874,GH009,F06
P0120,0.7796998529621693,GH009,F06
P0120,0.6992269229265886,GH009,F06
P0120,0.7974361976729542,GH009,F06
P0120,0.7834104407885165,GH009,F06
P0120,0.7568785513690404,GH009,F06
P0120,0.6839578211401455,GH009,F06
