date,plot_id,greenhouse_id,farm_id,blossom_count,pest_severity,disease_severity,leaf_color,notes_flag,blossom_norm,notes_penalty,leaf_penalty,risk_score,risk_level
2026-02-15,P0001,GH003,F08,37.6339496,0.148770002,0.429695891,Good,Minor,0.5693421703333957,0.1,0,0.45930108571667916,Moderate
2026-03-01,P0001,GH003,F08,28.54586284,0.688223423,0.327178448,Good,None,0.3943512510657096,0,0,0.46697874986314186,Moderate
2026-03-15,P0001,GH003,F08,32.55941033,0.451005787,0.345002452,Good,None,0.4716320235040675,0,0,0.4074295335508135,Moderate
2026-03-29,P0001,GH003,F08,44.69859722,0.346397238,0.172817211,Fair,None,0.7053718115519697,0,0.1,0.44008114056039394,Moderate
2026-04-12,P0001,GH003,F08,31.18713856,0.234205596,0.106117361,Good,Minor,0.44520895945781336,0.1,0,0.3187665629415627,Moderate
2026-04-26,P0001,GH003,F08,31.78024644,0.713236513,0.137537387,Poor,Minor,0.4566292392028219,0.1,0.25,0.7528504515405644,High
2026-05-10,P0001,GH003,F08,38.21196754,0.385214473,0.264684747,Fair,None,0.5804718936013341,0,0.1,0.4700275804202668,Moderate
2026-05-24,P0001,GH003,F08,32.76035549,0.21243251,0.162179057,Poor,None,0.47550121833015135,0,0.25,0.49243219781603026,Moderate
2026-06-07,P0001,GH003,F08,45.228126520000004,0.046891418,0.21010402,Excellent,Moderate,0.7155678870773506,0,0,0.2540723827154701,Low
2026-06-21,P0001,GH003,F08,32.48840681,0.395722615,0.174912089,Good,Minor,0.4702648522210283,0.1,0,0.41126632574420563,Moderate
2026-07-05,P0001,GH003,F08,43.05224817,0.434534668,0.435930765,Fair,Minor,0.6736713952483975,0.1,0.1,0.6829902570996794,High
2026-07-19,P0001,GH003,F08,41.32947299,0.369326389,0.265030388,Fair,Moderate,0.6404993954203771,0,0.1,0.4766277898340754,Moderate
2026-08-02,P0001,GH003,F08,39.12134963,0.16367815,0.320924485,Poor,None,0.5979820266026028,0,0.25,0.5712997760705205,Moderate
2026-08-16,P0001,GH003,F08,25.38677798,0.166730037,0.111976026,Good,Minor,0.33352313858232596,0.1,0,0.27544935236646517,Low
2026-08-30,P0001,GH003,F08,52.15100521,0.513410014,0.310184961,Fair,Minor,0.8488677705328839,0.1,0.1,0.6890502914565767,High
2026-02-15,P0002,GH013,F08,29.5043192,0.489285985,0.087146632,Excellent,Minor,0.4128063081028588,0.1,0,0.3930273407705718,Moderate
2026-03-01,P0002,GH013,F08,36.26601943,0.268171093,0.095671326,Good,None,0.5430027037037547,0,0,0.24551251999075097,Low
2026-03-15,P0002,GH013,F08,36.39704991,0.2265334,0.299237668,Good,None,0.5455256928380801,0,0,0.32304877916761604,Moderate
2026-03-29,P0002,GH013,F08,17.88086476,0.16717456,0.077607777,Fair,None,0.188996937523999,0,0.1,0.23123398315479982,Low
2026-04-12,P0002,GH013,F08,29.72855022,0.499988512,0.076097179,Fair,Minor,0.41712387167309595,0.1,0.1,0.49266448408461916,Moderate
2026-04-26,P0002,GH013,F08,31.16238918,0.187007703,0.230989034,Excellent,Minor,0.4447324106668658,0.1,0,0.3583442434833731,Moderate
2026-05-10,P0002,GH013,F08,32.07915276,0.223567709,0.071669477,Poor,Severe,0.4623846741027107,0,0.25,0.45297689762054216,Moderate
2026-05-24,P0002,GH013,F08,31.65026464,0.282286828,0.359177228,Fair,None,0.45412644237982286,0,0.1,0.45125543087596454,Moderate
2026-06-07,P0002,GH013,F08,50.5573996,0.342993591,0.184837174,Fair,Moderate,0.8181829280563093,0,0.1,0.4668610707612618,Moderate
2026-06-21,P0002,GH013,F08,21.85490761,0.014087557,0.156938286,Poor,Moderate,0.26551704895069445,0,0.25,0.3786562834401389,Moderate
2026-07-05,P0002,GH013,F08,48.04381236,0.134725698,0.177038073,Fair,Minor,0.769783858658877,0.1,0.1,0.48077789888177536,Moderate
2026-07-19,P0002,GH013,F08,44.80537089,0.197255144,0.433227888,Good,Minor,0.7074277363203292,0.1,0,0.5054773972640658,Moderate
2026-08-02,P0002,GH013,F08,32.14377939,0.458757522,0.099032203,Fair,None,0.4636290585030278,0,0.1,0.39785543575060556,Moderate
2026-08-16,P0002,GH013,F08,29.51094571,0.015996989,0.182175031,Excellent,Moderate,0.4129339014134266,0,0,0.17016449038268533,Low
2026-08-30,P0002,GH013,F08,41.65361223,0.10503981,0.179167411,Excellent,None,0.6467406896637355,0,0,0.2467374063827471,Low
2026-02-15,P0003,GH003,F08,37.25960091,0.022996632,0.010660184,Good,Severe,0.5621340941871515,0,0,0.12527272283743032,Low
2026-03-01,P0003,GH003,F08,39.75008202,0.168765671,0.134077775,Good,None,0.6100882555377973,0,0,0.24142063470755948,Low
2026-03-15,P0003,GH003,F08,36.92054736,0.229676049,0.206163895,Good,Severe,0.5556056252186761,0,0,0.2842814949437352,Low
2026-03-29,P0003,GH003,F08,35.27877083,0.075111025,0.216108912,Fair,Minor,0.5239932526914565,0.1,0.1,0.42833651968829134,Moderate
2026-04-12,P0003,GH003,F08,29.83824841,0.227498104,0.315156514,Good,Minor,0.4192361080124969,0.1,0,0.4052919893024993,Moderate
2026-04-26,P0003,GH003,F08,41.81001343,0.140608411,0.248060238,Excellent,Moderate,0.6497521914776299,0,0,0.290790489245526,Low
2026-05-10,P0003,GH003,F08,28.19183565,0.214800446,0.370425321,Good,Minor,0.3875344649742159,0.1,0,0.4193784435448432,Moderate
2026-05-24,P0003,GH003,F08,36.98935759,0.142379102,0.374073508,Fair,Moderate,0.5569305647489321,0,0.1,0.4295518772497864,Moderate
2026-06-07,P0003,GH003,F08,21.84749751,0.242076975,0.075955946,Poor,None,0.2653743676311704,0,0.25,0.4219819904762341,Moderate
2026-06-21,P0003,GH003,F08,31.82717757,0.762037683,0.115603057,Excellent,None,0.4575328971231136,0,0,0.41024114412462265,Moderate
2026-07-05,P0003,GH003,F08,24.64077559,0.097388306,0.533368136,Good,Minor,0.31915887826556033,0.1,0,0.437933343953112,Moderate
2026-07-19,P0003,GH003,F08,39.78894972,0.378909096,0.211860756,Good,Minor,0.6108366522831669,0.1,0,0.45012285425663334,Moderate
2026-08-02,P0003,GH003,F08,36.77530355,0.06707589,0.236861119,Fair,Minor,0.5528089587143785,0.1,0.1,0.4406258567928757,Moderate
2026-08-16,P0003,GH003,F08,23.65831254,0.139609482,0.388745518,Good,Moderate,0.3002415729177805,0,0,0.2838471163835561,Low
2026-08-30,P0003,GH003,F08,28.48012066,0.203756151,0.044750462,Poor,Minor,0.3930853867736238,0.1,0.25,0.5200694381047247,Moderate
2026-02-15,P0004,GH002,F01,25.91192185,0.092946095,0.104534861,Fair,None,0.34363477274536613,0,0.1,0.24829877524907326,Low
2026-03-01,P0004,GH002,F01,38.83809254,0.404819278,0.004516555,Good,None,0.5925279172969617,0,0,0.26222478050939235,Low
2026-03-15,P0004,GH002,F01,20.8853379,0.203439342,0.196218533,Fair,Severe,0.24684800459322132,0,0.1,0.30887171046864426,Moderate
2026-03-29,P0004,GH002,F01,38.76654476,0.059959284,0.245028165,Good,None,0.5911502662990787,0,0,0.24947847690981576,Low
2026-04-12,P0004,GH002,F01,17.32372256,0.314188147,0.047492991,Poor,Moderate,0.17826917619034494,0,0.25,0.416991532638069,Moderate
2026-04-26,P0004,GH002,F01,22.00947733,0.338727858,0.24172371,Fair,None,0.26849328565573977,0,0.1,0.38102907693114796,Moderate
2026-05-10,P0004,GH002,F01,36.16522053,0.295428545,0.267687024,Fair,Minor,0.5410618230059816,0.1,0.1,0.5320715161511963,Moderate
2026-05-24,P0004,GH002,F01,32.43004482,0.235548073,0.151132002,Fair,None,0.46914109333204607,0,0.1,0.34427944511640923,Moderate
2026-06-07,P0004,GH002,F01,34.86192824,0.294004795,0.393508665,Good,Moderate,0.5159669573951708,0,0,0.38317396897903416,Moderate
2026-06-21,P0004,GH002,F01,20.65445006,0.44856825,0.137420038,Excellent,None,0.24240226409400423,0,0,0.26731835741880083,Low
2026-07-05,P0004,GH002,F01,33.52678427,0.225877455,0.140735209,Excellent,Minor,0.4902587883564097,0.1,0,0.3404397109712819,Moderate
2026-07-19,P0004,GH002,F01,43.002623,0.451999125,0.063355821,Good,None,0.672715863644613,0,0,0.3212529859289226,Moderate
2026-08-02,P0004,GH002,F01,37.94137683,0.143255228,0.091858364,Good,None,0.575261675175977,0,0,0.20652792863519542,Low
2026-08-16,P0004,GH002,F01,34.39994904,0.319945768,0.238054766,Good,Severe,0.5070715576234207,0,0,0.32051997502468416,Moderate
2026-08-30,P0004,GH002,F01,31.83217468,0.274596606,0.132986377,Good,Minor,0.45762911637097886,0.1,0,0.34747850502419575,Moderate
2026-02-15,P0005,GH004,F01,60,0.352715672,0.293576103,Excellent,Moderate,1,0,0,0.45555973155,Moderate
2026-03-01,P0005,GH004,F01,40.55286986,0.27123945,0.081630225,Good,None,0.6255459184990299,0,0,0.256776592449806,Low
2026-03-15,P0005,GH004,F01,32.04016266,0.258405589,0.115982287,Good,None,0.4616339205479175,0,0,0.2349607694095835,Low
2026-03-29,P0005,GH004,F01,52.7557779,0.355035615,0.049848494,Poor,Moderate,0.8605126559489086,0,0.25,0.5687968187397817,Moderate
2026-04-12,P0005,GH004,F01,38.80805967,0.155249323,0.036528906,Fair,Moderate,0.5919496350172768,0,0.1,0.2891651977534554,Low
2026-04-26,P0005,GH004,F01,50.89257677,0.307872555,0.20582976,Poor,Minor,0.8246367574094792,0.1,0.25,0.7153061377318959,High
2026-05-10,P0005,GH004,F01,47.62056206,0.475102715,0.152610275,Good,None,0.7616341830414181,0,0,0.3872874106082836,Moderate
2026-05-24,P0005,GH004,F01,47.29434897,0.486937329,0.278755784,Good,None,0.7553529568599624,0,0,0.44693875932199245,Moderate
2026-06-07,P0005,GH004,F01,37.02265254,0.204176678,0.115935984,Good,Moderate,0.5575716583103533,0,0,0.23514736176207066,Low
2026-06-21,P0005,GH004,F01,35.0664784,0.154050094,0.171372757,Good,Minor,0.5199055664203727,0.1,0,0.33501638683407453,Moderate
2026-07-05,P0005,GH004,F01,37.091217,0.054490017,0.226128808,Good,Minor,0.5588918655444325,0.1,0,0.33260784265888654,Moderate
2026-07-19,P0005,GH004,F01,37.67626981,0.356562424,0.12451694,Good,None,0.5701570450861431,0,0,0.29486088041722863,Low
2026-08-02,P0005,GH004,F01,46.20554592,0.302515738,0.116730261,Good,None,0.7343880770505447,0,0,0.3052867411601089,Moderate
2026-08-16,P0005,GH004,F01,46.11840875,0.024649664,0.285685087,Good,Minor,0.7327102526763544,0.1,0,0.38372772208527084,Moderate
2026-08-30,P0005,GH004,F01,52.77024711,0.243852203,0.224412032,Excellent,None,0.8607912602828947,0,0,0.35849193750657893,Moderate
2026-02-15,P0006,GH008,F05,33.75009866,0.306468012,0.183483101,Excellent,None,0.4945587022352911,0,0,0.28874294009705825,Low
2026-03-01,P0006,GH008,F05,45.42911307,0.218616133,0.291220531,Good,None,0.719437878867013,0,0,0.35145246127340263,Moderate
2026-03-15,P0006,GH008,F05,39.04131085,0.216861745,0.025901929,Fair,None,0.5964408815784478,0,0.1,0.3068456551156895,Moderate
2026-03-29,P0006,GH008,F05,39.21491211,0.100368589,0.107469881,Good,Minor,0.5997835701855961,0.1,0,0.30344716663711924,Moderate
2026-04-12,P0006,GH008,F05,30.47538686,0.230093749,0.244872163,Fair,None,0.4315041954560513,0,0.1,0.3770261245912103,Moderate
2026-04-26,P0006,GH008,F05,49.67109993,0.509618661,0.255730325,Excellent,Minor,0.8011172465662763,0.1,0,0.5536686269132552,Moderate
2026-05-10,P0006,GH008,F05,59.20163928,0.201325181,0.226815285,Excellent,None,0.9846275811411805,0,0,0.3694562078282361,Moderate
2026-05-24,P0006,GH008,F05,46.54688682,0.10832883,0.117910107,Fair,Minor,0.7409605888951234,0.1,0.1,0.4391667564290247,Moderate
2026-06-07,P0006,GH008,F05,38.01836954,0.321488811,0.083184466,Fair,Moderate,0.5767441681863992,0,0.1,0.36530292718727986,Moderate
2026-06-21,P0006,GH008,F05,28.354863,0.372435793,0.341432131,Good,None,0.3906735531668857,0,0,0.3621316971333771,Moderate
2026-07-05,P0006,GH008,F05,48.03785005,0.276729895,0.408739888,Excellent,Minor,0.7696690545053284,0.1,0,0.5347222237510657,Moderate
2026-07-19,P0006,GH008,F05,43.95383643,0.158263552,0.424002437,Fair,Moderate,0.6910314582170695,0,0.1,0.4843996314934139,Moderate
2026-08-02,P0006,GH008,F05,38.69358438,0.284391747,0.246716054,Good,Minor,0.5897454157179295,0.1,0,0.4285084188935858,Moderate
2026-08-16,P0006,GH008,F05,34.25880272,0.401244004,0.182066765,Good,None,0.5043537882028247,0,0,0.32323620329056496,Moderate
2026-08-30,P0006,GH008,F05,35.32848713,0.381986553,0.018870315,Good,None,0.5249505390014727,0,0,0.24717704310029454,Low
2026-02-15,P0007,GH008,F05,30.8153505,0.219423586,0.460744522,Fair,Minor,0.43805018818832014,0.1,0.1,0.571743327637664,Moderate
2026-03-01,P0007,GH008,F05,35.19369122,0.302968015,0.366322448,Fair,Moderate,0.5223550465917562,0,0.1,0.47535491616835124,Moderate
2026-03-15,P0007,GH008,F05,31.77791599,0.374966011,0.177914303,Good,None,0.4565843664371259,0,0,0.3026164134874252,Moderate
2026-03-29,P0007,GH008,F05,26.95451736,0.213105544,0.428857737,Poor,None,0.3637099273447114,0,0.25,0.5903149075189422,Moderate
2026-04-12,P0007,GH008,F05,16.97419667,0.56813147,0.318108942,Good,Minor,0.17153906253560294,0.1,0,0.47630285090712055,Moderate
2026-04-26,P0007,GH008,F05,43.7337509,0.401644101,0.406212691,Good,Minor,0.6867937159695233,0.1,0,0.5607298894939047,Moderate
2026-05-10,P0007,GH008,F05,16.89903332,0.81490807,0.312321844,Fair,Moderate,0.17009179381347436,0,0.1,0.5597810130626949,Moderate
2026-05-24,P0007,GH008,F05,33.97467315,0.488288344,0.280159398,Fair,Minor,0.49888287931314856,0.1,0.1,0.5967492253626298,Moderate
2026-06-07,P0007,GH008,F05,34.86929866,0.406652376,0.191171996,Good,Minor,0.5161088746771301,0.1,0,0.431577504735426,Moderate
2026-06-21,P0007,GH008,F05,20.43032942,0.582219109,0.26566728,Good,Moderate,0.23808682588834365,0,0,0.3709443293276687,Moderate
2026-07-05,P0007,GH008,F05,30.25334335,0.257071658,0.231668672,Fair,Minor,0.427228752344819,0.1,0.1,0.4796717331689637,Moderate
2026-07-19,P0007,GH008,F05,32.82580365,0.68038456,0.441280601,Fair,Minor,0.47676142127332594,0.1,0.1,0.7320631507046651,High
2026-08-02,P0007,GH008,F05,28.1338781,0.63224491,0.348391676,Good,None,0.3864184935689206,0,0,0.4553456714137841,Moderate
2026-08-16,P0007,GH008,F05,39.339241,0.203157998,0.299557914,Fair,Moderate,0.6021775203455341,0,0.1,0.42634186466910684,Moderate
2026-08-30,P0007,GH008,F05,29.72525004,0.479969325,0.544431117,Excellent,None,0.4170603267766617,0,0,0.49639533175533235,Moderate
2026-02-15,P0008,GH009,F06,28.37731392,0.561353114,0.331747435,Good,None,0.3911058451589138,0,0,0.42398110468178274,Moderate
2026-03-01,P0008,GH009,F06,23.92062702,0.324216222,0.443700732,Good,Minor,0.3052924327086948,0.1,0,0.47419949364173897,Moderate
2026-03-15,P0008,GH009,F06,15.91472937,0.393543533,0.14957086,Fair,None,0.15113904197494385,0,0.1,0.3352749319449888,Moderate
2026-03-29,P0008,GH009,F06,26.36728245,0.240682359,0.253176019,Excellent,None,0.3524027315134321,0,0,0.2686485805026864,Low
2026-04-12,P0008,GH009,F06,42.778536,0.306263689,0.197197374,Fair,Minor,0.6684010731764444,0.1,0.1,0.5296113240852889,Moderate
2026-04-26,P0008,GH009,F06,33.06226012,0.24204362200000001,0.232785904,Excellent,None,0.48131438562597834,0,0,0.2857318016251957,Low
2026-05-10,P0008,GH009,F06,27.68184679,0.181776155,0.21122944,Good,None,0.3777146402097261,0,0,0.2342178302919452,Low
2026-05-24,P0008,GH009,F06,35.08948812,0.229867695,0.126557684,Poor,Severe,0.5203486180946385,0,0.25,0.4914743746689277,Moderate
2026-06-07,P0008,GH009,F06,36.43516783,0.334262939,0.052914028,Excellent,None,0.5462596525853318,0,0,0.2500552717670664,Low
2026-06-21,P0008,GH009,F06,38.10460062,0.27453599,0.141314458,Good,Severe,0.5784045458167119,0,0,0.2753600117633424,Low
2026-07-05,P0008,GH009,F06,29.34326922,0.118936991,0.102926438,Fair,Severe,0.4097052941279171,0,0.1,0.26988590277558344,Low
2026-07-19,P0008,GH009,F06,34.11545053,0.233418954,0.199687685,Fair,None,0.5015935448018103,0,0.1,0.3718748011103621,Moderate
2026-08-02,P0008,GH009,F06,30.34356084,0.259670766,0.34596903,Excellent,None,0.42896588821577136,0,0,0.33236400924315423,Moderate
2026-08-16,P0008,GH009,F06,34.05259228,0.392920369,0.083049242,Fair,None,0.5003832105211704,0,0.1,0.3749709301542341,Moderate
2026-08-30,P0008,GH009,F06,25.38567424,0.254232283,0.240928329,Good,None,0.3335018860918586,0,0,0.26409942431837174,Low
2026-02-15,P0009,GH018,F06,36.23519622,0.092364280000000007,0.225680635,Good,None,0.5424092034440058,0,0,0.24236562443880116,Low
2026-03-01,P0009,GH018,F06,34.54622974,0.177675018,0.071403821,Good,None,0.5098881894228425,0,0,0.19629561363456852,Low
2026-03-15,P0009,GH018,F06,30.32278911,0.281854856,0.018646841,Good,None,0.42856592899184776,0,0,0.19275346384836956,Low
2026-03-29,P0009,GH018,F06,8.683706575,0.431993724,0.135780644,Excellent,None,0.01190585026379388,0,0,0.2146802632527588,Low
2026-04-12,P0009,GH018,F06,16.91764966,0.28600341,0.15380013,Good,None,0.170450251048317,0,0,0.20340130220966343,Low
2026-04-26,P0009,GH018,F06,38.86843481,0.430720048,0.145468264,Good,Moderate,0.5931121570671339,0,0,0.3348351670134268,Moderate
2026-05-10,P0009,GH018,F06,37.73598042,0.59360609,0.151302852,Fair,Moderate,0.571306771624838,0,0.1,0.49010976922496763,Moderate
2026-05-24,P0009,GH018,F06,29.41329093,0.262585464,0.013325047,Good,None,0.4110535606800726,0,0,0.18011189568601452,Low
2026-06-07,P0009,GH018,F06,33.97789235,0.133966449,0.084511492,Excellent,None,0.49894486494138723,0,0,0.18470740153827744,Low
2026-06-21,P0009,GH018,F06,30.18215478,0.130344223,0.03179113,Good,Severe,0.42585801792792494,0,0,0.145098090135585,Low
2026-07-05,P0009,GH018,F06,24.89257477,0.230237384,0.049216614,Good,None,0.3240072661763123,0,0,0.16753201393526246,Low
2026-07-19,P0009,GH018,F06,28.15408721,0.101997399,0.154605502,Good,None,0.3868076195565868,0,0,0.18263308946131737,Low
2026-08-02,P0009,GH018,F06,20.74917923,0.489055514,0.148165496,Good,Minor,0.24422627226838978,0.1,0,0.38668915755367794,Moderate
2026-08-16,P0009,GH018,F06,23.33343129,0.420332503,0.250959338,Excellent,None,0.29398599128749076,0,0,0.31884527640749816,Moderate
2026-08-30,P0009,GH018,F06,37.07609172,0.402019136,0.284406047,Good,Severe,0.5586006285964061,0,0,0.3804095444692812,Moderate
2026-02-15,P0010,GH013,F08,45.44082214,0.202052641,0.052318037,Good,Minor,0.7196633367633977,0.1,0,0.33819420835267955,Moderate
2026-03-01,P0010,GH013,F08,41.98654364,0.165437461,0.166210893,Good,Moderate,0.6531512769553766,0,0,0.2633282685910753,Low
2026-03-15,P0010,GH013,F08,39.17255496,0.323672834,0.380615471,Good,Minor,0.5989679841539264,0.1,0,0.5043560506807853,Moderate
2026-03-29,P0010,GH013,F08,44.78208993,0.354645778,0.343872456,Fair,None,0.7069794619255726,0,0.1,0.5202645198851145,Moderate
2026-04-12,P0010,GH013,F08,54.69136529,0.115869492,0.152829631,Poor,Moderate,0.8977823504009719,0,0.25,0.5388841262301944,Moderate
2026-04-26,P0010,GH013,F08,40.99156127,0.554744606,0.24571872,Excellent,None,0.6339929123645173,0,0,0.4315326185729035,Moderate
2026-05-10,P0010,GH013,F08,44.76958796,0.35239582,0.043941123,Good,None,0.706738736756378,0,0,0.2844597897012756,Low
2026-05-24,P0010,GH013,F08,21.5191363,0.166986543,0.357836009,Excellent,Minor,0.2590517794443308,0.1,0,0.37128184998886615,Moderate
2026-06-07,P0010,GH013,F08,32.68656081,0.262382917,0.076420748,Excellent,Minor,0.4740803033200635,0.1,0,0.3210394182140127,Moderate
2026-06-21,P0010,GH013,F08,34.24928728,0.44747129,0.260784506,Fair,Minor,0.5041705686059162,0.1,0.1,0.5748020929211832,Moderate
2026-07-05,P0010,GH013,F08,34.58152422,0.245195169,0.351617079,Good,Minor,0.5105677838923252,0.1,0,0.446159551478465,Moderate
2026-07-19,P0010,GH013,F08,36.38309806,0.227347012,0.129198527,Excellent,None,0.5452570502600042,0,0,0.24676220140200084,Low
2026-08-02,P0010,GH013,F08,34.54990302,0.48745252,0.366575869,Good,Minor,0.5099589183519233,0.1,0,0.5375593067203847,Moderate
2026-08-16,P0010,GH013,F08,51.29028151,0.188895539,0.146572472,Fair,Moderate,0.8322945538068495,0,0.1,0.3985299618113699,Moderate
2026-08-30,P0010,GH013,F08,44.8282863,0.164849359,0.208365082,Fair,None,0.7078689720575303,0,0.1,0.39303535696150604,Moderate
2026-02-15,P0011,GH009,F06,23.37704602,0.173395237,0.206184512,Fair,Moderate,0.29482579199558967,0,0.1,0.31243652174911796,Moderate
2026-03-01,P0011,GH009,F06,34.35761723,0.099716068,0.301235303,Fair,Moderate,0.5062564595129175,0,0.1,0.3717078020525836,Moderate
2026-03-15,P0011,GH009,F06,22.05791942,0.073655305,0.288985349,Good,Minor,0.26942603707902707,0.1,0,0.3097079712158054,Moderate
2026-03-29,P0011,GH009,F06,24.74367147,0.449990044,0.3696582,Good,Moderate,0.3211401362690939,0,0,0.38807073265381875,Moderate
2026-04-12,P0011,GH009,F06,33.71356362,0.168372196,0.212915589,Good,Moderate,0.49385522080912114,0,0,0.25351332781182423,Low
2026-04-26,P0011,GH009,F06,25.54508089,0.178321389,0.129491646,Fair,Moderate,0.33657125778224095,0,0.1,0.2879979784064482,Low
2026-05-10,P0011,GH009,F06,31.02605458,0.633536701,0.109844991,Excellent,None,0.44210729081358735,0,0,0.35958954946271743,Moderate
2026-05-24,P0011,GH009,F06,23.44863545,0.192664054,0.346680715,Good,None,0.2962042449633461,0,0,0.2826795896426692,Low
2026-06-07,P0011,GH009,F06,30.02828088,0.207385383,0.163345852,Good,Severe,0.42289517922233316,0,0,0.23066955329446664,Low
2026-06-21,P0011,GH009,F06,27.82059148,0.176240053,0.20892733,Fair,None,0.3803861662952243,0,0.1,0.3317785503090449,Moderate
2026-07-05,P0011,GH009,F06,41.49999682,0.179251472,0.177412387,Good,None,0.6437828281776528,0,0,0.2713301549855306,Low
2026-07-19,P0011,GH009,F06,21.52972133,0.363642745,0.212987687,Good,Moderate,0.25925559397417536,0,0,0.27497053869483506,Low
2026-08-02,P0011,GH009,F06,31.95934001,0.41024038,0.314365162,Good,Minor,0.4600776821234121,0.1,0,0.47706399232468244,Moderate
2026-08-16,P0011,GH009,F06,37.0265775,0.098304521,0.010009428,Fair,None,0.5576472333325363,0,0.1,0.2504402716165073,Low
2026-08-30,P0011,GH009,F06,19.67444572,0.049681137,0.282535095,Fair,None,0.22353230115552084,0,0.1,0.28923565093110415,Low
2026-02-15,P0012,GH017,F08,22.73573988,0.281334401,0.336956056,Good,None,0.28247745576881145,0,0,0.3065927567037623,Moderate
2026-03-01,P0012,GH017,F08,22.06331857,0.351786558,0.335565059,Fair,None,0.2695299975986298,0,0.1,0.42803557136972603,Moderate
2026-03-15,P0012,GH017,F08,32.06964835,0.369145956,0.189628164,Excellent,Minor,0.46220166688822006,0.1,0,0.406974091777644,Moderate
2026-03-29,P0012,GH017,F08,16.01212378,0.234309666,0.534916919,Good,None,0.15301436928942844,0,0,0.3533238705078857,Moderate
2026-04-12,P0012,GH017,F08,31.4344853,0.679927908,0.365237018,Excellent,Moderate,0.44997161573008526,0,0,0.4923257490460171,Moderate
2026-04-26,P0012,GH017,F08,18.9822677,0.287911554,0.170080142,Excellent,None,0.2102044279501503,0,0,0.21934599339003003,Low
2026-05-10,P0012,GH017,F08,24.25857351,0.465147941,0.195587306,Good,None,0.31179958526017293,0,0,0.31317598410203457,Moderate
2026-05-24,P0012,GH017,F08,24.41875576,0.539232604,0.32700819800000003,Good,None,0.31488389111222953,0,0,0.3988618787224459,Moderate
2026-06-07,P0012,GH017,F08,34.4028972,0.58703042,0.304649785,Good,Minor,0.5071283243821645,0.1,0,0.5439787151264329,Moderate
2026-06-21,P0012,GH017,F08,36.09405327,0.378897242,0.48264751,Good,None,0.539691498912689,0,0,0.45774371398253777,Moderate
2026-07-05,P0012,GH017,F08,36.149773,0.432022407,0.293560769,Excellent,Moderate,0.5407643811409883,0,0,0.3914630647281977,Moderate
2026-07-19,P0012,GH017,F08,39.33221536,0.480736283,0.25438067599999997,Fair,None,0.6020422417952175,0,0.1,0.5031374516090434,Moderate
2026-08-02,P0012,GH017,F08,25.19386637,0.576127064,0.14220013,Poor,Minor,0.3298086295923931,0.1,0.25,0.6815962568184786,High
2026-08-16,P0012,GH017,F08,37.2791137,0.539216207,0.187351332,Good,Minor,0.5625098125478748,0.1,0,0.485535734359575,Moderate
2026-08-30,P0012,GH017,F08,31.06288098,0.507399599,0.199072506,Good,None,0.44281638237042453,0,0,0.3557357638240849,Moderate
2026-02-15,P0013,GH008,F05,29.49792707,0.209387634,0.101401069,Fair,Severe,0.4126832277742574,0,0.1,0.3014527985048515,Moderate
2026-03-01,P0013,GH008,F05,43.42270192,0.193130363,0.578197465,Good,Minor,0.6808044744069268,0.1,0,0.5639453811813854,Moderate
2026-03-15,P0013,GH008,F05,36.79213729,0.313416885,0.055468312,Fair,None,0.5531330920237434,0,0.1,0.34528326855474867,Moderate
2026-03-29,P0013,GH008,F05,37.90285904,0.302374854,0.093611536,Fair,Minor,0.5745200159402921,0.1,0.1,0.4628603932880584,Moderate
2026-04-12,P0013,GH008,F05,33.59549878,0.381999685,0.149302342,Good,None,0.4915818848000806,0,0,0.2992023206100161,Low
2026-04-26,P0013,GH008,F05,27.14199166,0.322489804,0.186641976,Fair,None,0.3673197410450447,0,0.1,0.3703242688090089,Moderate
2026-05-10,P0013,GH008,F05,34.117726,0.185582413,0.115405726,Fair,Moderate,0.5016373589287637,0,0.1,0.31721389303575276,Moderate
2026-05-24,P0013,GH008,F05,21.89476072,0.280395905,0.064498702,Good,None,0.26628441974487205,0,0,0.18041986659897438,Low
2026-06-07,P0013,GH008,F05,44.22103158,0.546211312,0.120509584,Good,Minor,0.6961762952061001,0.1,0,0.48463853104122,Moderate
2026-06-21,P0013,GH008,F05,30.92015283,0.398987252,0.204435004,Good,Minor,0.44006815484647466,0.1,0,0.4196549209692949,Moderate
2026-07-05,P0013,GH008,F05,33.28546514,0.195798491,0.041760894,Excellent,Minor,0.48561219358781194,0.1,0,0.2844443128675624,Low
2026-07-19,P0013,GH008,F05,25.91186249,0.161072579,0.106048631,Good,None,0.3436336297698157,0,0,0.17282401255396315,Low
2026-08-02,P0013,GH008,F05,19.12599446,0.214380758,0.132680638,Good,None,0.21297188368863026,0,0,0.17733392913772605,Low
2026-08-16,P0013,GH008,F05,28.01275533,0.371743227,0.358932937,Fair,None,0.3840862771820968,0,0.1,0.46844720653641936,Moderate
2026-08-30,P0013,GH008,F05,29.63428439,0.214200797,0.30893086,Fair,None,0.41530878510065755,0,0.1,0.39705092297013145,Moderate
2026-02-15,P0014,GH019,F08,34.88581698,0.360605456,0.292363868,Good,Minor,0.5164269345810343,0.1,0,0.46106103711620683,Moderate
2026-03-01,P0014,GH019,F08,31.54744109,0.394515931,0.189446595,Poor,None,0.4521465770889167,0,0.25,0.5637608590177834,Moderate
2026-03-15,P0014,GH019,F08,34.25361375,0.128114111,0.276499969,Good,None,0.504253874694698,0,0,0.27011569983893957,Low
2026-03-29,P0014,GH019,F08,30.15668676,0.327453138,0.194067663,Poor,Minor,0.4253676317389039,0.1,0.25,0.6370125729977808,High
2026-04-12,P0014,GH019,F08,25.43050404,0.114460191,0.277125398,Good,Minor,0.3343650829472314,0.1,0,0.33164051253944626,Moderate
2026-04-26,P0014,GH019,F08,37.5828263,0.403545402,0.32320998,Poor,Minor,0.5683577922679955,0.1,0.25,0.7503569401535991,High
2026-05-10,P0014,GH019,F08,29.64404969,0.383314378,0.235645383,Poor,Minor,0.4154968157466067,0.1,0.25,0.6732998177993214,High
2026-05-24,P0014,GH019,F08,26.02454168,0.173426649,0.31148623,Good,Severe,0.34580326520146926,0,0,0.2700287836902938,Low
2026-06-07,P0014,GH019,F08,48.66983928,0.408974972,0.106791119,Poor,None,0.7818379938261691,0,0.25,0.5975648425152338,Moderate
2026-06-21,P0014,GH019,F08,29.48306726,0.122172423,0.30296296,Good,None,0.41239710244549305,0,0,0.26157310053909866,Low
2026-07-05,P0014,GH019,F08,33.7687898,0.048829022,0.1681675,Excellent,Minor,0.4949185997425593,0.1,0,0.29174925264851187,Low
2026-07-19,P0014,GH019,F08,39.78423418,0.071300706,0.119702129,Fair,Minor,0.6107458546597248,0.1,0.1,0.40097037608194497,Moderate
2026-08-02,P0014,GH019,F08,41.19643917,0.538870915,0.114363373,Poor,None,0.6379378320165203,0,0.25,0.6176559045033041,High
2026-08-16,P0014,GH019,F08,35.93040083,0.098353176,0.133927522,Fair,Moderate,0.5365403746252267,0,0.1,0.30199907142504534,Moderate
2026-08-30,P0014,GH019,F08,34.41549997,0.435603463,0.050505469,Good,Minor,0.5073709904532375,0.1,0,0.37666287119064745,Moderate
2026-02-15,P0015,GH001,F02,44.85824409,0.180303691,0.099896392,Good,None,0.7084458086733956,0,0,0.24974882998467912,Low
2026-03-01,P0015,GH001,F02,26.5891872,0.122426124,0.120240675,Poor,Minor,0.3566755028037852,0.1,0.25,0.5182925477107571,Moderate
2026-03-15,P0015,GH001,F02,43.25018905,0.334557891,0.226849966,Fair,None,0.6774827427263187,0,0.1,0.4546742950952637,Moderate
2026-03-29,P0015,GH001,F02,29.03551012,0.173304543,0.233329963,Poor,Minor,0.40377939913547145,0.1,0.25,0.5964109532270944,Moderate
2026-04-12,P0015,GH001,F02,37.69110584,0.051034245,0.251222944,Good,Minor,0.5704427125315079,0.1,0,0.34500085305630157,Moderate
2026-04-26,P0015,GH001,F02,26.97611248,0.091165223,0.137251096,Excellent,Minor,0.36412574092575345,0.1,0,0.2664959694351507,Low
2026-05-10,P0015,GH001,F02,37.04339831,0.074449954,0.33860406,Good,Minor,0.5579711176750233,0.1,0,0.3900235344350046,Moderate
2026-05-24,P0015,GH001,F02,34.03643846,0.364295714,0.145257573,Good,Moderate,0.5000721690570938,0,0,0.2928838415614188,Low
2026-06-07,P0015,GH001,F02,48.96109711,0.206633221,0.128082618,Good,None,0.7874461572121019,0,0,0.2874480368924204,Low
2026-06-21,P0015,GH001,F02,35.7837824,0.151345164,0.161791591,Excellent,None,0.5337172398417638,0,0,0.2325204713183528,Low
2026-07-05,P0015,GH001,F02,38.58074169,0.426887956,0.200256511,Excellent,Moderate,0.5875726320972174,0,0,0.3570407409694435,Moderate
2026-07-19,P0015,GH001,F02,42.477790830000004,0.026000719,0.488787803,Good,None,0.6626102312585118,0,0,0.3615768092517024,Moderate
2026-08-02,P0015,GH001,F02,39.41818553,0.416758631,0.258499268,Fair,Moderate,0.6036975956089722,0,0.1,0.48292971057179446,Moderate
2026-08-16,P0015,GH001,F02,31.81959882,0.094102303,0.113818974,Excellent,None,0.45738696845138954,0,0,0.1756317380402779,Low
2026-08-30,P0015,GH001,F02,42.68625975,0.212189126,0.408900284,Good,Severe,0.666624295925027,0,0,0.39159618108500543,Moderate
2026-02-15,P0016,GH019,F08,32.63783376,0.233835236,0.149464193,Fair,None,0.47314206499797434,0,0.1,0.34372963244959487,Moderate
2026-03-01,P0016,GH019,F08,45.88533465,0.251978016,0.294881712,Good,None,0.728222415786856,0,0,0.3665335591573712,Moderate
2026-03-15,P0016,GH019,F08,54.57791852,0.170710504,0.095696823,Excellent,None,0.895597935232575,0,0,0.281931833796515,Low
2026-03-29,P0016,GH019,F08,30.90347562,0.026660943,0.130968297,Excellent,Minor,0.43974703551896505,0.1,0,0.25621647080379306,Low
2026-04-12,P0016,GH019,F08,51.20056839,0.061806891,0.106322827,Good,None,0.8305671295696305,0,0,0.23559110991392612,Low
2026-04-26,P0016,GH019,F08,40.67532146,0.124050634,0.153468499,Good,None,0.627903721479533,0,0,0.2380592907459066,Low
2026-05-10,P0016,GH019,F08,43.86515863,0.165857161,0.466265915,Good,Moderate,0.6893239690446581,0,0,0.40573446190893164,Moderate
2026-05-24,P0016,GH019,F08,42.80611097,0.412935877,0.150720928,Good,None,0.6689320286433659,0,0,0.34613838027867316,Moderate
2026-06-07,P0016,GH019,F08,41.68872309,0.402654696,0.221528513,Excellent,None,0.6474167485339833,0,0,0.3701003241567966,Moderate
2026-06-21,P0016,GH019,F08,45.10395068,0.193479475,0.063145228,Excellent,Severe,0.7131768838919411,0,0,0.23876854562838823,Low
2026-07-05,P0016,GH019,F08,43.91359072,0.268263665,0.099735953,Fair,Moderate,0.6902565279181557,0,0.1,0.3768247671836311,Moderate
2026-07-19,P0016,GH019,F08,44.23271408,0.090147216,0.122822151,Fair,None,0.6964012414976939,0,0.1,0.3261017418495388,Moderate
2026-08-02,P0016,GH019,F08,34.58783186,0.31998434,0.260447222,Excellent,None,0.5106892373677551,0,0,0.331333616373551,Moderate
2026-08-16,P0016,GH019,F08,44.1021731,0.109619916,0.319733786,Excellent,None,0.693887677675565,0,0,0.321024709835113,Moderate
2026-08-30,P0016,GH019,F08,32.4154848,0.161507709,0.108054572,Poor,Minor,0.4688607404534215,0.1,0.25,0.5489244036406843,Moderate
2026-02-15,P0017,GH004,F01,37.62697492,0.31601338,0.487955722,Good,None,0.5692078730168065,0,0,0.4440263325033613,Moderate
2026-03-01,P0017,GH004,F01,27.42596991,0.144100133,0.053304615,Good,None,0.372787736271306,0,0,0.1489796705542612,Low
2026-03-15,P0017,GH004,F01,29.98000171,0.189341819,0.209664474,Excellent,None,0.4219655648202166,0,0,0.2450117629140433,Low
2026-03-29,P0017,GH004,F01,19.64073038,0.180572221,0.108404994,Fair,None,0.22288311299349864,0,0.1,0.25655914724869977,Low
2026-04-12,P0017,GH004,F01,32.23471096,0.070851665,0.036294122,Excellent,None,0.4653799439693495,0,0,0.1342064264438699,Low
2026-04-26,P0017,GH004,F01,28.62270014,0.276628002,0.400197706,Excellent,None,0.39583075165985293,0,0,0.3560749187319706,Moderate
2026-05-10,P0017,GH004,F01,29.11796898,0.297730888,0.300684364,Good,None,0.405367142749086,0,0,0.3205872031498172,Moderate
2026-05-24,P0017,GH004,F01,28.07277948,0.065436297,0.128425505,Good,None,0.38524204092689196,0,0,0.15774258938537838,Low
2026-06-07,P0017,GH004,F01,33.15882068,0.321036017,0.221634875,Good,None,0.4831736571762647,0,0,0.30873303113525297,Moderate
2026-06-21,P0017,GH004,F01,24.36190838,0.228630487,0.284276409,Good,None,0.31378929600691613,0,0,0.2707029137013832,Low
2026-07-05,P0017,GH004,F01,34.18716033,0.302817046,0.021249686,Excellent,Severe,0.502974315491383,0,0,0.21614318789827658,Low
2026-07-19,P0017,GH004,F01,21.77004808,0.04239866,0.295114934,Good,Minor,0.26388308048676173,0.1,0,0.3004178673973523,Moderate
2026-08-02,P0017,GH004,F01,31.72873717,0.183105873,0.066046926,Excellent,None,0.4556374292931961,0,0,0.1849356581086392,Low
2026-08-16,P0017,GH004,F01,34.44534962,0.280080328,0.27670984,Fair,None,0.507945744835679,0,0.1,0.42413669176713575,Moderate
2026-08-30,P0017,GH004,F01,27.07409282,0.163909922,0.276096119,Good,None,0.36601235031005475,0,0,0.25481419631201097,Low
2026-02-15,P0018,GH013,F08,26.81093268,0.59884873,0.166584724,Poor,Minor,0.3609452073536407,0.1,0.25,0.7067492227707282,High
2026-03-01,P0018,GH013,F08,32.00840703,0.081250001,0.324552875,Fair,Minor,0.4610224665606952,0.1,0.1,0.466690787412139,Moderate
2026-03-15,P0018,GH013,F08,28.61262186,0.065765074,0.297986799,Poor,None,0.3956366945905918,0,0.25,0.48623917436811837,Moderate
2026-03-29,P0018,GH013,F08,36.78454539,0.221741148,0.083064851,Poor,Moderate,0.5529869101490461,0,0.25,0.47558596677980924,Moderate
2026-04-12,P0018,GH013,F08,22.59309969,0.233795682,0.212691225,Fair,None,0.27973092191281007,0,0.1,0.333485724332562,Moderate
2026-04-26,P0018,GH013,F08,38.51605292,0.162543517,0.099222031,Good,None,0.5863270511925083,0,0,0.21880555513850164,Low
2026-05-10,P0018,GH013,F08,52.81496252,0.175083806,0.284757837,Excellent,Minor,0.8616522545612252,0.1,0,0.461750809662245,Moderate
2026-05-24,P0018,GH013,F08,33.08758815,0.260162525,0.18539276700000001,Excellent,Minor,0.481802076310496,0.1,0,0.37084404416209915,Moderate
2026-06-07,P0018,GH013,F08,30.82366678,0.59344594,0.162239746,Good,None,0.4382103179846699,0,0,0.368356028296934,Moderate
2026-06-21,P0018,GH013,F08,34.0464024,0.313111081,0.183258998,Fair,Moderate,0.5002640245120619,0,0.1,0.39210823235241243,Moderate
2026-07-05,P0018,GH013,F08,26.65970252,0.362822212,0.049066207,Excellent,None,0.3580332738061006,0,0,0.22067422211122012,Low
2026-07-19,P0018,GH013,F08,22.41378397,0.110481017,0.207186129,Good,None,0.27627820149864596,0,0,0.1871577542997292,Low
2026-08-02,P0018,GH013,F08,36.78434111,0.046476755,0.441456092,Fair,None,0.5529829767419461,0,0.1,0.4255187009983893,Moderate
2026-08-16,P0018,GH013,F08,19.13905715,0.146323033,0.072741872,Poor,None,0.21322340550962227,0,0.25,0.37659158505192447,Moderate
2026-08-30,P0018,GH013,F08,30.19681833,0.331638361,0.210804152,Excellent,Moderate,0.4261403642745202,0,0,0.296163367604904,Low
2026-02-15,P0019,GH002,F01,25.5684811,0.297286581,0.152621501,Excellent,None,0.33702182833323735,0,0,0.2401343444666475,Low
2026-03-01,P0019,GH002,F01,32.15307631,0.125393332,0.060977954,Good,None,0.463808070501936,0,0,0.1640893596003872,Low
2026-03-15,P0019,GH002,F01,29.1421231,0.208659388,0.249129962,Good,None,0.40583222982126327,0,0,0.2663057146642527,Low
2026-03-29,P0019,GH002,F01,19.5841621,0.121465183,0.105929935,Good,Severe,0.22179389195281043,0,0,0.1345400631905621,Low
2026-04-12,P0019,GH002,F01,41.33623258,0.129503669,0.143412632,Excellent,None,0.6406295511835439,0,0,0.2379878787867088,Low
2026-04-26,P0019,GH002,F01,22.52977416,0.179255059,0.378642471,Good,Moderate,0.27851159016560595,0,0,0.2888307006331212,Low
2026-05-10,P0019,GH002,F01,43.98164383,0.112978555,0.103932023,Good,None,0.6915668891187485,0,0,0.2246252824237497,Low
2026-05-24,P0019,GH002,F01,30.55478319,0.144159436,0.231884595,Fair,Minor,0.43303297011897945,0.1,0.1,0.44141046437379583,Moderate
2026-06-07,P0019,GH002,F01,21.68289396,0.482234833,0.245017634,Good,Moderate,0.2622049297406782,0,0,0.33148111279813564,Moderate
2026-06-21,P0019,GH002,F01,29.31643008,0.124744405,0.589734752,Fair,None,0.40918850705215704,0,0.1,0.49087888156043147,Moderate
2026-07-05,P0019,GH002,F01,38.84316983,0.175413608,0.246606648,Fair,None,0.5926256804090393,0,0.1,0.39089289048180786,Moderate
2026-07-19,P0019,GH002,F01,35.70036827,0.05468191,0.241858554,Good,None,0.5321111025244067,0,0,0.23439723830488135,Low
2026-08-02,P0019,GH002,F01,49.19413355,0.075920511,0.218032482,Poor,Moderate,0.7919332689590928,0,0.25,0.5330734495418186,Moderate
2026-08-16,P0019,GH002,F01,32.96074214,0.498038378,0.049256896,Good,Minor,0.47935965905794126,0.1,0,0.39235096731158825,Moderate
2026-08-30,P0019,GH002,F01,41.32145869,0.547876316,0.265206416,Good,None,0.6403450802425711,0,0,0.4391686138485142,Moderate
2026-02-15,P0020,GH015,F02,33.50490375,0.2706943,0.081542197,Fair,None,0.489837479404375,0,0.1,0.329404489530875,Moderate
2026-03-01,P0020,GH015,F02,27.74801784,0.143429629,0.075774128,Fair,None,0.37898876238463464,0,0.1,0.26009648022692694,Low
2026-03-15,P0020,GH015,F02,21.91907554,0.464571517,0.199797396,Poor,Moderate,0.2667526010921668,0,0.25,0.5558593793684333,Moderate
2026-03-29,P0020,GH015,F02,37.41068857,0.161494952,0.083190781,Excellent,Minor,0.5650432839001911,0.1,0,0.30696774143003824,Moderate
2026-04-12,P0020,GH015,F02,28.77006418,0.1436887,0.021506435,Fair,None,0.3986682431481714,0,0.1,0.2397025893796343,Low
2026-04-26,P0020,GH015,F02,47.33487855,0.386073097,0.231342644,Good,None,0.7561333530697509,0,0,0.3904564443639502,Moderate
2026-05-10,P0020,GH015,F02,34.97799507,0.088339687,0.049102397,Fair,None,0.5182018217637178,0,0.1,0.25665533345274355,Low
2026-05-24,P0020,GH015,F02,52.09862981,0.374858755,0.249928344,Fair,None,0.8478592833083393,0,0.1,0.5132401757116678,Moderate
2026-06-07,P0020,GH015,F02,33.6094178,0.393036095,0.15001827,Fair,Minor,0.4918498952371977,0.1,0.1,0.5034408337974395,Moderate
2026-06-21,P0020,GH015,F02,31.13055165,0.324297547,0.178123768,Fair,Minor,0.4441193796968673,0.1,0.1,0.4824837129893734,Moderate
2026-07-05,P0020,GH015,F02,32.91510379,0.243796803,0.235136363,Good,Moderate,0.4784808935893378,0,0,0.28683642311786756,Low
2026-07-19,P0020,GH015,F02,22.44938324,0.487756043,0.126449798,Excellent,Severe,0.2769636646931631,0,0,0.28300975708863263,Low
2026-08-02,P0020,GH015,F02,23.13834045,0.033453926,0.054908406,Good,None,0.29022952126977886,0,0,0.09446356105395579,Low
2026-08-16,P0020,GH015,F02,46.28062715,0.147520319,0.022869929,Excellent,Moderate,0.7358337645538018,0,0,0.20909033261076038,Low
2026-08-30,P0020,GH015,F02,25.4621958,0.437143337,0.22122187,Fair,None,0.33497530711894813,0,0.1,0.41954507087378967,Moderate
2026-02-15,P0021,GH004,F01,37.91249261,0.498560646,0.148123987,Excellent,None,0.5747055101278641,0,0,0.3560931222755728,Moderate
2026-03-01,P0021,GH004,F01,60,0.255134579,0.17817827,Good,Minor,1,0.1,0,0.46947732415,Moderate
2026-03-15,P0021,GH004,F01,38.56089605,0.174266624,0.092865163,Excellent,Minor,0.5871905047167504,0.1,0,0.3202207426933501,Moderate
2026-03-29,P0021,GH004,F01,32.75090038,0.024448964,0.149732863,Good,Moderate,0.4753191603861229,0,0,0.17100075782722457,Low
2026-04-12,P0021,GH004,F01,47.15816448,0.579676516,0.15810985,Good,Minor,0.7527307273715744,0.1,0,0.5245823585743149,Moderate
2026-04-26,P0021,GH004,F01,26.24788838,0.220793312,0.188627095,Fair,Moderate,0.3501038012087206,0,0.1,0.3321806121917441,Moderate
2026-05-10,P0021,GH004,F01,48.27346087,0.100286225,0.096166647,Good,None,0.7742057358850309,0,0,0.23321631707700619,Low
2026-05-24,P0021,GH004,F01,27.97835675,0.281181223,0.426175722,Excellent,Moderate,0.3834239332482562,0,0,0.3668772895996512,Moderate
2026-06-07,P0021,GH004,F01,55.91292786,0.20847939099999999,0.173352369,Good,None,0.9213035119735202,0,0,0.33523705529470404,Moderate
2026-06-21,P0021,GH004,F01,41.71858787,0.129882454,0.19800294,Excellent,None,0.6479917942442563,0,0,0.26415854074885126,Low
2026-07-05,P0021,GH004,F01,47.76138354,0.255346462,0.24451615300000001,Excellent,None,0.7643456976746515,0,0,0.3522726700849303,Moderate
2026-07-19,P0021,GH004,F01,44.4325046,0.165047414,0.116389868,Poor,Minor,0.7002482037548818,0.1,0.25,0.6001916762509764,High
2026-08-02,P0021,GH004,F01,44.89822276,0.413390805,0.095968792,Excellent,None,0.7092155971227303,0,0,0.329715857574546,Moderate
2026-08-16,P0021,GH004,F01,31.47062799,0.17215311,0.195477287,Excellent,None,0.45066754246526397,0,0,0.2383518761430528,Low
2026-08-30,P0021,GH004,F01,52.09865907,0.41454431,0.120659096,Fair,None,0.8478598467090234,0,0.1,0.4689590710418047,Moderate
2026-02-15,P0022,GH017,F08,44.42191956,0.026839699,0.089142718,Excellent,Moderate,0.7000443890324874,0,0,0.18951699555649748,Low
2026-03-01,P0022,GH017,F08,35.06567187,0.076692701,0.107418556,Good,None,0.5198900367021995,0,0,0.1791588028904399,Low
2026-03-15,P0022,GH017,F08,22.27599533,0.044545554,0.313663393,Fair,Minor,0.2736250841357738,0.1,0.1,0.4114644875771547,Moderate
2026-03-29,P0022,GH017,F08,36.06045752,0.043468531,0.297378566,Good,None,0.5390446134535994,0,0,0.25684326324071993,Low
2026-04-12,P0022,GH017,F08,38.18484681,0.261886993,0.194934775,Poor,None,0.5799496845160513,0,0.25,0.5453710332032102,Moderate
2026-04-26,P0022,GH017,F08,50.83535742,0.115219758,0.176920869,Excellent,Minor,0.8235350000296454,0.1,0,0.38464830635592906,Moderate
2026-05-10,P0022,GH017,F08,37.23368768,0.040703413,0.021968615,Excellent,None,0.5616351354889519,0,0,0.13645909839779038,Low
2026-05-24,P0022,GH017,F08,46.90847519,0.270531547,0.053366634,Fair,None,0.747922965348361,0,0.1,0.3682856198196722,Moderate
2026-06-07,P0022,GH017,F08,28.43030332,0.42364019,0.194280535,Excellent,None,0.39212615494053427,0,0,0.31412553823810685,Moderate
2026-06-21,P0022,GH017,F08,60,0.105152577,0.388339526,Good,Severe,1,0,0,0.41155618865,Moderate
2026-07-05,P0022,GH017,F08,45.54593272,0.43843944,0.129062174,Good,Minor,0.7216872387688138,0.1,0,0.4558692300537628,Moderate
2026-07-19,P0022,GH017,F08,46.85942846,0.250907499,0.255039504,Fair,Minor,0.7469785715946009,0.1,0.1,0.5519811157689202,Moderate
2026-08-02,P0022,GH017,F08,38.64527315,0.210385207,0.122797058,Good,Moderate,0.5888151840011878,0,0,0.24665653535023757,Low
2026-08-16,P0022,GH017,F08,33.71957043,0.088955477,0.155365011,Good,None,0.49397088180923304,0,0,0.19984284826184662,Low
2026-08-30,P0022,GH017,F08,31.53048459,0.644085406,0.061456241,Excellent,None,0.4518200800383359,0,0,0.3434492165576672,Moderate
2026-02-15,P0023,GH016,F05,41.21893908,0.111354531,0.080429453,Good,Minor,0.6383710673099673,0.1,0,0.30284155316199346,Moderate
2026-03-01,P0023,GH016,F05,44.18843802,0.545155482,0.019113614,Fair,None,0.6955487068943654,0,0.1,0.43851528637887305,Moderate
2026-03-15,P0023,GH016,F05,41.65353649,0.189909453,0.17130243,Poor,None,0.6467392312916298,0,0.25,0.522902248308326,Moderate
2026-03-29,P0023,GH016,F05,22.98712613,0.425822446,0.370587727,Good,None,0.28731789272110525,0,0,0.3732659117942211,Moderate
2026-04-12,P0023,GH016,F05,36.05945808,0.513269499,0.1032856,Fair,Moderate,0.5390253692574367,0,0.1,0.43392791850148726,Moderate
2026-04-26,P0023,GH016,F05,42.62493935,0.233839013,0.139559032,Excellent,None,0.6654435729137667,0,0,0.27773393353275333,Low
2026-05-10,P0023,GH016,F05,37.1115035,0.236682124,0.357394304,Fair,None,0.5592824816749198,0,0.1,0.4555226765349839,Moderate
2026-05-24,P0023,GH016,F05,53.39109427,0.622722895,0.154790682,Excellent,None,0.8727456592804163,0,0,0.46215795200608323,Moderate
2026-06-07,P0023,GH016,F05,48.93034276,0.437819556,0.184931989,Poor,Severe,0.7868539828502036,0,0.25,0.6438270362200407,High
2026-06-21,P0023,GH016,F05,39.24454284,0.13010687,0.292620626,Fair,None,0.6003541092680458,0,0.1,0.39728750805360924,Moderate
2026-07-05,P0023,GH016,F05,28.72704038,0.179116564,0.158078356,Good,Minor,0.39783982078478397,0.1,0,0.3133940217569568,Moderate
2026-07-19,P0023,GH016,F05,46.47545707,0.210268202,0.178163095,Fair,Moderate,0.7395852105624059,0,0.1,0.40168430556248114,Moderate
2026-08-02,P0023,GH016,F05,27.15801914,0.372554729,0.381047906,Fair,Minor,0.3676283498350805,0.1,0.1,0.5753913828170161,Moderate
2026-08-16,P0023,GH016,F05,40.86401447,0.271512288,0.094087939,Poor,None,0.6315370014152636,0,0.25,0.5136762736330527,Moderate
2026-08-30,P0023,GH016,F05,40.34925134,0.200144701,0.228426444,Poor,Minor,0.621625248182418,0.1,0.25,0.6471675947864836,High
2026-02-15,P0024,GH017,F08,20.42216956,0.348463472,0.032021056,Excellent,Minor,0.23792970795580146,0.1,0,0.2839576319911603,Low
2026-03-01,P0024,GH017,F08,36.44179819,0.490237856,0.156887691,Good,Minor,0.5463873200275687,0.1,0,0.4514601745555137,Moderate
2026-03-15,P0024,GH017,F08,29.10581066,0.08597132,0.092923143,Poor,Minor,0.4051330345534078,0.1,0.25,0.5029319832606816,Moderate
2026-03-29,P0024,GH017,F08,40.22537654,0.324177844,0.239010604,Fair,Minor,0.6192400415158719,0.1,0.1,0.5448650255031744,Moderate
2026-04-12,P0024,GH017,F08,30.34490163,0.186836827,0.335516959,Excellent,Moderate,0.428991705098999,0,0,0.3021738620197998,Moderate
2026-04-26,P0024,GH017,F08,18.93133107,0.141093381,0.274058815,Fair,None,0.20922364421167083,0,0.1,0.31455387894233416,Moderate
2026-05-10,P0024,GH017,F08,23.50481493,0.509780488,0.020351484,Good,None,0.2972859796682181,0,0,0.2470385345336436,Low
2026-05-24,P0024,GH017,F08,42.80597637,0.108036402,0.156283298,Good,None,0.6689294369231992,0,0,0.24192611218463983,Low
2026-06-07,P0024,GH017,F08,31.51563283,0.509461502,0.079048391,Fair,None,0.45153410971215224,0,0.1,0.40419012359243045,Moderate
2026-06-21,P0024,GH017,F08,55.48596262,0.404888672,0.175176839,Excellent,None,0.9130823052645574,0,0,0.4031570738029115,Moderate
2026-07-05,P0024,GH017,F08,26.33601447,0.442545441,0.168564702,Excellent,Moderate,0.3518006672166951,0,0,0.301105153693339,Moderate
2026-07-19,P0024,GH017,F08,44.53072919,0.414920917,0.248553625,Fair,Moderate,0.7021395161677919,0,0.1,0.4974993554335584,Moderate
2026-08-02,P0024,GH017,F08,42.45239366,0.247427928,0.098673491,Good,None,0.6621212092847495,0,0,0.2634270876069499,Low
2026-08-16,P0024,GH017,F08,38.37530627,0.081506392,0.224824932,Excellent,None,0.5836169774093497,0,0,0.24642185208186992,Low
2026-08-30,P0024,GH017,F08,24.7420014,0.150221165,0.189861549,Fair,Minor,0.32110797910639727,0.1,0.1,0.4022367006212795,Moderate
2026-02-15,P0025,GH001,F02,44.17032353,0.275914892,0.231621551,Good,Minor,0.6951999127707092,0.1,0,0.4398398927041418,Moderate
2026-03-01,P0025,GH001,F02,29.79567043,0.525796122,0.118174271,Poor,Moderate,0.4184162699038254,0,0.25,0.5708903186307651,Moderate
2026-03-15,P0025,GH001,F02,42.33741677,0.108042399,0.047779256,Poor,None,0.6599073316879603,0,0.25,0.4412969711875921,Moderate
2026-03-29,P0025,GH001,F02,28.74791438,0.322210329,0.091444401,Excellent,None,0.39824174921540506,0,0,0.23357194544308102,Low
2026-04-12,P0025,GH001,F02,42.82688062,0.614734397,0.26018244,Good,None,0.6693319478169332,0,0,0.46610552651338666,Moderate
2026-04-26,P0025,GH001,F02,45.94910342,0.384316533,0.075369254,Fair,Minor,0.7294502821109304,0.1,0.1,0.514317007272186,Moderate
2026-05-10,P0025,GH001,F02,43.83274404,0.245211,0.202372784,Good,None,0.6886998267965062,0,0,0.31463156815930127,Moderate
2026-05-24,P0025,GH001,F02,27.41809527,0.1920334,0.146095788,Good,Minor,0.3726361102438602,0.1,0,0.30748201664877206,Moderate
2026-06-07,P0025,GH001,F02,30.5960858,0.165203236,0.161797164,Fair,Minor,0.43382825100514644,0.1,0.1,0.4173955066010293,Moderate
2026-06-21,P0025,GH001,F02,21.30618611,0.107270095,0.136250815,Fair,None,0.2549514280182922,0,0.1,0.24984768560365844,Low
2026-07-05,P0025,GH001,F02,27.88896451,0.252668804,0.074295342,Excellent,None,0.381702687548683,0,0,0.1982075228097366,Low
2026-07-19,P0025,GH001,F02,32.74776296,0.115093376,0.11310263500000001,Fair,None,0.4752587494300629,0,0.1,0.2862306172360126,Low
2026-08-02,P0025,GH001,F02,34.81254741,0.337898663,0.035409313,Good,None,0.5150161305529433,0,0,0.23720194901058864,Low
2026-08-16,P0025,GH001,F02,56.88000117,0.129007127,0.137902561,Good,None,0.9399244882015403,0,0,0.2951935445403081,Low
2026-08-30,P0025,GH001,F02,30.06403522,0.201158686,0.64158073,Good,None,0.42358362828643614,0,0,0.44383359425728725,Moderate
2026-02-15,P0026,GH007,F04,39.54665148,0.375593696,0.536103953,Fair,None,0.6061712047721286,0,0.1,0.5939388134044257,Moderate
2026-03-01,P0026,GH007,F04,29.66907197,0.524527443,0.161954983,Fair,None,0.4159786192213101,0,0.1,0.439660071244262,Moderate
2026-03-15,P0026,GH007,F04,30.26020286,0.558131125,0.442571922,Poor,Severe,0.4273608320654824,0,0.25,0.7299754250630964,High
2026-03-29,P0026,GH007,F04,39.10806142,0.677300115,0.573191014,Good,Minor,0.5977261623987578,0.1,0,0.7145362290297516,High
2026-04-12,P0026,GH007,F04,30.45562567,0.417009848,0.256743583,Good,Minor,0.4311236941585568,0.1,0,0.4477127979817114,Moderate
2026-04-26,P0026,GH007,F04,51.30266605,0.317898505,0.374087384,Poor,None,0.8325330178638659,0,0.25,0.6961104031227732,High
2026-05-10,P0026,GH007,F04,16.29854739,0.33684001,0.205735336,Excellent,Severe,0.15852944987101714,0,0,0.24218079467420342,Low
2026-05-24,P0026,GH007,F04,22.84704632,0.410118155,0.400391442,Fair,None,0.2846206589281102,0,0.1,0.48064163493562206,Moderate
2026-06-07,P0026,GH007,F04,23.51678698,0.388128181,0.242160493,Poor,Minor,0.29751650123896717,0.1,0.25,0.6543203854477935,High
2026-06-21,P0026,GH007,F04,41.881726,0.192831806,0.177845626,Good,None,0.6511330155034943,0,0,0.27774826690069887,Low
2026-07-05,P0026,GH007,F04,32.5178821,0.309370503,0.207058922,Excellent,None,0.47083239830954976,0,0,0.29562267061190994,Low
2026-07-19,P0026,GH007,F04,25.80541225,0.222258984,0.339413308,Good,None,0.3415839326392982,0,0,0.29884341952785964,Low
2026-08-02,P0026,GH007,F04,42.09535338,0.286800999,0.238503306,Fair,Minor,0.6552464062087286,0.1,0.1,0.5387561185917457,Moderate
2026-08-16,P0026,GH007,F04,28.30252101,0.590235733,0.19160601,Fair,Moderate,0.3896657092511878,0,0.1,0.4707383529002376,Moderate
2026-08-30,P0026,GH007,F04,28.67237603,0.341591279,0.154529226,Excellent,None,0.39678725987616986,0,0,0.26845255132523393,Low
2026-02-15,P0027,GH003,F08,31.75850579,0.069872178,0.007165496,Fair,Minor,0.4562106234446932,0.1,0.1,0.31892186018893864,Moderate
2026-03-01,P0027,GH003,F08,43.15266619,0.428758729,0.195463742,Excellent,None,0.6756049421097878,0,0,0.37314522747195755,Moderate
2026-03-15,P0027,GH003,F08,30.61550558,0.494129174,0.276012702,Good,None,0.4342021784602774,0,0,0.38399136249205545,Moderate
2026-03-29,P0027,GH003,F08,34.06435723,0.151930974,0.388125491,Good,None,0.5006097443857787,0,0,0.3279542607271557,Moderate
2026-04-12,P0027,GH003,F08,35.50096947,0.103341305,0.04829058,Excellent,Minor,0.5282716828275735,0.1,0,0.26355455431551467,Low
2026-04-26,P0027,GH003,F08,25.92935082,0.253272782,0.304923862,Good,Severe,0.34397036719585194,0,0,0.2946552850391704,Low
2026-05-10,P0027,GH003,F08,39.19785538,0.126536403,0.145849451,Fair,Minor,0.5994551432084751,0.1,0.1,0.429811022641695,Moderate
2026-05-24,P0027,GH003,F08,35.29471654,0.222598628,0.295891338,Good,None,0.5243002870018636,0,0,0.3159206793003727,Moderate
2026-06-07,P0027,GH003,F08,35.19235413,0.455415018,0.147454888,Good,Minor,0.5223293009519508,0.1,0,0.43021581609039017,Moderate
2026-06-21,P0027,GH003,F08,33.33304994,0.215319074,0.195500089,Excellent,Minor,0.4865284379101944,0.1,0,0.3606424035320389,Moderate
2026-07-05,P0027,GH003,F08,23.44262434,0.082283268,0.282256698,Poor,None,0.2960885011668245,0,0.25,0.4650323581333649,Moderate
2026-07-19,P0027,GH003,F08,36.13645499,0.493303676,0.176387009,Fair,None,0.5405079431387705,0,0.1,0.4601320292777541,Moderate
2026-08-02,P0027,GH003,F08,20.25743091,0.417725887,0.062696659,Poor,None,0.23475766871765297,0,0.25,0.4713690907435306,Moderate
2026-08-16,P0027,GH003,F08,36.91927093,0.270414789,0.058743306,Good,None,0.5555810475858939,0,0,0.23219587336717878,Low
2026-08-30,P0027,GH003,F08,32.04766112,0.274747831,0.050561497,Good,Minor,0.4617783032373816,0.1,0,0.3112700751474763,Moderate
2026-02-15,P0028,GH017,F08,36.40423308,0.229813563,0.184857377,Fair,None,0.5456640046252307,0,0.1,0.3727533676250461,Moderate
2026-03-01,P0028,GH017,F08,21.9925768,0.482979987,0.057899948,Excellent,Minor,0.2681678663063308,0.1,0,0.34873154531126616,Moderate
2026-03-15,P0028,GH017,F08,40.00885208,0.313444129,0.282543922,Excellent,None,0.6150708675962184,0,0,0.3598643835692437,Moderate
2026-03-29,P0028,GH017,F08,28.50156863,0.144576037,0.123368759,Excellent,None,0.3934983669845131,0,0,0.18481722789690264,Low
2026-04-12,P0028,GH017,F08,26.88152213,0.191337101,0.189335998,Excellent,None,0.3623044057275458,0,0,0.22463006559550916,Low
2026-04-26,P0028,GH017,F08,41.08833264,0.141459953,0.607425052,Good,None,0.6358562430569162,0,0,0.45002350556138326,Moderate
2026-05-10,P0028,GH017,F08,34.0085309,0.383946126,0.030042548,Poor,Moderate,0.4995348095767231,0,0.25,0.49780725261534464,Moderate
2026-05-24,P0028,GH017,F08,28.67310563,0.328874727,0.19260654,Excellent,None,0.3968013083088124,0,0,0.28113935911176247,Low
2026-06-07,P0028,GH017,F08,36.67579505,0.224875926,0.407943229,Fair,Minor,0.5508929246414437,0.1,0.1,0.5724596120782888,Moderate
2026-06-21,P0028,GH017,F08,21.73477792,0.247475578,0.187116797,Excellent,None,0.2632039542983671,0,0,0.22345980180967345,Low
2026-07-05,P0028,GH017,F08,35.95256495,0.343063806,0.176779883,Fair,Minor,0.5369671442892918,0.1,0.1,0.5070167083078584,Moderate
2026-07-19,P0028,GH017,F08,34.40852055,0.284602194,0.310948808,Fair,Moderate,0.507236601868048,0,0.1,0.4409850518736096,Moderate
2026-08-02,P0028,GH017,F08,28.72657783,0.101023095,0.056960349,Good,Moderate,0.3978309143942704,0,0,0.14055642317885408,Low
2026-08-16,P0028,GH017,F08,33.22167019,0.112462057,0.31264888,Good,None,0.4843838231683886,0,0,0.27693048058367775,Low
2026-08-30,P0028,GH017,F08,31.13374465,0.379255094,0.161211308,Fair,Moderate,0.4441808608446576,0,0.1,0.39412054366893157,Moderate
2026-02-15,P0029,GH014,F02,24.71432005,0.530960542,0.089594529,Good,None,0.3205749752948151,0,0,0.290268722808963,Low
2026-03-01,P0029,GH014,F02,30.5334675,0.118410212,0.071748654,Excellent,None,0.43262253695670566,0,0,0.16025497589134113,Low
2026-03-15,P0029,GH014,F02,25.20186909,0.165920162,0.151057248,Good,Moderate,0.329962721797543,0,0,0.1920403626595086,Low
2026-03-29,P0029,GH014,F02,41.96130487,0.307573373,0.068173982,Good,None,0.6526653049702802,0,0,0.268862033444056,Low
2026-04-12,P0029,GH014,F02,22.23386487,0.316107879,0.021095335,Excellent,None,0.27281386301528243,0,0,0.17469343100305648,Low
2026-04-26,P0029,GH014,F02,46.64365223,0.120481303,0.184005043,Poor,None,0.7428238048278479,0,0.25,0.5235354863655696,Moderate
2026-05-10,P0029,GH014,F02,30.20993959,0.062588406,0.372389773,Good,Minor,0.42639301385962947,0.1,0,0.3747599427219259,Moderate
2026-05-24,P0029,GH014,F02,31.28579962,0.138365717,0.145924651,Good,None,0.4471086760913861,0,0,0.2035158291182772,Low
2026-06-07,P0029,GH014,F02,20.97122653,0.351022709,0.094764921,Excellent,Moderate,0.24850178835599232,0,0,0.21520252027119846,Low
2026-06-21,P0029,GH014,F02,28.67699723,0.202104199,0.142775126,Good,None,0.39687624098489777,0,0,0.21436052454697957,Low
2026-07-05,P0029,GH014,F02,34.01662247,0.040452224,0.105304332,Good,None,0.49969061258675285,0,0,0.16148335031735056,Low
2026-07-19,P0029,GH014,F02,27.16167104,0.094607567,0.160276458,Good,None,0.3676986670927113,0,0,0.1787767879685423,Low
2026-08-02,P0029,GH014,F02,22.8217186,0.428091444,0.08604553,Fair,None,0.2841329742126361,0,0.1,0.3453790887425272,Moderate
2026-08-16,P0029,GH014,F02,46.28957445,0.324899389,0.293975121,Fair,Minor,0.7360060446269692,0.1,0.1,0.5932047995253938,Moderate
2026-08-30,P0029,GH014,F02,49.47550108,0.445274215,0.034719271,Excellent,Minor,0.7973509948267076,0.1,0,0.43093984616534153,Moderate
2026-02-15,P0030,GH012,F04,42.28153637,0.144871822,0.19108172,Good,Minor,0.6588313557621929,0.1,0,0.3684581828524386,Moderate
2026-03-01,P0030,GH012,F04,47.75875146,0.224828988,0.171006426,Poor,None,0.7642950170296545,0,0.25,0.5585020409059309,Moderate
2026-03-15,P0030,GH012,F04,39.03798172,0.285383379,0.230219736,Good,None,0.5963767792503729,0,0,0.3227584197000746,Moderate
2026-03-29,P0030,GH012,F04,40.92562136,0.100459621,0.57886609,Good,None,0.6327232407854435,0,0,0.42219525600708874,Moderate
2026-04-12,P0030,GH012,F04,31.85436107,0.293118962,0.178781838,Good,Minor,0.4580563148434252,0.1,0,0.37465472676868505,Moderate
2026-04-26,P0030,GH012,F04,41.06971393,0.192958256,0.336810986,Excellent,None,0.6354977401877735,0,0,0.3461998813375547,Moderate
2026-05-10,P0030,GH012,F04,25.13806619,0.327872013,0.208286289,Excellent,Moderate,0.32873419830103706,0,0,0.2742308742602074,Low
2026-05-24,P0030,GH012,F04,34.85870731,0.490864662,0.14122187,Good,None,0.5159049384558186,0,0,0.3385334608911637,Moderate
2026-06-07,P0030,GH012,F04,50.8312219,0.233994535,0.035804193,Excellent,None,0.8234553706790945,0,0,0.2627010482358189,Low
2026-06-21,P0030,GH012,F04,33.34077454,0.191421381,0.034899867,Fair,Minor,0.4866771749205984,0.1,0.1,0.38003785848411964,Moderate
2026-07-05,P0030,GH012,F04,53.01340171,0.254163811,0.376309927,Poor,Minor,0.8654731969877073,0.1,0.25,0.7813914403975415,High
2026-07-19,P0030,GH012,F04,33.41598079,0.292681248,0.071992482,Excellent,None,0.48812526968132397,0,0,0.2324601076362648,Low
2026-08-02,P0030,GH012,F04,35.71998694,0.361948647,0.230907735,Good,None,0.5324888596023012,0,0,0.33708827912046024,Moderate
2026-08-16,P0030,GH012,F04,37.43451382,0.330801908,0.07021356,Good,None,0.5655020385874409,0,0,0.26047717751748817,Low
2026-08-30,P0030,GH012,F04,45.77502138,0.149815163,0.266007229,Poor,Severe,0.726098336095002,0,0.25,0.5673582273190004,Moderate
2026-02-15,P0031,GH019,F08,37.0280894,0.1783503,0.095536016,Fair,None,0.5576763449352121,0,0.1,0.31694908118704246,Moderate
2026-03-01,P0031,GH019,F08,42.20216173,0.269893193,0.088230359,Good,None,0.6573029987397583,0,0,0.26562687884795166,Low
2026-03-15,P0031,GH019,F08,24.2897368,0.331021199,0.110380071,Excellent,None,0.31239963375316343,0,0,0.22800837835063267,Low
2026-03-29,P0031,GH019,F08,34.95373526,0.316385435,0.241607508,Good,None,0.5177346996328152,0,0,0.323005220776563,Moderate
2026-04-12,P0031,GH019,F08,38.04073874,0.159303375,0.162146521,Good,None,0.5771748866615475,0,0,0.24415709303230948,Low
2026-04-26,P0031,GH019,F08,34.78100766,0.228468114,0.129860751,Excellent,Minor,0.5144088333305769,0.1,0,0.3412829445161154,Moderate
2026-05-10,P0031,GH019,F08,26.10178922,0.161597708,0.204071132,Good,Minor,0.3472906649581775,0.1,0,0.31784934019163547,Moderate
2026-05-24,P0031,GH019,F08,30.62604077,0.365396468,0.155766817,Excellent,None,0.43440503332197106,0,0,0.2848648381143942,Low
2026-06-07,P0031,GH019,F08,34.68280786,0.265086918,0.3606723,Good,None,0.512517998248595,0,0,0.357586555949719,Moderate
2026-06-21,P0031,GH019,F08,34.98349341,0.238858186,0.166637313,Good,None,0.5183076921846826,0,0,0.26224869438693654,Low
2026-07-05,P0031,GH019,F08,28.05544775,0.059224386,0.165250472,Good,None,0.38490831883055937,0,0,0.17207291126611188,Low
2026-07-19,P0031,GH019,F08,34.8877234,0.226294727,0.373161457,Fair,None,0.5164636426580058,0,0.1,0.4504185386316012,Moderate
2026-08-02,P0031,GH019,F08,40.26255088,0.420814534,0.011412591,Good,Moderate,0.6199558326500852,0,0,0.2764119193800171,Low
2026-08-16,P0031,GH019,F08,37.19470229,0.068026078,0.348106404,Fair,None,0.5608844726251095,0,0.1,0.39263390362502193,Moderate
2026-08-30,P0031,GH019,F08,31.15899322,0.325696543,0.027422156,Good,Moderate,0.44466702152854765,0,0,0.21526716455570952,Low
2026-02-15,P0032,GH020,F01,29.53698113,0.068596179,0.109042942,Fair,Moderate,0.41343521287750423,0,0.1,0.25576502912550086,Low
2026-03-01,P0032,GH020,F01,42.49147748,0.5812131,0.289561108,Good,Minor,0.66287376741617,0.1,0,0.566301837083234,Moderate
2026-03-15,P0032,GH020,F01,17.88760384,0.644038378,0.043073454,Good,None,0.18912669836754736,0,0,0.28262182627350946,Low
2026-03-29,P0032,GH020,F01,38.06033561,0.189371705,0.24516386,Good,Moderate,0.5775522239809009,0,0,0.29211427854618016,Low
2026-04-12,P0032,GH020,F01,34.70586262,0.05112506,0.061392283,Good,None,0.5129619171671128,0,0,0.14811268178342257,Low
2026-04-26,P0032,GH020,F01,16.20613542,0.205935129,0.229408946,Good,Minor,0.1567500593338566,0.1,0,0.3066613327167713,Moderate
2026-05-10,P0032,GH020,F01,24.13224358,0.214433166,0.187567742,Fair,Severe,0.3093671051171551,0,0.1,0.3213305130234311,Moderate
2026-05-24,P0032,GH020,F01,37.54756487,0.265393023,0.146654538,Fair,None,0.5676788341755672,0,0.1,0.3724178669851135,Moderate
2026-06-07,P0032,GH020,F01,24.73981137,0.331365679,0.254410602,Good,Moderate,0.3210658101248456,0,0,0.2946759205749691,Low
2026-06-21,P0032,GH020,F01,39.72867087,0.314872387,0.288874045,Poor,Moderate,0.609675984295233,0,0.25,0.6121338525590465,High
2026-07-05,P0032,GH020,F01,25.4667093,0.125347542,0.253077292,Poor,None,0.335062214466443,0,0.25,0.4747688639932886,Moderate
2026-07-19,P0032,GH020,F01,41.13361032,0.087989503,0.102572076,Good,None,0.6367280638322617,0,0,0.20429937301645235,Low
2026-08-02,P0032,GH020,F01,18.55172603,0.12325969,0.075361466,Fair,Moderate,0.2019143571568181,0,0.1,0.21743642263136365,Low
2026-08-16,P0032,GH020,F01,32.1093921,0.437795966,0.348359831,Good,Moderate,0.4629669319578996,0,0,0.40258389844157993,Moderate
2026-08-30,P0032,GH020,F01,31.33729031,0.548226429,0.055077091,Good,None,0.44810012824350304,0,0,0.3062839667487006,Moderate
2026-02-15,P0033,GH008,F05,23.6860402,0.531906206,0.052762004,Fair,Minor,0.30077546842743796,0.1,0.1,0.47006516758548755,Moderate
2026-03-01,P0033,GH008,F05,22.14112658,0.192097894,0.136706412,Good,Moderate,0.2710281891933906,0,0,0.1829577861386781,Low
2026-03-15,P0033,GH008,F05,40.43219931,0.052186958,0.095918701,Good,None,0.6232224095987873,0,0,0.18607333266975745,Low
2026-03-29,P0033,GH008,F05,24.36296758,0.174328697,0.224933312,Excellent,Minor,0.31380969088062094,0.1,0,0.3249969725261242,Moderate
2026-04-12,P0033,GH008,F05,48.16296848,0.069320895,0.393739728,Excellent,None,0.7720782072413471,0,0,0.3558608322982695,Moderate
2026-04-26,P0033,GH008,F05,28.53250711,0.171665009,0.181447568,Excellent,Minor,0.3940940867656858,0.1,0,0.32055297610313715,Moderate
2026-05-10,P0033,GH008,F05,54.05478862,0.301858764,0.137780715,Good,Minor,0.8855250800194925,0.1,0,0.44475690515389843,Moderate
2026-05-24,P0033,GH008,F05,36.29265295,0.218505175,0.267083027,Fair,None,0.5435155315707428,0,0.1,0.40536727971414854,Moderate
2026-06-07,P0033,GH008,F05,34.7613396,0.255372925,0.181284774,Good,None,0.5140301252492719,0,0,0.2737646970998544,Low
2026-06-21,P0033,GH008,F05,39.33972859,0.121312087,0.21189316,Poor,Minor,0.6021869088807207,0.1,0.25,0.6082485342261441,High
2026-07-05,P0033,GH008,F05,25.1675899,0.20799469,0.43689279,Good,None,0.32930267671563934,0,0,0.33526043234312786,Moderate
2026-07-19,P0033,GH008,F05,35.41186916,0.196806304,0.180766448,Excellent,None,0.5265560582340055,0,0,0.2555383196468011,Low
2026-08-02,P0033,GH008,F05,31.91295087,0.30863125,0.23573652,Fair,None,0.4591844602091622,0,0.1,0.4059392635418324,Moderate
2026-08-16,P0033,GH008,F05,33.22113326,0.369867764,0.098823191,Excellent,Moderate,0.4843734845925406,0,0,0.27079885026850814,Low
2026-08-30,P0033,GH008,F05,52.07789349,0.278042097,0.282743052,Fair,Severe,0.8474600059032203,0,0.1,0.4940411085306441,Moderate
2026-02-15,P0034,GH016,F05,46.55761912,0.197818454,0.110680583,Good,None,0.741167239105718,0,0,0.2672761690711436,Low
2026-03-01,P0034,GH016,F05,13.09653026,0.324832285,0.208347995,Good,None,0.09687467743246943,0,0,0.22682283298649386,Low
2026-03-15,P0034,GH016,F05,22.45299632,0.237287074,0.149442377,Poor,Severe,0.277033234472511,0,0.25,0.45570619244450217,Moderate
2026-03-29,P0034,GH016,F05,23.99721439,0.452883613,0.218322795,Good,Minor,0.30676712090594904,0.1,0,0.4181079464811899,Moderate
2026-04-12,P0034,GH016,F05,37.78847519,0.04084758,0.076071848,Good,None,0.57231755731622,0,0,0.162992496063244,Low
2026-04-26,P0034,GH016,F05,23.0401344,0.081218257,0.106635153,Fair,None,0.2883385658441785,0,0.1,0.2340799219688357,Low
2026-05-10,P0034,GH016,F05,24.44371035,0.106222376,0.106555235,Excellent,None,0.31536439121740767,0,0,0.14820056559348155,Low
2026-05-24,P0034,GH016,F05,25.50634559,0.2074529,0.168155517,Good,Minor,0.33582541039608443,0.1,0,0.3154435797292169,Moderate
2026-06-07,P0034,GH016,F05,38.61756706,0.24779922,0.152880275,Excellent,Moderate,0.5882817038214262,0,0,0.27318219151428524,Low
2026-06-21,P0034,GH016,F05,46.29432305,0.367008669,0.154016108,Good,Minor,0.7360974788200154,0.1,0,0.44497977851400305,Moderate
2026-07-05,P0034,GH016,F05,41.45590298,0.512367158,0.116299268,Good,Severe,0.6429338022165887,0,0,0.3602499363433177,Moderate
2026-07-19,P0034,GH016,F05,24.50690299,0.103149445,0.043207843,Excellent,Minor,0.31658116417045895,0.1,0,0.2188620679340918,Low
2026-08-02,P0034,GH016,F05,37.28919209,0.14970733,0.180381235,Fair,Severe,0.5627038717351835,0,0.1,0.34610989559703675,Moderate
2026-08-16,P0034,GH016,F05,41.36076299,0.307205045,0.270246298,Fair,None,0.6411018837117506,0,0.1,0.4573529765923501,Moderate
2026-08-30,P0034,GH016,F05,27.69667338,0.224202544,0.110352454,Excellent,Minor,0.3780001258880896,0.1,0,0.3037295198776179,Moderate
2026-02-15,P0035,GH016,F05,37.35799483,0.326938807,0.239445134,Excellent,None,0.5640286670456474,0,0,0.3349846261591295,Moderate
2026-03-01,P0035,GH016,F05,38.01875591,0.513225661,0.246836324,Excellent,Severe,0.5767516077326165,0,0,0.4060556486965233,Moderate
2026-03-15,P0035,GH016,F05,37.53919623,0.36961473,0.492849576,Excellent,None,0.5675176961885197,0,0,0.464651003937704,Moderate
2026-03-29,P0035,GH016,F05,31.47692226,0.450622146,0.219350795,Fair,Moderate,0.4507887385016252,0,0.1,0.446583356550325,Moderate
2026-04-12,P0035,GH016,F05,33.66620495,0.304933657,0.239507629,Poor,Minor,0.4929433306151288,0.1,0.25,0.6630938791230258,High
2026-04-26,P0035,GH016,F05,31.48498188,0.446104258,0.397607422,Good,None,0.45094392631507735,0,0,0.42524861546301546,Moderate
2026-05-10,P0035,GH016,F05,35.81169981,0.321444338,0.60826278600000006,Good,Minor,0.5342547889836772,0.1,0,0.5930747297967355,Moderate
2026-05-24,P0035,GH016,F05,39.83427828,0.417875865,0.485902568,Excellent,Minor,0.6117094527518412,0.1,0,0.5872545989003682,Moderate
2026-06-07,P0035,GH016,F05,31.64938229,0.412209624,0.359481733,Fair,None,0.45410945274914544,0,0.1,0.49686203879982915,Moderate
2026-06-21,P0035,GH016,F05,33.04942238,0.548368716,0.269277205,Good,None,0.4810671952125014,0,0,0.4093172318925003,Moderate
2026-07-05,P0035,GH016,F05,38.0522235,0.467644545,0.25934745,Good,None,0.5773960254736035,0,0,0.3958611483447207,Moderate
2026-07-19,P0035,GH016,F05,35.19393627,0.358695774,0.196042738,Fair,Minor,0.5223597650243483,0.1,0.1,0.5182347060048696,Moderate
2026-08-02,P0035,GH016,F05,26.04870768,0.281121177,0.268607856,Good,None,0.3462685810227965,0,0,0.28851966335455925,Low
2026-08-16,P0035,GH016,F05,30.82106656,0.286894364,0.408127862,Excellent,None,0.4381602508033022,0,0,0.3717026154606604,Moderate
2026-08-30,P0035,GH016,F05,34.83715356,0.358967273,0.297622065,Good,None,0.5154899214532558,0,0,0.36266645909065115,Moderate
2026-02-15,P0036,GH007,F04,23.32585116,0.464071851,0.304529736,Good,None,0.29384003604389575,0,0,0.3582315362587791,Moderate
2026-03-01,P0036,GH007,F04,39.80322943,0.467512292,0.137332794,Fair,Minor,0.6111116077986418,0.1,0.1,0.5476513810597283,Moderate
2026-03-15,P0036,GH007,F04,24.2089708,0.370779878,0.197852252,Good,Minor,0.3108444861232157,0.1,0,0.38097536792464315,Moderate
2026-03-29,P0036,GH007,F04,23.4770471,0.356023828,0.078249039,Excellent,Minor,0.29675131068605615,0.1,0,0.3191706694872112,Moderate
2026-04-12,P0036,GH007,F04,37.90915115,0.427207412,0.074015508,Good,None,0.5746411703858988,0,0,0.2977578068771798,Low
2026-04-26,P0036,GH007,F04,30.23225815,0.041689492,0.263576947,Poor,Moderate,0.4268227572626436,0,0.25,0.46856549980252876,Moderate
2026-05-10,P0036,GH007,F04,27.80762777,0.169591324,0.554952183,Good,Severe,0.3801365503320488,0,0,0.3851127558164098,Moderate
2026-05-24,P0036,GH007,F04,15.59163666,0.086629954,0.159971969,Good,None,0.144917898644707,0,0,0.1312914496789414,Low
2026-06-07,P0036,GH007,F04,29.80538642,0.303793665,0.242007075,Excellent,Minor,0.41860335108676255,0.1,0,0.39895163671735245,Moderate
2026-06-21,P0036,GH007,F04,44.31038033,0.244590602,0.251890546,Fair,None,0.6978967035066387,0,0.1,0.43853679710132776,Moderate
2026-07-05,P0036,GH007,F04,30.314047,0.33794995,0.41994565,Good,None,0.4283975998478114,0,0,0.3929375449695623,Moderate
2026-07-19,P0036,GH007,F04,39.60223218,0.243837156,0.150312063,Excellent,None,0.6072414099807044,0,0,0.2744317149461409,Low
2026-08-02,P0036,GH007,F04,20.07864399,0.3460297,0.044007867,Good,Minor,0.23131513033635803,0.1,0,0.28717696121727165,Low
2026-08-16,P0036,GH007,F04,36.42744635,0.337474358,0.127318429,Fair,None,0.5461109756504621,0,0.1,0.3846315134800924,Moderate
2026-08-30,P0036,GH007,F04,28.68933032,0.12517572,0.129432569,Good,Moderate,0.3971137143732472,0,0,0.18147890092464947,Low
2026-02-15,P0037,GH020,F01,35.0499905,0.378987792,0.192146871,Fair,Moderate,0.5195880922529282,0,0.1,0.42302943760058564,Moderate
2026-03-01,P0037,GH020,F01,35.73864614,0.53550357,0.451976073,Excellent,None,0.5328481421055418,0,0,0.4973851107711083,Moderate
2026-03-15,P0037,GH020,F01,33.7135798,0.553125369,0.355301287,Excellent,Minor,0.49385553235468044,0.1,0,0.552250564770936,Moderate
2026-03-29,P0037,GH020,F01,31.50456523,0.521587168,0.262079525,Good,Severe,0.4513210033071154,0,0,0.3907554957114231,Moderate
2026-04-12,P0037,GH020,F01,24.71494958,0.734459504,0.354685126,Excellent,None,0.320587096881714,0,0,0.4807865524763428,Moderate
2026-04-26,P0037,GH020,F01,30.70643189,0.371905928,0.408032085,Good,None,0.4359529626454097,0,0,0.40097210557908197,Moderate
2026-05-10,P0037,GH020,F01,41.96112292,0.354942523,0.321593812,Excellent,None,0.65266180152686,0,0,0.399479458755372,Moderate
2026-05-24,P0037,GH020,F01,33.48643594,0.24858627,0.463234573,Fair,Minor,0.48948188211155597,0.1,0.1,0.5933571287723112,Moderate
2026-06-07,P0037,GH020,F01,40.85339564,0.294643697,0.446341892,Fair,Severe,0.6313325360671305,0,0.1,0.530245652563426,Moderate
2026-06-21,P0037,GH020,F01,42.10628684,0.60217789,0.426261093,Good,None,0.6554569297508892,0,0,0.5336711393001778,Moderate
2026-07-05,P0037,GH020,F01,35.00915347,0.459501555,0.164632966,Fair,None,0.5188017760998612,0,0.1,0.43867073416997227,Moderate
2026-07-19,P0037,GH020,F01,27.33071361,0.273214886,0.245807986,Fair,Minor,0.3709535782198662,0.1,0.1,0.48042951944397316,Moderate
2026-08-02,P0037,GH020,F01,44.87403438,0.249946284,0.161943004,Good,Moderate,0.708749850374974,0,0,0.3021055212749948,Moderate
2026-08-16,P0037,GH020,F01,32.83409356,0.458029477,0.191723352,Excellent,Minor,0.47692104331588075,0.1,0,0.44197003401317614,Moderate
2026-08-30,P0037,GH020,F01,44.82535662,0.428920919,0.1719294,Fair,None,0.7078125611307975,0,0.1,0.4690530638761595,Moderate
2026-02-15,P0038,GH018,F06,29.4088553,0.076535145,0.272067898,Good,None,0.4109681527177886,0,0,0.23141148539355771,Low
2026-03-01,P0038,GH018,F06,28.4620439,0.363532586,0.288144464,Excellent,None,0.39273731914032345,0,0,0.3354488777280647,Moderate
2026-03-15,P0038,GH018,F06,30.52637534,0.06768464,0.114787412,Good,None,0.4324859775651893,0,0,0.16184115491303785,Low
2026-03-29,P0038,GH018,F06,26.79603304,0.241422494,0.141692516,Fair,Moderate,0.3606583150990649,0,0.1,0.32039116811981294,Moderate
2026-04-12,P0038,GH018,F06,43.29443752,0.109655126,0.211777639,Good,None,0.678334746084778,0,0,0.2693461808669556,Low
2026-04-26,P0038,GH018,F06,26.0122495,0.512732157,0.13331589,Good,None,0.34556657953430875,0,0,0.3085617213568617,Moderate
2026-05-10,P0038,GH018,F06,38.11112475,0.232447564,0.214706381,Good,None,0.5785301678025349,0,0,0.29368055241050695,Low
2026-05-24,P0038,GH018,F06,40.68882959,0.4578948,0.391291592,Good,Minor,0.6281638202383488,0.1,0,0.5619771604476698,Moderate
2026-06-07,P0038,GH018,F06,22.76033241,0.281653146,0.069816471,Fair,None,0.2829509844163106,0,0.1,0.2865862099332621,Low
2026-06-21,P0038,GH018,F06,26.30188892,0.238659094,0.049148214,Good,None,0.3511435804697575,0,0,0.17587609529395148,Low
2026-07-05,P0038,GH018,F06,39.88016923,0.22986514,0.340320358,Good,None,0.6125930820281277,0,0,0.35611557650562553,Moderate
2026-07-19,P0038,GH018,F06,29.67187899,0.260517482,0.326847698,Poor,None,0.4160326683323248,0,0.25,0.5714691164664649,Moderate
2026-08-02,P0038,GH018,F06,54.0081651,0.283269235,0.050123251,Fair,None,0.884627345123276,0,0.1,0.3986251642246552,Moderate
2026-08-16,P0038,GH018,F06,41.75674638,0.16264966,0.213683064,Excellent,Minor,0.6487265355511038,0.1,0,0.3828300669102208,Moderate
2026-08-30,P0038,GH018,F06,22.80259764,0.187267095,0.382300321,Good,None,0.2837648005303152,0,0,0.29433158780606306,Low
2026-02-15,P0039,GH020,F01,22.17870221,0.19790886,0.529758859,Good,None,0.27175170715810715,0,0,0.36200992898162143,Moderate
2026-03-01,P0039,GH020,F01,32.34583519,0.167837607,0.097252969,Fair,None,0.46751963867893365,0,0.1,0.29601092623578673,Low
2026-03-15,P0039,GH020,F01,41.41759872,0.346952121,0.272809863,Excellent,Minor,0.6421962544965593,0.1,0,0.47263693159931186,Moderate
2026-03-29,P0039,GH020,F01,26.4255563,0.443516683,0.154391737,Excellent,None,0.35352479326856956,0,0,0.2954120793537139,Low
2026-04-12,P0039,GH020,F01,30.84182803,0.077274729,0.500068188,Good,Minor,0.4385600124711418,0.1,0,0.4397888422442283,Moderate
2026-04-26,P0039,GH020,F01,24.98748742,0.18955927,0.084240975,Fair,None,0.32583480725423575,0,0.1,0.2694211447008471,Low
2026-05-10,P0039,GH020,F01,35.27220263,0.087661768,0.149411118,Excellent,Moderate,0.5238667821387113,0,0,0.20268997832774227,Low
2026-05-24,P0039,GH020,F01,38.50799714,0.187276942,0.198995024,Poor,None,0.5861719373181753,0,0.25,0.522329077963635,Moderate
2026-06-07,P0039,GH020,F01,40.92004317,0.223557765,0.446887874,Fair,None,0.6326158328544095,0,0.1,0.5058679276208818,Moderate
2026-06-21,P0039,GH020,F01,41.97645993,0.40922393,0.130662975,Good,Moderate,0.6529571153315796,0,0,0.33261813731631595,Moderate
2026-07-05,P0039,GH020,F01,25.09040374,0.049102814,0.079809398,Fair,Minor,0.327816458829539,0.1,0.1,0.31866350576590785,Moderate
2026-07-19,P0039,GH020,F01,47.29857536,0.376652946,0.358771516,Good,Minor,0.7554343359104507,0.1,0,0.5443625804820902,Moderate
2026-08-02,P0039,GH020,F01,46.6396398,0.078762011,0.141868727,Excellent,None,0.742746545572656,0,0,0.23995694011453123,Low
2026-08-16,P0039,GH020,F01,34.0944576,0.458895875,0.106703636,Good,None,0.5011893263765428,0,0,0.30886805772530856,Moderate
2026-08-30,P0039,GH020,F01,46.30072386,0.23676557,0.177156424,Good,Moderate,0.736220726281834,0,0,0.3098324855563668,Moderate
2026-02-15,P0040,GH005,F01,18.94613566,0.47423404,0.231931564,Good,None,0.20950870628049742,0,0,0.31225285905609945,Moderate
2026-03-01,P0040,GH005,F01,33.70153127,0.383521764,0.301430979,Fair,None,0.49362353816314125,0,0.1,0.46860126558262827,Moderate
2026-03-15,P0040,GH005,F01,23.93380152,0.232909272,0.179186027,Fair,Minor,0.30554610742888333,0.1,0.1,0.42326117883577663,Moderate
2026-03-29,P0040,GH005,F01,26.35128964,0.340181236,0.532773128,Good,None,0.3520947902935165,0,0,0.4292302982587033,Moderate
2026-04-12,P0040,GH005,F01,34.51425159,0.411842629,0.19166142,Fair,None,0.509272450817704,0,0.1,0.43224704931354085,Moderate
2026-04-26,P0040,GH005,F01,30.85682688,0.249067078,0.226918497,Fair,Minor,0.43884881501217937,0.1,0.1,0.4770565639524359,Moderate
2026-05-10,P0040,GH005,F01,31.51043018,0.396447818,0.37188502,Excellent,Moderate,0.4514339327959134,0,0,0.39639178185918267,Moderate
2026-05-24,P0040,GH005,F01,37.27962063,0.333834015,0.450657547,Fair,None,0.5625195734743542,0,0.1,0.5321417160948708,Moderate
2026-06-07,P0040,GH005,F01,30.47673603,0.382956939,0.164481611,Good,None,0.43153017369600255,0,0,0.2943576883392005,Low
2026-06-21,P0040,GH005,F01,27.16549691,0.886096504,0.411403927,Good,Moderate,0.3677723341390302,0,0,0.568820010377806,Moderate
2026-07-05,P0040,GH005,F01,23.70024451,0.349187755,0.235203284,Good,None,0.3010489721174999,0,0,0.28826698647349996,Low
2026-07-19,P0040,GH005,F01,31.03982002,0.771125807,0.178650416,Fair,None,0.44237234407103715,0,0.1,0.5387611884642075,Moderate
2026-08-02,P0040,GH005,F01,22.79131621,0.536131351,0.3260461,Good,None,0.2835475768331293,0,0,0.3910762332166259,Moderate
2026-08-16,P0040,GH005,F01,34.42984113,0.442254436,0.292542378,Excellent,Moderate,0.5076471291871689,0,0,0.3879625485374338,Moderate
2026-08-30,P0040,GH005,F01,36.52978773,0.359629642,0.515750512,Fair,None,0.5480815567681675,0,0.1,0.5675744164536335,Moderate
2026-02-15,P0041,GH004,F01,31.13034971,0.107254532,0.206737208,Good,Minor,0.44411549134641803,0.1,0,0.31939392806928363,Moderate
2026-03-01,P0041,GH004,F01,45.40800961,0.399101459,0.290521893,Fair,None,0.7190315321889221,0,0.1,0.5142266689377845,Moderate
2026-03-15,P0041,GH004,F01,38.71485859,0.319406317,0.526470175,Good,Minor,0.5901550501836763,0.1,0,0.5667347997367352,Moderate
2026-03-29,P0041,GH004,F01,46.94835013,0.268118818,0.388136915,Good,None,0.7486907564787292,0,0,0.41824134934574586,Moderate
2026-04-12,P0041,GH004,F01,24.97349054,0.393239317,0.047514318,Fair,Minor,0.3255652976244575,0.1,0.1,0.42412826357489153,Moderate
2026-04-26,P0041,GH004,F01,31.33673678,0.211098452,0.031923519,Good,None,0.44808947003500443,0,0,0.17786793575700088,Low
2026-05-10,P0041,GH004,F01,40.03771093,0.055582618,0.130024459,Good,None,0.6156265441455155,0,0,0.20109023167910312,Low
2026-05-24,P0041,GH004,F01,33.70935865,0.353348066,0.177301361,Excellent,None,0.4937742542002819,0,0,0.3022122863900564,Moderate
2026-06-07,P0041,GH004,F01,25.19312039,0.334736672,0.029940514,Poor,None,0.3297942657631953,0,0.25,0.44658991965263906,Moderate
2026-06-21,P0041,GH004,F01,24.03185854,0.172536851,0.125966067,Fair,Moderate,0.3074341932849706,0,0.1,0.27855946665699416,Low
2026-07-05,P0041,GH004,F01,47.7074547,0.183894622,0.069886465,Fair,None,0.7633072989956056,0,0.1,0.34847348674912115,Moderate
2026-07-19,P0041,GH004,F01,20.11196143,0.206068582,0.169246551,Fair,Minor,0.23195665694225567,0.1,0.1,0.39467628303845115,Moderate
2026-08-02,P0041,GH004,F01,14.53191741,0.247783726,0.087820206,Excellent,Moderate,0.12451302679210123,0,0,0.15114600215842022,Low
2026-08-16,P0041,GH004,F01,33.66122929,0.034339234,0.235617459,Excellent,None,0.49284752438656204,0,0,0.2166160933273124,Low
2026-08-30,P0041,GH004,F01,28.97804763,0.207775575,0.190137143,Excellent,None,0.40267296010005543,0,0,0.2388177576200111,Low
2026-02-15,P0042,GH002,F01,28.46425247,0.21044898,0.27615246,Good,Minor,0.39277984510918507,0.1,0,0.376481719021837,Moderate
2026-03-01,P0042,GH002,F01,35.66237616,0.287288634,0.436073984,Poor,None,0.5313795652460568,0,0.25,0.6530602277492114,High
2026-03-15,P0042,GH002,F01,32.35551192,0.57661867,0.175679614,Good,Moderate,0.46770596391139707,0,0,0.3744135535822794,Moderate
2026-03-29,P0042,GH002,F01,33.16245448,0.656085217,0.12400706,Excellent,None,0.48324362591877656,0,0,0.3820817281337553,Moderate
2026-04-12,P0042,GH002,F01,41.08726886,0.629060025,0.484642627,Excellent,None,0.635835759995408,0,0,0.5654273428990816,Moderate
2026-04-26,P0042,GH002,F01,19.25028798,0.579820895,0.442428079,Good,None,0.2153651527999626,0,0,0.4451029793599925,Moderate
2026-05-10,P0042,GH002,F01,43.94655144,0.362516149,0.350829127,Good,None,0.690891185887962,0,0,0.4229319964775924,Moderate
2026-05-24,P0042,GH002,F01,37.22549335,0.194329785,0.321447777,Excellent,None,0.5614773538372853,0,0,0.32496239516745706,Moderate
2026-06-07,P0042,GH002,F01,26.01102239,0.258263433,0.375127051,Good,Minor,0.34554295155708825,0.1,0,0.42830796481141764,Moderate
2026-06-21,P0042,GH002,F01,17.77978225,0.430607812,0.540104197,Poor,None,0.18705059592164558,0,0.25,0.6811697420343291,High
2026-07-05,P0042,GH002,F01,53.19826045,0.302970575,0.278740319,Good,None,0.8690326481352959,0,0,0.4052793744270592,Moderate
2026-07-19,P0042,GH002,F01,23.88807042,0.426190618,0.232855974,Fair,Moderate,0.30466555606098217,0,0.1,0.4148850158121964,Moderate
2026-08-02,P0042,GH002,F01,37.07737435,0.294530968,0.256608403,Good,Minor,0.558625325610058,0.1,0,0.4302846852720116,Moderate
2026-08-16,P0042,GH002,F01,32.73394839,0.305999739,0.457682627,Poor,Severe,0.47499275017549725,0,0.25,0.6580556408350995,High
2026-08-30,P0042,GH002,F01,25.88009551,0.350984103,0.135297746,Excellent,Minor,0.34302195723858225,0.1,0,0.3523328131977165,Moderate
2026-02-15,P0043,GH009,F06,40.22799251,0.313673577,0.322740642,Poor,None,0.619290411963158,0,0.25,0.6288771232426316,High
2026-03-01,P0043,GH009,F06,21.91652714,0.417888874,0.091405613,Good,Moderate,0.26670353170380834,0,0,0.24073433809076167,Low
2026-03-15,P0043,GH009,F06,26.33741306,0.349050674,0.155510293,Good,Severe,0.35182759703770605,0,0,0.2625128871575412,Low
2026-03-29,P0043,GH009,F06,35.01014229,0.329114434,0.393829517,Good,None,0.5188208158081474,0,0,0.3961774977116295,Moderate
2026-04-12,P0043,GH009,F06,16.0436818,0.25942726,0.220439558,Fair,None,0.15362201830026034,0,0.1,0.3207217457600521,Moderate
2026-04-26,P0043,GH009,F06,27.90760412,0.233461552,0.08313984,Good,None,0.38206159284688584,0,0,0.19553678976937716,Low
2026-05-10,P0043,GH009,F06,28.10238946,0.190179257,0.332397918,Excellent,None,0.3858121804685284,0,0,0.29330423914370574,Low
2026-05-24,P0043,GH009,F06,35.02513722,0.078210157,0.241749208,Excellent,None,0.5191095428696675,0,0,0.2399826071239335,Low
2026-06-07,P0043,GH009,F06,39.27408743,0.183284506,0.055400113,Good,Minor,0.6009229897266085,0.1,0,0.30926422589532176,Moderate
2026-06-21,P0043,GH009,F06,34.93704037,0.156334925,0.058321172,Good,None,0.5174132398772776,0,0,0.18444439912545552,Low
2026-07-05,P0043,GH009,F06,30.83275695,0.22009479,0.354883327,Good,None,0.43838534901667997,0,0,0.324407743453336,Moderate
2026-07-19,P0043,GH009,F06,52.45576621,0.298497035,0.061267736,Excellent,Moderate,0.8547359371729368,0,0,0.30299163088458736,Moderate
2026-08-02,P0043,GH009,F06,22.23604245,0.212317538,0.182906387,Fair,None,0.27285579227234624,0,0.1,0.3111901709044692,Moderate
2026-08-16,P0043,GH009,F06,22.21150967,0.061585588,0.103712013,Good,Moderate,0.2723834141098394,0,0,0.12270204447196789,Low
2026-08-30,P0043,GH009,F06,23.84619459,0.088173861,0.101329734,Excellent,Severe,0.303859237835781,0,0,0.13723107921715622,Low
2026-02-15,P0044,GH017,F08,39.01674621,0.391235168,0.193289446,Good,Severe,0.5959678899523115,0,0,0.3431061374904623,Moderate
2026-03-01,P0044,GH017,F08,34.95089316,0.316399106,0.477484409,Excellent,Severe,0.5176799750571388,0,0,0.42914366616142774,Moderate
2026-03-15,P0044,GH017,F08,38.13777356,0.645977099,0.602284423,Excellent,None,0.5790432900781511,0,0,0.6129286330156302,High
2026-03-29,P0044,GH017,F08,33.9968604,0.366552822,0.328042559,Excellent,None,0.4993100943448768,0,0,0.37577465811897537,Moderate
2026-04-12,P0044,GH017,F08,38.66868967,0.409913534,0.216851336,Fair,Minor,0.5892660686008909,0.1,0.1,0.5589060518201782,Moderate
2026-04-26,P0044,GH017,F08,56.87355417,0.433369403,0.127733223,Excellent,Minor,0.9398003513522438,0.1,0,0.49711931167044876,Moderate
2026-05-10,P0044,GH017,F08,16.99864235,0.260170166,0.119373095,Poor,None,0.1720097635894432,0,0.25,0.42917940356788864,Moderate
2026-05-24,P0044,GH017,F08,32.30563626,0.341760274,0.561159464,Good,Moderate,0.4667456091279352,0,0,0.4654869765255871,Moderate
2026-06-07,P0044,GH017,F08,32.41379304,0.34745439,0.517109006,Good,None,0.46882816565023155,0,0,0.44807372233004633,Moderate
2026-06-21,P0044,GH017,F08,39.40977974,0.687384886,0.280946351,Good,None,0.6035357422994565,0,0,0.48771771650989126,Moderate
2026-07-05,P0044,GH017,F08,16.370377649999998,0.326376376,0.483748434,Good,None,0.15991254001535427,0,0,0.36390103490307085,Moderate
2026-07-19,P0044,GH017,F08,44.50387698,0.424149244,0.340012636,Fair,None,0.7016224774294569,0,0.1,0.5417824170858914,Moderate
2026-08-02,P0044,GH017,F08,21.68174567,0.307412447,0.365295361,Fair,Severe,0.2621828194408987,0,0.1,0.4244138327881797,Moderate
2026-08-16,P0044,GH017,F08,32.40104204,0.523814948,0.373533342,Fair,None,0.4685826454136287,0,0.1,0.5451417647827257,Moderate
2026-08-30,P0044,GH017,F08,38.39406475,0.565020462,0.19624947,Good,None,0.5839781715469003,0,0,0.40286505750938006,Moderate
2026-02-15,P0045,GH005,F01,58.36858273,0.32200107,0.238462813,Good,Minor,0.9685870948060272,0.1,0,0.5137260593112054,Moderate
2026-03-01,P0045,GH005,F01,28.46055995,0.137296315,0.171393584,Good,None,0.3927087457143093,0,0,0.20372257219286188,Low
2026-03-15,P0045,GH005,F01,42.51247166,0.027732624,0.152725417,Fair,None,0.6632780099101613,0,0.1,0.3110884580320323,Moderate
2026-03-29,P0045,GH005,F01,43.41428132,0.349011131,0.47919967,Good,None,0.6806423359311728,0,0,0.4739222145362346,Moderate
2026-04-12,P0045,GH005,F01,31.30384928,0.341257874,0.335418253,Good,None,0.4474562219147569,0,0,0.35986971413295143,Moderate
2026-04-26,P0045,GH005,F01,17.43054626,0.124028754,0.095150854000000007,Good,Severe,0.1803260642853014,0,0,0.12229316105706028,Low
2026-05-10,P0045,GH005,F01,32.94017164,0.117691515,0.384658485,Good,Minor,0.4789635745134319,0.1,0,0.41008106340268635,Moderate
2026-05-24,P0045,GH005,F01,43.22573918,0.142745959,0.194996616,Fair,None,0.6770119609941165,0,0.1,0.37311195504882333,Moderate
2026-06-07,P0045,GH005,F01,32.07594057,0.144097262,0.126704393,Fair,None,0.4623228234518744,0,0.1,0.29991558324037493,Low
2026-06-21,P0045,GH005,F01,40.58262484,0.16437256,0.067077592,Good,Minor,0.6261188500126141,0.1,0,0.31293908240252283,Moderate
2026-07-05,P0045,GH005,F01,50.51588283,0.162708719,0.021132963,Good,None,0.8173835235238505,0,0,0.2299345897047701,Low
2026-07-19,P0045,GH005,F01,42.08325103,0.376586763,0.119484581,Fair,None,0.6550133757142224,0,0.1,0.4165761036428445,Moderate
2026-08-02,P0045,GH005,F01,32.49767236,0.262717475,0.22379228,Good,None,0.47044326019124677,0,0,0.2867462942882493,Low
2026-08-16,P0045,GH005,F01,27.51114424,0.41672423200000003,0.241670484,Fair,Severe,0.3744277662026124,0,0.1,0.42949075224052247,Moderate
2026-08-30,P0045,GH005,F01,37.4656717,0.208184969,0.009444735,Good,None,0.5661019829109953,0,0,0.19033526648219906,Low
2026-02-15,P0046,GH020,F01,37.88141895,0.135885024,0.4757584,Good,None,0.5741071874586368,0,0,0.3764724758917274,Moderate
2026-03-01,P0046,GH020,F01,54.71202935,0.153792927,0.32486972,Good,None,0.8981802364413118,0,0,0.37965494573826236,Moderate
2026-03-15,P0046,GH020,F01,45.99757502,0.101172763,0.367518562,Fair,None,0.7303836017486465,0,0.1,0.4468705402997293,Moderate
2026-03-29,P0046,GH020,F01,37.06912165,0.184179239,0.144957604,Good,None,0.5584664200452699,0,0,0.24138693945905398,Low
2026-04-12,P0046,GH020,F01,44.83404061,0.208840867,0.06109677,Poor,None,0.7079797711754572,0,0.25,0.49218380418509144,Moderate
2026-04-26,P0046,GH020,F01,46.99717704,0.347004688,0.236833088,Good,Minor,0.7496309176030163,0.1,0,0.47795271392060323,Moderate
2026-05-10,P0046,GH020,F01,38.64602819,0.264636343,0.482823616,Good,Severe,0.5888297222804949,0,0,0.427659291706099,Moderate
2026-05-24,P0046,GH020,F01,30.34522732,0.056971245,0.02288826,Good,None,0.42899797625309344,0,0,0.1160392480006187,Low
2026-06-07,P0046,GH020,F01,40.82804336,0.40757067,0.052964624,Good,Minor,0.6308443784493734,0.1,0,0.39265269098987465,Moderate
2026-06-21,P0046,GH020,F01,41.05403865,0.053855128,0.406768515,Excellent,Moderate,0.6351959130013243,0,0,0.3289343091502649,Moderate
2026-07-05,P0046,GH020,F01,38.38372883,0.449448653,0.311186115,Fair,None,0.5837791536248623,0,0.1,0.5140966110249725,Moderate
2026-07-19,P0046,GH020,F01,35.78768108,0.198199453,0.103557869,Good,None,0.5337923088431,0,0,0.22272931136862,Low
2026-08-02,P0046,GH020,F01,43.43537175,0.400982478,0.183764057,Good,Minor,0.6810484317168882,0.1,0,0.45924737929337767,Moderate
2026-08-16,P0046,GH020,F01,46.9071574,0.551470664,0.333998937,Excellent,None,0.7478975913296494,0,0,0.4928937723159299,Moderate
2026-08-30,P0046,GH020,F01,28.18663874,0.226570977,0.292871221,Good,Severe,0.38743439858155615,0,0,0.28857877111631125,Low
2026-02-15,P0047,GH014,F02,23.20313514,0.063869819,0.302467402,Fair,None,0.29147714166185845,0,0.1,0.3167601958823717,Moderate
2026-03-01,P0047,GH014,F02,40.86587924,0.223832314,0.066300668,Good,None,0.6315729075223618,0,0,0.23449119200447235,Low
2026-03-15,P0047,GH014,F02,38.98169667,0.262626236,0.133400909,Excellent,None,0.5952930117973729,0,0,0.27100819400947457,Low
2026-03-29,P0047,GH014,F02,31.54063447,0.026837398,0.290271236,Good,None,0.45201551576409,0,0,0.23041824865281801,Low
2026-04-12,P0047,GH014,F02,34.97131252,0.156815338,0.138900777,Excellent,None,0.5180731494041294,0,0,0.22100534783082587,Low
2026-04-26,P0047,GH014,F02,26.23616681,0.155665675,0.137231617,Good,None,0.3498781026250992,0,0,0.18621283442501985,Low
2026-05-10,P0047,GH014,F02,33.1501504,0.662699234,0.22710282,Poor,None,0.4830067111173664,0,0.25,0.6807423431234733,High
2026-05-24,P0047,GH014,F02,41.61378528,0.094875868,0.122469672,Excellent,Moderate,0.6459738225798073,0,0,0.21751267071596145,Low
2026-06-07,P0047,GH014,F02,30.56272992,0.128413883,0.222303016,Fair,None,0.4331859842378579,0,0.1,0.33161841309757156,Moderate
2026-06-21,P0047,GH014,F02,40.01009336,0.155066981,0.13346758,Good,Severe,0.6150947684164907,0,0,0.2373528080332981,Low
2026-07-05,P0047,GH014,F02,38.2596558,0.090465981,0.068614939,Good,Moderate,0.5813901300438388,0,0,0.17881784190876776,Low
2026-07-19,P0047,GH014,F02,33.75298882,0.336472041,0.361719639,Fair,Minor,0.4946143522052558,0.1,0.1,0.5794619223410511,Moderate
2026-08-02,P0047,GH014,F02,23.55181997,0.514896198,0.243551506,Good,None,0.29819106072400403,0,0,0.3494500591448008,Moderate
2026-08-16,P0047,GH014,F02,43.9448473,0.204048327,0.126894264,Good,None,0.6908583727081326,0,0,0.2666910077916265,Low
2026-08-30,P0047,GH014,F02,36.62803275,0.193396068,0.103688008,Poor,Moderate,0.5499732625602975,0,0.25,0.47434287991205953,Moderate
2026-02-15,P0048,GH007,F04,29.38901618,0.405292975,0.303982845,Good,None,0.41058615087978434,0,0,0.3607620516759569,Moderate
2026-03-01,P0048,GH007,F04,29.76907431,0.212306605,0.096236812,Good,None,0.41790416217305,0,0,0.20119470958461,Low
2026-03-15,P0048,GH007,F04,16.87621945,0.192070151,0.17894714,Poor,None,0.16965251322683594,0,0.25,0.4316812684953672,Moderate
2026-03-29,P0048,GH007,F04,27.60065362,0.045434723,0.141540275,Fair,None,0.37615126743041993,0,0.1,0.254825530286084,Low
2026-04-12,P0048,GH007,F04,20.51597036,0.225075075,0.11896594,Fair,None,0.23973584038537835,0,0.1,0.2802581173270757,Low
2026-04-26,P0048,GH007,F04,26.8515447,0.232069181,0.078005306,Excellent,Minor,0.361727190943894,0.1,0,0.2886720392387788,Low
2026-05-10,P0048,GH007,F04,26.86991043,0.301513461,0.140881775,Good,Moderate,0.3620808226884618,0,0,0.24134267463769235,Low
2026-05-24,P0048,GH007,F04,32.8930502,0.122954383,0.141632438,Poor,None,0.4780562521780961,0,0.25,0.4523798815856192,Moderate
2026-06-07,P0048,GH007,F04,39.36404792,0.084273031,0.173250731,Poor,Minor,0.6026551770679704,0.1,0.25,0.5779894252135941,Moderate
2026-06-21,P0048,GH007,F04,40.84224362,0.081847108,0.084886538,Fair,None,0.6311178041567704,0,0.1,0.29306899073135406,Low
2026-07-05,P0048,GH007,F04,33.7701858,0.204261363,0.186917406,Fair,Minor,0.4949454796931747,0.1,0.1,0.45459340568863493,Moderate
2026-07-19,P0048,GH007,F04,28.89070251,0.449190229,0.333126715,Good,Moderate,0.4009911316529924,0,0,0.38732182823059846,Moderate
2026-08-02,P0048,GH007,F04,28.39865707,0.117452394,0.249822386,Fair,None,0.39151680706290953,0,0.1,0.33183177301258193,Moderate
2026-08-16,P0048,GH007,F04,29.73321725,0.358566627,0.153866576,Good,Moderate,0.41721373523750915,0,0,0.27818102569750186,Low
2026-08-30,P0048,GH007,F04,20.58875931,0.070813063,0.114136768,Excellent,None,0.2411373900854859,0,0,0.12437359566709719,Low
2026-02-15,P0049,GH001,F02,33.88663894,0.040479209,0.09545676,Fair,None,0.49718778245264006,0,0.1,0.256560821640528,Low
2026-03-01,P0049,GH001,F02,27.27870987,0.306944351,0.343582943,Fair,Moderate,0.3699522473007984,0,0.1,0.43603329666015966,Moderate
2026-03-15,P0049,GH001,F02,31.90536057,0.182634496,0.420370911,Excellent,None,0.45903830914243116,0,0,0.3448966453784863,Moderate
2026-03-29,P0049,GH001,F02,32.24003463,0.139139404,0.073750228,Good,Severe,0.4654824511231409,0,0,0.17498288422462818,Low
2026-04-12,P0049,GH001,F02,33.32988116,0.035179831,0.29796021,Good,Moderate,0.48646742311799435,0,0,0.2436885199735989,Low
2026-04-26,P0049,GH001,F02,28.59947838,0.312024754,0.226280291,Excellent,None,0.39538361715985026,0,0,0.29011151828197,Low
2026-05-10,P0049,GH001,F02,38.84741571,0.059628211,0.137485858,Good,None,0.5927074347390673,0,0,0.20127999689781345,Low
2026-05-24,P0049,GH001,F02,28.56302705,0.223560069,0.073094009,Good,Minor,0.39468174756796826,0.1,0,0.29007467771359363,Low
2026-06-07,P0049,GH001,F02,41.89094475,0.199041235,0.108020623,Good,None,0.651310522340698,0,0,0.2485358170681396,Low
2026-06-21,P0049,GH001,F02,35.88882452,0.10099981,0.085080224,Poor,None,0.5357398236513209,0,0.25,0.43078399903026415,Moderate
2026-07-05,P0049,GH001,F02,33.52680377,0.325977663,0.102074098,Good,None,0.4902591638284992,0,0,0.25807735891569983,Low
2026-07-19,P0049,GH001,F02,38.62670883,0.057602327,0.02569364,Good,None,0.5884577284103502,0,0,0.14941449813207003,Low
2026-08-02,P0049,GH001,F02,41.9385133,0.09847755,0.284842124,Poor,None,0.6522264537696723,0,0.25,0.5430913890539344,Moderate
2026-08-16,P0049,GH001,F02,29.11064783,0.119528194,0.061320488,Fair,None,0.4052261741599397,0,0.1,0.25047432233198796,Low
2026-08-30,P0049,GH001,F02,38.35268345,0.243932393,0.141650033,Fair,None,0.5831813754864398,0,0.1,0.365755127497288,Moderate
2026-02-15,P0050,GH018,F06,38.1119125,0.098481325,0.280583647,Good,None,0.5785453359122034,0,0,0.27644017208244065,Low
2026-03-01,P0050,GH018,F06,38.80675852,0.372673296,0.230382395,Fair,None,0.5919245814014149,0,0.1,0.45249264763028296,Moderate
2026-03-15,P0050,GH018,F06,22.52268975,0.44792209,0.312458528,Fair,None,0.2783751800001765,0,0.1,0.4530541051000353,Moderate
2026-03-29,P0050,GH018,F06,37.35372006,0.372951263,0.17276446,Poor,Severe,0.5639463564392774,0,0.25,0.5710662203378555,Moderate
2026-04-12,P0050,GH018,F06,32.96214341,0.12248558,0.282855028,Good,None,0.4793866404822958,0,0,0.26603204369645916,Low
2026-04-26,P0050,GH018,F06,43.72343645,0.15559196,0.144849946,Fair,None,0.6865951114518833,0,0.1,0.35695868399037667,Moderate
2026-05-10,P0050,GH018,F06,23.21133712,0.19001014,0.296258152,Good,Moderate,0.29163507061411403,0,0,0.2581467315228228,Low
2026-05-24,P0050,GH018,F06,35.22110454,0.068127086,0.030006587,Excellent,None,0.5228828894913304,0,0,0.1419240221482661,Low
2026-06-07,P0050,GH018,F06,46.71263165,0.046805545,0.215984361,Fair,None,0.7441520021079927,0,0.1,0.3624053036215985,Moderate
2026-06-21,P0050,GH018,F06,40.80261066,0.165444667,0.292137513,Good,None,0.6303546723462089,0,0,0.31543844876924176,Moderate
2026-07-05,P0050,GH018,F06,34.05107106,0.223295046,0.202338958,Good,Moderate,0.5003539194620907,0,0,0.26927658109241814,Low
2026-07-19,P0050,GH018,F06,24.92934448,0.295275423,0.014074997,Good,Minor,0.3247152661683928,0.1,0,0.27462319993367856,Low
2026-08-02,P0050,GH018,F06,33.34400735,0.341294952,0.122442778,Fair,Minor,0.48673942260910064,0.1,0.1,0.4719003678218201,Moderate
2026-08-16,P0050,GH018,F06,25.62877114,0.08578982,0.208506724,Good,Moderate,0.3381827117843859,0,0,0.1914910051568772,Low
2026-08-30,P0050,GH018,F06,33.5210809,0.396516072,0.323994415,Good,Moderate,0.49014897008711056,0,0,0.38260790596742206,Moderate
2026-02-15,P0051,GH002,F01,36.65874043,0.039729561,0.43924820999999997,Good,Minor,0.5505645382923283,0.1,0,0.4216799485084657,Moderate
2026-03-01,P0051,GH002,F01,33.86114519,0.174837392,0.214322512,Excellent,None,0.4966969008330108,0,0,0.2569775977666022,Low
2026-03-15,P0051,GH002,F01,38.13036438,0.146821915,0.090933881,Good,None,0.5789006264732078,0,0,0.20808804199464156,Low
2026-03-29,P0051,GH002,F01,52.17385015,0.213878319,0.37336446,Good,Moderate,0.8493076493717183,0,0,0.41273294852434367,Moderate
2026-04-12,P0051,GH002,F01,34.5822293,0.44723322,0.302592563,Good,None,0.5105813601928839,0,0,0.39481455238857677,Moderate
2026-04-26,P0051,GH002,F01,29.15293849,0.501963848,0.093000635,Fair,Minor,0.4060404799280591,0.1,0.1,0.49874572853561183,Moderate
2026-05-10,P0051,GH002,F01,28.11748378,0.099676514,0.252758412,Good,Moderate,0.38610282128240636,0,0,0.22584862955648127,Low
2026-05-24,P0051,GH002,F01,34.13417187,0.263486912,0.103428803,Excellent,None,0.5019540238094429,0,0,0.2391541853118886,Low
2026-06-07,P0051,GH002,F01,28.70701932,0.274339548,0.183748748,Excellent,Moderate,0.3974543156959095,0,0,0.25819664153918187,Low
2026-06-21,P0051,GH002,F01,48.84455136,0.166210114,0.201038295,Good,Moderate,0.7852020712490358,0,0,0.30568118689980717,Moderate
2026-07-05,P0051,GH002,F01,38.24522602,0.193687614,0.22995197,Good,Moderate,0.5811122849336727,0,0,0.28749150838673454,Low
2026-07-19,P0051,GH002,F01,36.57781448,0.2007724,0.28087201,Excellent,None,0.5490063108284973,0,0,0.30646400666569945,Moderate
2026-08-02,P0051,GH002,F01,42.47833301,0.210469638,0.451011045,Good,None,0.6626206709229994,0,0,0.4091434777345999,Moderate
2026-08-16,P0051,GH002,F01,44.90959925,0.361873227,0.075629406,Good,None,0.7094346511982152,0,0,0.30257579238964305,Moderate
2026-08-30,P0051,GH002,F01,39.92277217,0.255965478,0.107223058,Fair,Moderate,0.6134134007410739,0,0.1,0.3605209735482148,Moderate
2026-02-15,P0052,GH016,F05,35.85656488,0.410471517,0.04648378,Good,None,0.5351186649621575,0,0,0.2716064649424315,Low
2026-03-01,P0052,GH016,F05,37.52263797,0.427284737,0.389441978,Excellent,Minor,0.5671988672407562,0.1,0,0.5382383214981513,Moderate
2026-03-15,P0052,GH016,F05,22.66596243,0.379398623,0.238763634,Poor,Minor,0.28113389243781445,0.1,0.25,0.6464599318375629,High
2026-03-29,P0052,GH016,F05,21.31899487,0.388984095,0.507917232,Fair,Minor,0.2551980604224792,0.1,0.1,0.6157467997344959,High
2026-04-12,P0052,GH016,F05,46.32465251,0.154191841,0.163468504,Excellent,None,0.7366814719339073,0,0,0.27486426553678145,Low
2026-04-26,P0052,GH016,F05,37.49320182,0.126223809,0.332958992,Good,Minor,0.566632074792111,0.1,0,0.40733629450842224,Moderate
2026-05-10,P0052,GH016,F05,24.13361127,0.559611644,0.362337547,Good,None,0.3093934399593165,0,0,0.4207946595418633,Moderate
2026-05-24,P0052,GH016,F05,28.22511157,0.335912118,0.114997522,Good,Minor,0.38817519211338747,0.1,0,0.34695316462267745,Moderate
2026-06-07,P0052,GH016,F05,29.58833605,0.172185862,0.491940531,Good,None,0.41442405078112904,0,0,0.36452310080622585,Moderate
2026-06-21,P0052,GH016,F05,21.51254114,0.179717632,0.069253762,Excellent,None,0.258924789777353,0,0,0.1458503220554706,Low
2026-07-05,P0052,GH016,F05,31.15820398,0.082719604,0.206204604,Fair,None,0.4446518247289605,0,0.1,0.3106742981457921,Moderate
2026-07-19,P0052,GH016,F05,31.95359495,0.147155863,0.184121407,Good,None,0.45996706111404057,0,0,0.2263525974228081,Low
2026-08-02,P0052,GH016,F05,26.94910045,0.202554957,0.108605009,Good,None,0.3636056248566825,0,0,0.1924876139713365,Low
2026-08-16,P0052,GH016,F05,40.71883104,0.50751955,0.362175381,Excellent,None,0.6287414975265951,0,0,0.4663590634553191,Moderate
2026-08-30,P0052,GH016,F05,30.57063109,0.324827769,0.294105023,Good,Minor,0.4333381210998953,0.1,0,0.4327046037199791,Moderate
2026-02-15,P0053,GH010,F03,37.87419639,0.003829475,0.18679912,Good,Minor,0.5739681172178653,0.1,0,0.3001935436935731,Moderate
2026-03-01,P0053,GH010,F03,21.65443651,0.143300806,0.105014653,Good,Minor,0.2616569821399321,0.1,0,0.24974327237798644,Low
2026-03-15,P0053,GH010,F03,40.05104876,0.393745741,0.348356973,Fair,None,0.6158833637814161,0,0.1,0.5177483199562832,Moderate
2026-03-29,P0053,GH010,F03,16.41539336,0.254588188,0.077704409,Excellent,None,0.16077931656386377,0,0,0.15622871316277276,Low
2026-04-12,P0053,GH010,F03,35.51472387,0.482984059,0.21214689,Poor,Severe,0.5285365235100555,0,0.25,0.6202178258520111,High
2026-04-26,P0053,GH010,F03,34.95265753,0.398026002,0.069273198,Good,Minor,0.5177139479643504,0.1,0,0.3740248293928701,Moderate
2026-05-10,P0053,GH010,F03,35.05886335,0.035161862,0.206018551,Good,None,0.5197589387929127,0,0,0.20896678740858254,Low
2026-05-24,P0053,GH010,F03,33.66137914,0.135085444,0.228075663,Fair,Minor,0.4928504097451578,0.1,0.1,0.4484840356990315,Moderate
2026-06-07,P0053,GH010,F03,36.97030217,0.109450132,0.05136544,Fair,Minor,0.5565636530379316,0.1,0.1,0.3727347248075863,Moderate
2026-06-21,P0053,GH010,F03,21.74780821,0.223478613,0.043895945,Good,None,0.26345485225804116,0,0,0.15066166025160824,Low
2026-07-05,P0053,GH010,F03,26.84486481,0.461378287,0.116689551,Good,None,0.36159856980254973,0,0,0.2863124123605099,Low
2026-07-19,P0053,GH010,F03,37.01078918,0.375419336,0.158291911,Good,Minor,0.5573432295632664,0.1,0,0.4140967734626533,Moderate
2026-08-02,P0053,GH010,F03,28.81646652,0.0677661,0.337073635,Good,None,0.3995617192281436,0,0,0.25531361459562874,Low
2026-08-16,P0053,GH010,F03,29.18827268,0.187060964,0.204032539,Good,Moderate,0.4067208390127559,0,0,0.23863014775255117,Low
2026-08-30,P0053,GH010,F03,40.90295021,0.444650023,0.480751321,Good,Moderate,0.632286708269401,0,0,0.4984229441538802,Moderate
2026-02-15,P0054,GH004,F01,24.50713747,0.444856445,0.126569373,Good,Moderate,0.31658567907792345,0,0,0.27597310941558467,Low
2026-03-01,P0054,GH004,F01,26.18403543,0.2382473,0.059794574,Good,Minor,0.3488743140005182,0.1,0,0.2800689761001036,Low
2026-03-15,P0054,GH004,F01,25.96679283,0.31856343,0.166881908,Fair,Moderate,0.34469131231028105,0,0.1,0.35553232156205616,Moderate
2026-03-29,P0054,GH004,F01,37.02028407,0.186813657,0.081493672,Excellent,None,0.5575260534703574,0,0,0.2135621430440715,Low
2026-04-12,P0054,GH004,F01,27.64380787,0.226727457,0.223695589,Good,Moderate,0.3769822016058115,0,0,0.2554140653211623,Low
2026-04-26,P0054,GH004,F01,37.56508573,0.134248151,0.275009512,Excellent,None,0.5680161979660687,0,0,0.2843443728432138,Low
2026-05-10,P0054,GH004,F01,45.89056081,0.498263765,0.04204845,Poor,Severe,0.72832304538765,0,0.25,0.58897872932753,Moderate
2026-05-24,P0054,GH004,F01,27.21403627,0.34317552,0.125263571,Good,Moderate,0.36870695849412,0,0,0.25022143064882396,Low
2026-06-07,P0054,GH004,F01,25.44805881,0.310500324,0.305537452,Good,None,0.3347030996740691,0,0,0.3131075867348138,Moderate
2026-06-21,P0054,GH004,F01,43.06111657,0.193965231,0.228829352,Fair,None,0.6738421561037257,0,0.1,0.40562947047074516,Moderate
2026-07-05,P0054,GH004,F01,42.5451092,0.626721104,0.082343899,Good,None,0.6639064450558702,0,0,0.38918842996117403,Moderate
2026-07-19,P0054,GH004,F01,29.86849061,0.135926023,0.056325213,Good,Moderate,0.4198184209369257,0,0,0.15688413808738516,Low
2026-08-02,P0054,GH004,F01,43.92592165,0.166765092,0.024224066,Excellent,Moderate,0.6904939597157507,0,0,0.20736740384315014,Low
2026-08-16,P0054,GH004,F01,21.67098362,0.186145702,0.231826399,Good,Minor,0.26197559639468027,0.1,0,0.32186799452893605,Moderate
2026-08-30,P0054,GH004,F01,26.8200793,0.184644764,0.218622241,Good,Minor,0.3611213253292126,0.1,0,0.33522994091584246,Moderate
2026-02-15,P0055,GH012,F04,49.94489396,0.416675271,0.231702476,Fair,Moderate,0.8063891448508065,0,0.1,0.5113802880201613,Moderate
2026-03-01,P0055,GH012,F04,44.91086239,0.167891529,0.320900285,Poor,None,0.7094589729323273,0,0.25,0.5950589579864655,Moderate
2026-03-15,P0055,GH012,F04,42.91172862,0.313154073,0.203817447,Fair,None,0.6709656942709585,0,0.1,0.43551491555419164,Moderate
2026-03-29,P0055,GH012,F04,48.79844258,0.23033143,0.098118752,Fair,None,0.7843142476606846,0,0.1,0.3816322884321369,Moderate
2026-04-12,P0055,GH012,F04,45.39437989,0.523031073,0.107648174,Good,Minor,0.7187690922172156,0.1,0,0.4752563722934431,Moderate
2026-04-26,P0055,GH012,F04,25.41936955,0.363532929,0.310757701,Excellent,Minor,0.33415068857665237,0.1,0,0.4339076283153305,Moderate
2026-05-10,P0055,GH012,F04,33.29826997,0.257772458,0.455838856,Good,None,0.4858587503199317,0,0,0.3925195955639863,Moderate
2026-05-24,P0055,GH012,F04,31.733542,0.189328195,0.287590548,Excellent,None,0.4557299461937087,0,0,0.2868266040887417,Low
2026-06-07,P0055,GH012,F04,42.91169824,0.235187953,0.275900968,Good,None,0.6709651093046981,0,0,0.3406642410109396,Moderate
2026-06-21,P0055,GH012,F04,45.81981276,0.385788966,0.088903086,Fair,Moderate,0.7269607931740834,0,0.1,0.4204246854348167,Moderate
2026-07-05,P0055,GH012,F04,33.79282948,0.089019543,0.098553665,Excellent,Minor,0.4953814832749455,0.1,0,0.2745822859549891,Low
2026-07-19,P0055,GH012,F04,34.13025715,0.196945722,0.105502978,Good,None,0.5018786459582442,0,0,0.2167830719916488,Low
2026-08-02,P0055,GH012,F04,47.41735697,0.546738439,0.190691876,Good,Moderate,0.7577214733107538,0,0,0.42871409251215076,Moderate
2026-08-16,P0055,GH012,F04,27.62201746,0.123461207,0.12740159,Poor,None,0.37656262771993015,0,0.25,0.42585466349398604,Moderate
2026-08-30,P0055,GH012,F04,31.05797491,0.203925597,0.062226473,Fair,None,0.4427219160958429,0,0.1,0.28792025501916857,Low
2026-02-15,P0056,GH004,F01,53.57563915,0.547284726,0.324374054,Good,None,0.8762990670603111,0,0,0.5127777918120622,Moderate
2026-03-01,P0056,GH004,F01,22.68352484,0.084069839,0.148554129,Good,None,0.2814720562726914,0,0,0.15256821295453826,Low
2026-03-15,P0056,GH004,F01,32.39165725,0.233509246,0.439906485,Good,Minor,0.4684019414797202,0.1,0,0.473366542645944,Moderate
2026-03-29,P0056,GH004,F01,38.26790791,0.0492101,0.191242665,Good,Minor,0.5815490242481892,0.1,0,0.31959253909963786,Moderate
2026-04-12,P0056,GH004,F01,53.93641154,0.26187863,0.181098097,Poor,None,0.8832457318358244,0,0.25,0.5998008105171648,Moderate
2026-04-26,P0056,GH004,F01,51.57386711,0.079351789,0.113938258,Good,None,0.8377549885656257,0,0,0.24659633996312516,Low
2026-05-10,P0056,GH004,F01,28.70700946,0.123734336,0.094353948000000007,Good,None,0.39745412584181705,0,0,0.16525711936836343,Low
2026-05-24,P0056,GH004,F01,34.08235155,0.410356455,0.054797238,Fair,Moderate,0.5009562246386143,0,0.1,0.36847476127772283,Moderate
2026-06-07,P0056,GH004,F01,25.69094246,0.420762587,0.306625621,Excellent,None,0.3393798192423351,0,0,0.353124398748467,Moderate
2026-06-21,P0056,GH004,F01,34.88520649,0.046339145,0.3177701,Excellent,Minor,0.5164151796089346,0.1,0,0.3624982816717869,Moderate
2026-07-05,P0056,GH004,F01,35.29559842,0.030097114,0.146216142,Poor,None,0.5243172675827007,0,0.25,0.43119470731654014,Moderate
2026-07-19,P0056,GH004,F01,38.34201819,0.192705317,0.169740423,Good,None,0.5829760161296339,0,0,0.2604252545259268,Low
2026-08-02,P0056,GH004,F01,33.0680182,0.286541921,0.264870343,Excellent,Minor,0.4814252573351759,0.1,0,0.4157663781670352,Moderate
2026-08-16,P0056,GH004,F01,26.2035772,0.51917675,0.139116419,Excellent,None,0.34925059037053147,0,0,0.3141643691241063,Moderate
2026-08-30,P0056,GH004,F01,36.0975276,0.280429556,0.061490935,Poor,Moderate,0.5397583970637073,0,0.25,0.48377294476274146,Moderate
2026-02-15,P0057,GH018,F06,28.78335101,0.273489405,0.128059422,Fair,None,0.39892408078014563,0,0.1,0.33313284780602914,Moderate
2026-03-01,P0057,GH018,F06,23.46952079,0.226186662,0.168655239,Fair,Minor,0.2966063917454283,0.1,0.1,0.4143814675990857,Moderate
2026-03-15,P0057,GH018,F06,32.42489043,0.142599933,0.079806741,Good,None,0.46904184566109136,0,0,0.17963137913221827,Low
2026-03-29,P0057,GH018,F06,23.93738133,0.284988069,0.080629335,Excellent,Moderate,0.30561503659508155,0,0,0.1971520322190163,Low
2026-04-12,P0057,GH018,F06,42.64457781,0.385941603,0.54686585,Excellent,None,0.6658217110476947,0,0,0.514333535759539,Moderate
2026-04-26,P0057,GH018,F06,36.75297059,0.103479474,0.083873802,Excellent,None,0.5523789380396674,0,0,0.18443681440793347,Low
2026-05-10,P0057,GH018,F06,26.49258902,0.11060746,0.300093916,Poor,None,0.3548155068811906,0,0.25,0.4947179745762381,Moderate
2026-05-24,P0057,GH018,F06,37.59672059,0.028041337,0.122812248,Good,None,0.5686253265294832,0,0,0.17880504485589666,Low
2026-06-07,P0057,GH018,F06,33.25186615,0.147750481,0.14692233,Excellent,None,0.48496524574259064,0,0,0.21482076599851813,Low
2026-06-21,P0057,GH018,F06,29.58621829,0.205153357,0.335180975,Good,None,0.41438327335690606,0,0,0.3055117683713812,Moderate
2026-07-05,P0057,GH018,F06,24.36940084,0.25692181,0.435621314,Poor,None,0.31393356316650656,0,0.25,0.5987389374333013,Moderate
2026-07-19,P0057,GH018,F06,32.24564028,0.421911275,0.163232614,Excellent,Minor,0.4655903877958971,0.1,0,0.4142417001091795,Moderate
2026-08-02,P0057,GH018,F06,31.68155515,0.172222219,0.138110884,Poor,None,0.4547289404912355,0,0.25,0.4633734625482471,Moderate
2026-08-16,P0057,GH018,F06,34.76583646,0.121536001,0.079525851,Excellent,Minor,0.5141167121939172,0.1,0,0.28114757573878346,Low
2026-08-30,P0057,GH018,F06,37.92425488,0.411379687,0.068059967,Poor,None,0.5749319923891287,0,0.25,0.5395962740778257,Moderate
2026-02-15,P0058,GH008,F05,30.65579081,0.057869619,0.071262873,Fair,Minor,0.4349778697159592,0.1,0.1,0.3393182334431919,Moderate
2026-03-01,P0058,GH008,F05,35.90798296,0.229129368,0.193812085,Fair,None,0.5361087190102528,0,0.1,0.3746324608520506,Moderate
2026-03-15,P0058,GH008,F05,34.31285989,0.150666063,0.133253427,Fair,Moderate,0.5053946578733195,0,0.1,0.3137760957746639,Moderate
2026-03-29,P0058,GH008,F05,18.32628339,0.394108955,0.18930456,Fair,Moderate,0.19757346386898442,0,0.1,0.3626398790237969,Moderate
2026-04-12,P0058,GH008,F05,34.33911166,0.487481639,0.17602157,Good,Minor,0.5059001351520932,0.1,0,0.4510083071804186,Moderate
2026-04-26,P0058,GH008,F05,29.64524353,0.282912771,0.184411604,Fair,None,0.4155198031106774,0,0.1,0.3651086522721355,Moderate
2026-05-10,P0058,GH008,F05,34.78061983,0.307007296,0.420747114,Good,None,0.5144013656720904,0,0,0.39966902803441806,Moderate
2026-05-24,P0058,GH008,F05,33.18915649,0.274455639,0.06935371,Excellent,None,0.4837577725592731,0,0,0.22402019766185463,Low
2026-06-07,P0058,GH008,F05,40.81230503,0.340930472,0.171661584,Poor,Minor,0.6305413372365011,0.1,0.25,0.6726816454473002,High
2026-06-21,P0058,GH008,F05,38.70538698,0.329851807,0.21408463,Good,None,0.5899726745324954,0,0,0.32978075085649905,Moderate
2026-07-05,P0058,GH008,F05,29.01263081,0.170836898,0.125202201,Fair,Moderate,0.4033388585030105,0,0.1,0.29680167645060207,Low
2026-07-19,P0058,GH008,F05,24.62354609,0.286282478,0.160281294,Fair,Minor,0.31882712460572593,0.1,0.1,0.43609087452114514,Moderate
2026-08-02,P0058,GH008,F05,34.77963167,0.203950126,0.175381683,Good,None,0.5143823386720903,0,0,0.25318076918441806,Low
2026-08-16,P0058,GH008,F05,27.87287625,0.446156937,0.170574131,Good,None,0.3813929084410266,0,0,0.3091918685882053,Moderate
2026-08-30,P0058,GH008,F05,24.12962612,0.373545761,0.067733679,Good,Minor,0.30931670597995037,0.1,0,0.32308451309599007,Moderate
2026-02-15,P0059,GH013,F08,26.20079995,0.441649833,0.124856681,Good,Minor,0.3491971144802401,0.1,0,0.380602370896048,Moderate
2026-03-01,P0059,GH013,F08,33.06193788,0.259406909,0.208158108,Poor,Minor,0.48130818090156124,0.1,0.25,0.6307252029303122,High
2026-03-15,P0059,GH013,F08,27.96246311,0.153013428,0.076450109,Fair,Severe,0.38311790154460307,0,0.1,0.26458082915892067,Low
2026-03-29,P0059,GH013,F08,43.23936164,0.171206461,0.182715046,Fair,None,0.6772742611746759,0,0.1,0.37759888428493515,Moderate
2026-04-12,P0059,GH013,F08,27.48536789,0.270824388,0.069340262,Excellent,None,0.3739314431259315,0,0,0.2007779423251863,Low
2026-04-26,P0059,GH013,F08,37.03572595,0.239548088,0.030031934,Good,Moderate,0.5578233865447195,0,0,0.2089208784089439,Low
2026-05-10,P0059,GH013,F08,29.42388191,0.150598616,0.178383143,Good,Moderate,0.41125748977704185,0,0,0.21523342790540836,Low
2026-05-24,P0059,GH013,F08,38.76989002,0.352423824,0.028819315,Good,Minor,0.5912146792099638,0.1,0,0.3545599659919928,Moderate
2026-06-07,P0059,GH013,F08,32.9616839,0.397912838,0.144010941,Good,None,0.47937779262691793,0,0,0.2999499752753836,Low
2026-06-21,P0059,GH013,F08,35.97996684,0.673514226,0.010177676,Good,None,0.5374947671044564,0,0,0.3478088867208913,Moderate
2026-07-05,P0059,GH013,F08,17.27971292,0.295568851,0.165485984,Good,Moderate,0.1774217714985086,0,0,0.21340214494970175,Low
2026-07-19,P0059,GH013,F08,26.52266013,0.112214348,0.18412766,Fair,None,0.3553945254712705,0,0.1,0.2932113738942541,Low
2026-08-02,P0059,GH013,F08,24.70591404,0.12129967,0.066392026,Good,None,0.32041311774920406,0,0,0.13641391974984082,Low
2026-08-16,P0059,GH013,F08,40.41808811,0.471082776,0.071655209,Fair,Minor,0.6229506987398153,0.1,0.1,0.5217139553979631,Moderate
2026-08-30,P0059,GH013,F08,35.02899602,0.168935929,0.208370305,Poor,None,0.5191838439824433,0,0.25,0.5067309811964886,Moderate
2026-02-15,P0060,GH004,F01,24.47718249,0.18021337,0.203311765,Excellent,Minor,0.316008896568549,0.1,0,0.31776675306370983,Moderate
2026-03-01,P0060,GH004,F01,35.56778708,0.474165592,0.159048447,Good,Moderate,0.5295582545016725,0,0,0.3434414092503345,Moderate
2026-03-15,P0060,GH004,F01,30.3201628,0.328975921,0.287295295,Good,None,0.42851535944807917,0,0,0.33012752698961584,Moderate
2026-03-29,P0060,GH004,F01,43.90163989,0.088177359,0.30201822,Excellent,None,0.69002641493806,0,0,0.304775557637612,Moderate
2026-04-12,P0060,GH004,F01,34.49657917,0.240201405,0.219967601,Good,None,0.5089321687425926,0,0,0.28484234594851854,Low
2026-04-26,P0060,GH004,F01,38.79864218,0.562386489,0.282064211,Fair,None,0.5917683014455566,0,0.1,0.5421178263891113,Moderate
2026-05-10,P0060,GH004,F01,30.4430225,0.103534825,0.12943713,Fair,Minor,0.43088102038549225,0.1,0.1,0.3806601013270985,Moderate
2026-05-24,P0060,GH004,F01,28.35786938,0.13945188,0.040004064,Excellent,None,0.3907314409505041,0,0,0.14495627499010083,Low
2026-06-07,P0060,GH004,F01,18.13084454,0.135922365,0.032171467,Good,Minor,0.1938102929260477,0.1,0,0.20081204648520953,Low
2026-06-21,P0060,GH004,F01,44.47705374,0.162856521,0.084514647,Good,Severe,0.7011059965078622,0,0,0.23525257280157247,Low
2026-07-05,P0060,GH004,F01,22.37193207,0.227088959,0.071647346,Poor,None,0.2754723440450911,0,0.25,0.41681691015901823,Moderate
2026-07-19,P0060,GH004,F01,39.91484186,0.118056463,0.269430199,Good,Minor,0.6132607027889497,0.1,0,0.38521549215778994,Moderate
2026-08-02,P0060,GH004,F01,46.05584341,0.262266173,0.211613846,Good,None,0.7315055583715989,0,0,0.3333205029243198,Moderate
2026-08-16,P0060,GH004,F01,25.28719491,0.115234226,0.309603816,Excellent,Minor,0.33160566866561064,0.1,0,0.3459748300331221,Moderate
2026-08-30,P0060,GH004,F01,23.5605414,0.076093497,0.420043172,Good,None,0.29835899167507574,0,0,0.27532394968501517,Low
2026-02-15,P0061,GH017,F08,40.90442089,0.187068299,0.225436421,Poor,None,0.6323150261818444,0,0.25,0.5433832993363689,Moderate
2026-03-01,P0061,GH017,F08,43.90720857,0.259422235,0.078151892,Good,None,0.6901336397542444,0,0,0.2639928616008489,Low
2026-03-15,P0061,GH017,F08,29.52019642,0.131784224,0.195541378,Poor,None,0.4131120236397575,0,0.25,0.4667405032279515,Moderate
2026-03-29,P0061,GH017,F08,44.27291399,0.226911553,0.268720933,Fair,None,0.6971752899185716,0,0.1,0.4397785213837143,Moderate
2026-04-12,P0061,GH017,F08,36.55026468,0.460821928,0.188778231,Excellent,Minor,0.5484758400093959,0.1,0,0.4559330467518792,Moderate
2026-04-26,P0061,GH017,F08,39.98185521,0.182876747,0.149484113,Good,None,0.6145510434326286,0,0,0.2541849209865257,Low
2026-05-10,P0061,GH017,F08,40.14040762,0.159058189,0.145131397,Poor,None,0.6176039667497918,0,0.25,0.4945002881499584,Moderate
2026-05-24,P0061,GH017,F08,35.77985071,0.197048922,0.132824797,Good,None,0.5336415352335723,0,0,0.23546658839671444,Low
2026-06-07,P0061,GH017,F08,30.46065598,0.441405405,0.047156405,Fair,None,0.43122055267172316,0,0.1,0.36195638453434464,Moderate
2026-06-21,P0061,GH017,F08,29.48295285,0.028133014,0.087580262,Good,None,0.4123948994833514,0,0,0.1317366526966703,Low
2026-07-05,P0061,GH017,F08,44.15824637,0.308902965,0.482068964,Fair,Severe,0.6949673673091227,0,0.1,0.5640405450118245,Moderate
2026-07-19,P0061,GH017,F08,27.11653251,0.471556037,0.436055388,Poor,Minor,0.36682952564768706,0.1,0.25,0.7846354426795373,High
2026-08-02,P0061,GH017,F08,29.99354224,0.299090465,0.439222464,Fair,Moderate,0.4222262874403505,0,0.1,0.4867770290380701,Moderate
2026-08-16,P0061,GH017,F08,39.33528639,0.115386745,0.493263962,Good,Moderate,0.602101374413225,0,0,0.382774418532645,Moderate
2026-08-30,P0061,GH017,F08,27.33257754,0.131066319,0.249580317,Poor,Minor,0.3709894681527821,0.1,0.25,0.5823822479305565,Moderate
2026-02-15,P0062,GH013,F08,37.15605297,0.262274843,0.13705673,Good,None,0.5601402807820431,0,0,0.26549977970640865,Low
2026-03-01,P0062,GH013,F08,23.26519718,0.568310463,0.139370219,Good,Minor,0.2926721449357079,0.1,0,0.42015968958714156,Moderate
2026-03-15,P0062,GH013,F08,36.03632576,0.142383105,0.405759453,Good,None,0.5385799569227514,0,0,0.3401418319845503,Moderate
2026-03-29,P0062,GH013,F08,42.75569205,0.134724979,0.106476665,Poor,None,0.6679612134000391,0,0.25,0.4786604845800078,Moderate
2026-04-12,P0062,GH013,F08,26.2537998,0.558833503,0.284165363,Excellent,None,0.35021762547639057,0,0,0.39350966449527813,Moderate
2026-04-26,P0062,GH013,F08,22.91752007,0.202885796,0.226623555,Poor,Moderate,0.2859776295009507,0,0.25,0.4801861542501902,Moderate
2026-05-10,P0062,GH013,F08,27.93220685,0.024318524,0.317199437,Good,None,0.3825353178951703,0,0,0.22775829362903405,Low
2026-05-24,P0062,GH013,F08,35.25844165,0.233619155,0.080847042,Poor,Minor,0.5236018147584676,0.1,0.25,0.5728682361016935,Moderate
2026-06-07,P0062,GH013,F08,29.81467565,0.340307938,0.474174939,Good,Moderate,0.41878221501488255,0,0,0.4162429438529765,Moderate
2026-06-21,P0062,GH013,F08,31.51632034,0.252272974,0.142343,Good,Minor,0.45154734770273075,0.1,0,0.3426593604405461,Moderate
2026-07-05,P0062,GH013,F08,28.96773686,0.316773617,0.058106271,Excellent,None,0.40247442644073805,0,0,0.21751347318814762,Low
2026-07-19,P0062,GH013,F08,39.62726555,0.336701033,0.120169033,Excellent,None,0.6077234269931243,0,0,0.29346611179862486,Low
2026-08-02,P0062,GH013,F08,20.23162879,0.211329898,0.227508402,Good,Minor,0.23426084944016454,0.1,0,0.3231964150880329,Moderate
2026-08-16,P0062,GH013,F08,32.39586122,0.285066124,0.111866415,Good,None,0.46848288883358036,0,0,0.24380960791671608,Low
2026-08-30,P0062,GH013,F08,16.53918371,0.135776803,0.17695481,Poor,Moderate,0.1631628971474374,0,0.25,0.40978412497948746,Moderate
2026-02-15,P0063,GH019,F08,39.72488645,0.210116944,0.358444632,Excellent,None,0.6096031153677915,0,0,0.3567616378735583,Moderate
2026-03-01,P0063,GH019,F08,24.88914111,0.605603864,0.319658842,Poor,Minor,0.3239411511252878,0.1,0.25,0.7705960615250576,High
2026-03-15,P0063,GH019,F08,33.34575919,0.080121282,0.193117794,Good,Minor,0.48677315425142603,0.1,0,0.3123000868502852,Moderate
2026-03-29,P0063,GH019,F08,27.59006772,0.089677161,0.076531725,Excellent,None,0.3759474361487436,0,0,0.14101576982974873,Low
2026-04-12,P0063,GH019,F08,35.26998786,0.227118125,0.329911283,Fair,Moderate,0.5238241367889802,0,0.1,0.432716248457796,Moderate
2026-04-26,P0063,GH019,F08,43.50579264,0.207923481,0.308431585,Excellent,Severe,0.6824043844715414,0,0,0.34804830849430834,Moderate
2026-05-10,P0063,GH019,F08,33.15056046,0.444674528,0.251382379,Poor,None,0.4830146068140351,0,0.25,0.615361076712807,High
2026-05-24,P0063,GH019,F08,40.58777581,0.609832466,0.175555755,Good,None,0.6262180318315407,0,0,0.41768505921630816,Moderate
2026-06-07,P0063,GH019,F08,32.0083101,0.314225397,0.317743035,Good,None,0.4610206001755855,0,0,0.34516737473511716,Moderate
2026-06-21,P0063,GH019,F08,35.38397712,0.115265757,0.382292762,Fair,None,0.526018997590908,0,0.1,0.4175785573681816,Moderate
2026-07-05,P0063,GH019,F08,35.94133816,0.122166499,0.279954304,Excellent,Minor,0.5367509726841556,0.1,0,0.3760879059868312,Moderate
2026-07-19,P0063,GH019,F08,41.00519522,0.031071973,0.116513123,Good,None,0.6342554337847848,0,0,0.19015718265695697,Low
2026-08-02,P0063,GH019,F08,31.11163432,0.156966936,0.362192744,Excellent,Severe,0.44375512690591024,0,0,0.30667618778118205,Moderate
2026-08-16,P0063,GH019,F08,24.670338,0.271619554,0.363684362,Fair,Minor,0.3197281018478479,0.1,0.1,0.5226704271695696,Moderate
2026-08-30,P0063,GH019,F08,24.32661348,0.228870073,0.051488809,Excellent,None,0.3131096934503422,0,0,0.16589642829006845,Low
2026-02-15,P0064,GH011,F05,35.4017286,0.299068051,0.144274745,Good,None,0.5263608019646552,0,0,0.27486961349293104,Low
2026-03-01,P0064,GH011,F05,44.491423760000004,0.189380536,0.124288686,Good,None,0.7013826909404861,0,0,0.26248963448809726,Low
2026-03-15,P0064,GH011,F05,47.987287,0.511748174,0.277352093,Good,None,0.7686954640418855,0,0,0.4576593955583771,Moderate
2026-03-29,P0064,GH011,F05,41.66948972,0.097324599,0.321459546,Fair,None,0.6470464103994786,0,0.1,0.40812968742989575,Moderate
2026-04-12,P0064,GH011,F05,36.72203369,0.290063912,0.466728613,Good,None,0.5517832486813617,0,0,0.42190689478627236,Moderate
2026-04-26,P0064,GH011,F05,33.52219398,0.130415191,0.063080166,Good,Moderate,0.4901704024190811,0,0,0.17206547203381622,Low
2026-05-10,P0064,GH011,F05,32.16453348,0.120422785,0.127418302,Good,None,0.46402867806912285,0,0,0.19229194626382456,Low
2026-05-24,P0064,GH011,F05,37.7001506,0.187100116,0.122095119,Good,None,0.5706168691949238,0,0,0.23455121798898476,Low
2026-06-07,P0064,GH011,F05,27.86600415,0.206498359,0.33932019,Excellent,Minor,0.3812605863001781,0.1,0,0.4012206284100356,Moderate
2026-06-21,P0064,GH011,F05,44.12982322,0.419820451,0.150940863,Fair,None,0.6944200801541546,0,0.1,0.45374456223083093,Moderate
2026-07-05,P0064,GH011,F05,37.0792538,0.209255778,0.112844301,Good,Minor,0.5586615143802471,0.1,0,0.33575176062604944,Moderate
2026-07-19,P0064,GH011,F05,38.02985976,0.333287138,0.020250348,Good,None,0.5769654121306403,0,0,0.24115623732612806,Low
2026-08-02,P0064,GH011,F05,32.41404981,0.136411585,0.196246859,Good,None,0.4688331097511768,0,0,0.2298217632502354,Low
2026-08-16,P0064,GH011,F05,45.48429105,0.040812624,0.46763599,Good,None,0.720500329710466,0,0,0.3688206798420932,Moderate
2026-08-30,P0064,GH011,F05,40.84841308,0.318344068,0.130607679,Excellent,None,0.6312365969792089,0,0,0.29644119874584174,Low
2026-02-15,P0065,GH020,F01,33.74349028,0.076115117,0.345896866,Good,None,0.49443145801749167,0,0,0.28118017225349834,Low
2026-03-01,P0065,GH020,F01,25.62381773,0.039747321,0.177415724,Good,None,0.3380873339791007,0,0,0.16136610494582015,Low
2026-03-15,P0065,GH020,F01,25.93502842,0.260124121,0.159078347,Good,Minor,0.3440796892643435,0.1,0,0.3314446363528687,Moderate
2026-03-29,P0065,GH020,F01,36.34913543,0.433237738,0.199193942,Fair,None,0.5446031005342371,0,0.1,0.45019110230684745,Moderate
2026-04-12,P0065,GH020,F01,37.91125485,0.076099759,0.291508013,Fair,None,0.5746816770851177,0,0.1,0.37274985691702356,Moderate
2026-04-26,P0065,GH020,F01,31.12877182,0.116938743,0.016199517,Poor,None,0.44408510910768123,0,0.25,0.38703536452153625,Moderate
2026-05-10,P0065,GH020,F01,32.87107157,0.259482331,0.229893993,Excellent,Minor,0.4776330541200766,0.1,0,0.3897977235240153,Moderate
2026-05-24,P0065,GH020,F01,44.93497609,0.113856226,0.323669868,Good,Moderate,0.7099232817182555,0,0,0.32748577604365114,Moderate
2026-06-07,P0065,GH020,F01,46.32354571,0.475329971,0.185923527,Excellent,Minor,0.7366601605232044,0.1,0,0.4973631091046409,Moderate
2026-06-21,P0065,GH020,F01,33.91523885,0.062137491,0.060498739,Fair,Moderate,0.49773847311768754,0,0.1,0.24852024902353753,Low
2026-07-05,P0065,GH020,F01,40.82232632,0.172294714,0.158456649,Excellent,None,0.630734296964512,0,0,0.25775550134290237,Low
2026-07-19,P0065,GH020,F01,43.21765594,0.28782262,0.251252193,Good,None,0.6768563183780616,0,0,0.3491726675256123,Moderate
2026-08-02,P0065,GH020,F01,37.06315467,0.417263327,0.183921393,Good,Minor,0.5583515259709696,0.1,0,0.44047709649419386,Moderate
2026-08-16,P0065,GH020,F01,31.75242065,0.413929495,0.014635237,Good,None,0.4560934542020801,0,0,0.24267987074041603,Low
2026-08-30,P0065,GH020,F01,43.80721765,0.017352614,0.437013424,Poor,None,0.6882083166943639,0,0.25,0.5903711190388727,Moderate
2026-02-15,P0066,GH019,F08,31.42925645,0.646707627,0.116246103,Excellent,Minor,0.449870934333398,0.1,0,0.4686326026666795,Moderate
2026-03-01,P0066,GH019,F08,49.97720243,0.339217004,0.070050844,Good,None,0.807011243760592,0,0,0.3116510799521184,Moderate
2026-03-15,P0066,GH019,F08,35.43958923,0.386721333,0.108442076,Fair,None,0.5270898075983728,0,0.1,0.38956936226967454,Moderate
2026-03-29,P0066,GH019,F08,30.62805396,0.218746887,0.174678083,Fair,Minor,0.43444379725304516,0.1,0.1,0.44205530725060904,Moderate
2026-04-12,P0066,GH019,F08,32.95370367,0.183353606,0.247304131,Good,None,0.47922413346624476,0,0,0.27130544774324894,Low
2026-04-26,P0066,GH019,F08,27.769876,0.028517222,0.167713562,Fair,None,0.3794096407953399,0,0.1,0.261334058759068,Low
2026-05-10,P0066,GH019,F08,37.26580784,0.078943415,0.221505309,Fair,None,0.5622536084936511,0,0.1,0.33975830599873025,Moderate
2026-05-24,P0066,GH019,F08,29.52846372,0.096638153,0.049407421,Good,None,0.41327121032723824,0,0,0.13871093506544765,Low
2026-06-07,P0066,GH019,F08,41.01575485,0.373658687,0.214570934,Excellent,None,0.6344587592381641,0,0,0.35422921259763285,Moderate
2026-06-21,P0066,GH019,F08,46.33250126,0.25067465,0.153959895,Fair,Minor,0.7368325994499482,0.1,0.1,0.5043846001399896,Moderate
2026-07-05,P0066,GH019,F08,21.03138174,0.310208993,0.448334055,Good,None,0.24966007565832887,0,0,0.3602554874316658,Moderate
2026-07-19,P0066,GH019,F08,25.31109944,0.13805969,0.037574013,Fair,Minor,0.3320659498875915,0.1,0.1,0.33164238732751833,Moderate
2026-08-02,P0066,GH019,F08,49.26357524,0.132767306,0.14344106,Excellent,Moderate,0.7932703672383573,0,0,0.26967110754767143,Low
2026-08-16,P0066,GH019,F08,17.92835731,0.208445902,0.207428698,Good,None,0.18991140557457317,0,0,0.2042812609149146,Low
2026-08-30,P0066,GH019,F08,37.71655264,0.257728723,0.149518642,Excellent,None,0.5709326901298756,0,0,0.2716749799759751,Low
2026-02-15,P0067,GH017,F08,27.07837611,0.646779506,0.073483672,Good,None,0.3660948249688452,0,0,0.33265944449376905,Moderate
2026-03-01,P0067,GH017,F08,39.58704108,0.373870421,0.113062336,Poor,None,0.6069489056699635,0,0.25,0.5531224796839926,Moderate
2026-03-15,P0067,GH017,F08,17.86564473,0.104196445,0.173965115,Excellent,Minor,0.188703876166717,0.1,0,0.2524938327333434,Low
2026-03-29,P0067,GH017,F08,36.95198036,0.148636347,0.13766982,Good,None,0.5562108669720395,0,0,0.22521631384440788,Low
2026-04-12,P0067,GH017,F08,32.00906542,0.320686223,0.066186746,Fair,None,0.46103514384628663,0,0.1,0.3342312425192573,Moderate
2026-04-26,P0067,GH017,F08,30.33595696,0.110173318,0.299939558,Excellent,Moderate,0.4288194756664263,0,0,0.25929735753328526,Low
2026-05-10,P0067,GH017,F08,10.17102273,0.107136964,0.313149667,Fair,Minor,0.040544091521641484,0.1,0.1,0.3865241058543283,Moderate
2026-05-24,P0067,GH017,F08,29.7954803,0.238239993,0.093139245,Fair,Moderate,0.41841260895467747,0,0.1,0.30897917959093546,Moderate
2026-06-07,P0067,GH017,F08,35.32222712,0.566627658,0.359849605,Poor,None,0.5248300026406904,0,0.25,0.7152180030781381,High
2026-06-21,P0067,GH017,F08,40.12908987,0.405663943,0.045320078,Good,None,0.6173860437117704,0,0,0.2858536238923541,Low
2026-07-05,P0067,GH017,F08,37.02131639,0.478507287,0.039232773,Good,Minor,0.557545930770228,0.1,0,0.39664148445404557,Moderate
2026-07-19,P0067,GH017,F08,21.20225883,0.194660852,0.179109233,Good,None,0.2529503104294687,0,0,0.19932051513589372,Low
2026-08-02,P0067,GH017,F08,25.679326,0.17077346,0.111999944,Good,None,0.33915614454955123,0,0,0.17800191470991025,Low
2026-08-16,P0067,GH017,F08,31.0454858,0.257108581,0.19290905,Fair,None,0.44248143854567756,0,0.1,0.36529336355913555,Moderate
2026-08-30,P0067,GH017,F08,29.09484115,0.190948584,0.129897993,Fair,Minor,0.40492181686925616,0.1,0.1,0.4062704646238512,Moderate
2026-02-15,P0068,GH013,F08,22.4060218,0.175298828,0.289901647,Excellent,Moderate,0.2761287410786827,0,0,0.24703607916573653,Low
2026-03-01,P0068,GH013,F08,40.86932933,0.303065439,0.299676691,Good,None,0.6316393389326905,0,0,0.36725528238653815,Moderate
2026-03-15,P0068,GH013,F08,34.62174738,0.253115202,0.020877631,Poor,None,0.5113422799914636,0,0.25,0.4502537106482927,Moderate
2026-03-29,P0068,GH013,F08,26.918684850000002,0.247363164,0.19365722,Poor,None,0.3630199731189038,0,0.25,0.49632685102378077,Moderate
2026-04-12,P0068,GH013,F08,24.78501688,0.644963144,0.01753489,Good,Minor,0.32193624126835985,0.1,0,0.3980150491536719,Moderate
2026-04-26,P0068,GH013,F08,44.93460034,0.095770183,0.250673741,Good,None,0.7099160466599147,0,0,0.28830595683198296,Low
2026-05-10,P0068,GH013,F08,23.27132213,0.058603097,0.072948042,Good,None,0.2927900807190332,0,0,0.11189571899380664,Low
2026-05-24,P0068,GH013,F08,37.44495586,0.124323053,0.056655443,Excellent,None,0.5657030998478453,0,0,0.18214863786956906,Low
2026-06-07,P0068,GH013,F08,31.7503715,0.045802506,0.052012002,Fair,None,0.45605399786196277,0,0.1,0.23064707757239258,Low
2026-06-21,P0068,GH013,F08,25.29581589,0.300877236,0.030219071,Poor,None,0.3317716654540466,0,0.25,0.43525994764080933,Moderate
2026-07-05,P0068,GH013,F08,38.7711501,0.29461303,0.095529543,Excellent,None,0.5912389420238403,0,0,0.2643506432547681,Low
2026-07-19,P0068,GH013,F08,30.78934815,0.170805787,0.195352542,Fair,Minor,0.4375495134863964,0.1,0.1,0.43520057204727924,Moderate
2026-08-02,P0068,GH013,F08,27.59132702,0.166005807,0.126362808,Fair,Minor,0.3759716839437365,0.1,0.1,0.39015963283874733,Moderate
2026-08-16,P0068,GH013,F08,28.32504425,0.169008386,0.087656177,Good,Minor,0.39009939376329383,0.1,0,0.27661809350265876,Low
2026-08-30,P0068,GH013,F08,34.52957998,0.01995061,0.235243936,Poor,Minor,0.5095675986445052,0.1,0.25,0.5647560044289011,Moderate
2026-02-15,P0069,GH020,F01,47.53626013,0.306134087,0.152336839,Good,Minor,0.7600109511537485,0.1,0,0.42770069823074974,Moderate
2026-03-01,P0069,GH020,F01,30.67937578,0.485581215,0.24014386,Good,Minor,0.43543199781686664,0.1,0,0.46510456181337334,Moderate
2026-03-15,P0069,GH020,F01,42.14857264,0.264557983,0.318364592,Excellent,None,0.6562711419398107,0,0,0.3671135888379622,Moderate
2026-03-29,P0069,GH020,F01,45.91744793,0.41248253,0.390574147,Good,None,0.7288407563173003,0,0,0.4658954029134601,Moderate
2026-04-12,P0069,GH020,F01,49.68614533,0.228300206,0.173674125,Poor,Minor,0.8014069454265841,0.1,0.25,0.6683398174353168,High
2026-04-26,P0069,GH020,F01,18.49221392,0.314604923,0.185276483,Excellent,None,0.2007684527314449,0,0,0.23363983094628896,Low
2026-05-10,P0069,GH020,F01,29.32589445,0.233779767,0.163068018,Good,None,0.4093707432972904,0,0,0.23707767520945808,Low
2026-05-24,P0069,GH020,F01,30.69010272,0.496137353,0.216166607,Fair,Moderate,0.4356385448207741,0,0.1,0.4580507556641549,Moderate
2026-06-07,P0069,GH020,F01,27.07113498,0.373832706,0.45105993,Good,None,0.3659553971631146,0,0,0.40700949503262296,Moderate
2026-06-21,P0069,GH020,F01,40.75573081,0.443371101,0.128733901,Fair,None,0.6294520018212381,0,0.1,0.4390005411642476,Moderate
2026-07-05,P0069,GH020,F01,32.42512068,0.652777444,0.461561981,Excellent,Minor,0.4690462791199948,0.1,0,0.6299842526739989,High
2026-07-19,P0069,GH020,F01,28.53925268,0.332713634,0.294929266,Good,None,0.39422397257404757,0,0,0.3280127361148095,Moderate
2026-08-02,P0069,GH020,F01,16.26238252,0.299190158,0.213419018,Good,Minor,0.15783309606040535,0.1,0,0.33232173261208103,Moderate
2026-08-16,P0069,GH020,F01,42.13625329,0.450043126,0.187344937,Fair,Severe,0.656033933114872,0,0.1,0.4730271023729744,Moderate
2026-08-30,P0069,GH020,F01,29.92599345,0.508403662,0.196390096,Excellent,None,0.42092563691074214,0,0,0.3505019522821484,Moderate
2026-02-15,P0070,GH002,F01,26.47930289,0.163884703,0.146745804,Excellent,None,0.3545596827277017,0,0,0.19430719439554034,Low
2026-03-01,P0070,GH002,F01,33.33896102,0.527934018,0.142656932,Good,None,0.4866422556311714,0,0,0.34630097682623423,Moderate
2026-03-15,P0070,GH002,F01,36.39390521,0.231038941,0.494275321,Good,None,0.5454651417057732,0,0,0.41238055214115465,Moderate
2026-03-29,P0070,GH002,F01,41.94745091,0.074573982,0.193288701,Excellent,Moderate,0.6523985472620937,0,0,0.24356051860241873,Low
2026-04-12,P0070,GH002,F01,35.82299664,0.039077382,0.234536249,Good,None,0.534472309207539,0,0,0.2261128575915078,Low
2026-04-26,P0070,GH002,F01,41.73219589,0.319266796,0.299653074,Good,Minor,0.6482538163829197,0.1,0,0.476238025176584,Moderate
2026-05-10,P0070,GH002,F01,24.64574602,0.314811005,0.435708623,Good,None,0.3192545837905872,0,0,0.3701036488581174,Moderate
2026-05-24,P0070,GH002,F01,33.44299206,0.22356464,0.22292653,Fair,Moderate,0.48864537111661094,0,0.1,0.37629363672332217,Moderate
2026-06-07,P0070,GH002,F01,34.20991706,0.140717454,0.049336938,Good,None,0.5034124958485243,0,0,0.17213523016970486,Low
2026-06-21,P0070,GH002,F01,40.15650141,0.40597882,0.565054343,Fair,Minor,0.6179138523374819,0.1,0.1,0.7199498118174963,High
2026-07-05,P0070,GH002,F01,30.6966399,0.363347334,0.035182427,Good,None,0.43576441808407235,0,0,0.23015654266681448,Low
2026-07-19,P0070,GH002,F01,31.03706061,0.330686436,0.097878256,Good,None,0.44231921168957034,0,0,0.24824931013791404,Low
2026-08-02,P0070,GH002,F01,25.13976572,0.348405004,0.204122995,Fair,Severe,0.3287669227154134,0,0.1,0.37955048369308264,Moderate
2026-08-16,P0070,GH002,F01,50.88873963,0.043478266,0.223050654,Fair,None,0.8245628733595476,0,0.1,0.3805027620719096,Moderate
2026-08-30,P0070,GH002,F01,38.07665695,0.165407945,0.19866616,Fair,None,0.5778664910390512,0,0.1,0.3628658509578102,Moderate
2026-02-15,P0071,GH017,F08,33.57033997,0.146749323,0.120269833,Excellent,None,0.49109745244310105,0,0,0.20370317838862023,Low
2026-03-01,P0071,GH017,F08,36.40603713,0.349992198,0.318721385,Poor,None,0.5456987415700072,0,0.25,0.6250616408640014,High
2026-03-15,P0071,GH017,F08,33.50766179,0.105015692,0.184882223,Fair,Minor,0.4898905854065208,0.1,0.1,0.41793060963130413,Moderate
2026-03-29,P0071,GH017,F08,50.12217125,0.113846028,0.135320836,Fair,None,0.8098026153382277,0,0.1,0.3627010090676456,Moderate
2026-04-12,P0071,GH017,F08,30.28118794,0.114381185,0.1457007,Good,None,0.42776489933916523,0,0,0.19115170961783307,Low
2026-04-26,P0071,GH017,F08,31.16550224,0.038384813,0.069994694,Poor,None,0.4447923525716386,0,0.25,0.3838907673643277,Moderate
2026-05-10,P0071,GH017,F08,22.96018515,0.132271406,0.304324147,Excellent,Minor,0.2867991447182889,0.1,0,0.34060068719365777,Moderate
2026-05-24,P0071,GH017,F08,36.05915414,0.189116317,0.13902273,Good,Minor,0.5390195168991344,0.1,0,0.33655484282982684,Moderate
2026-06-07,P0071,GH017,F08,38.89593586,0.257270603,0.250983114,Fair,Moderate,0.5936416892060116,0,0.1,0.42171545019120227,Moderate
2026-06-21,P0071,GH017,F08,25.47205696,0.082009042,0.211411599,Fair,Moderate,0.3351651835471795,0,0.1,0.29087142095943597,Low
2026-07-05,P0071,GH017,F08,23.64577886,0.106279537,0.194885215,Good,None,0.30000023717320323,0,0,0.18489623213464065,Low
2026-07-19,P0071,GH017,F08,26.87496877,0.572901428,0.487542068,Good,Minor,0.36217822091868823,0.1,0,0.5923450745837376,Moderate
2026-08-02,P0071,GH017,F08,24.81962625,0.156297108,0.14537848,Good,None,0.32260264395921345,0,0,0.1846448325918427,Low
2026-08-16,P0071,GH017,F08,19.58171382,0.237827513,0.325879171,Good,Minor,0.22174675037294456,0.1,0,0.37423460657458896,Moderate
2026-08-30,P0071,GH017,F08,29.1460443,0.275290656,0.337516024,Fair,None,0.40590773244472556,0,0.1,0.42941548688894515,Moderate
2026-02-15,P0072,GH013,F08,36.90271571,0.017473237,0.041165033,Good,Minor,0.5552622771732665,0.1,0,0.23569235323465332,Low
2026-03-01,P0072,GH013,F08,22.92689163,0.244914046,0.232459606,Good,None,0.28615807869148774,0,0,0.24755835453829755,Low
2026-03-15,P0072,GH013,F08,37.05317357,0.061811965,0.219520534,Fair,None,0.5581593401005627,0,0.1,0.33205029607011255,Moderate
2026-03-29,P0072,GH013,F08,17.55849662,0.205729962,0.081766633,Good,Minor,0.18278974577386053,0.1,0,0.24535842070477212,Low
2026-04-12,P0072,GH013,F08,44.16838653,0.447783557,0.189123377,Good,None,0.6951626158764813,0,0,0.3808622877752963,Moderate
2026-04-26,P0072,GH013,F08,34.55942721,0.262464833,0.329317491,Good,Minor,0.5101423064298977,0.1,0,0.44208402378597955,Moderate
2026-05-10,P0072,GH013,F08,35.43531291,0.229250076,0.217054178,Fair,None,0.5270074671467855,0,0.1,0.3833134001293571,Moderate
2026-05-24,P0072,GH013,F08,34.1948236,0.530609,0.171272132,Excellent,Minor,0.5031218715939281,0.1,0,0.4634099837187856,Moderate
2026-06-07,P0072,GH013,F08,8.065380775,0.347158807,0.112182963,Good,None,0,0,0,0.1719879158,Low
2026-06-21,P0072,GH013,F08,26.82681392,0.412372504,0.076855631,Good,Minor,0.36125100029555474,0.1,0,0.3511656104091109,Moderate
2026-07-05,P0072,GH013,F08,35.7899056,0.161264052,0.26653688,Fair,Moderate,0.5338351419288758,0,0.1,0.38315104258577515,Moderate
2026-07-19,P0072,GH013,F08,40.44187977,0.203409109,0.119916407,Good,Moderate,0.6234088066523222,0,0,0.24983733263046443,Low
2026-08-02,P0072,GH013,F08,46.69446737,0.008078289,0.404521171,Good,None,0.7438022492789346,0,0,0.3336223779557869,Moderate
2026-08-16,P0072,GH013,F08,25.11627363,0.245634787,0.186338645,Good,None,0.328314583016951,0,0,0.23548748230339017,Low
2026-08-30,P0072,GH013,F08,13.76563177,0.215716558,0.274842539,Good,Minor,0.10975821292352994,0.1,0,0.321131580434706,Moderate
2026-02-15,P0073,GH014,F02,35.37326621,0.245579176,0.279421266,Excellent,None,0.525812759244313,0,0,0.31685483314886265,Moderate
2026-03-01,P0073,GH014,F02,36.0783738,0.186198313,0.218306198,Good,Moderate,0.5393895910478778,0,0,0.27128511685957557,Low
2026-03-15,P0073,GH014,F02,40.1127162,0.091395446,0.101797117,Excellent,None,0.6170707690405716,0,0,0.20121126255811433,Low
2026-03-29,P0073,GH014,F02,40.44446717,0.160136199,0.09813128,Excellent,Minor,0.6234586269848598,0.1,0,0.324898471046972,Moderate
2026-04-12,P0073,GH014,F02,42.38369188,0.035464323,0.304536454,Good,None,0.6607983579569606,0,0,0.2816135889413921,Low
2026-04-26,P0073,GH014,F02,47.63987793,0.183855663,0.101862179,Good,None,0.7620061097116861,0,0,0.26258868454233725,Low
2026-05-10,P0073,GH014,F02,37.24324405,0.154557592,0.246344013,Good,Minor,0.5618191431921489,0.1,0,0.3773137916884297,Moderate
2026-05-24,P0073,GH014,F02,39.04404731,0.267330595,0.487269065,Excellent,None,0.5964935720581478,0,0,0.4321355019116295,Moderate
2026-06-07,P0073,GH014,F02,29.95364172,0.149586057,0.126010291,Fair,Severe,0.42145800376762077,0,0.1,0.29335135165352416,Low
2026-06-21,P0073,GH014,F02,34.10284037,0.385389896,0.222259707,Good,None,0.501350736436443,0,0,0.3351734790372886,Moderate
2026-07-05,P0073,GH014,F02,45.15457371,0.28981365,0.087972307,Fair,None,0.7141516292690215,0,0.1,0.38385264150380427,Moderate
2026-07-19,P0073,GH014,F02,15.16825041,0.045226771,0.272342327,Good,None,0.1367656053128596,0,0,0.16573653806257194,Low
2026-08-02,P0073,GH014,F02,39.03460574,0.344713201,0.170654266,Excellent,None,0.5963117748265344,0,0,0.3167063950153069,Moderate
2026-08-16,P0073,GH014,F02,46.64659957,0.26414281,0.107108214,Excellent,None,0.742880555797509,0,0,0.2892247909595018,Low
2026-08-30,P0073,GH014,F02,37.99488955,0.336630362,0.110102062,Poor,None,0.576292061473182,0,0.25,0.5326249668946363,Moderate
2026-02-15,P0074,GH005,F01,38.27725638,0.466723381,0.359883334,Fair,Moderate,0.5817290288412622,0,0.1,0.5416464894182524,Moderate
2026-03-01,P0074,GH005,F01,54.26828027,0.215362087,0.257067248,Good,None,0.8896358572464338,0,0,0.36898416349928675,Moderate
2026-03-15,P0074,GH005,F01,34.1107852,0.319449239,0.145765594,Excellent,None,0.5015037139708615,0,0,0.2777024937441723,Low
2026-03-29,P0074,GH005,F01,41.01573208,0.083000859,0.256687958,Excellent,Minor,0.6344583208022933,0.1,0,0.3714515459104586,Moderate
2026-04-12,P0074,GH005,F01,38.06112455,0.315233795,0.181240533,Fair,None,0.5775674150039944,0,0.1,0.40740355110079884,Moderate
2026-04-26,P0074,GH005,F01,44.43562606,0.594028637,0.155228653,Good,Severe,0.7003083074014778,0,0,0.4178245782802955,Moderate
2026-05-10,P0074,GH005,F01,46.80803778,0.13377163,0.227662941,Good,Minor,0.7459890451329289,0.1,0,0.39846620297658575,Moderate
2026-05-24,P0074,GH005,F01,40.64161842,0.457791993,0.012239011,Poor,None,0.6272547701537519,0,0.25,0.5411857065307504,Moderate
2026-06-07,P0074,GH005,F01,24.07786541,0.114898168,0.196703174,Fair,None,0.30832005459841705,0,0.1,0.2903947980196834,Low
2026-06-21,P0074,GH005,F01,37.21135079,0.371350594,0.190885583,Good,None,0.5612050391421735,0,0,0.3281122280784347,Moderate
2026-07-05,P0074,GH005,F01,24.53668986,0.346417796,0.264095779,Good,Moderate,0.317154709725322,0,0,0.3035202710950644,Moderate
2026-07-19,P0074,GH005,F01,23.10894789,0.304675019,0.226498768,Good,None,0.28966356814566596,0,0,0.2664934158791332,Low
2026-08-02,P0074,GH005,F01,32.7702777,0.058692334,0.104622767,Good,Severe,0.4756922702748477,0,0,0.16276101610496954,Low
2026-08-16,P0074,GH005,F01,41.6093542,0.372394136,0.46885143,Excellent,None,0.6458885022276776,0,0,0.47049879154553553,Moderate
2026-08-30,P0074,GH005,F01,18.00166617,0.417362682,0.298946318,Good,None,0.19132296613078711,0,0,0.3188673750261574,Moderate
2026-02-15,P0075,GH002,F01,40.29328912,0.013347116,0.330258752,Fair,None,0.6205476968142727,0,0.1,0.3773974683628545,Moderate
2026-03-01,P0075,GH002,F01,41.20987433,0.075233044,0.245267994,Good,None,0.6381965257395222,0,0,0.26434146784790447,Low
2026-03-15,P0075,GH002,F01,32.2083622,0.151236029,0.21543987,Poor,Moderate,0.4648725991501674,0,0.25,0.4928550714800335,Moderate
2026-03-29,P0075,GH002,F01,26.60741514,0.201349443,0.540554594,Good,None,0.35702648140480325,0,0,0.3851271686309607,Moderate
2026-04-12,P0075,GH002,F01,54.00166488,0.216260705,0.479746219,Good,Minor,0.8845021835239998,0.1,0,0.5684774820047999,Moderate
2026-04-26,P0075,GH002,F01,35.30863326,0.598690272,0.335843366,Fair,None,0.524568253152529,0,0.1,0.5655847605305058,Moderate
2026-05-10,P0075,GH002,F01,26.87224007,0.15419074,0.189325076,Good,None,0.36212567985762495,0,0,0.211588179171525,Low
2026-05-24,P0075,GH002,F01,44.35739859,0.318875499,0.093362458,Good,None,0.6988020391132462,0,0,0.2933799385726492,Low
2026-06-07,P0075,GH002,F01,40.59813215,0.07008223,0.086378852,Fair,None,0.626417442940249,0,0.1,0.2886827524880498,Low
2026-06-21,P0075,GH002,F01,24.74100654,0.111616556,0.202855341,Fair,None,0.3210888230980382,0,0.1,0.2945684626696077,Low
2026-07-05,P0075,GH002,F01,36.07499421,0.423972729,0.259592272,Good,None,0.5393245171135651,0,0,0.37307188097271304,Moderate
2026-07-19,P0075,GH002,F01,28.45093835,0.692455029,0.129099037,Excellent,Moderate,0.3925234820088353,0,0,0.37895852320176704,Moderate
2026-08-02,P0075,GH002,F01,16.01519721,0.08584191,0.11094099,Good,None,0.1530735481193855,0,0,0.11058282362387711,Low
2026-08-16,P0075,GH002,F01,28.54979403,0.203922164,0.210791078,Good,Minor,0.3944269460464115,0.1,0,0.3451141317092823,Moderate
2026-08-30,P0075,GH002,F01,34.66934608,0.50990784,0.363370428,Good,Moderate,0.5122587919580535,0,0,0.4444361949916107,Moderate
2026-02-15,P0076,GH019,F08,33.08547378,0.156946967,0.22685543,Poor,None,0.4817613641606516,0,0.25,0.5033686547821303,Moderate
2026-03-01,P0076,GH019,F08,38.06521563,0.140635815,0.058907518,Fair,None,0.5776461886632808,0,0.1,0.2912601560826562,Low
2026-03-15,P0076,GH019,F08,32.60041741,0.249282899,0.059724397,Excellent,Moderate,0.4724216139663051,0,0,0.20860931609326103,Low
2026-03-29,P0076,GH019,F08,19.85216845,0.349987354,0.124396991,Good,None,0.226954348580766,0,0,0.2238650895661532,Low
2026-04-12,P0076,GH019,F08,46.4761142,0.123026668,0.085835685,Fair,Minor,0.7395978635867239,0.1,0.1,0.4296049647673448,Moderate
2026-04-26,P0076,GH019,F08,29.56080283,0.137076728,0.098392589,Fair,None,0.4138938992095787,0,0.1,0.2750322996919158,Low
2026-05-10,P0076,GH019,F08,41.93424967,0.129104716,0.248724458,Good,None,0.652144357663768,0,0,0.2875415282327536,Low
2026-05-24,P0076,GH019,F08,37.76956821,0.121535645,0.091918481,Good,None,0.5719535038142951,0,0,0.19829149296285903,Low
2026-06-07,P0076,GH019,F08,37.9421114,0.065186361,0.120059658,Good,None,0.575275819305865,0,0,0.191897236311173,Low
2026-06-21,P0076,GH019,F08,45.85738034,0.138847569,0.394519774,Poor,Minor,0.7276841561362193,0.1,0.25,0.7216673786772438,High
2026-07-05,P0076,GH019,F08,34.31306357,0.309646944,0.179891032,Fair,None,0.5053985797274322,0,0.1,0.3904071107454864,Moderate
2026-07-19,P0076,GH019,F08,25.32384622,0.515063377,0.348785789,Poor,Minor,0.33231138886818323,0.1,0.25,0.7536880647736367,High
2026-08-02,P0076,GH019,F08,28.48231487,0.088966258,0.273680906,Fair,Minor,0.3931276362409876,0.1,0.1,0.43292012524819756,Moderate
2026-08-16,P0076,GH019,F08,16.03898891,0.298873481,0.25768441,Fair,None,0.15353165680209147,0,0.1,0.35127003421041825,Moderate
2026-08-30,P0076,GH019,F08,25.62654827,0.147752533,0.219691372,Fair,Minor,0.3381399104693253,0.1,0.1,0.418202486043865,Moderate
2026-02-15,P0077,GH019,F08,39.96101498,0.065681305,0.074093771,Good,None,0.6141497652426468,0,0,0.17916060674852935,Low
2026-03-01,P0077,GH019,F08,37.09135043,0.229651602,0.191235762,Good,Moderate,0.5588944347362739,0,0,0.2782130405472548,Low
2026-03-15,P0077,GH019,F08,23.0228086,0.167952542,0.079948602,Good,None,0.28800495792987113,0,0,0.15236125218597424,Low
2026-03-29,P0077,GH019,F08,39.63773029,0.133622286,0.083919455,Good,None,0.607924925341551,0,0,0.2061165399183102,Low
2026-04-12,P0077,GH019,F08,48.06600984,0.077867428,0.057342072,Excellent,Minor,0.7702112706690399,0.1,0,0.307099786333808,Moderate
2026-04-26,P0077,GH019,F08,60,0.171060982,0.109576987,Excellent,None,1,0,0,0.30918098785000003,Moderate
2026-05-10,P0077,GH019,F08,31.90165472,0.370175657,0.101295282,Excellent,None,0.45896695307868607,0,0,0.26693774746573723,Low
2026-05-24,P0077,GH019,F08,27.22913777,0.053489988,0.069203057,Fair,Moderate,0.3689977375587469,0,0.1,0.22366241896174938,Low
2026-06-07,P0077,GH019,F08,49.47258909,0.338492616,0.152260578,Excellent,Moderate,0.7972949245205523,0,0,0.3464486606041105,Moderate
2026-06-21,P0077,GH019,F08,33.26542559,0.133247304,0.168492552,Fair,None,0.4852263324743766,0,0.1,0.31950347129487533,Moderate
2026-07-05,P0077,GH019,F08,36.9162305,0.528587053,0.196461408,Excellent,Moderate,0.5555225041702421,0,0,0.3845176029840484,Moderate
2026-07-19,P0077,GH019,F08,39.23344349,0.302384086,0.101080369,Good,None,0.6001403915174272,0,0,0.27134867445348543,Low
2026-08-02,P0077,GH019,F08,32.4868474,0.153889582,0.43918194,Excellent,Minor,0.4702348258143025,0.1,0,0.44554019186286054,Moderate
2026-08-16,P0077,GH019,F08,35.57208173,0.19779902,0.033499567,Fair,None,0.5296409478970239,0,0.1,0.29023265172940477,Low
2026-08-30,P0077,GH019,F08,45.7400451,0.230486136,0.245180343,Good,None,0.7254248685598215,0,0,0.33608627566196425,Moderate
2026-02-15,P0078,GH009,F06,35.23965493,0.362054295,0.065306091,Poor,None,0.5232400768603113,0,0.25,0.5107547595720623,Moderate
2026-03-01,P0078,GH009,F06,17.73913408,0.321929505,0.099057541,Fair,Minor,0.18626791626390327,0.1,0.1,0.3945048034527806,Moderate
2026-03-15,P0078,GH009,F06,35.66783474,0.290131488,0.116995385,Fair,Severe,0.5314846700890585,0,0.1,0.36049087806781166,Moderate
2026-03-29,P0078,GH009,F06,22.94074673,0.154777838,0.089757186,Fair,Minor,0.28642485835035025,0.1,0.1,0.3518479486700701,Moderate
2026-04-12,P0078,GH009,F06,53.01493802,0.61102848,0.228406101,Excellent,None,0.8655027786044195,0,0,0.4897432691708839,Moderate
2026-04-26,P0078,GH009,F06,38.81533947,0.213589361,0.284701605,Excellent,Minor,0.5920898074130435,0.1,0,0.42128996008260866,Moderate
2026-05-10,P0078,GH009,F06,29.55850822,0.138119571,0.43257157,Good,Minor,0.4138497165423282,0.1,0,0.4257689996584657,Moderate
2026-05-24,P0078,GH009,F06,41.42569764,0.108619483,0.101527811,Fair,Moderate,0.6423521990306843,0,0.1,0.3121747738061369,Moderate
2026-06-07,P0078,GH009,F06,19.27023218,0.337984763,0.076188312,Fair,Moderate,0.21574917795115503,0,0.1,0.29572924304023096,Low
2026-06-21,P0078,GH009,F06,39.60086315,0.311145361,0.307367979,Fair,None,0.6072150493368713,0,0.1,0.4686594767673743,Moderate
2026-07-05,P0078,GH009,F06,22.76642232,0.136176231,0.153096634,Excellent,Minor,0.28306824550517345,0.1,0,0.2731688152510347,Low
2026-07-19,P0078,GH009,F06,40.42408688,0.267237602,0.043042055,Good,None,0.6230662049298966,0,0,0.23751532643597933,Low
2026-08-02,P0078,GH009,F06,42.56753149,0.192208586,0.314482096,Fair,Minor,0.664338185777851,0.1,0.1,0.5416575854555702,Moderate
2026-08-16,P0078,GH009,F06,36.46705661,0.177768821,0.145623306,Excellent,None,0.5468736703730016,0,0,0.23712430912460034,Low
2026-08-30,P0078,GH009,F06,38.28538098,0.214223199,0.377565422,Good,None,0.5818854678432467,0,0,0.3612596531186493,Moderate
2026-02-15,P0079,GH017,F08,27.69314918,0.126919149,0.18352864,Fair,Minor,0.37793226749127085,0.1,0.1,0.4025960436482542,Moderate
2026-03-01,P0079,GH017,F08,33.70928057,0.615483234,0.236970911,Excellent,Minor,0.4937727507715254,0.1,0,0.5208105920043051,Moderate
2026-03-15,P0079,GH017,F08,22.93096314,0.246881225,0.191720182,Poor,None,0.28623647553083603,0,0.25,0.4799298057561672,Moderate
2026-03-29,P0079,GH017,F08,38.56021275,0.43220636,0.148432851,Fair,None,0.5871773477896333,0,0.1,0.43550247850792667,Moderate
2026-04-12,P0079,GH017,F08,37.95951257,0.216377798,0.218528016,Good,Moderate,0.5756108784679359,0,0,0.28919201219358714,Low
2026-04-26,P0079,GH017,F08,41.24959441,0.331127619,0.164806935,Excellent,None,0.63896133504385,0,0,0.31785005440877,Moderate
2026-05-10,P0079,GH017,F08,36.31362956,0.298330014,0.192809599,Poor,None,0.5439194357547541,0,0.25,0.5499637116009508,Moderate
2026-05-24,P0079,GH017,F08,27.59437971,0.259514018,0.244319124,Good,Moderate,0.37603046342543,0,0,0.275979604785086,Low
2026-06-07,P0079,GH017,F08,17.66405041,0.227082969,0.301372934,Good,None,0.18482218177849752,0,0,0.2520612958056995,Low
2026-06-21,P0079,GH017,F08,30.97273334,0.425441464,0.057318914,Fair,None,0.4410805914597519,0,0.1,0.3629141419919504,Moderate
2026-07-05,P0079,GH017,F08,27.49754098,0.410251746,0.420581517,Good,Minor,0.37416583571764894,0.1,0,0.5076829608935298,Moderate
2026-07-19,P0079,GH017,F08,30.9945207,0.261909314,0.331312839,Poor,Minor,0.4415001066179474,0.1,0.25,0.6790590587735895,High
2026-08-02,P0079,GH017,F08,20.86129887,0.224984972,0.175851278,Poor,None,0.24638513357657144,0,0.25,0.4571548420153143,Moderate
2026-08-16,P0079,GH017,F08,34.68593819,0.338605256,0.203788749,Good,None,0.5125782726868544,0,0,0.3127324311873709,Moderate
2026-08-30,P0079,GH017,F08,33.62007974,0.272703499,0.550758538,Good,Minor,0.49205519066747333,0.1,0,0.5416986048834946,Moderate
2026-02-15,P0080,GH016,F05,37.25607094,0.479756573,0.249008191,Poor,Minor,0.5620661246891042,0.1,0.25,0.7423817114378208,High
2026-03-01,P0080,GH016,F05,34.77308987,0.262001976,0.205227448,Excellent,None,0.5142563764507893,0,0,0.28690431849015785,Low
2026-03-15,P0080,GH016,F05,20.46681194,0.380047605,0.253642748,Good,Moderate,0.23878929604301918,0,0,0.29491375755860383,Low
2026-03-29,P0080,GH016,F05,41.82612243,0.436555809,0.478471322,Excellent,None,0.6500623699335498,0,0,0.49811910203670995,Moderate
2026-04-12,P0080,GH016,F05,33.93264833,0.264250035,0.239039287,Excellent,Minor,0.49807369228863346,0.1,0,0.39966992985772665,Moderate
2026-04-26,P0080,GH016,F05,25.21425313,0.687170847,0.27665851,Good,Moderate,0.33020117622707,0,0,0.431046361195414,Moderate
2026-05-10,P0080,GH016,F05,31.83031445,0.69145452,0.228226067,Good,Moderate,0.45759329768148505,0,0,0.436229471686297,Moderate
2026-05-24,P0080,GH016,F05,37.45645686,0.530110412,0.282565603,Good,None,0.5659245513607596,0,0,0.4258780758221519,Moderate
2026-06-07,P0080,GH016,F05,21.90746653,0.476751661,0.330187383,Excellent,None,0.26652906984897606,0,0,0.36875321766979524,Moderate
2026-06-21,P0080,GH016,F05,34.53373324,0.242110885,0.379670494,Good,None,0.5096475695783826,0,0,0.35752004596567655,Moderate
2026-07-05,P0080,GH016,F05,47.9131758,0.497251927,0.264706258,Excellent,None,0.76726845444586,0,0,0.446609681439172,Moderate
2026-07-19,P0080,GH016,F05,29.17888228,0.560383479,0.171816288,Good,None,0.40654002705841547,0,0,0.3547595526616831,Moderate
2026-08-02,P0080,GH016,F05,30.66016606,0.624833918,0.219937083,Excellent,None,0.4350621150626141,0,0,0.4046759816625228,Moderate
2026-08-16,P0080,GH016,F05,23.24545564,0.245469516,0.297854799,Fair,Minor,0.29229202199854964,0.1,0.1,0.47840739454970993,Moderate
2026-08-30,P0080,GH016,F05,47.46518526,0.350986715,0.339173166,Good,None,0.758642406027961,0,0,0.4272017561555922,Moderate
2026-02-15,P0081,GH003,F08,36.97837306,0.441578498,0.327880752,Poor,None,0.5567190578549968,0,0.25,0.6634426242709994,High
2026-03-01,P0081,GH003,F08,29.5546637,0.391845855,0.13748782,Excellent,Moderate,0.41377569039065193,0,0,0.2817707063281304,Low
2026-03-15,P0081,GH003,F08,44.74261738,0.17367688,0.050204002,Good,None,0.7062194188061846,0,0,0.2246225926612369,Low
2026-03-29,P0081,GH003,F08,25.70689724,0.25057773,0.034355903,Fair,Minor,0.33968702819540125,0.1,0.1,0.37109976748908025,Moderate
2026-04-12,P0081,GH003,F08,38.79452858,0.060180008,0.28058674,Excellent,Severe,0.5916890941641442,0,0,0.26566485463282885,Low
2026-04-26,P0081,GH003,F08,27.57579933,0.363943746,0.204673844,Excellent,None,0.37567269859963054,0,0,0.2946180806199261,Low
2026-05-10,P0081,GH003,F08,20.43373406,0.148979935,0.132044331,Good,None,0.23815238215987902,0,0,0.1591934026319758,Low
2026-05-24,P0081,GH003,F08,42.4552497,0.528135181,0.029070391,Good,None,0.6621762022748324,0,0,0.3303642297549665,Moderate
2026-06-07,P0081,GH003,F08,22.85083578,0.099706976,0.023396788,Fair,None,0.2846936249006455,0,0.1,0.2023647211801291,Low
2026-06-21,P0081,GH003,F08,35.43351908,0.180665455,0.12134613,Excellent,None,0.526972926987894,0,0,0.2232332531475788,Low
2026-07-05,P0081,GH003,F08,46.98011434,0.235646831,0.11027445,Good,None,0.7493023756736709,0,0,0.28196036848473416,Low
2026-07-19,P0081,GH003,F08,31.33824021,0.099726901,0.203596455,Good,None,0.44811841854800855,0,0,0.21614650380960174,Low
2026-08-02,P0081,GH003,F08,41.1365119,0.279404325,0.227567151,Good,None,0.6367839336940859,0,0,0.3275535184388172,Moderate
2026-08-16,P0081,GH003,F08,27.83691464,0.251413207,0.139548046,Fair,None,0.3807004683974363,0,0.1,0.3269313368294873,Moderate
2026-08-30,P0081,GH003,F08,39.23103757,0.198205643,0.163631051,Excellent,None,0.6000940655784696,0,0,0.2630247611156939,Low
2026-02-15,P0082,GH003,F08,30.54830322,0.374638475,0.154843051,Good,None,0.432908198433027,0,0,0.28738447888660545,Low
2026-03-01,P0082,GH003,F08,33.25806573,0.200361335,0.214915077,Fair,None,0.485084618524995,0,0.1,0.363855175604999,Moderate
2026-03-15,P0082,GH003,F08,25.58771769,0.155884654,0.465610307,Good,None,0.3373922284687744,0,0,0.3315627127437549,Moderate
2026-03-29,P0082,GH003,F08,30.75422202,0.159791838,0.048443908,Excellent,None,0.4368731605926201,0,0,0.165101534018524,Low
2026-04-12,P0082,GH003,F08,29.58653911,0.184526455,0.300909906,Good,Minor,0.4143894507392531,0.1,0,0.3828716070978506,Moderate
2026-04-26,P0082,GH003,F08,35.96862714,0.301846736,0.178387585,Good,None,0.537276421419647,0,0,0.2933760551339294,Low
2026-05-10,P0082,GH003,F08,27.6970591,0.137199516,0.11022942300000001,Excellent,Moderate,0.37800755291857063,0,0,0.17322458153371412,Low
2026-05-24,P0082,GH003,F08,21.09335228,0.229772032,0.193422317,Excellent,Severe,0.25085331710160436,0,0,0.21763091727032088,Low
2026-06-07,P0082,GH003,F08,44.96121974,0.22842946,0.183997395,Good,None,0.7104286026466,0,0,0.30483485927932,Moderate
2026-06-21,P0082,GH003,F08,36.7112655,0.186080192,0.255073789,Good,None,0.5515759074095725,0,0,0.2902264537319145,Low
2026-07-05,P0082,GH003,F08,40.59483853,0.456797566,0.087338052,Fair,None,0.6263540243564768,0,0.1,0.42445207637129534,Moderate
2026-07-19,P0082,GH003,F08,28.07414787,0.096749381,0.363368272,Poor,Moderate,0.38526838924753865,0,0.25,0.5244316835995078,Moderate
2026-08-02,P0082,GH003,F08,36.88520537,0.54729637,0.146762622,Excellent,None,0.5549251159451435,0,0,0.3685819325890287,Moderate
2026-08-16,P0082,GH003,F08,31.86135187,0.103703166,0.308393716,Fair,Moderate,0.45819092255027505,0,0.1,0.366711464810055,Moderate
2026-08-30,P0082,GH003,F08,46.92343022,0.132774278,0.134071049,Good,Minor,0.748210924136221,0.1,0,0.3564451541772442,Moderate
2026-02-15,P0083,GH004,F01,31.35930188,0.370176251,0.276778785,Fair,None,0.44852396056052923,0,0.1,0.4438169332121059,Moderate
2026-03-01,P0083,GH004,F01,31.30832756,0.212828195,0.414499529,Poor,Minor,0.4475424511018931,0.1,0.25,0.7005231465203786,High
2026-03-15,P0083,GH004,F01,24.09507043,0.321394554,0.325054219,Good,Minor,0.3086513368963667,0.1,0,0.42049275982927337,Moderate
2026-03-29,P0083,GH004,F01,34.43951201,0.337223735,0.269701705,Fair,None,0.5078333417780055,0,0.1,0.44096074285560116,Moderate
2026-04-12,P0083,GH004,F01,33.94874862,0.22533544,0.261608269,Good,Minor,0.49838370303368684,0.1,0,0.39626786565673733,Moderate
2026-04-26,P0083,GH004,F01,28.74225896,0.265031577,0.264333913,Fair,Moderate,0.3981328542223465,0,0.1,0.3913378836444693,Moderate
2026-05-10,P0083,GH004,F01,41.93303364,0.315681783,0.402055118,Excellent,None,0.6521209430317143,0,0,0.4218376157563428,Moderate
2026-05-24,P0083,GH004,F01,45.00805502,0.301360828,0.512268064,Excellent,None,0.7113304149771592,0,0,0.4782630015954319,Moderate
2026-06-07,P0083,GH004,F01,29.63869644,0.404329006,0.268861244,Good,None,0.41539373903053783,0,0,0.34558145970610754,Moderate
2026-06-21,P0083,GH004,F01,13.22343181,0.261919018,0.144033024,Good,Severe,0.09931816410655507,0,0,0.176350149921311,Low
2026-07-05,P0083,GH004,F01,42.08891737,0.497456616,0.211573671,Fair,Minor,0.6551224809716509,0.1,0.1,0.6003424637443301,High
2026-07-19,P0083,GH004,F01,45.36996461,0.398967168,0.129037291,Fair,None,0.7182989765147353,0,0.1,0.441365085052947,Moderate
2026-08-02,P0083,GH004,F01,37.75349727,0.384147814,0.391423823,Good,None,0.5716440582028739,0,0,0.4249212668905748,Moderate
2026-08-16,P0083,GH004,F01,34.94114286,0.475818241,0.188837624,Fair,Severe,0.5174922332358739,0,0.1,0.45501176179717473,Moderate
2026-08-30,P0083,GH004,F01,14.78069319,0.652754055,0.265360715,Poor,Minor,0.12930319919949312,0.1,0.25,0.7237368808398986,High
2026-02-15,P0084,GH011,F05,33.2030131,0.263912054,0.280305239,Good,Moderate,0.4840245812931538,0,0,0.31531149270863074,Moderate
2026-03-01,P0084,GH011,F05,25.01706802,0.384005115,0.241169932,Good,None,0.3264043810845905,0,0,0.3082091358669181,Moderate
2026-03-15,P0084,GH011,F05,36.13542611,0.278268177,0.19562055,Poor,None,0.5404881320760275,0,0.25,0.5435207358652056,Moderate
2026-03-29,P0084,GH011,F05,29.54815815,0.658326799,0.33282238200000003,Fair,Minor,0.41365042616233794,0.1,0.1,0.6629145367824676,High
2026-04-12,P0084,GH011,F05,48.44862916,0.513842652,0.449969533,Fair,None,0.7775785976218449,0,0.1,0.637846937574369,High
2026-04-26,P0084,GH011,F05,34.78072571,0.410433107,0.192580573,Good,None,0.5144034043892617,0,0,0.33319352617785236,Moderate
2026-05-10,P0084,GH011,F05,44.46599412,0.383900981,0.122700479,Fair,None,0.7008930437575572,0,0.1,0.42975916765151145,Moderate
2026-05-24,P0084,GH011,F05,38.17659433,0.388543696,0.226758697,Excellent,Moderate,0.5797907831873585,0,0,0.3539898638874717,Moderate
2026-06-07,P0084,GH011,F05,25.86400073,0.322030033,0.342809729,Good,None,0.342712052588463,0,0,0.3355173001176926,Moderate
2026-06-21,P0084,GH011,F05,20.17636301,0.360625964,0.317883681,Excellent,None,0.23319670800955988,0,0,0.315906085451912,Moderate
2026-07-05,P0084,GH011,F05,24.41067954,0.202593034,0.403063492,Excellent,None,0.31472838366612677,0,0,0.3152318100332254,Moderate
2026-07-19,P0084,GH011,F05,35.41707173,0.250596899,0.137244546,Good,Minor,0.526656233609846,0.1,0,0.35480020707196924,Moderate
2026-08-02,P0084,GH011,F05,28.48944644,0.534840847,0.443599309,Excellent,None,0.3932649544712244,0,0,0.4654669763942449,Moderate
2026-08-16,P0084,GH011,F05,29.99427259,0.327397795,0.267796571,Excellent,Minor,0.42224035031422724,0.1,0,0.41954575526284543,Moderate
2026-08-30,P0084,GH011,F05,29.04657447,0.212228493,0.172630176,Excellent,None,0.40399244296182674,0,0,0.23276204034236533,Low
2026-02-15,P0085,GH007,F04,36.5592795,0.423485358,0.293773082,Fair,Moderate,0.5486494201787421,0,0.1,0.49014764623574836,Moderate
2026-03-01,P0085,GH007,F04,30.93521308,0.28935404,0.106095772,Excellent,None,0.4403581396432199,0,0,0.237088639328644,Low
2026-03-15,P0085,GH007,F04,23.28093671,0.102323488,0.339735303,Good,None,0.2929752092545548,0,0,0.24728914900091095,Low
2026-03-29,P0085,GH007,F04,28.48872906,0.026018163,0.274756643,Fair,Minor,0.3932511413344247,0.1,0.1,0.4113970746668849,Moderate
2026-04-12,P0085,GH007,F04,20.30859996,0.09558114,0.211110116,Fair,None,0.23574292769834013,0,0.1,0.27560153673966803,Low
2026-04-26,P0085,GH007,F04,40.25803799,0.669963576,0.386893924,Good,Minor,0.6198689370481275,0.1,0,0.6325633048096254,High
2026-05-10,P0085,GH007,F04,44.88576404,0.087431266,0.302090318,Fair,Minor,0.7089757047313752,0.1,0.1,0.508336727146275,Moderate
2026-05-24,P0085,GH007,F04,18.68577134,0.190755415,0.15007626,Good,Moderate,0.20449539677933393,0,0,0.1751977916058668,Low
2026-06-07,P0085,GH007,F04,27.01921576,0.143980147,0.184135738,Good,Minor,0.3649556936748678,0.1,0,0.30624527228497356,Moderate
2026-06-21,P0085,GH007,F04,27.26498321,0.113967984,0.359904918,Good,None,0.3696879407514324,0,0,0.27578359565028654,Low
2026-07-05,P0085,GH007,F04,28.83203075,0.448879813,0.316308386,Fair,None,0.3998614081491805,0,0.1,0.4794189898798361,Moderate
2026-07-19,P0085,GH007,F04,30.54018967,0.15543992,0.431283695,Fair,None,0.43275197219856004,0,0.1,0.43503202918971207,Moderate
2026-08-02,P0085,GH007,F04,13.79475122,0.105480951,0.153005886,Fair,None,0.1103189073203415,0,0.1,0.22783476301406833,Low
2026-08-16,P0085,GH007,F04,33.33777603,0.3658512,0.424771739,Good,Moderate,0.4866194386736644,0,0,0.4165190902847329,Moderate
2026-08-30,P0085,GH007,F04,30.82529568,0.095903017,0.208461499,Excellent,None,0.43824168241988304,0,0,0.21502206698397663,Low
2026-02-15,P0086,GH018,F06,26.55686882,0.359479741,0.119141802,Good,None,0.3560532130771581,0,0,0.2506423628654316,Low
2026-03-01,P0086,GH018,F06,29.17406083,0.477452018,0.459078082,Excellent,Moderate,0.4064471901401526,0,0,0.4549827812280305,Moderate
2026-03-15,P0086,GH018,F06,17.30299137,0.154382029,0.111612079,Good,None,0.177869997563268,0,0,0.1398331452126536,Low
2026-03-29,P0086,GH018,F06,33.13417416,0.282486512,0.115487761,Fair,None,0.482699088952452,0,0.1,0.3473795894404904,Moderate
2026-04-12,P0086,GH018,F06,32.44085291,0.043025,0.22530186,Fair,None,0.4693492028774954,0,0.1,0.3103144275754991,Moderate
2026-04-26,P0086,GH018,F06,32.97197158,0.500631377,0.150897053,Excellent,None,0.4795758816887716,0,0,0.3390398321377543,Moderate
2026-05-10,P0086,GH018,F06,50.76763546,0.283339022,0.135454105,Good,None,0.8222310151153323,0,0,0.32456920797306643,Moderate
2026-05-24,P0086,GH018,F06,28.73022769,0.148190855,0.327417596,Good,None,0.397901192371744,0,0,0.2787849559243488,Low
2026-06-07,P0086,GH018,F06,38.89468334,0.46007226,0.42437574,Good,Minor,0.5936175719597759,0.1,0,0.5707178883919551,Moderate
2026-06-21,P0086,GH018,F06,26.14834752,0.026473167,0.259373733,Good,Moderate,0.3481871440446669,0,0,0.19562121710893338,Low
2026-07-05,P0086,GH018,F06,32.21877968,0.069567478,0.022996322,Poor,None,0.46507318750828863,0,0.25,0.37771159970165774,Moderate
2026-07-19,P0086,GH018,F06,16.71910613,0.141122342,0.216288037,Good,Minor,0.16662729955733108,0.1,0,0.2800478962614662,Low
2026-08-02,P0086,GH018,F06,29.83344349,0.110289531,0.149376763,Excellent,Moderate,0.41914358937903623,0,0,0.18964959707580725,Low
2026-08-16,P0086,GH018,F06,37.71107895,0.105969897,0.044653049,Excellent,None,0.5708272943441418,0,0,0.17134879486882837,Low
2026-08-30,P0086,GH018,F06,32.54967796,0.164306082,0.132240049,Fair,None,0.4714446269245752,0,0.1,0.31130407613491506,Moderate
2026-02-15,P0087,GH010,F03,35.84762335,0.28301603,0.069654118,Good,Moderate,0.5349464959902187,0,0,0.23738926279804373,Low
2026-03-01,P0087,GH010,F03,20.17652021,0.294685048,0.044900136,Fair,None,0.23319973489225096,0,0.1,0.2699847749784502,Low
2026-03-15,P0087,GH010,F03,25.76295334,0.349220456,0.122462832,Excellent,None,0.34076638722097036,0,0,0.24548871144419404,Low
2026-03-29,P0087,GH010,F03,29.22962221,0.063059594,0.11066997,Poor,None,0.4075170233425352,0,0.25,0.40337574906850704,Moderate
2026-04-12,P0087,GH010,F03,18.48720307,0.148023048,0.101360818,Good,None,0.20067196892016878,0,0,0.13755482868403374,Low
2026-04-26,P0087,GH010,F03,34.15575871,0.105402476,0.31368597,Good,Minor,0.5023696779592591,0.1,0,0.3785234886918518,Moderate
2026-05-10,P0087,GH010,F03,29.95341607,0.377493003,0.048857917,Good,Minor,0.42145365888162056,0.1,0,0.3383993454763241,Moderate
2026-05-24,P0087,GH010,F03,32.12452819,0.076655225,0.05939032,Fair,None,0.4632583770522484,0,0.1,0.2462066481604497,Low
2026-06-07,P0087,GH010,F03,37.62116028,0.232009564,0.371532376,Good,None,0.5690959122459994,0,0,0.36221209904919993,Moderate
2026-06-21,P0087,GH010,F03,27.71430919,0.295671434,0.080263896,Excellent,Minor,0.37833970303842157,0.1,0,0.3152716957076843,Moderate
2026-07-05,P0087,GH010,F03,22.76078353,0.444906962,0.18871413,Fair,None,0.28295967072241496,0,0.1,0.397230729344483,Moderate
2026-07-19,P0087,GH010,F03,20.96613819,0.162832988,0.222204394,Excellent,None,0.24840381247639734,0,0,0.2066642855952795,Low
2026-08-02,P0087,GH010,F03,35.28103453,0.171301462,0.120100006,Good,Moderate,0.5240368401873077,0,0,0.21880788243746152,Low
2026-08-16,P0087,GH010,F03,29.20034368,0.201426638,0.098799487,Good,Minor,0.40695326586367214,0.1,0,0.2963497456227344,Low
2026-08-30,P0087,GH010,F03,35.71598321,0.187268569,0.275929746,Poor,None,0.5324117678654261,0,0.25,0.5461947384230852,Moderate
2026-02-15,P0088,GH010,F03,30.45441641,0.027542952,0.42871151,Fair,None,0.43110040988271053,0,0.1,0.3887802946765422,Moderate
2026-03-01,P0088,GH010,F03,17.98876985,0.269712694,0.28560014,Good,Minor,0.19107464776064315,0.1,0,0.36113443545212864,Moderate
2026-03-15,P0088,GH010,F03,38.10366284,0.458179318,0.312568292,Poor,Moderate,0.5783864888825513,0,0.25,0.6666957904765103,High
2026-03-29,P0088,GH010,F03,33.82792969,0.184302291,0.190900206,Fair,None,0.49605733707966737,0,0.1,0.3496223619659335,Moderate
2026-04-12,P0088,GH010,F03,38.47005838,0.120313755,0.28075072,Good,None,0.5854414272929522,0,0,0.2855359237085905,Low
2026-04-26,P0088,GH010,F03,39.5085849,0.188415048,0.516445185,Good,None,0.6054382335754961,0,0,0.4194332467650992,Moderate
2026-05-10,P0088,GH010,F03,30.42885211,0.321549677,0.33468085,Excellent,Minor,0.43060816982431627,0.1,0,0.44927040341486324,Moderate
2026-05-24,P0088,GH010,F03,34.75912081,0.365915195,0.230097784,Good,Minor,0.5139874024945256,0.1,0,0.43441180154890513,Moderate
2026-06-07,P0088,GH010,F03,26.29465641,0.160371093,0.077306028,Fair,Severe,0.35100431864194537,0,0.1,0.2611184588783891,Low
2026-06-21,P0088,GH010,F03,25.73221112,0.296170303,0.493051973,Fair,Moderate,0.34017444642196665,0,0.1,0.4935678831843934,Moderate
2026-07-05,P0088,GH010,F03,38.84323826,0.13075558,0.297155575,Good,None,0.5926269980272489,0,0,0.2980098613554498,Low
2026-07-19,P0088,GH010,F03,38.95538218,0.075224042,0.180740958,Excellent,Minor,0.5947863268463195,0.1,0,0.3266191111692639,Moderate
2026-08-02,P0088,GH010,F03,39.08104575,0.032631135,0.069089267,Good,Moderate,0.5972059762415636,0,0,0.16195226264831272,Low
2026-08-16,P0088,GH010,F03,20.87431461,0.184186072,0.27513911,Poor,None,0.24663575137630173,0,0.25,0.4876048749752604,Moderate
2026-08-30,P0088,GH010,F03,38.67622159,0.367992147,0.2412929,Good,None,0.5894110955619507,0,0,0.3552612755623901,Moderate
2026-02-15,P0089,GH012,F04,42.90369099,0.27663361400000003,0.18161494,Fair,None,0.6708109298744935,0,0.1,0.4127106738748987,Moderate
2026-03-01,P0089,GH012,F04,41.84412635,0.097581835,0.118225052,Excellent,Moderate,0.6504090350341835,0,0,0.2174367226568367,Low
2026-03-15,P0089,GH012,F04,29.49131963,0.295988824,0.220293962,Good,Moderate,0.41255600165613804,0,0,0.2852395716312276,Low
2026-03-29,P0089,GH012,F04,47.94655314,0.056121843,0.509514549,Fair,Minor,0.7679111344249968,0.1,0.1,0.6025064189849993,High
2026-04-12,P0089,GH012,F04,35.03342456,0.249131573,0.095995429,Poor,Moderate,0.5192691154269264,0,0.25,0.4842478166853853,Moderate
2026-04-26,P0089,GH012,F04,40.22062992,0.284955179,0.417615432,Good,None,0.619148645447684,0,0,0.41149098613953683,Moderate
2026-05-10,P0089,GH012,F04,34.24794173,0.295323398,0.288662702,Good,Minor,0.5041446600689888,0.1,0,0.43409033721379775,Moderate
2026-05-24,P0089,GH012,F04,46.7097128,0.563553478,0.477246933,Fair,Minor,0.7440957997126819,0.1,0.1,0.7608239970925363,High
2026-06-07,P0089,GH012,F04,36.15561488,0.189676106,0.156055966,Good,Minor,0.5408768664174219,0.1,0,0.3447871950834844,Moderate
2026-06-21,P0089,GH012,F04,36.91909214,0.302109785,0.078478018,Good,None,0.5555776049882071,0,0,0.25216905384764143,Low
2026-07-05,P0089,GH012,F04,35.03342493,0.478115938,0.352414349,Excellent,None,0.5192691225512688,0,0,0.42978085986025377,Moderate
2026-07-19,P0089,GH012,F04,42.35629505,0.261332823,0.108229902,Excellent,None,0.6602708325719895,0,0,0.2722241104643979,Low
2026-08-02,P0089,GH012,F04,45.720157,0.474057609,0.175235432,Fair,Moderate,0.7250419236129482,0,0.1,0.4897844922725897,Moderate
2026-08-16,P0089,GH012,F04,33.12105855,0.233575234,0.295957302,Fair,None,0.4824465481579739,0,0.1,0.4114214274315948,Moderate
2026-08-30,P0089,GH012,F04,44.85686959,0.12638992,0.123639664,Fair,None,0.7084193427048275,0,0.1,0.3415581893409655,Moderate
2026-02-15,P0090,GH013,F08,43.52568641,0.299163499,0.324937783,Excellent,None,0.6827874385941451,0,0,0.387486714718829,Moderate
2026-03-01,P0090,GH013,F08,39.58927651,0.52741682,0.17435277,Good,None,0.6069919488275597,0,0,0.3844530232655119,Moderate
2026-03-15,P0090,GH013,F08,42.93306856,0.011404619,0.121496262,Fair,None,0.671376594366472,0,0.1,0.29294025342329444,Low
2026-03-29,P0090,GH013,F08,20.57235956,0.008771868,0.118210884,Fair,Minor,0.240821613244436,0.1,0.1,0.3044293742488872,Moderate
2026-04-12,P0090,GH013,F08,29.67797266,0.166443533,0.125372961,Good,None,0.4161500018199084,0,0,0.1979030693639817,Low
2026-04-26,P0090,GH013,F08,32.36402783,0.323420912,0.01544634,Excellent,None,0.46786993757919476,0,0,0.21372215971583894,Low
2026-05-10,P0090,GH013,F08,36.48086097,0.062042323,0.117783127,Excellent,None,0.5471394730342322,0,0,0.18414511480684642,Low
2026-05-24,P0090,GH013,F08,44.3064393,0.251741394,0.22186874,Fair,Minor,0.6978208190569438,0.1,0.1,0.5275145847113888,Moderate
2026-06-07,P0090,GH013,F08,38.44690317,0.094599796,0.065000018,Fair,Minor,0.5849955742117987,0.1,0.1,0.3793590515423597,Moderate
2026-06-21,P0090,GH013,F08,23.78743636,0.051300763,0.345826189,Fair,Severe,0.3027278493539393,0,0.1,0.3341226219707879,Moderate
2026-07-05,P0090,GH013,F08,46.46276263,0.0500972,0.18049057,Fair,Minor,0.7393407793874126,0.1,0.1,0.4466229323774825,Moderate
2026-07-19,P0090,GH013,F08,25.81987077,0.397213948,0.248863815,Good,Minor,0.34186233113755926,0.1,0,0.41938606477751184,Moderate
2026-08-02,P0090,GH013,F08,37.59453458,0.436745841,0.480488876,Good,None,0.5685832349529467,0,0,0.4827976855405894,Moderate
2026-08-16,P0090,GH013,F08,34.86331008,0.03449131,0.229454216,Poor,Moderate,0.5159935646952843,0,0.25,0.46852506863905685,Moderate
2026-08-30,P0090,GH013,F08,29.84502176,0.384327646,0.130259437,Excellent,None,0.41936652872417396,0,0,0.2770047284948348,Low
2026-02-15,P0091,GH018,F06,24.6754348,0.245691176,0.065109634,Good,None,0.3198262406245649,0,0,0.17925649502491298,Low
2026-03-01,P0091,GH018,F06,45.22351305,0.317241323,0.100448283,Fair,Moderate,0.71547905480961,0,0.1,0.39933200136192204,Moderate
2026-03-15,P0091,GH018,F06,41.78878729,0.060725839,0.099039492,Good,None,0.6493434825987212,0,0,0.19569051156974426,Low
2026-03-29,P0091,GH018,F06,25.50885429,0.404696714,0.135566239,Excellent,None,0.3358737153617785,0,0,0.2698234005223557,Low
2026-04-12,P0091,GH018,F06,19.95361054,0.194098625,0.214164176,Fair,None,0.22890761388845055,0,0.1,0.31008992072769015,Moderate
2026-04-26,P0091,GH018,F06,40.73985187,0.316159729,0.208758489,Excellent,Minor,0.6291462531657755,0.1,0,0.4304264758331551,Moderate
2026-05-10,P0091,GH018,F06,23.16519564,0.363866657,0.237280406,Poor,Minor,0.29074661738795105,0.1,0.25,0.6422788361275902,High
2026-05-24,P0091,GH018,F06,39.54429639,0.180214359,0.124635993,Fair,None,0.606125857563751,0,0.1,0.34038639401275017,Moderate
2026-06-07,P0091,GH018,F06,35.25561986,0.354873187,0.209999275,Fair,Minor,0.5235474812514138,0.1,0.1,0.5234147854502827,Moderate
2026-06-21,P0091,GH018,F06,20.68256371,0.05975834,0.245211554,Poor,None,0.24294359183298703,0,0.25,0.4298493366665974,Moderate
2026-07-05,P0091,GH018,F06,25.65819859,0.19286925,0.20694752,Good,Moderate,0.3387493367147144,0,0,0.2283804888429429,Low
2026-07-19,P0091,GH018,F06,31.26786207,0.161274574,0.183266715,Good,Minor,0.44676328894370554,0.1,0,0.3282687804387411,Moderate
2026-08-02,P0091,GH018,F06,18.38810226,0.309016721,0.211426864,Fair,None,0.1987637849096024,0,0.1,0.34305069813192046,Moderate
2026-08-16,P0091,GH018,F06,41.60614623,0.318281412,0.337839044,Good,Minor,0.6458267328328525,0.1,0,0.4925914105665704,Moderate
2026-08-30,P0091,GH018,F06,36.38110981,0.180920575,0.337492263,Excellent,Severe,0.545218766548105,0,0,0.324237472909621,Moderate
2026-02-15,P0092,GH020,F01,47.40689438,0.0522987,0.330046467,Fair,Minor,0.7575200163605319,0.1,0.1,0.5183294584221064,Moderate
2026-03-01,P0092,GH020,F01,29.03857588,0.257379613,0.202292277,Excellent,None,0.4038384302797399,0,0,0.261882075255948,Low
2026-03-15,P0092,GH020,F01,32.32149378,0.110134034,0.136716773,Fair,Minor,0.4670509453417485,0.1,0.1,0.39347964881834974,Moderate
2026-03-29,P0092,GH020,F01,39.85750816,0.362325092,0.276613915,Good,Severe,0.612156743602273,0,0,0.37372139267045457,Moderate
2026-04-12,P0092,GH020,F01,50.11090379,0.212216254,0.092503268,Excellent,None,0.8095856606330977,0,0,0.27781929162661956,Low
2026-04-26,P0092,GH020,F01,30.62373077,0.344807544,0.209531922,Good,None,0.43436055432059445,0,0,0.3018441161641189,Moderate
2026-05-10,P0092,GH020,F01,47.22662763,0.041002553,0.176058648,Poor,None,0.7540489838837362,0,0.25,0.49438708192674724,Moderate
2026-05-24,P0092,GH020,F01,49.47354686,0.059198496,0.096707314,Fair,Moderate,0.7973133663617421,0,0.1,0.3237004381723484,Moderate
2026-06-07,P0092,GH020,F01,40.68769217,0.256054493,0.17856444,Fair,None,0.6281419192401906,0,0.1,0.39560145439803807,Moderate
2026-06-21,P0092,GH020,F01,52.370574,0.529498096,0.251193306,Good,Minor,0.8530955629626068,0.1,0,0.5689804338925214,Moderate
2026-07-05,P0092,GH020,F01,44.12120724,0.231693367,0.224906896,Fair,Minor,0.6942541796406132,0.1,0.1,0.5211516175781226,Moderate
2026-07-19,P0092,GH020,F01,40.16896133,0.498123661,0.332043525,Fair,None,0.6181537678348118,0,0.1,0.5473936211669623,Moderate
2026-08-02,P0092,GH020,F01,35.93701268,0.428708654,0.443878312,Good,None,0.5366676856578032,0,0,0.4571268064315606,Moderate
2026-08-16,P0092,GH020,F01,42.41337015,0.493446949,0.11385474,Good,Minor,0.6613698124211095,0.1,0,0.45621502763422195,Moderate
2026-08-30,P0092,GH020,F01,43.44975433,0.27927512,0.357234721,Poor,None,0.6813253679920477,0,0.25,0.6447669900484095,High
2026-02-15,P0093,GH012,F04,26.67239624,0.063322331,0.043719207,Excellent,None,0.3582776911175092,0,0,0.11349199722350184,Low
2026-03-01,P0093,GH012,F04,38.87519296,0.219719586,0.470645605,Good,None,0.593242285103131,0,0,0.4073408343706262,Moderate
2026-03-15,P0093,GH012,F04,40.01301123,0.284471345,0.192289359,Good,Minor,0.615150951941922,0.1,0,0.40912537268838445,Moderate
2026-03-29,P0093,GH012,F04,27.63645254,0.045623886,0.193537617,Good,None,0.37684057488148454,0,0,0.1784284027262969,Low
2026-04-12,P0093,GH012,F04,46.85086576,0.077765705,0.337272842,Fair,Minor,0.746813696986338,0.1,0.1,0.5283535150472676,Moderate
2026-04-26,P0093,GH012,F04,39.81308828,0.275342787,0.244676289,Good,Minor,0.6113014397478718,0.1,0,0.4287345934495743,Moderate
2026-05-10,P0093,GH012,F04,39.63505041,0.305795012,0.104614855,Poor,None,0.60787332430856,0,0.25,0.525679603811712,Moderate
2026-05-24,P0093,GH012,F04,19.49882904,0.054830014,0.224327052,Good,Moderate,0.22015080567869516,0,0,0.16416783943573904,Low
2026-06-07,P0093,GH012,F04,39.64301539,0.280257654,0.197893532,Excellent,None,0.6080266898308043,0,0,0.3087476062661609,Moderate
2026-06-21,P0093,GH012,F04,31.51957432,0.188042292,0.139603222,Excellent,None,0.45161000301913745,0,0,0.21895825270382752,Low
2026-07-05,P0093,GH012,F04,36.15329351,0.057538272,0.339553468,Fair,Moderate,0.5408321684869347,0,0.1,0.38110388949738694,Moderate
2026-07-19,P0093,GH012,F04,31.89717358,0.426664997,0.112174195,Good,Minor,0.45888066882231,0.1,0,0.39158727046446196,Moderate
2026-08-02,P0093,GH012,F04,28.93430815,0.332995729,0.201596519,Fair,None,0.40183075733333246,0,0.1,0.38763309016666647,Moderate
2026-08-16,P0093,GH012,F04,26.64847488,0.523215883,0.14959626,Good,None,0.3578170858342324,0,0,0.3220072932168465,Moderate
2026-08-30,P0093,GH012,F04,28.29718615,0.226541138,0.077914894,Poor,Minor,0.3895629866341819,0.1,0.25,0.5422636979268364,Moderate
2026-02-15,P0094,GH009,F06,26.86811841,0.387117204,0.093163311,Good,Moderate,0.3620463173810821,0,0,0.24982377482621643,Low
2026-03-01,P0094,GH009,F06,30.84703828,0.294608006,0.069613991,Excellent,Minor,0.4386603357252207,0.1,0,0.32217116519504413,Moderate
2026-03-15,P0094,GH009,F06,43.37938758,0.133653579,0.218111873,Fair,Moderate,0.679970457701955,0,0.1,0.38092318704039096,Moderate
2026-03-29,P0094,GH009,F06,40.58137137,0.274797927,0.24709713,Excellent,Severe,0.6260947144741486,0,0,0.3325919258448297,Moderate
2026-04-12,P0094,GH009,F06,38.90897912,0.336214459,0.27883006,Poor,None,0.5938928369027625,0,0.25,0.6119271550305525,High
2026-04-26,P0094,GH009,F06,20.65015519,0.351537619,0.342951753,Good,Severe,0.24231956646255742,0,0,0.32583036879251154,Moderate
2026-05-10,P0094,GH009,F06,32.32735897,0.120173647,0.238758209,Poor,Minor,0.46716387945174154,0.1,0.25,0.5929347463903483,Moderate
2026-05-24,P0094,GH009,F06,43.65632901,0.183787644,0.330640739,Poor,None,0.685302959107235,0,0.25,0.600174599771447,High
2026-06-07,P0094,GH009,F06,34.6916601,0.140409463,0.312290549,Poor,None,0.5126884479434632,0,0.25,0.5422117486886926,Moderate
2026-06-21,P0094,GH009,F06,33.54960427,0.345183529,0.112103344,Poor,None,0.4906981869760691,0,0.25,0.5194003773452138,Moderate
2026-07-05,P0094,GH009,F06,25.55442278,0.281101836,0.064696816,Fair,None,0.3367511356775525,0,0.1,0.29484943693551047,Low
2026-07-19,P0094,GH009,F06,28.32806224,0.170028968,0.556137642,Excellent,Moderate,0.39015750509721775,0,0,0.3878035787194436,Moderate
2026-08-02,P0094,GH009,F06,19.47186909,0.168399448,0.424132986,Good,Minor,0.21963169240892802,0.1,0,0.39372598898178557,Moderate
2026-08-16,P0094,GH009,F06,30.39727356,0.172677728,0.557276882,Poor,None,0.4300001255087666,0,0.25,0.6472118268017533,High
2026-08-30,P0094,GH009,F06,23.80101485,0.119422723,0.109824227,Fair,None,0.30298930289307424,0,0.1,0.25181671577861486,Low
2026-02-15,P0095,GH006,F07,40.12174934,0.468473306,0.51105623,Good,None,0.617244701961132,0,0,0.5173899009922264,Moderate
2026-03-01,P0095,GH006,F07,44.12953492,0.37232765,0.065857419,Fair,Minor,0.694414528943723,0.1,0.1,0.4988334218387446,Moderate
2026-03-15,P0095,GH006,F07,36.58053383,0.285817576,0.462758049,Fair,None,0.5490586718555074,0,0.1,0.5180890080211015,Moderate
2026-03-29,P0095,GH006,F07,40.94056339,0.296962649,0.107430301,Excellent,Moderate,0.6330109492585771,0,0,0.27888275245171545,Low
2026-04-12,P0095,GH006,F07,39.48894238,0.222456911,0.264965252,Poor,Minor,0.6050600172663535,0.1,0.25,0.6681062857032707,High
2026-04-26,P0095,GH006,F07,39.63839198,0.18775244,0.110206969,Good,None,0.6079376661685729,0,0,0.23689402328371456,Low
2026-05-10,P0095,GH006,F07,49.50272094,0.071268196,0.077363272,Good,None,0.7978751126580538,0,0,0.21933236353161076,Low
2026-05-24,P0095,GH006,F07,26.8035107,0.245054708,0.145676485,Excellent,None,0.3608022972849668,0,0,0.22348402550699337,Low
2026-06-07,P0095,GH006,F07,42.86232799,0.075294092,0.098749869,Good,None,0.6700144861801477,0,0,0.20479327048602955,Low
2026-06-21,P0095,GH006,F07,44.60898678,0.046657535,0.259326734,Good,None,0.7036463644159895,0,0,0.2737564404331979,Low
2026-07-05,P0095,GH006,F07,41.57196938,0.160381096,0.255512772,Fair,Moderate,0.6451686583054946,0,0.1,0.4001478626610989,Moderate
2026-07-19,P0095,GH006,F07,31.69624077,0.169191503,0.100815775,Poor,Minor,0.4550117117952163,0.1,0.25,0.5455864671590432,Moderate
2026-08-02,P0095,GH006,F07,46.90847224,0.095674014,0.150326884,Good,None,0.7479229085461732,0,0,0.25071758440923464,Low
2026-08-16,P0095,GH006,F07,37.80261323,0.358223199,0.098135413,Fair,Minor,0.5725897849788268,0.1,0.1,0.4840570124957654,Moderate
2026-08-30,P0095,GH006,F07,29.12055188,0.029352194,0.146407014,Fair,None,0.40541687643421825,0,0.1,0.2572397994868437,Low
2026-02-15,P0096,GH004,F01,24.5015654,0.20300218,0.282691718,Excellent,Minor,0.3164783889873605,0.1,0,0.36155771389747204,Moderate
2026-03-01,P0096,GH004,F01,37.05361022,0.115065732,0.413263088,Good,Moderate,0.5581677477871217,0,0,0.33787494535742435,Moderate
2026-03-15,P0096,GH004,F01,30.05046886,0.234997224,0.138175627,Good,Minor,0.4233224083101959,0.1,0,0.3290925422120392,Moderate
2026-03-29,P0096,GH004,F01,25.3206129,0.138930559,0.203152998,Good,None,0.33224913135964174,0,0,0.20649437102192836,Low
2026-04-12,P0096,GH004,F01,23.82110371,0.148456195,0.092580777,Fair,None,0.30337611346952165,0,0.1,0.2542962405939043,Low
2026-04-26,P0096,GH004,F01,26.92427867,0.067649046,0.396455224,Good,None,0.3631276820052588,0,0,0.2747075533010518,Low
2026-05-10,P0096,GH004,F01,45.33719285,0.177631118,0.315740141,Good,None,0.7176679569657517,0,0,0.34778754614315033,Moderate
2026-05-24,P0096,GH004,F01,12.77794742,0.503049398,0.408652145,Excellent,Minor,0.09074037155415383,0.1,0,0.47810882886083084,Moderate
2026-06-07,P0096,GH004,F01,24.11330253,0.112056272,0.142568944,Good,None,0.3090023955980973,0,0,0.16517619911961945,Low
2026-06-21,P0096,GH004,F01,28.87347487,0.420356956,0.333858563,Good,None,0.40065941380741876,0,0,0.3774931707114837,Moderate
2026-07-05,P0096,GH004,F01,46.9007746,0.137538803,0.214639895,Good,None,0.7477746906500016,0,0,0.2942814719300003,Low
2026-07-19,P0096,GH004,F01,24.87742645,0.249007359,0.398141045,Good,None,0.3237155855935709,0,0,0.3310591630187142,Moderate
2026-08-02,P0096,GH004,F01,35.03041736,0.201730899,0.210949463,Excellent,Severe,0.5192112118542254,0,0,0.269375315370845,Low
2026-08-16,P0096,GH004,F01,35.67338262,0.089814101,0.232320989,Poor,None,0.5315914944016805,0,0.25,0.49229767928033613,Moderate
2026-08-30,P0096,GH004,F01,22.66589372,0.092602513,0.172867122,Fair,Minor,0.28113256942821074,0.1,0.1,0.3664275983356422,Moderate
2026-02-15,P0097,GH018,F06,26.64204477,0.075649866,0.327540907,Good,Moderate,0.3576932742015304,0,0,0.24540951609030606,Low
2026-03-01,P0097,GH018,F06,26.16572151,0.156047154,0.226391957,Excellent,None,0.34852167985640997,0,0,0.226197220521282,Low
2026-03-15,P0097,GH018,F06,38.44560514,0.193743577,0.112678021,Good,Moderate,0.5849705806714711,0,0,0.23550947753429421,Low
2026-03-29,P0097,GH018,F06,39.19250624,0.411457313,0.196969392,Good,Minor,0.5993521456303698,0.1,0,0.45251671507607394,Moderate
2026-04-12,P0097,GH018,F06,24.94241484,0.235439077,0.095949642,Good,None,0.3249669356750734,0,0,0.19057440298501466,Low
2026-04-26,P0097,GH018,F06,19.54054317,0.184610693,0.064528475,Fair,Minor,0.22095401037379994,0.1,0.1,0.33784235837476,Moderate
2026-05-10,P0097,GH018,F06,32.03836597,0.065733106,0.048216325,Good,None,0.46159932531978626,0,0,0.13702379841395726,Low
2026-05-24,P0097,GH018,F06,44.51229351,0.108286877,0.113642284,Fair,None,0.7017845375374464,0,0.1,0.32939634225748926,Moderate
2026-06-07,P0097,GH018,F06,27.74784177,0.266354845,0.333564916,Excellent,Moderate,0.3789853721604907,0,0,0.31912548238209815,Moderate
2026-06-21,P0097,GH018,F06,25.99741707,0.015613604,0.204476367,Fair,None,0.3452809814068682,0,0.1,0.26653532283137366,Low
2026-07-05,P0097,GH018,F06,31.44980723,0.142497549,0.188870456,Good,Minor,0.4502666391697224,0.1,0,0.32491917518394453,Moderate
2026-07-19,P0097,GH018,F06,53.04480082,0.017859551,0.335798371,Fair,Minor,0.8660777861898341,0.1,0.1,0.5305756670379668,Moderate
2026-08-02,P0097,GH018,F06,25.76229011,0.22333838,0.097550414,Good,Severe,0.34075361674128074,0,0,0.19021684264825617,Low
2026-08-16,P0097,GH018,F06,37.035066809999996,0.729133897,0.126445735,Excellent,Minor,0.5578106948178938,0.1,0,0.5236595836635787,Moderate
2026-08-30,P0097,GH018,F06,36.22044613,0.108941611,0.21283022100000001,Fair,Severe,0.542125190771532,0,0.1,0.3423282014543064,Moderate
2026-02-15,P0098,GH013,F08,43.73597508,0.175611226,0.057915613,Good,Minor,0.6868365425086065,0.1,0,0.3248932634517213,Moderate
2026-03-01,P0098,GH013,F08,41.11440562,0.143646008,0.281935279,Fair,None,0.6363582777380034,0,0.1,0.4044186338976007,Moderate
2026-03-15,P0098,GH013,F08,22.49365043,0.169382769,0.205149293,Good,None,0.2778160285048282,0,0,0.20716435670096564,Low
2026-03-29,P0098,GH013,F08,33.71577764,0.303670791,0.327357837,Good,None,0.4938978517176179,0,0,0.3523753738435236,Moderate
2026-04-12,P0098,GH013,F08,51.67694642,0.145816933,0.113362654,Poor,Minor,0.8397397785099483,0.1,0.25,0.6199970765519897,High
2026-04-26,P0098,GH013,F08,27.1899517,0.460616218,0.054755293,Good,Minor,0.3682432106057287,0.1,0,0.3595042002711457,Moderate
2026-05-10,P0098,GH013,F08,31.47689868,0.154878204,0.322846297,Fair,None,0.4507882844692216,0,0.1,0.3896458619438443,Moderate
2026-05-24,P0098,GH013,F08,27.06323337,0.2479533,0.220123281,Good,None,0.36580325182888634,0,0,0.25899978181577726,Low
2026-06-07,P0098,GH013,F08,42.56090384,0.315562972,0.244326232,Good,None,0.6642105705166071,0,0,0.3532359587033215,Moderate
2026-06-21,P0098,GH013,F08,41.77254914,0.303422223,0.19566441,Excellent,None,0.6490308173622699,0,0,0.32405292602245395,Moderate
2026-07-05,P0098,GH013,F08,35.15316188,0.159734282,0.112300144,Excellent,None,0.5215746550031627,0,0,0.21075699450063254,Low
2026-07-19,P0098,GH013,F08,22.41341072,0.33687554,0.098555008,Fair,Moderate,0.27627101457775255,0,0.1,0.3175103955155505,Moderate
2026-08-02,P0098,GH013,F08,30.8549912,0.155782214,0.224802479,Excellent,Minor,0.4388134690324188,0.1,0,0.3434475842564838,Moderate
2026-08-16,P0098,GH013,F08,43.87012097,0.450975971,0.094734713,Good,None,0.6894195187969052,0,0,0.3383561144593811,Moderate
2026-08-30,P0098,GH013,F08,31.80565694,0.4679434,0.384091365,Excellent,None,0.45711851784545354,0,0,0.4280450078190907,Moderate
2026-02-15,P0099,GH016,F05,36.07334351,0.125464136,0.352976605,Good,None,0.5392927329198108,0,0,0.3106104664339622,Moderate
2026-03-01,P0099,GH016,F05,30.22308558,0.210492181,0.126717723,Fair,Minor,0.42664613962036807,0.1,0.1,0.41602446662407355,Moderate
2026-03-15,P0099,GH016,F05,35.29821885,0.325543158,0.086848626,Fair,Minor,0.524367723907193,0.1,0.1,0.4578955317814386,Moderate
2026-03-29,P0099,GH016,F05,38.23421494,0.163364485,0.241332713,Good,None,0.5809002668200461,0,0,0.28195734396400923,Low
2026-04-12,P0099,GH016,F05,40.62165544,0.341427551,0.093731592,Fair,None,0.6268703833940548,0,0.1,0.38705293592881096,Moderate
2026-04-26,P0099,GH016,F05,31.40913844,0.23182902,0.308882536,Fair,Minor,0.44948356247431404,0.1,0.1,0.5100340106948628,Moderate
2026-05-10,P0099,GH016,F05,23.70736386,0.274786082,0.368406796,Good,Minor,0.301186055051894,0.1,0,0.42219539791037886,Moderate
2026-05-24,P0099,GH016,F05,39.04185178,0.625440347,0.249810336,Fair,None,0.5964512971742116,0,0.1,0.5506090320848424,Moderate
2026-06-07,P0099,GH016,F05,19.89993264,0.280103379,0.127233773,Excellent,None,0.22787404705382241,0,0,0.2008661899107645,Low
2026-06-21,P0099,GH016,F05,30.88118182,0.368297653,0.30502541,Fair,None,0.4393177688692297,0,0.1,0.45402916682384586,Moderate
2026-07-05,P0099,GH016,F05,29.47265131,0.328217323,0.124368044,Good,None,0.4121965435474896,0,0,0.2532809915594979,Low
2026-07-19,P0099,GH016,F05,28.87046032,0.041881252,0.220039497,Fair,Moderate,0.4006013687106223,0,0.1,0.29379648559212446,Low
2026-08-02,P0099,GH016,F05,30.65165501,0.265943103,0.017788393,Good,None,0.4348982349740141,0,0,0.18806450989480283,Low
2026-08-16,P0099,GH016,F05,26.31930881,0.266838278,0.350451648,Excellent,None,0.35147900008503435,0,0,0.32139243891700686,Moderate
2026-08-30,P0099,GH016,F05,31.82814989,0.273236641,0.077421682,Good,Minor,0.457551619124247,0.1,0,0.3219829050748494,Moderate
2026-02-15,P0100,GH001,F02,34.29645115,0.217056927,0.286548193,Excellent,None,0.505078707930009,0,0,0.30593235288600185,Moderate
2026-03-01,P0100,GH001,F02,36.95017305,0.163461354,0.351582815,Fair,None,0.5561760672560316,0,0.1,0.42665895410120636,Moderate
2026-03-15,P0100,GH001,F02,30.81117445,0.145187943,0.211914415,Fair,Moderate,0.43796977843347235,0,0.1,0.3337712224866945,Moderate
2026-03-29,P0100,GH001,F02,28.68794583,0.240022476,0.251284336,Good,Moderate,0.3970870560474395,0,0,0.2765032290094879,Low
2026-04-12,P0100,GH001,F02,34.23016668,0.35333141,0.083504869,Good,None,0.5038024018553878,0,0,0.2620036649210776,Low
2026-04-26,P0100,GH001,F02,32.75286116,0.158925923,0.189319622,Good,Minor,0.47535691516375034,0.1,0,0.33588928598275003,Moderate
2026-05-10,P0100,GH001,F02,40.58349905,0.318745878,0.084333919,Fair,None,0.6261356829077628,0,0.1,0.37473845743155254,Moderate
2026-05-24,P0100,GH001,F02,31.47584342,0.243006236,0.358272662,Good,Minor,0.45076796546013387,0.1,0,0.43642847359202674,Moderate
2026-06-07,P0100,GH001,F02,33.89375722,0.536038726,0.239064954,Good,Minor,0.4973248447842066,0.1,0,0.4946577523568413,Moderate
2026-06-21,P0100,GH001,F02,24.65471263,0.108096744,0.357817126,Fair,Minor,0.31942723567739795,0.1,0.1,0.4627370142354795,Moderate
2026-07-05,P0100,GH001,F02,40.14655301,0.437256971,0.115033773,Good,None,0.6177222961048868,0,0,0.32834959692097737,Moderate
2026-07-19,P0100,GH001,F02,17.60737742,0.079933658,0.325250124,Good,None,0.18373094454896333,0,0,0.21108552500979266,Low
2026-08-02,P0100,GH001,F02,27.29856398,0.304538239,0.295257092,Poor,None,0.3703345377709372,0,0.25,0.5635209826041874,Moderate
2026-08-16,P0100,GH001,F02,27.29362941,0.123823595,0.049662898,Fair,None,0.37023952272945543,0,0.1,0.2397344668958911,Low
2026-08-30,P0100,GH001,F02,36.47953171,0.571928018,0.271515491,Good,None,0.547113878160912,0,0,0.4317795528821824,Moderate
2026-02-15,P0101,GH019,F08,32.74785814,0.067649125,0.017207806,Good,None,0.47526058211895933,0,0,0.12647282287379186,Low
2026-03-01,P0101,GH019,F08,28.45681207,0.241446666,0.201658083,Good,Minor,0.39263658036379884,0.1,0,0.35377978652275976,Moderate
2026-03-15,P0101,GH019,F08,32.20185895,0.114074987,0.061257564,Good,Minor,0.464747379208305,0.1,0,0.260441625091661,Low
2026-03-29,P0101,GH019,F08,30.86695878,0.74480188,0.073529625,Fair,None,0.439043904533412,0,0.1,0.48157777015668246,Moderate
2026-04-12,P0101,GH019,F08,34.08012984,0.101498535,0.184893667,Fair,Minor,0.5009134456593293,0.1,0.1,0.41890932653186586,Moderate
2026-04-26,P0101,GH019,F08,37.58326788,0.441231684,0.26380815,Fair,None,0.5683662948816007,0,0.1,0.4868180158763201,Moderate
2026-05-10,P0101,GH019,F08,25.08842637,0.360024342,0.10846102,Fair,None,0.3277783846118109,0,0.1,0.34037165562236216,Moderate
2026-05-24,P0101,GH019,F08,26.80628829,0.254249987,0.205907196,Fair,Moderate,0.36085577972195104,0,0.1,0.35381688959439017,Moderate
2026-06-07,P0101,GH019,F08,55.32341771,0.108956229,0.23250909,Good,Minor,0.9099525064439327,0.1,0,0.42475427193878657,Moderate
2026-06-21,P0101,GH019,F08,25.46127001,0.179480671,0.07515849,Good,None,0.3349574810519851,0,0,0.16363105156039703,Low
2026-07-05,P0101,GH019,F08,33.0451374,0.210993308,0.094565858,Fair,None,0.48098468801279637,0,0.1,0.3125992315025593,Moderate
2026-07-19,P0101,GH019,F08,37.29832487,0.081922455,0.472597536,Poor,None,0.5628797232218468,0,0.25,0.6039176950943693,High
2026-08-02,P0101,GH019,F08,33.45529748,0.185626339,0.11472624,Fair,None,0.48888231171969276,0,0.1,0.31437248899393855,Moderate
2026-08-16,P0101,GH019,F08,39.95489231,0.372298571,0.314830256,Excellent,Moderate,0.6140318733606734,0,0,0.3947844897221347,Moderate
2026-08-30,P0101,GH019,F08,22.40115627,0.056118437,0.111587799,Good,Minor,0.27603505540094775,0.1,0,0.22506297358018956,Low
2026-02-15,P0102,GH002,F01,32.95900033,0.410510555,0.193574459,Good,None,0.4793261205430548,0,0,0.32665242490861096,Moderate
2026-03-01,P0102,GH002,F01,41.87695648,0.647709826,0.125387799,Good,None,0.6510411784962884,0,0,0.41333118434925764,Moderate
2026-03-15,P0102,GH002,F01,41.22318788,0.487411652,0.421480062,Good,None,0.6384528778645339,0,0,0.4879506816729068,Moderate
2026-03-29,P0102,GH002,F01,43.29022811,0.369666315,0.125787954,Good,Minor,0.6782536939838323,0.1,0,0.4216385283467664,Moderate
2026-04-12,P0102,GH002,F01,30.70558975,0.082446164,0.126028973,Good,None,0.435936747257436,0,0,0.1727565447014872,Low
2026-04-26,P0102,GH002,F01,28.15650475,0.126445627,0.13292644,Fair,Minor,0.3868541692383998,0.1,0.1,0.38144370129768,Moderate
2026-05-10,P0102,GH002,F01,25.6987366,0.371834545,0.243871512,Fair,Moderate,0.3395298952439754,0,0.1,0.4077902501987951,Moderate
2026-05-24,P0102,GH002,F01,29.95164185,0.358256306,0.149850673,Fair,None,0.42141949631286624,0,0.1,0.3771064092125732,Moderate
2026-06-07,P0102,GH002,F01,29.26469787,0.204296115,0.151950732,Good,None,0.4081924044375238,0,0,0.22151995053750478,Low
2026-06-21,P0102,GH002,F01,37.79097621,0.480177839,0.216435033,Good,Moderate,0.5723657144036757,0,0,0.37993115138073513,Moderate
2026-07-05,P0102,GH002,F01,18.09825566,0.184635833,0.187765495,Poor,None,0.19318279472761457,0,0.25,0.43775357324552294,Moderate
2026-07-19,P0102,GH002,F01,35.05089512,0.230027366,0.089452832,Poor,None,0.5196055106919868,0,0.25,0.47468445463839737,Moderate
2026-08-02,P0102,GH002,F01,33.83369769,0.346858935,0.066267012,Good,None,0.49616839979825617,0,0,0.2504544626096512,Low
2026-08-16,P0102,GH002,F01,30.97428719,0.087316077,0.232561719,Fair,Minor,0.44111051080879465,0.1,0.1,0.4234355026617589,Moderate
2026-08-30,P0102,GH002,F01,43.25548565,0.374474831,0.383694748,Good,None,0.6775847286478299,0,0,0.4392457731795659,Moderate
2026-02-15,P0103,GH007,F04,20.71034182,0.328158395,0.580976544,Good,Moderate,0.24347845875633262,0,0,0.4249905748012665,Moderate
2026-03-01,P0103,GH007,F04,24.41257537,0.100151511,0.52822725,Good,None,0.31476488783287115,0,0,0.33570826891657424,Moderate
2026-03-15,P0103,GH007,F04,20.84513287,0.36243721,0.220867501,Fair,None,0.24607385758685132,0,0.1,0.3754581704673703,Moderate
2026-03-29,P0103,GH007,F04,35.21762291,0.342374509,0.108445782,Excellent,Minor,0.5228158507789656,0.1,0,0.3731948502057931,Moderate
2026-04-12,P0103,GH007,F04,29.13661899,0.106174085,0.176848628,Fair,None,0.40572624829906995,0,0.1,0.297888062009814,Low
2026-04-26,P0103,GH007,F04,28.42298974,0.403625906,0.087457723,Excellent,Severe,0.39198533211157854,0,0,0.2590221088723157,Low
2026-05-10,P0103,GH007,F04,43.29543671,0.616621842,0.185038204,Poor,None,0.6783539854671958,0,0.25,0.6847556335934392,High
2026-05-24,P0103,GH007,F04,24.5379241,0.641334969,0.164387009,Excellent,None,0.31717847499054236,0,0,0.36187708819810843,Moderate
2026-06-07,P0103,GH007,F04,37.98751565,0.04512109,0.172872481,Good,Moderate,0.576150077183896,0,0,0.2088150133867792,Low
2026-06-21,P0103,GH007,F04,30.97186973,0.051842485,0.34375381,Good,None,0.4410639626673801,0,0,0.26104687678347605,Low
2026-07-05,P0103,GH007,F04,32.31088158,0.349851463,0.225918851,Good,Minor,0.4668466076541259,0.1,0,0.41748081653082514,Moderate
2026-07-19,P0103,GH007,F04,31.14347751,0.276147522,0.20585206,Fair,None,0.4443682668590896,0,0.1,0.3781587130718179,Moderate
2026-08-02,P0103,GH007,F04,27.51966586,0.098969512,0.121372738,Fair,None,0.37459184981634,0,0.1,0.26417543126326803,Low
2026-08-16,P0103,GH007,F04,25.32717494,0.262337953,0.248841477,Good,Minor,0.3323754833017166,0.1,0,0.3702720448603434,Moderate
2026-08-30,P0103,GH007,F04,18.31069079,0.414552958,0.398934166,Good,None,0.1972732286841947,0,0,0.3640685557368389,Moderate
2026-02-15,P0104,GH015,F02,40.94196748,0.106390892,0.340745254,Fair,Minor,0.6330379849819724,0.1,0.1,0.5171797734963944,Moderate
2026-03-01,P0104,GH015,F02,35.38760131,0.635407101,0.16687879,Poor,Severe,0.526088781293072,0,0.25,0.6527056971086144,High
2026-03-15,P0104,GH015,F02,32.00956676,0.038488688,0.285922515,Fair,Minor,0.46104479713743385,0.1,0.1,0.4343451319774868,Moderate
2026-03-29,P0104,GH015,F02,21.17344021,0.423391921,0.139700728,Fair,Moderate,0.25239540850797487,0,0.1,0.36153158165159494,Moderate
2026-04-12,P0104,GH015,F02,41.50497188,0.072925656,0.099568214,Poor,None,0.6438786228532323,0,0.25,0.44910540047064645,Moderate
2026-04-26,P0104,GH015,F02,27.82317554,0.142683588,0.153256478,Poor,None,0.3804359223161321,0,0.25,0.44499185536322644,Moderate
2026-05-10,P0104,GH015,F02,31.59829118,0.266817742,0.271975415,Good,None,0.4531256945015178,0,0,0.30640028535030356,Moderate
2026-05-24,P0104,GH015,F02,43.50966121,0.330652881,0.102388191,Good,Minor,0.6824788737054613,0.1,0,0.3982989690410923,Moderate
2026-06-07,P0104,GH015,F02,36.19283828,0.304020786,0.307880883,Excellent,None,0.5415936022009026,0,0,0.35327239289018053,Moderate
2026-06-21,P0104,GH015,F02,40.98462187,0.125533806,0.057411629,Fair,Severe,0.6338592943635855,0,0.1,0.2965439240227171,Low
2026-07-05,P0104,GH015,F02,29.7362684,0.232938099,0.303664411,Good,Minor,0.4172724850665351,0.1,0,0.40163181661330705,Moderate
2026-07-19,P0104,GH015,F02,48.81252805,0.084973243,0.682923547,Poor,Moderate,0.784585463089048,0,0.25,0.7439733238178097,High
2026-08-02,P0104,GH015,F02,39.00373915,0.106046616,0.013197025,Good,None,0.5957174392857985,0,0,0.1621984647071597,Low
2026-08-16,P0104,GH015,F02,31.88853388,0.179978496,0.321696632,Good,Minor,0.45871431158066805,0.1,0,0.3994988203161336,Moderate
2026-08-30,P0104,GH015,F02,28.67784204,0.027759893,0.177066495,Poor,None,0.3968925077836652,0,0.25,0.418774386856733,Moderate
2026-02-15,P0105,GH006,F07,34.31962129,0.318421829,0.094731239,Good,None,0.5055248484879982,0,0,0.2551816673975996,Low
2026-03-01,P0105,GH006,F07,41.6449111,0.334920042,0.229556648,Poor,Minor,0.6465731495887366,0.1,0.25,0.6998371362177472,High
2026-03-15,P0105,GH006,F07,17.12301981,0.423832096,0.273603974,Good,Minor,0.17440464896370864,0.1,0,0.40634395169274173,Moderate
2026-03-29,P0105,GH006,F07,27.2009916,0.320655407,0.11306459,Good,None,0.36845578364784864,0,0,0.23679961467956973,Low
2026-04-12,P0105,GH006,F07,36.16880703,0.312038496,0.039733517,Good,Minor,0.541130880987989,0.1,0,0.33531973244759783,Moderate
2026-04-26,P0105,GH006,F07,27.72103602,0.092150273,0.130624217,Poor,Minor,0.37846922800847776,0.1,0.25,0.5167273388016955,Moderate
2026-05-10,P0105,GH006,F07,32.5054881,0.161115484,0.144957906,Excellent,None,0.4705937521004324,0,0,0.21574022752008648,Low
2026-05-24,P0105,GH006,F07,11.52546337,0.111913189,0.128329193,Good,Minor,0.06662381753507506,0.1,0,0.21024251650701503,Low
2026-06-07,P0105,GH006,F07,11.80409418,0.241497005,0.161419976,Fair,None,0.07198884791669521,0,0.1,0.2715607105333391,Low
2026-06-21,P0105,GH006,F07,24.99152534,0.168408253,0.125221705,Good,None,0.32591255731884117,0,0,0.18047516726376822,Low
2026-07-05,P0105,GH006,F07,34.90887237,0.414626171,0.17195258,Good,None,0.5168708656301888,0,0,0.3258719939760377,Moderate
2026-07-19,P0105,GH006,F07,23.45474334,0.183686971,0.102211592,Good,Moderate,0.2963218522567304,0,0,0.16955002670134608,Low
2026-08-02,P0105,GH006,F07,34.75613736,0.313384632,0.474002888,Good,None,0.5139299562275744,0,0,0.4257719120455149,Moderate
2026-08-16,P0105,GH006,F07,35.1711366,0.301346004,0.064676596,Excellent,None,0.5219207578584109,0,0,0.23895972117168218,Low
2026-08-30,P0105,GH006,F07,29.88365308,0.400218371,0.239698098,Fair,Severe,0.4201103739776192,0,0.1,0.4319626487455238,Moderate
2026-02-15,P0106,GH016,F05,31.9476766,0.313343708,0.35287012,Good,Moderate,0.4598531034093665,0,0,0.36043247248187327,Moderate
2026-03-01,P0106,GH016,F05,38.00660544,0.153479605,0.15943038,Good,Moderate,0.576517650688523,0,0,0.2407650628877046,Low
2026-03-15,P0106,GH016,F05,28.77107546,0.473383883,0.495082337,Good,Moderate,0.3986877153232849,0,0,0.46820895376465693,Moderate
2026-03-29,P0106,GH016,F05,31.67393088,0.190919784,0.195709044,Good,Moderate,0.45458213533286956,0,0,0.2458074212665739,Low
2026-04-12,P0106,GH016,F05,33.5684892,0.34045948,0.145111333,Good,None,0.49106181590570813,0,0,0.28267328103114164,Low
2026-04-26,P0106,GH016,F05,40.95073224,0.126633159,0.245524061,Good,None,0.6332067502512819,0,0,0.2814487831502564,Low
2026-05-10,P0106,GH016,F05,23.1512362,0.32137845,0.072264963,Good,Moderate,0.29047782866458477,0,0,0.20309725658291694,Low
2026-05-24,P0106,GH016,F05,35.94165573,0.188222459,0.121998833,Good,None,0.5367570874878211,0,0,0.22812875299756424,Low
2026-06-07,P0106,GH016,F05,30.87035569,0.210519595,0.044719377,Poor,None,0.4391093119639601,0,0.25,0.431627440292792,Moderate
2026-06-21,P0106,GH016,F05,35.74980107,0.078167194,0.071437816,Fair,None,0.5330629300478903,0,0.1,0.2661181211095781,Low
2026-07-05,P0106,GH016,F05,40.48828147,0.08905761,0.130959539,Excellent,Severe,0.6243022704091078,0,0,0.21496241013182155,Low
2026-07-19,P0106,GH016,F05,22.46188358,0.306475334,0.44269531,Good,None,0.2772043584767421,0,0,0.36192012809534846,Moderate
2026-08-02,P0106,GH016,F05,39.84462105,0.163765881,0.471567613,Excellent,None,0.6119086025704851,0,0,0.391905204714097,Moderate
2026-08-16,P0106,GH016,F05,35.03349283,0.181457534,0.123296615,Good,Moderate,0.5192704299643395,0,0,0.22284769964286788,Low
2026-08-30,P0106,GH016,F05,40.37972179,0.418071253,0.058085516,Good,None,0.6222119560557922,0,0,0.2969058119611584,Low
2026-02-15,P0107,GH012,F04,29.38571532,0.819131916,0.312244727,Excellent,None,0.41052259288996457,0,0,0.5093108163279929,Moderate
2026-03-01,P0107,GH012,F04,18.14985657,0.340204984,0.196011531,Poor,None,0.1941763691635115,0,0.25,0.49611220718270227,Moderate
2026-03-15,P0107,GH012,F04,27.1931647,0.266701294,0.124312863,Excellent,Minor,0.36830507685309793,0.1,0,0.32294725662061957,Moderate
2026-03-29,P0107,GH012,F04,39.86825223,0.342460736,0.014389594,Good,None,0.6123636204439699,0,0,0.24880929898879398,Low
2026-04-12,P0107,GH012,F04,31.86040677,0.424632469,0.149222266,Good,Minor,0.45817272466966863,0.1,0,0.4074059287839338,Moderate
2026-04-26,P0107,GH012,F04,29.0558497,0.145029648,0.033604934,Poor,Minor,0.4041710373202414,0.1,0.25,0.4967168045640483,Moderate
2026-05-10,P0107,GH012,F04,28.31102109,0.574852634,0.066833296,Excellent,Minor,0.3898293781126688,0.1,0,0.4092392807225338,Moderate
2026-05-24,P0107,GH012,F04,38.54656172,0.068769665,0.05070222,Good,None,0.5869144974943252,0,0,0.16426828124886506,Low
2026-06-07,P0107,GH012,F04,29.87407928,0.405059817,0.149232544,Fair,None,0.41992603066013917,0,0.1,0.39291078688202785,Moderate
2026-06-21,P0107,GH012,F04,32.70810284,0.415479684,0.07614994,Fair,Minor,0.47449509465427303,0.1,0.1,0.47458438133085457,Moderate
2026-07-05,P0107,GH012,F04,21.65694014,0.323998347,0.102540996,Excellent,Moderate,0.26170518948288296,0,0,0.2118839075465766,Low
2026-07-19,P0107,GH012,F04,44.57230846,0.178807781,0.163609139,Good,None,0.7029401241364354,0,0,0.2767948607272871,Low
2026-08-02,P0107,GH012,F04,25.00880497,0.289602771,0.220700525,Excellent,Minor,0.3262452762307703,0.1,0,0.365925261346154,Moderate
2026-08-16,P0107,GH012,F04,38.36339895,0.083125547,0.195667344,Good,Severe,0.583387702213388,0,0,0.23382178669267759,Low
2026-08-30,P0107,GH012,F04,47.74807102,0.135577452,0.124947161,Good,Minor,0.7640893653822682,0.1,0,0.35649620372645363,Moderate
2026-02-15,P0108,GH020,F01,17.87732483,0.38095898,0.206450497,Good,Minor,0.1889287762463613,0.1,0,0.36402412189927225,Moderate
2026-03-01,P0108,GH020,F01,20.79718707,0.240744226,0.202504516,Good,None,0.2451506622170676,0,0,0.22441764374341353,Low
2026-03-15,P0108,GH020,F01,31.02179135,0.124607987,0.182048933,Excellent,Moderate,0.4420252024096745,0,0,0.21393985578193492,Low
2026-03-29,P0108,GH020,F01,38.12508487,0.286452833,0.081875703,Good,Minor,0.5787989696192868,0.1,0,0.3528623518238574,Moderate
2026-04-12,P0108,GH020,F01,29.97457127,0.266514889,0.216894599,Fair,None,0.4218610018123224,0,0.1,0.37525498106246447,Moderate
2026-04-26,P0108,GH020,F01,12.61229882,0.231735859,0.120725853,Good,Minor,0.08755081124790898,0.1,0,0.25294434674958177,Low
2026-05-10,P0108,GH020,F01,30.79368394,0.288722693,0.450585534,Good,None,0.4376329990315819,0,0,0.39134303265631637,Moderate
2026-05-24,P0108,GH020,F01,28.10294691,0.128113998,0.186931983,Fair,None,0.38582291415654446,0,0.1,0.3061238744813089,Moderate
2026-06-07,P0108,GH020,F01,47.93308463,0.049911247,0.126471416,Fair,None,0.767651798548447,0,0.1,0.3279114333596894,Moderate
2026-06-21,P0108,GH020,F01,26.78283841,0.199633779,0.129796764,Excellent,None,0.36040425277615007,0,0,0.20036121700523002,Low
2026-07-05,P0108,GH020,F01,35.46175235,0.183743047,0.217264465,Fair,None,0.5275165580074588,0,0.1,0.36758238730149173,Moderate
2026-07-19,P0108,GH020,F01,40.61431272,0.17853266,0.193503839,Good,None,0.6267289994750125,0,0,0.2749089584450025,Low
2026-08-02,P0108,GH020,F01,12.25233094,0.452128652,0.244979484,Good,None,0.08061963729551154,0,0,0.2846097234591023,Low
2026-08-16,P0108,GH020,F01,36.35197306,0.120537778,0.064791842,Fair,Moderate,0.5446577390401576,0,0.1,0.2802760990080315,Low
2026-08-30,P0108,GH020,F01,39.77851164,0.113366175,0.081443905,Excellent,None,0.6106356672724791,0,0,0.1984550519544958,Low
2026-02-15,P0109,GH012,F04,15.27709537,0.363047319,0.369154078,Good,Minor,0.13886141272657035,0.1,0,0.4209581792953141,Moderate
2026-03-01,P0109,GH012,F04,40.06853506,0.230915734,0.144211318,Good,None,0.6162200621198451,0,0,0.26895961242396904,Low
2026-03-15,P0109,GH012,F04,24.10274367,0.228920064,0.130254661,Good,Moderate,0.3087990849710519,0,0,0.20049643684421037,Low
2026-03-29,P0109,GH012,F04,32.98598378,0.22888561,0.079633726,Good,Minor,0.4798456863048272,0.1,0,0.31191427746096545,Moderate
2026-04-12,P0109,GH012,F04,37.53301509,0.00565798,0.465384546,Poor,None,0.567398678467927,0,0.25,0.5748830743935854,Moderate
2026-04-26,P0109,GH012,F04,36.71763876,0.497057325,0.088270664,Fair,Minor,0.551698624396721,0.1,0.1,0.5240315874293442,Moderate
2026-05-10,P0109,GH012,F04,23.93083052,0.322096742,0.549098602,Fair,Minor,0.3054889008864203,0.1,0.1,0.620926010777284,High
2026-05-24,P0109,GH012,F04,40.76062228,0.326027174,0.263964958,Good,Minor,0.6295461869731269,0.1,0,0.45880297939462544,Moderate
2026-06-07,P0109,GH012,F04,22.44228138,0.345596225,0.188260737,Fair,Moderate,0.2768269185283509,0,0.1,0.36104139410567015,Moderate
2026-06-21,P0109,GH012,F04,41.43590827,0.507200535,0.102965638,Fair,None,0.6425488044964096,0,0.1,0.45236448524928186,Moderate
2026-07-05,P0109,GH012,F04,25.38963732,0.144619154,0.162914911,Fair,Minor,0.33357819511383924,0.1,0.1,0.3906440528727678,Moderate
2026-07-19,P0109,GH012,F04,35.34998215,0.11285063,0.14410455,Good,None,0.5253644251591219,0,0,0.20941765303182439,Low
2026-08-02,P0109,GH012,F04,32.2324446,0.093960687,0.246916261,Excellent,None,0.4653363052552543,0,0,0.23706581895105086,Low
2026-08-16,P0109,GH012,F04,25.28268793,0.444533505,0.346519588,Fair,Minor,0.3315188868605785,0.1,0.1,0.5778243187221156,Moderate
2026-08-30,P0109,GH012,F04,46.93332822,0.226590207,0.203615528,Good,Minor,0.7484015099178769,0.1,0,0.4206138620335753,Moderate
2026-02-15,P0110,GH007,F04,37.42189218,0.278858859,0.132333207,Fair,Minor,0.5652590091749151,0.1,0.1,0.470202345634983,Moderate
2026-03-01,P0110,GH007,F04,41.88942201,0.195944363,0.431253484,Excellent,None,0.6512812020140502,0,0,0.39290083525281005,Moderate
2026-03-15,P0110,GH007,F04,21.70903158,0.259481329,0.121899119,Fair,Minor,0.26270820906360465,0.1,0.1,0.39821471051272095,Moderate
2026-03-29,P0110,GH007,F04,33.38060278,0.286649561,0.080486321,Excellent,None,0.4874440668434495,0,0,0.2340350041686899,Low
2026-04-12,P0110,GH007,F04,42.53213934,0.321569143,0.360253853,Good,None,0.6636567106745741,0,0,0.40739477603491486,Moderate
2026-04-26,P0110,GH007,F04,45.09214979,0.021501842,0.542101877,Poor,None,0.7129496580033894,0,0.25,0.6440614209506779,High
2026-05-10,P0110,GH007,F04,37.02267239,0.1515777,0.218673719,Poor,Minor,0.5575720405216853,0.1,0.25,0.612969776654337,High
2026-05-24,P0110,GH007,F04,21.78738716,0.277256419,0.06558801,Excellent,Minor,0.26421694410718966,0.1,0,0.2793977399714379,Low
2026-06-07,P0110,GH007,F04,36.23048988,0.162607834,0.06627566,Good,Minor,0.54231858296637,0.1,0,0.29520050549327403,Low
2026-06-21,P0110,GH007,F04,35.61125139,0.53801971,0.101011742,Good,None,0.5303951588758374,0,0,0.3398412141751675,Moderate
2026-07-05,P0110,GH007,F04,38.81276105,0.575554911,0.043600184,Fair,None,0.592040159990217,0,0.1,0.4394723336480434,Moderate
2026-07-19,P0110,GH007,F04,37.53378234,0.350287857,0.075775295,Fair,None,0.5674134518505272,0,0.1,0.37018232307010546,Moderate
2026-08-02,P0110,GH007,F04,18.22635094,0.327098984,0.205218064,Poor,Minor,0.19564926664772328,0.1,0.25,0.5959626265295447,Moderate
2026-08-16,P0110,GH007,F04,28.00632733,0.057454995,0.140410833,Excellent,Moderate,0.38396250617740046,0,0,0.1600866243354801,Low
2026-08-30,P0110,GH007,F04,25.94388494,0.29328985,0.112712711,Good,Severe,0.3442502213705217,0,0,0.22222221172410433,Low
2026-02-15,P0111,GH016,F05,30.89531323,0.527769916,0.318469204,Good,None,0.43958986887132606,0,0,0.4159485861742652,Moderate
2026-03-01,P0111,GH016,F05,48.33711311,0.19652784,0.21826915,Good,None,0.7754313584264081,0,0,0.3220921331852816,Moderate
2026-03-15,P0111,GH016,F05,35.10293773,0.349686637,0.346132268,Fair,None,0.5206075900520863,0,0.1,0.4822713615604173,Moderate
2026-03-29,P0111,GH016,F05,34.61070146,0.71969982,0.206110828,Poor,Minor,0.5111295910343704,0.1,0.25,0.7968707278068741,High
2026-04-12,P0111,GH016,F05,38.4086675,0.427978826,0.224455136,Good,None,0.5842593471907755,0,0,0.3676492697381551,Moderate
2026-04-26,P0111,GH016,F05,34.0007082,0.428452926,0.308018532,Excellent,None,0.49938418365288395,0,0,0.3884437002305768,Moderate
2026-05-10,P0111,GH016,F05,40.00083054,0.419118163,0.320682154,Fair,None,0.6149164130123648,0,0.1,0.5139816089524729,Moderate
2026-05-24,P0111,GH016,F05,37.17673554,0.269464589,0.223695449,Good,Severe,0.5605385232320437,0,0,0.30708326284640874,Moderate
2026-06-07,P0111,GH016,F05,33.68223867,0.378227065,0.197079599,Fair,Moderate,0.49325205955623325,0,0.1,0.4197157042112466,Moderate
2026-06-21,P0111,GH016,F05,17.74080167,0.453355043,0.325196203,Fair,Minor,0.18630002567425197,0.1,0.1,0.5422725615348504,Moderate
2026-07-05,P0111,GH016,F05,26.31476326,0.58104603,0.235718926,Excellent,Moderate,0.3513914756154641,0,0,0.37971792232309276,Moderate
2026-07-19,P0111,GH016,F05,26.75123475,0.468283995,0.450152841,Excellent,None,0.3597957249680789,0,0,0.43842732169361576,Moderate
2026-08-02,P0111,GH016,F05,24.03598011,0.316912914,0.244758083,Fair,None,0.3075135540285653,0,0.1,0.382563368055713,Moderate
2026-08-16,P0111,GH016,F05,31.23316271,0.381888227,0.249827431,Good,Moderate,0.4460951534972961,0,0,0.33530225409945924,Moderate
2026-08-30,P0111,GH016,F05,28.09388633,0.285908372,0.113286058,Fair,None,0.38564845287936167,0,0.1,0.3281763468758724,Moderate
2026-02-15,P0112,GH009,F06,18.96860486,0.545925224,0.249882185,Good,Minor,0.20994135025354083,0.1,0,0.44550908170070813,Moderate
2026-03-01,P0112,GH009,F06,31.36695119,0.35686172,0.216812112,Excellent,None,0.44867124786356805,0,0,0.31220130197271356,Moderate
2026-03-15,P0112,GH009,F06,29.84185504,0.541353741,0.301812575,Excellent,Moderate,0.41930555359723054,0,0,0.40915057881944616,Moderate
2026-03-29,P0112,GH009,F06,32.75814473,0.44728936,0.445080822,Fair,Minor,0.4754586501928858,0.1,0.1,0.6519293759385771,High
2026-04-12,P0112,GH009,F06,20.19920816,0.801614436,0.179047397,Fair,Moderate,0.23363659089193992,0,0.1,0.5078636994283879,Moderate
2026-04-26,P0112,GH009,F06,26.83227761,0.292498895,0.205995679,Good,Moderate,0.36135620353149894,0,0,0.26734390950629977,Low
2026-05-10,P0112,GH009,F06,31.39986618,0.360080763,0.161758242,Fair,None,0.44930502530318694,0,0.1,0.38868048101063735,Moderate
2026-05-24,P0112,GH009,F06,36.30376414,0.304785577,0.353043992,Excellent,Minor,0.5437294773003123,0.1,0,0.4742906438100625,Moderate
2026-06-07,P0112,GH009,F06,40.43524599,0.384971355,0.188546391,Good,None,0.6232810733580573,0,0,0.34424206487161146,Moderate
2026-06-21,P0112,GH009,F06,36.30714817,0.605577091,0.163579619,Fair,None,0.5437946367267315,0,0.1,0.49432173774534627,Moderate
2026-07-05,P0112,GH009,F06,22.75064362,0.664104007,0.221989371,Good,Moderate,0.28276442696880105,0,0,0.38888450479376024,Moderate
2026-07-19,P0112,GH009,F06,40.17247993,0.320941504,0.103177951,Good,None,0.6182215184037484,0,0,0.28240390803074966,Low
2026-08-02,P0112,GH009,F06,32.62060129,0.21817729,0.174967354,Excellent,None,0.47281025415085254,0,0,0.24965941163017052,Low
2026-08-16,P0112,GH009,F06,33.45056772,0.429590202,0.207802999,Fair,Moderate,0.48879124029045007,0,0.1,0.44162616830809,Moderate
2026-08-30,P0112,GH009,F06,10.78264732,0.742389506,0.259401213,Good,Moderate,0.05232091012793983,0,0,0.387031054975588,Moderate
2026-02-15,P0113,GH013,F08,31.90972684,0.391457159,0.093775729,Excellent,None,0.4591223815793752,0,0,0.27103356001587503,Low
2026-03-01,P0113,GH013,F08,39.7364435,0.404398619,0.124408431,Good,None,0.609825646122276,0,0,0.3194884398244552,Moderate
2026-03-15,P0113,GH013,F08,35.69033217,0.194933759,0.083340594,Excellent,Moderate,0.5319178576301576,0,0,0.21211365447603153,Low
2026-03-29,P0113,GH013,F08,40.91804966,0.449213009,0.067178829,Good,Moderate,0.6325774478613211,0,0,0.3139705157722642,Moderate
2026-04-12,P0113,GH013,F08,41.30894867,0.239115323,0.124181589,Excellent,None,0.6401042000707958,0,0,0.2675929181141592,Low
2026-04-26,P0113,GH013,F08,27.53240925,0.236893284,0.114103913,Good,Moderate,0.37483722352255294,0,0,0.2092268549545106,Low
2026-05-10,P0113,GH013,F08,21.13473057,0.218808202,0.152347251,Good,Minor,0.2516500552045782,0.1,0,0.2954691446909157,Low
2026-05-24,P0113,GH013,F08,20.25878661,0.409065324,0.055175841,Poor,None,0.23478377269261672,0,0.25,0.4649587463885233,Moderate
2026-06-07,P0113,GH013,F08,47.97890527,0.286579517,0.041058477,Poor,None,0.7685340740071633,0,0.25,0.5224859604014327,Moderate
2026-06-21,P0113,GH013,F08,35.11710371,0.325904982,0.240623211,Fair,Moderate,0.5208803556988051,0,0.1,0.426523259789761,Moderate
2026-07-05,P0113,GH013,F08,33.52847129,0.08257245,0.319203113,Good,None,0.49029127189099936,0,0,0.2706000127281999,Low
2026-07-19,P0113,GH013,F08,15.74013695,0.672215342,0.09272911,Good,Minor,0.14777726860285845,0.1,0,0.4065589229205716,Moderate
2026-08-02,P0113,GH013,F08,28.81320968,0.60401157,0.383906904,Fair,None,0.39949900884249717,0,0.1,0.5640619580684995,Moderate
2026-08-16,P0113,GH013,F08,25.58630699,0.522624667,0.241522308,Good,Moderate,0.33736506546996836,0,0,0.35907668514399366,Moderate
2026-08-30,P0113,GH013,F08,34.40079247,0.105182099,0.040545105,Excellent,None,0.5070877978503172,0,0,0.15647659147006343,Low
2026-02-15,P0114,GH005,F01,31.30382525,0.630236703,0.035499254,Fair,Minor,0.44745575921761277,0.1,0.1,0.5260486621935225,Moderate
2026-03-01,P0114,GH005,F01,31.07584805,0.106616954,0.10303584,Excellent,None,0.44306606303032936,0,0,0.17229527450606585,Low
2026-03-15,P0114,GH005,F01,42.97893746,0.077609782,0.440706835,Excellent,Minor,0.6722597990704725,0.1,0,0.45993345926409446,Moderate
2026-03-29,P0114,GH005,F01,27.10961334,0.194453256,0.223363397,Good,None,0.3666962971749795,0,0,0.2419114276849959,Low
2026-04-12,P0114,GH005,F01,19.91990439,0.474117954,0.13622885,Fair,None,0.2282586026796849,0,0.1,0.37289598693593695,Moderate
2026-04-26,P0114,GH005,F01,22.47746388,0.110829896,0.16705508,Good,Moderate,0.2775043568252906,0,0,0.16946612096505811,Low
2026-05-10,P0114,GH005,F01,27.07251814,0.294517798,0.241693346,Excellent,Minor,0.3659820298798003,0.1,0,0.38503964097596,Moderate
2026-05-24,P0114,GH005,F01,37.7360258,0.401146003,0.251208684,Good,None,0.5713076454157828,0,0,0.36770653793315655,Moderate
2026-06-07,P0114,GH005,F01,43.58936237,0.112792257,0.178782454,Fair,Moderate,0.6840135178636232,0,0.1,0.35673209782272464,Moderate
2026-06-21,P0114,GH005,F01,37.97525562,0.20277898,0.271325083,Good,Moderate,0.5759140105643087,0,0,0.30825173246286175,Moderate
2026-07-05,P0114,GH005,F01,35.85470091,0.013761631,0.124637411,Excellent,None,0.5350827742590424,0,0,0.16791996065180848,Low
2026-07-19,P0114,GH005,F01,37.94314708,0.298659839,0.385700948,Poor,None,0.5752957613024648,0,0.25,0.643155522510493,High
2026-08-02,P0114,GH005,F01,30.48037509,0.653438705,0.103967748,Good,None,0.43160024371970357,0,0,0.3618090820939407,Moderate
2026-08-16,P0114,GH005,F01,35.94884583,0.297330971,0.269326822,Poor,None,0.536895532711976,0,0.25,0.5826420162923952,Moderate
2026-08-30,P0114,GH005,F01,27.03078572,0.236590988,0.159167872,Poor,Moderate,0.36517847301113054,0,0.25,0.4774680828022261,Moderate
2026-02-15,P0115,GH013,F08,38.76770209,0.303206562,0.084479638,Good,None,0.5911725506638679,0,0,0.2623726439327736,Low
2026-03-01,P0115,GH013,F08,38.96906528,0.251298972,0.080296138,Excellent,Minor,0.5950497946488025,0.1,0,0.3430978612297605,Moderate
2026-03-15,P0115,GH013,F08,24.57692851,0.36217469,0.145110951,Good,Minor,0.3179295040840843,0.1,0,0.3556469702668169,Moderate
2026-03-29,P0115,GH013,F08,31.4080069,0.301071075,0.133506545,Fair,Moderate,0.449461774695432,0,0.1,0.3553451764390865,Moderate
2026-04-12,P0115,GH013,F08,23.77093961,0.268774251,0.253328948,Fair,Minor,0.3024102047799312,0.1,0.1,0.4685510554059862,Moderate
2026-04-26,P0115,GH013,F08,32.31037124,0.391349598,0.360430184,Good,None,0.46683678106816817,0,0,0.3925332983136336,Moderate
2026-05-10,P0115,GH013,F08,40.78324119,0.163507576,0.104540766,Excellent,None,0.629981713609069,0,0,0.2302673390218138,Low
2026-05-24,P0115,GH013,F08,45.55564163,0.167429213,0.143444516,Fair,Severe,0.7218741836264998,0,0.1,0.36752509347529994,Moderate
2026-06-07,P0115,GH013,F08,23.26872649,0.201255253,0.04786871,Excellent,None,0.29274010172546905,0,0,0.1505282783950938,Low
2026-06-21,P0115,GH013,F08,51.92422052,0.333489044,0.219908698,Good,None,0.8445010361005492,0,0,0.38458028672010985,Moderate
2026-07-05,P0115,GH013,F08,37.23267903,0.148234956,0.213358687,Good,None,0.561615713954433,0,0,0.2602167865408866,Low
2026-07-19,P0115,GH013,F08,32.7882747,0.39771599,0.278302296,Excellent,None,0.4760388021310269,0,0,0.3596443901262054,Moderate
2026-08-02,P0115,GH013,F08,40.52428441,0.151453612,0.210393661,Fair,None,0.6249955062609781,0,0.1,0.3726850129021956,Moderate
2026-08-16,P0115,GH013,F08,44.91225769,0.368328941,0.201625807,Fair,None,0.7094858394044574,0,0.1,0.4615439103808915,Moderate
2026-08-30,P0115,GH013,F08,43.31046084,0.255846518,0.24847736,Fair,None,0.6786432747741012,0,0.1,0.4370897482548203,Moderate
2026-02-15,P0116,GH007,F04,31.42941074,0.189735332,0.162839457,Good,None,0.44987390518410025,0,0,0.22965990288682003,Low
2026-03-01,P0116,GH007,F04,34.56924435,0.021942972,0.141570826,Excellent,Severe,0.5103313352539555,0,0,0.1734531789507911,Low
2026-03-15,P0116,GH007,F04,29.13327422,0.071761959,0.043338485,Good,None,0.4056618448231244,0,0,0.1257513728646249,Low
2026-03-29,P0116,GH007,F04,35.64420257,0.476153443,0.189817915,Fair,Minor,0.5310296331531446,0.1,0.1,0.5582776934306288,Moderate
2026-04-12,P0116,GH007,F04,24.7777896,0.083957631,0.247769976,Good,Moderate,0.3217970801440876,0,0,0.20524107607881753,Low
2026-04-26,P0116,GH007,F04,36.99811164,0.263701829,0.498861818,Good,Minor,0.5570991237974172,0.1,0,0.5282032830094834,Moderate
2026-05-10,P0116,GH007,F04,45.27644298,0.107880162,0.386934387,Good,None,0.7164982194976321,0,0,0.35517817474952645,Moderate
2026-05-24,P0116,GH007,F04,31.77222489,0.345918373,0.214592476,Poor,None,0.4564747844264185,0,0.25,0.5589330016352837,Moderate
2026-06-07,P0116,GH007,F04,32.25011178,0.49682455,0.197444537,Good,Minor,0.4656764864342759,0.1,0,0.4558739314368552,Moderate
2026-06-21,P0116,GH007,F04,35.8015405,0.113628464,0.209466502,Poor,None,0.5340591716834716,0,0.25,0.49084172263669434,Moderate
2026-07-05,P0116,GH007,F04,26.76765871,0.433013682,0.096445923,Good,None,0.3601119679721691,0,0,0.26697784764443383,Low
2026-07-19,P0116,GH007,F04,18.83400744,0.506229614,0.21474206,Excellent,None,0.2073496797645964,0,0,0.3152842278529193,Moderate
2026-08-02,P0116,GH007,F04,26.52764971,0.509081065,0.153866413,Good,None,0.3554905997291443,0,0,0.31851637854582887,Moderate
2026-08-16,P0116,GH007,F04,27.53036502,0.092198133,0.467165526,Good,None,0.3747978619169322,0,0,0.3174534056333864,Moderate
2026-08-30,P0116,GH007,F04,42.42169249,0.401840508,0.046880509,Fair,None,0.6615300589026317,0,0.1,0.39404641863052636,Moderate
2026-02-15,P0117,GH020,F01,44.51147445,0.128289698,0.281404617,Fair,Minor,0.7017687665543869,0.1,0.1,0.5118872252608774,Moderate
2026-03-01,P0117,GH020,F01,32.87790514,0.371737613,0.411675743,Good,None,0.47776463436658617,0,0,0.4109151757733172,Moderate
2026-03-15,P0117,GH020,F01,18.13357086,0.022214087,0.320648944,Fair,None,0.19386278816026112,0,0.1,0.29083951288205223,Low
2026-03-29,P0117,GH020,F01,27.40286925,0.491890276,0.23976285,Excellent,None,0.37234293354925435,0,0,0.35452346580985084,Moderate
2026-04-12,P0117,GH020,F01,27.27803556,0.07961022,0.28512381999999997,Excellent,Severe,0.369939263475942,0,0,0.23015714869518838,Low
2026-04-26,P0117,GH020,F01,31.65626691,0.202862733,0.246551906,Good,None,0.4542420159623303,0,0,0.2727987174424661,Low
2026-05-10,P0117,GH020,F01,43.6715304,0.325439022,0.276540461,Good,None,0.6855956615517094,0,0,0.37546599746034187,Moderate
2026-05-24,P0117,GH020,F01,29.03202788,0.621072915,0.07793813,Excellent,Minor,0.40371234867756944,0.1,0,0.43319014848551385,Moderate
2026-06-07,P0117,GH020,F01,42.03397453,0.065202758,0.402652914,Fair,None,0.6540645577439487,0,0.1,0.4348276881487897,Moderate
2026-06-21,P0117,GH020,F01,32.07477995,0.152482648,0.117481346,Excellent,None,0.46230047573820443,0,0,0.19869562764764087,Low
2026-07-05,P0117,GH020,F01,40.18365006,0.353519918,0.261463757,Good,None,0.6184365990217771,0,0,0.3650779817543554,Moderate
2026-07-19,P0117,GH020,F01,14.02073855,0.307828492,0.124236179,Good,None,0.11467028860265994,0,0,0.18658031047053197,Low
2026-08-02,P0117,GH020,F01,32.81128902,0.265622619,0.085040359,Good,Moderate,0.4764819423781959,0,0,0.2265324666756392,Low
2026-08-16,P0117,GH020,F01,28.42876892,0.132109128,0.093154127,Good,None,0.3920966101008321,0,0,0.1665768739701664,Low
2026-08-30,P0117,GH020,F01,31.74125704,0.326757213,0.400751616,Excellent,Moderate,0.455878499126514,0,0,0.38587895157530283,Moderate
2026-02-15,P0118,GH018,F06,42.45142242,0.175235418,0.183410295,Good,Minor,0.6621025080789932,0.1,0,0.37628753066579856,Moderate
2026-03-01,P0118,GH018,F06,42.85593806,0.252717371,0.022638843,Good,Severe,0.6698914482125001,0,0,0.23261684884250003,Low
2026-03-15,P0118,GH018,F06,37.04878904,0.184531372,0.089450854,Good,None,0.5580749160677032,0,0,0.21645384771354065,Low
2026-03-29,P0118,GH018,F06,42.72306513,0.404710826,0.078312962,Good,Moderate,0.6673329827422068,0,0,0.31035621854844136,Moderate
2026-04-12,P0118,GH018,F06,40.64473154,0.281705321,0.026118344,Poor,None,0.6273147132138236,0,0.25,0.48581305979276473,Moderate
2026-04-26,P0118,GH018,F06,22.14715354,0.35638297,0.167988173,Poor,Minor,0.2711442381813285,0.1,0.25,0.6045575649862657,High
2026-05-10,P0118,GH018,F06,43.78510324,0.386667061,0.232690822,Excellent,None,0.6877825041953024,0,0,0.3776008420890605,Moderate
2026-05-24,P0118,GH018,F06,37.24760628,0.348890225,0.233434223,Excellent,Severe,0.5619031378389777,0,0,0.33953760666779553,Moderate
2026-06-07,P0118,GH018,F06,40.72073152,0.377042866,0.068880796,Poor,None,0.6287780912289918,0,0.25,0.5387169795457983,Moderate
2026-06-21,P0118,GH018,F06,28.74384556,0.315093946,0.026094281,Excellent,None,0.39816340417195006,0,0,0.20165798838439,Low
2026-07-05,P0118,GH018,F06,32.89661595,0.274861266,0.15369676,Excellent,Minor,0.47812491061929024,0.1,0,0.360989967223858,Moderate
2026-07-19,P0118,GH018,F06,28.50484039,0.422002167,0.139017732,Good,Minor,0.3935613646544454,0.1,0,0.388971010780889,Moderate
2026-08-02,P0118,GH018,F06,28.2812764,0.169584591,0.085435004,Poor,None,0.38925664473281796,0,0.25,0.4256516875965636,Moderate
2026-08-16,P0118,GH018,F06,22.55409696,0.171479816,0.231051164,Good,None,0.2789799251676327,0,0,0.21978694443352653,Low
2026-08-30,P0118,GH018,F06,20.4230902,0.162720311,0.354840231,Good,None,0.2379474348596228,0,0,0.26421969977192455,Low
2026-02-15,P0119,GH013,F08,35.53673454,0.329047358,0.124809187,Poor,Minor,0.5289603384976006,0.1,0.25,0.6271227771495201,High
2026-03-01,P0119,GH013,F08,46.41101179,0.623956496,0.163134431,Excellent,Minor,0.7383443180525217,0.1,0,0.5394641311605043,Moderate
2026-03-15,P0119,GH013,F08,24.00429191,0.438744632,0.216106264,Good,None,0.30690339840457354,0,0,0.31218911968091473,Moderate
2026-03-29,P0119,GH013,F08,22.39261582,0.547970766,0.336955763,Fair,None,0.27587060921596657,0,0.1,0.4985939832931934,Moderate
2026-04-12,P0119,GH013,F08,30.66053649,0.254509665,0.226285271,Fair,None,0.4350692476844668,0,0.1,0.37792060423689333,Moderate
2026-04-26,P0119,GH013,F08,35.74930401,0.598918952,0.188179652,Fair,None,0.5330533591680532,0,0.1,0.5009131484336106,Moderate
2026-05-10,P0119,GH013,F08,36.3266306,0.901930288,0.231337376,Poor,None,0.5441697705062938,0,0.25,0.7786113741012587,High
2026-05-24,P0119,GH013,F08,32.02696802,0.694888791,0.311454889,Good,None,0.46137985803245285,0,0,0.47564174850649055,Moderate
2026-06-07,P0119,GH013,F08,37.52347644,0.479334939,0.237516744,Excellent,None,0.5672150119629572,0,0,0.38809276584259145,Moderate
2026-06-21,P0119,GH013,F08,36.99790275,0.581035651,0.610883435,Poor,None,0.5570951016248642,0,0.25,0.8396790439249728,High
2026-07-05,P0119,GH013,F08,35.78187248,0.624157053,0.37730892,Excellent,Minor,0.5336804643723658,0.1,0,0.5949800754244732,Moderate
2026-07-19,P0119,GH013,F08,27.30346521,0.2180625,0.267680343,Fair,None,0.3704289108514206,0,0.1,0.37086381152028414,Moderate
2026-08-02,P0119,GH013,F08,42.25322461,0.360546722,0.288680925,Fair,None,0.6582862134193301,0,0.1,0.48775501163386603,Moderate
2026-08-16,P0119,GH013,F08,29.04527503,0.326144908,0.170072107,Good,None,0.4039674222719787,0,0,0.2714766504043957,Low
2026-08-30,P0119,GH013,F08,32.92469095,0.675206658,0.250516714,Good,Moderate,0.47866549415333653,0,0,0.4447879504306673,Moderate
2026-02-15,P0120,GH009,F06,37.015397,0.157730424,0.26334459,Good,None,0.5574319530403758,0,0,0.28519710450807517,Low
2026-03-01,P0120,GH009,F06,28.55486972,0.488107719,0.265094259,Fair,None,0.39452467835052274,0,0.1,0.4690350538701046,Moderate
2026-03-15,P0120,GH009,F06,45.2407807,0.06865299,0.008993926,Fair,Minor,0.7158115430468914,0.1,0.1,0.3712381218093783,Moderate
2026-03-29,P0120,GH009,F06,34.1940091,0.301760217,0.043403635,Good,None,0.5031061884135727,0,0,0.22576894938271452,Low
2026-04-12,P0120,GH009,F06,35.25825656,0.16971086,0.072450037,Fair,None,0.5235982508544136,0,0.1,0.29672096782088275,Low
2026-04-26,P0120,GH009,F06,26.85690398,0.406749975,0.140360279,Excellent,Moderate,0.36183038376748583,0,0,0.27789069355349716,Low
2026-05-10,P0120,GH009,F06,29.4784155,0.456288369,0.269129666,Fair,None,0.41230753290460853,0,0.1,0.4632707854309217,Moderate
2026-05-24,P0120,GH009,F06,27.90490516,0.225492904,0.368361938,Good,None,0.3820096244288965,0,0,0.3210873133857793,Moderate
2026-06-07,P0120,GH009,F06,31.39807221,0.494621179,0.10948585,Good,Minor,0.44927048244859835,0.1,0,0.41224014163971967,Moderate
2026-06-21,P0120,GH009,F06,45.41344736,0.120378043,0.216749347,Excellent,None,0.7191362359507123,0,0,0.2834967683901425,Low
2026-07-05,P0120,GH009,F06,41.16433974,0.173974551,0.16039567,Poor,Moderate,0.6373197581675347,0,0.25,0.5105330959835069,Moderate
2026-07-19,P0120,GH009,F06,30.97355258,0.192928185,0.224145832,Fair,None,0.44109636590870765,0,0.1,0.3566097623317416,Moderate
2026-08-02,P0120,GH009,F06,34.09298784,0.383658739,0.180128788,Good,None,0.50116102617868,0,0,0.31557071848573603,Moderate
2026-08-16,P0120,GH009,F06,19.94998453,0.596687688,0.220034333,Good,None,0.2288377951422248,0,0,0.353623699678445,Moderate
2026-08-30,P0120,GH009,F06,29.50743027,0.535059888,0.284753401,Good,None,0.4128662116902235,0,0,0.3979832335880447,Moderate
